filename,JSS,Chi2,PCC
Black_Footed_Albatross_0046_18.jpg,0.6578866438014552,0.5991472497860256,0.6934651320610279
Black_Footed_Albatross_0002_55.jpg,0.7057687185916026,0.6831074949162528,0.7800657806913082
Black_Footed_Albatross_0085_92.jpg,0.6835517992158173,0.643991142388096,0.7343456027000139
Black_Footed_Albatross_0025_796057.jpg,0.612845059447883,0.4671782444479198,0.48122501246755367
Black_Footed_Albatross_0086_796062.jpg,0.5672190274093023,0.38923335286051974,0.6601476751590314
Black_Footed_Albatross_0049_796063.jpg,0.47521647391700406,0.09969338460144128,0.29547152619959416
Black_Footed_Albatross_0006_796065.jpg,0.5588708479572392,0.34005572823722074,0.6186786365691349
Black_Footed_Albatross_0016_796067.jpg,0.5937830463089775,0.4354038866421749,0.6407715818291216
Black_Footed_Albatross_0065_796068.jpg,0.6104259735581017,0.47284607043971594,0.6288750973315397
Black_Footed_Albatross_0042_796071.jpg,0.6231033928162008,0.4977601756419209,0.5823451802919398
Black_Footed_Albatross_0090_796077.jpg,0.6933183578322324,0.6485732141639113,0.3821431266640176
Black_Footed_Albatross_0061_796082.jpg,0.7364185683782947,0.7406288387849966,0.7130548952175267
Black_Footed_Albatross_0008_796083.jpg,0.6612306761186,0.6028124489683249,0.7455610002951176
Black_Footed_Albatross_0033_796086.jpg,0.6441624359462734,0.5610922418147429,0.6869656853505279
Black_Footed_Albatross_0024_796089.jpg,0.6160486527542128,0.4906422660679567,0.5699849822342958
Black_Footed_Albatross_0005_796090.jpg,0.5372785323793228,0.30785917307606414,0.689854458725298
Black_Footed_Albatross_0026_796095.jpg,0.4943562854151128,0.15330974428726762,0.5559509888242797
Black_Footed_Albatross_0064_796101.jpg,0.5996490958082956,0.4410645845774752,0.5657658364541979
Black_Footed_Albatross_0076_417.jpg,0.6858548555308931,0.6537881971725965,0.8136066143235977
Black_Footed_Albatross_0053_796109.jpg,0.6866449239612146,0.6379728064420356,0.4862986599988502
Black_Footed_Albatross_0001_796111.jpg,0.6610486251272499,0.5927577124806243,0.7238706170589164
Black_Footed_Albatross_0037_796120.jpg,0.625700514097988,0.5353827026459298,0.8190574642875269
Black_Footed_Albatross_0082_796121.jpg,0.6031674588344355,0.4526484162373069,0.6599203865843201
Black_Footed_Albatross_0050_796125.jpg,0.6287006016498813,0.5207870862068866,0.5404729544654475
Black_Footed_Albatross_0078_796126.jpg,0.5850197438335688,0.4038903851619916,0.6684865484731117
Black_Footed_Albatross_0045_796129.jpg,0.5690004908561181,0.37475756672734806,0.6536627215893833
Black_Footed_Albatross_0088_796133.jpg,0.5495987366772757,0.331645242370064,0.6282954411348001
Black_Footed_Albatross_0003_796136.jpg,0.6050867038534167,0.45373431383401785,0.726356670137137
Black_Footed_Albatross_0035_796140.jpg,0.5358044706528651,0.2832638984857574,0.717949896487759
Black_Footed_Albatross_0058_796074.jpg,0.573490049836831,0.3771851222405225,0.6283697508347319
Laysan_Albatross_0002_1027.jpg,0.5450150623230057,0.293021876200374,0.6156939739874934
Laysan_Albatross_0082_524.jpg,0.6434172113529562,0.5667176313179397,0.6989406525256481
Laysan_Albatross_0070_788.jpg,0.6279145404260396,0.5293547317500338,0.5719055385374701
Laysan_Albatross_0053_543.jpg,0.5231386248628405,0.2661583090824067,0.6783429112660344
Laysan_Albatross_0001_545.jpg,0.5740391554072617,0.3741252491383841,0.6918558095659286
Laysan_Albatross_0023_1059.jpg,0.618944580133536,0.5153782320412253,0.6983237064703655
Laysan_Albatross_0060_777.jpg,0.6402559972267323,0.5550532137397028,0.7363684476498253
Laysan_Albatross_0080_821.jpg,0.6991554490063351,0.6707071278349328,0.7909499156541624
Laysan_Albatross_0091_602.jpg,0.5880507514113329,0.4164737456309031,0.5485119830153816
Laysan_Albatross_0102_611.jpg,0.5945862245313354,0.45841920660733815,0.6660840504882362
Laysan_Albatross_0017_614.jpg,0.6993885364018924,0.6778155889401531,0.6962255568328142
Laysan_Albatross_0035_876.jpg,0.6896851956996366,0.6659946819246373,0.6133173491090371
Laysan_Albatross_0098_621.jpg,0.6965388119199981,0.6850118811198969,0.7933672819245592
Laysan_Albatross_0034_628.jpg,0.6611183652203332,0.5944199936015403,0.6624754862419416
Laysan_Albatross_0104_630.jpg,0.5110221132600742,0.22056547095750423,0.6772170016605821
Laysan_Albatross_0058_637.jpg,0.6678764386607821,0.6053332494149364,0.5377733775158968
Laysan_Albatross_0028_643.jpg,0.6203408782608106,0.5078695185076645,0.7122465015231633
Laysan_Albatross_0033_658.jpg,0.6645223096693228,0.6014523082203072,0.6313243433365108
Laysan_Albatross_0075_668.jpg,0.29419669210336286,-0.5398433458120289,0.2547494444152289
Laysan_Albatross_0064_674.jpg,0.6133527990612853,0.4709351410009962,0.5119552473138526
Laysan_Albatross_0049_918.jpg,0.6573286445591706,0.6007768196970207,0.7792954414819545
Laysan_Albatross_0012_696.jpg,0.46548970039965176,0.09005914821347216,0.5641340514009667
Laysan_Albatross_0037_699.jpg,0.5520108112116495,0.34665684284829534,0.6817553536397088
Laysan_Albatross_0042_801.jpg,0.6539375162703285,0.5935393205914612,0.6215247218131285
Laysan_Albatross_0004_930.jpg,0.6066488583781314,0.456183169126986,0.5734570816212877
Laysan_Albatross_0093_725.jpg,0.5019891867766948,0.20151386696385232,0.6864054679486491
Laysan_Albatross_0021_737.jpg,0.6496957269596043,0.5752742471745342,0.7145522375020906
Laysan_Albatross_0059_488.jpg,0.668264447940718,0.6113145572915745,0.74954446361217
Laysan_Albatross_0103_504.jpg,0.6162831914037812,0.5087807666345722,0.6852037724662798
Laysan_Albatross_0079_506.jpg,0.6440898346472932,0.5479888722890263,0.5812548169550504
Sooty_Albatross_0003_1078.jpg,0.6284526377110721,0.5141540755957501,0.5701833579815507
Sooty_Albatross_0044_1105.jpg,0.6024172904462084,0.45994407397422554,0.7174441354440408
Sooty_Albatross_0071_1116.jpg,0.5674947218737645,0.3814835584912506,0.6766254066019344
Sooty_Albatross_0030_1122.jpg,0.6468687114382412,0.5679275607045999,0.7294999918258357
Sooty_Albatross_0054_796347.jpg,0.5732753881034144,0.3942273547341486,0.7334055977545185
Sooty_Albatross_0033_1128.jpg,0.6450379020917367,0.5638159899228371,0.7089418645691651
Sooty_Albatross_0048_1130.jpg,0.6157037575603476,0.5034548946525685,0.7613588200246005
Sooty_Albatross_0024_1161.jpg,0.6480085131130244,0.5736974144472764,0.7254657818767305
Sooty_Albatross_0005_796342.jpg,0.7076052921778135,0.6991615360079508,0.6588674758373841
Sooty_Albatross_0042_1210.jpg,0.5355823884690442,0.27072630684611776,0.4295066001522687
Sooty_Albatross_0046_1211.jpg,0.7048337036302172,0.6898369123587198,0.7308489929733524
Sooty_Albatross_0049_796350.jpg,0.5495225512760262,0.32732745099934635,0.5181722056876824
Sooty_Albatross_0050_796351.jpg,0.5755410855297896,0.4041937913707674,0.6989020303332985
Sooty_Albatross_0010_796355.jpg,0.5358841961416708,0.2830414639416827,0.5742627389038362
Sooty_Albatross_0029_796357.jpg,0.6072318530463623,0.5039724323215866,0.7659683987860529
Sooty_Albatross_0069_796358.jpg,0.6317866412744226,0.5370126768826495,0.7273246967811213
Sooty_Albatross_0020_796359.jpg,0.6391497570905744,0.5525419976425406,0.7421984162811894
Sooty_Albatross_0076_796365.jpg,0.5912833992907378,0.4375716868645968,0.6079022834332702
Sooty_Albatross_0004_796366.jpg,0.5314953609890725,0.2925573471935691,0.6569881968295432
Sooty_Albatross_0065_796367.jpg,0.6093548992996924,0.49505236483844706,0.7142748226188392
Sooty_Albatross_0007_796372.jpg,0.6780761488662297,0.6439030481686948,0.6129163651138323
Sooty_Albatross_0051_796374.jpg,0.6270230362330427,0.5240217829686898,0.7090135122772043
Sooty_Albatross_0067_796376.jpg,0.5852787254234602,0.43265462022073065,0.7114370973652389
Sooty_Albatross_0066_796382.jpg,0.5958249923015961,0.46927956222113343,0.7393819201549429
Sooty_Albatross_0036_796387.jpg,0.6695978968596283,0.6184647827286163,0.7308649021130591
Sooty_Albatross_0006_796390.jpg,0.5873909314566287,0.42894713301747656,0.7416650511988114
Sooty_Albatross_0002_796395.jpg,0.6918467148397989,0.6716746970988425,0.7962505404506312
Sooty_Albatross_0013_796402.jpg,0.576482538481532,0.4035711147613391,0.6558046686612508
Groove_Billed_Ani_0068_1538.jpg,0.5987405512897687,0.4454968611824365,0.6300838191415797
Groove_Billed_Ani_0094_1540.jpg,0.6307819196502157,0.5184530682693148,0.614196728306753
Groove_Billed_Ani_0080_1549.jpg,0.6358434071718156,0.5426578713008718,0.731309710022719
Groove_Billed_Ani_0037_1560.jpg,0.5917457453305708,0.455142550550089,0.8117059325276802
Groove_Billed_Ani_0017_1561.jpg,0.6343280588197409,0.5289387752884251,0.6821999808542137
Groove_Billed_Ani_0031_1588.jpg,0.6957274472263941,0.672565722384267,0.8373558858345651
Groove_Billed_Ani_0107_1590.jpg,0.5675860808538449,0.3610001671496066,0.7144042187005153
Groove_Billed_Ani_0035_1591.jpg,0.6478660258898075,0.5581914196505335,0.6587956117090716
Groove_Billed_Ani_0109_1592.jpg,0.6400257288778555,0.5426425250913645,0.6614602681976611
Groove_Billed_Ani_0075_1617.jpg,0.45246852173824725,0.01568422178154827,0.2827221504720182
Groove_Billed_Ani_0029_1620.jpg,0.5597368813092586,0.3671402969705603,0.7240952111764584
Groove_Billed_Ani_0108_1639.jpg,0.5856526178340238,0.4238310652909666,0.6664008192153363
Groove_Billed_Ani_0100_1646.jpg,0.5647916267916455,0.3749201206763232,0.7382481688275728
Groove_Billed_Ani_0046_1663.jpg,0.6488792844789719,0.5840613295237662,0.7951818261356873
Groove_Billed_Ani_0053_1672.jpg,0.6443656709545664,0.5716057092109206,0.7986122705845665
Groove_Billed_Ani_0088_1678.jpg,0.6512559465400762,0.5892821310963794,0.8014751663231667
Groove_Billed_Ani_0082_1697.jpg,0.568900162339488,0.38825434035027695,0.7268869194545557
Groove_Billed_Ani_0101_1700.jpg,0.6451163476072115,0.5700255968382304,0.706193831678127
Groove_Billed_Ani_0010_1704.jpg,0.5386561047356051,0.31322712481842696,0.7519101285938761
Groove_Billed_Ani_0040_1715.jpg,0.6270516736394047,0.5191020996830494,0.7101538993160459
Groove_Billed_Ani_0074_1730.jpg,0.5770918253927807,0.4062745204319008,0.7326183761789015
Groove_Billed_Ani_0059_1480.jpg,0.6515941917593552,0.5940224200058867,0.8621895861248617
Groove_Billed_Ani_0005_1750.jpg,0.6224340123908695,0.5240807758214612,0.5810710956610758
Groove_Billed_Ani_0014_1755.jpg,0.6204217571216449,0.509736066769042,0.5925075575151119
Groove_Billed_Ani_0060_1505.jpg,0.7096543339741688,0.7016616248087091,0.7785790741117532
Groove_Billed_Ani_0087_1765.jpg,0.5309740045262787,0.2785056981064261,0.5001637294617153
Groove_Billed_Ani_0062_1767.jpg,0.6651819290173735,0.6067186806289249,0.6635650209306057
Groove_Billed_Ani_0092_1516.jpg,0.6610750772593654,0.60388949766279,0.7839655515977024
Groove_Billed_Ani_0009_1522.jpg,0.6109987415479163,0.49978671694447774,0.7581497370244873
Groove_Billed_Ani_0078_1780.jpg,0.6072877522974718,0.4789362988995687,0.7520173638342974
Crested_Auklet_0006_1813.jpg,0.6614808596475314,0.6104779059379517,0.7489205119299772
Crested_Auklet_0042_794902.jpg,0.6600932146108178,0.5972219063783251,0.6774759532985911
Crested_Auklet_0041_794910.jpg,0.6537970240242851,0.5781848768013084,0.46253889333941983
Crested_Auklet_0044_1825.jpg,0.6748023923705211,0.6436405328964115,0.833090887376817
Crested_Auklet_0011_794927.jpg,0.6194998410874241,0.5067007271069179,0.6278084005323973
Crested_Auklet_0059_794929.jpg,0.5689013982901017,0.3541255739253517,0.42588157077619915
Crested_Auklet_0021_794938.jpg,0.6041059011395782,0.45638952794928667,0.5878662823621019
Crested_Auklet_0074_794949.jpg,0.649914661062257,0.5723084461737621,0.7184028295292012
Crested_Auklet_0028_794951.jpg,0.6911721541206581,0.6634154043910101,0.7758359695262759
Crested_Auklet_0053_794966.jpg,0.6033721406614397,0.4621321205574178,0.6213399863224683
Crested_Auklet_0068_785253.jpg,0.5138953944496493,0.24138559394906323,0.6414014905242799
Crested_Auklet_0070_785261.jpg,0.6052776597099659,0.46083519329858325,0.5720662862751559
Crested_Auklet_0036_794905.jpg,0.6551650135941312,0.5737956866202905,0.6143273156604441
Crested_Auklet_0048_1791.jpg,0.6615115692207272,0.6046683125636327,0.7759984569601499
Least_Auklet_0014_1901.jpg,0.6564042027030939,0.5932587653486774,0.6858202396784324
Least_Auklet_0032_795068.jpg,0.6578404788867336,0.6027171514636944,0.7134002875380001
Least_Auklet_0039_795081.jpg,0.6388269420706714,0.5632548907857575,0.6914190374126608
Least_Auklet_0025_795087.jpg,0.6610240228779478,0.6106100704064705,0.8326135665795007
Least_Auklet_0028_795094.jpg,0.6963399071276279,0.6774750441510498,0.734260933468793
Least_Auklet_0055_795106.jpg,0.6829361927479707,0.6479945622223622,0.6817342618434404
Least_Auklet_0041_795107.jpg,0.7382493049549486,0.7560253265372119,0.7996297240047241
Least_Auklet_0004_795112.jpg,0.6786177605842509,0.6428489902429102,0.7905184956625464
Least_Auklet_0023_1898.jpg,0.6618687470880313,0.6018172026191169,0.6588384795467666
Least_Auklet_0046_795118.jpg,0.7133147136031917,0.7188920518649613,0.8508111708601384
Least_Auklet_0005_795119.jpg,0.6659024813094027,0.6219891101552384,0.7860841547409609
Parakeet_Auklet_0017_795924.jpg,0.6837260845038187,0.6551967107521954,0.7838548967044792
Parakeet_Auklet_0072_795929.jpg,0.6940942295183183,0.6709188858823985,0.7948344905662011
Parakeet_Auklet_0030_795930.jpg,0.6969278913567172,0.680079344605587,0.7438507172421581
Parakeet_Auklet_0058_795942.jpg,0.6753268772537923,0.6404801452992999,0.7599588502223504
Parakeet_Auklet_0020_795947.jpg,0.7018305044658275,0.6833905049232868,0.7758035905291213
Parakeet_Auklet_0064_795954.jpg,0.6872663005245394,0.6540355631859265,0.746348820144129
Parakeet_Auklet_0039_795955.jpg,0.6597972178947308,0.5940363759627421,0.7933280219375053
Parakeet_Auklet_0050_795957.jpg,0.6805674879415389,0.6351409998153397,0.6347678209831785
Parakeet_Auklet_0031_795960.jpg,0.6809614318205905,0.6513072565496238,0.7888000280843707
Parakeet_Auklet_0026_795962.jpg,0.6938870174840874,0.6621140927774105,0.6543632824216198
Parakeet_Auklet_0055_795963.jpg,0.7169023681177665,0.7181722980488812,0.7820607862071259
Parakeet_Auklet_0067_795964.jpg,0.6827369142180355,0.6489304070728644,0.7434219997840092
Parakeet_Auklet_0015_795966.jpg,0.6395265952098969,0.5521362785609188,0.7249524380259771
Parakeet_Auklet_0013_795970.jpg,0.7485183233177364,0.7726229548534527,0.745222114110918
Parakeet_Auklet_0051_795971.jpg,0.6827456431610193,0.6565307727952325,0.8049867144089609
Parakeet_Auklet_0040_795974.jpg,0.6990536552727984,0.6832479741286837,0.7696603830794388
Parakeet_Auklet_0016_795977.jpg,0.7228188221088209,0.7285968859229519,0.7293103507002734
Parakeet_Auklet_0075_795981.jpg,0.6789179753783496,0.6470845958112483,0.7133121870572268
Parakeet_Auklet_0061_795990.jpg,0.6932872776128561,0.665900086745554,0.7350207397267093
Parakeet_Auklet_0008_795992.jpg,0.710140470685608,0.7001512796596969,0.7475671369866904
Parakeet_Auklet_0034_795994.jpg,0.6869289287412728,0.6626194321733514,0.7939310575159261
Parakeet_Auklet_0010_795995.jpg,0.6053385765081339,0.4810096059922805,0.6960450678519651
Parakeet_Auklet_0070_795998.jpg,0.6491582545136945,0.5773864882000654,0.6705558376836472
Rhinoceros_Auklet_0042_2101.jpg,0.7001517076445021,0.6915407902229543,0.6363245084109671
Rhinoceros_Auklet_0027_797496.jpg,0.6427214375298858,0.5533616642705748,0.7183212633660772
Rhinoceros_Auklet_0034_797497.jpg,0.5092524850441897,0.221693388592325,0.6828367453505909
Rhinoceros_Auklet_0037_797499.jpg,0.5575426129737053,0.3620477430310508,0.6628481846267975
Rhinoceros_Auklet_0044_797502.jpg,0.6848736582366908,0.6393454467590841,0.6632885880247376
Rhinoceros_Auklet_0040_797503.jpg,0.5906199129250491,0.43721241473471184,0.5341379444087728
Rhinoceros_Auklet_0025_797508.jpg,0.5346486846894523,0.2980468537638393,0.5990864534212156
Rhinoceros_Auklet_0051_797510.jpg,0.4431926495487549,0.04061144791383253,0.545667793236585
Rhinoceros_Auklet_0041_797515.jpg,0.6851441798692507,0.6434637974196429,0.7118274205297976
Rhinoceros_Auklet_0046_797532.jpg,0.6374295709967588,0.5394310604965102,0.7164999402104699
Rhinoceros_Auklet_0003_797535.jpg,0.5737758951387477,0.39336152006294145,0.5020229939987106
Rhinoceros_Auklet_0045_797536.jpg,0.625442951858755,0.5072849290294501,0.7599216509052052
Rhinoceros_Auklet_0001_797538.jpg,0.6268610435879345,0.5217239090634919,0.6484910361668186
Rhinoceros_Auklet_0004_797541.jpg,0.5705064831970064,0.38512808128486187,0.4608215717415127
Rhinoceros_Auklet_0048_2162.jpg,0.5805438329587393,0.4131910849150682,0.5611723862532931
Rhinoceros_Auklet_0035_2166.jpg,0.522858854516463,0.2723582496981781,0.4451140913699642
Rhinoceros_Auklet_0022_2170.jpg,0.5295697974575682,0.29172586920540433,0.6021211577237907
Rhinoceros_Auklet_0039_2174.jpg,0.5507440756508288,0.34235188375199577,0.7395940011757535
Brewer_Blackbird_0099_2560.jpg,0.7014510312138615,0.6881783377747446,0.7315336521170905
Brewer_Blackbird_0106_2608.jpg,0.6351501269060019,0.54124666407533,0.835769235907504
Brewer_Blackbird_0009_2616.jpg,0.7064862525160027,0.6869140865495613,0.7679958896724984
Brewer_Blackbird_0102_2620.jpg,0.6920043803279285,0.6532151376902354,0.7766176880351704
Brewer_Blackbird_0101_2630.jpg,0.6681064271596167,0.6187196840421558,0.7318224780372998
Brewer_Blackbird_0054_2631.jpg,0.6477822365246966,0.565643530346814,0.812819416005375
Brewer_Blackbird_0096_2634.jpg,0.581264594043319,0.38660615465530324,0.5054111255289189
Brewer_Blackbird_0041_2653.jpg,0.6172112907317202,0.501193180796887,0.7871790482419911
Brewer_Blackbird_0090_2658.jpg,0.7181886547069216,0.7247549941704602,0.8486216653303915
Brewer_Blackbird_0017_2668.jpg,0.6155095472808749,0.5040388685282664,0.809080323808757
Brewer_Blackbird_0137_2680.jpg,0.5817825041774232,0.39840879885582337,0.4466773540447875
Brewer_Blackbird_0028_2682.jpg,0.608600441410595,0.4818867204063725,0.7015622482189643
Brewer_Blackbird_0046_2688.jpg,0.6993038387837864,0.6724598388124357,0.7727772383836745
Brewer_Blackbird_0012_2691.jpg,0.6898213222601264,0.6596850511255321,0.8191212501069953
Brewer_Blackbird_0066_2693.jpg,0.6233434309037222,0.5213382671630261,0.7514658892976946
Brewer_Blackbird_0016_2225.jpg,0.696422843505325,0.6760127562525333,0.7603258178589937
Brewer_Blackbird_0104_2230.jpg,0.6443488740491777,0.5634338982269169,0.714831393316384
Brewer_Blackbird_0025_2231.jpg,0.6159565446650104,0.500880473173883,0.7048517219014191
Brewer_Blackbird_0080_2234.jpg,0.6500044176280025,0.5854266060836535,0.7488047704679773
Brewer_Blackbird_0127_2235.jpg,0.6741521765342304,0.6333580845733515,0.8499748627343997
Brewer_Blackbird_0049_2258.jpg,0.6731823757870283,0.624815214104154,0.8189710912120907
Brewer_Blackbird_0010_2269.jpg,0.6448913468451483,0.5626137439758834,0.6815576688611936
Brewer_Blackbird_0061_2270.jpg,0.6597300413458631,0.600991260028853,0.6115648847245926
Brewer_Blackbird_0015_2286.jpg,0.5813886460374156,0.42315692984096753,0.7225704551258825
Brewer_Blackbird_0038_2294.jpg,0.561474963844006,0.3473712130851392,0.4614634986360951
Brewer_Blackbird_0042_2302.jpg,0.6881958853599877,0.6550093981586184,0.7496123369240724
Brewer_Blackbird_0065_2310.jpg,0.7123182330408366,0.7015402982539345,0.7949679364820023
Brewer_Blackbird_0027_2329.jpg,0.6571229578433642,0.6071183850630524,0.7865031724501009
Brewer_Blackbird_0004_2345.jpg,0.6956489701989931,0.6718625807642848,0.731378673476763
Red_Winged_Blackbird_0022_4483.jpg,0.669198476915296,0.6165770258409112,0.8273709520355538
Red_Winged_Blackbird_0017_4116.jpg,0.6456198989743195,0.5764212722065003,0.5466555739082739
Red_Winged_Blackbird_0058_4141.jpg,0.6894512496216028,0.6684132445378568,0.8761112003068771
Red_Winged_Blackbird_0074_4146.jpg,0.5711514417924548,0.40337404341663385,0.7883451415691488
Red_Winged_Blackbird_0042_3635.jpg,0.5689307151832205,0.3955960670525628,0.688344887586547
Red_Winged_Blackbird_0064_4936.jpg,0.6458938845894109,0.5842597891466659,0.7666005250384249
Red_Winged_Blackbird_0104_3918.jpg,0.6002161214614377,0.46009776089328713,0.6826768982084435
Red_Winged_Blackbird_0024_4180.jpg,0.682766190982472,0.6389870905515136,0.5982840511898502
Red_Winged_Blackbird_0089_4188.jpg,0.7057837225748507,0.6932236318362812,0.8456819314896159
Red_Winged_Blackbird_0109_4454.jpg,0.7069374732786045,0.695516800850691,0.7297980410261156
Red_Winged_Blackbird_0053_4072.jpg,0.6580274479394013,0.6014927800201082,0.8567675521448223
Red_Winged_Blackbird_0006_6005.jpg,0.6745986392814485,0.6378818246695245,0.7820571853221778
Red_Winged_Blackbird_0007_3706.jpg,0.6726514936106667,0.6417215484700207,0.7967294854871604
Red_Winged_Blackbird_0013_5762.jpg,0.6844076685216851,0.649388478899169,0.744383827874007
Red_Winged_Blackbird_0062_4233.jpg,0.7264781318985465,0.7352406739549135,0.8282679473015521
Red_Winged_Blackbird_0099_3985.jpg,0.6588796190592537,0.6020326226948274,0.7500747334283036
Red_Winged_Blackbird_0071_3988.jpg,0.7042314955207838,0.7005904747514298,0.7996592932432844
Red_Winged_Blackbird_0027_4123.jpg,0.6855204563909163,0.6533271711561703,0.784699405664105
Red_Winged_Blackbird_0088_4007.jpg,0.6812701731937292,0.659292765740517,0.8001318060933056
Red_Winged_Blackbird_0010_6386.jpg,0.6555596143569895,0.5826646526122518,0.6494341189316649
Red_Winged_Blackbird_0045_4526.jpg,0.6616037789741724,0.6017873449526374,0.8025176344975514
Red_Winged_Blackbird_0065_4026.jpg,0.6222914901372653,0.527401996868567,0.8072814823192473
Red_Winged_Blackbird_0039_4285.jpg,0.6663125401152861,0.6226340529369447,0.8401412491719719
Red_Winged_Blackbird_0029_4804.jpg,0.6928219234499625,0.6784889090811705,0.83599872074108
Red_Winged_Blackbird_0009_5841.jpg,0.6915648241728856,0.6713577398368668,0.8269002028719227
Red_Winged_Blackbird_0011_5845.jpg,0.6367198541067496,0.5445664286193508,0.8087692187209757
Red_Winged_Blackbird_0047_3802.jpg,0.6534519735708926,0.589436251281797,0.8464205713360573
Red_Winged_Blackbird_0094_5856.jpg,0.6978236343172393,0.6911354734103643,0.8487681682369765
Red_Winged_Blackbird_0072_4338.jpg,0.699227293278478,0.6978190519576462,0.886458481689528
Red_Winged_Blackbird_0078_5372.jpg,0.7099796699160161,0.712286650570499,0.8548985098091296
Rusty_Blackbird_0055_6923.jpg,0.6558999575845332,0.58554025556522,0.7172206015498032
Rusty_Blackbird_0020_6679.jpg,0.5452554791394042,0.32979049992544873,0.6945697132533332
Rusty_Blackbird_0104_6685.jpg,0.6087144686280433,0.490579149009003,0.7875735626862912
Rusty_Blackbird_0043_2597.jpg,0.5445554865901889,0.30021714073048367,0.5689393138227651
Rusty_Blackbird_0109_6698.jpg,0.6319789638874774,0.53105431925956,0.6784757384367817
Rusty_Blackbird_0081_6967.jpg,0.6478553129064138,0.5719541926932531,0.7741388614339364
Rusty_Blackbird_0051_6715.jpg,0.6460550927518746,0.5977746176267147,0.838787724420993
Rusty_Blackbird_0075_6717.jpg,0.6239656505545104,0.5000146465301851,0.5540684111966727
Rusty_Blackbird_0112_3415.jpg,0.5798577752288612,0.42137240166667267,0.7480663076797843
Rusty_Blackbird_0003_6749.jpg,0.6713225635466571,0.6226951126144655,0.7253649161317347
Rusty_Blackbird_0047_7009.jpg,0.5638924057692287,0.3501918355692305,0.6439311488654691
Rusty_Blackbird_0060_6756.jpg,0.6710400266477168,0.6343934303806782,0.8739281004814458
Rusty_Blackbird_0120_6762.jpg,0.6651831498630496,0.6094066626398901,0.6998627757125213
Rusty_Blackbird_0026_6768.jpg,0.6465992707997719,0.5801277014752884,0.801287400052262
Rusty_Blackbird_0005_6771.jpg,0.688057392104954,0.6626104099207359,0.7961323835667956
Rusty_Blackbird_0052_7035.jpg,0.6637237067003043,0.6125913726495307,0.822109892186704
Rusty_Blackbird_0057_6935.jpg,0.629391511326449,0.5427109815677851,0.8096579450395314
Rusty_Blackbird_0111_3220.jpg,0.680670504914785,0.6525379473784461,0.8344192159379843
Rusty_Blackbird_0105_6937.jpg,0.5991536500954183,0.4631492211414996,0.6891619293553864
Rusty_Blackbird_0022_6808.jpg,0.6028741875899851,0.463138960184617,0.6758834791149126
Rusty_Blackbird_0100_6597.jpg,0.6045011478028736,0.4771366958939377,0.7882651544324412
Rusty_Blackbird_0092_2727.jpg,0.5689813474995769,0.3672321377597043,0.7894733809536473
Rusty_Blackbird_0094_6582.jpg,0.6750483637287283,0.6443604240176743,0.779220880205008
Rusty_Blackbird_0096_6846.jpg,0.6515850036498922,0.5926587425610351,0.826687646762121
Rusty_Blackbird_0027_6593.jpg,0.5745418740839308,0.4166884167175987,0.7847508699898295
Rusty_Blackbird_0056_6856.jpg,0.6849293357344347,0.676066378402409,0.8859076583248575
Rusty_Blackbird_0080_6877.jpg,0.6122989105890857,0.4981765112156611,0.8078307677935718
Rusty_Blackbird_0015_6885.jpg,0.6753760538384801,0.6418223731635142,0.8704980357305203
Rusty_Blackbird_0013_6902.jpg,0.6622689739659875,0.6182638708015054,0.78148470019954
Rusty_Blackbird_0082_6906.jpg,0.6412219384497689,0.5645012316793384,0.7496435909426975
Yellow_Headed_Blackbird_0108_7937.jpg,0.6274315726529376,0.5300265060777604,0.838965841813896
Yellow_Headed_Blackbird_0015_8207.jpg,0.6258962161007237,0.5279605094349935,0.8231886970006764
Yellow_Headed_Blackbird_0061_8208.jpg,0.6794600228552088,0.6509055041065734,0.8001757667779921
Yellow_Headed_Blackbird_0065_8481.jpg,0.6792720286430487,0.6497104136722511,0.8178283783406157
Yellow_Headed_Blackbird_0009_8248.jpg,0.6459974861268811,0.5651793278954693,0.800410788313712
Yellow_Headed_Blackbird_0043_8250.jpg,0.6765041391101113,0.6463568783634673,0.8264926523256438
Yellow_Headed_Blackbird_0088_8257.jpg,0.7213360934843319,0.7289714569330976,0.8555984360052994
Yellow_Headed_Blackbird_0109_8271.jpg,0.5165742685882596,0.23685247652741404,0.5506461393822923
Yellow_Headed_Blackbird_0034_7736.jpg,0.6546855706093289,0.5945915798423974,0.8064941221557549
Yellow_Headed_Blackbird_0079_8535.jpg,0.6470125346622984,0.5797616106587287,0.8227908141726482
Yellow_Headed_Blackbird_0049_8548.jpg,0.5604463799195246,0.3650540659174566,0.6791386170559747
Yellow_Headed_Blackbird_0042_8574.jpg,0.5991027263892119,0.4665238821404706,0.7535056738555902
Yellow_Headed_Blackbird_0024_8586.jpg,0.6460827125064985,0.5625529620578511,0.7366997395133095
Yellow_Headed_Blackbird_0080_8601.jpg,0.6017606125724266,0.45332442520823923,0.6287504675209402
Yellow_Headed_Blackbird_0023_7325.jpg,0.6882079787251532,0.6601753089416592,0.7957189058915695
Yellow_Headed_Blackbird_0055_8357.jpg,0.6461485811146818,0.571496307742259,0.8375049896164165
Yellow_Headed_Blackbird_0013_8362.jpg,0.7002165489192447,0.688586527846318,0.80866505104438
Yellow_Headed_Blackbird_0085_8363.jpg,0.6615827100489996,0.6032198553217305,0.8201646794696242
Yellow_Headed_Blackbird_0098_8367.jpg,0.6936457956898872,0.6807839443027833,0.8816950462349229
Yellow_Headed_Blackbird_0059_8079.jpg,0.6820359493440971,0.6519232791723198,0.8008275171504126
Yellow_Headed_Blackbird_0100_8407.jpg,0.6668010952814261,0.6341267876068243,0.8158657102427592
Yellow_Headed_Blackbird_0053_8410.jpg,0.6266346077970337,0.5453661853761553,0.7878741011158971
Yellow_Headed_Blackbird_0102_8441.jpg,0.6990735257606877,0.6802764536905013,0.8522352821788276
Yellow_Headed_Blackbird_0047_7929.jpg,0.654671341300176,0.5902997322499424,0.7289129622632282
Yellow_Headed_Blackbird_0012_8443.jpg,0.6336310473632829,0.557848778650365,0.8406954787259646
Yellow_Headed_Blackbird_0035_8447.jpg,0.601957913350291,0.477727913528599,0.7506094912661624
Bobolink_0007_9246.jpg,0.6722015305207698,0.6264540152432712,0.840776470639451
Bobolink_0115_9265.jpg,0.3658809718510603,-0.2726706345488079,0.2697388379666912
Bobolink_0039_9779.jpg,0.715516345760203,0.7073687318774216,0.784522241795732
Bobolink_0074_9311.jpg,0.615857544183277,0.48774041017108305,0.7448835604566282
Bobolink_0120_10859.jpg,0.6843413561861237,0.6600125178819994,0.8281612457726972
Bobolink_0097_10861.jpg,0.5826147522583629,0.4219438413542914,0.7470865998334856
Bobolink_0109_9869.jpg,0.6578048489517827,0.5871264546436628,0.7008914465405824
Bobolink_0018_9402.jpg,0.5762776860115258,0.38758117246632473,0.595637280472588
Bobolink_0126_11458.jpg,0.5851086305355937,0.420123249216264,0.7204870055051346
Bobolink_0081_9439.jpg,0.5885334451883677,0.4360801820129868,0.7951038177157769
Bobolink_0048_9988.jpg,0.7406299553614106,0.7637823589669889,0.858443234636334
Bobolink_0067_11533.jpg,0.6466557103247724,0.5673432521446903,0.7902578531499346
Bobolink_0110_9496.jpg,0.5543516497774641,0.36398311129839145,0.7611335031693053
Bobolink_0071_9503.jpg,0.673871502395562,0.6290560139464669,0.6905422903720198
Bobolink_0128_9947.jpg,0.6476117458482988,0.5692799612983733,0.7991875330380256
Bobolink_0026_11057.jpg,0.658939913918658,0.5802493292203267,0.6747925330389237
Bobolink_0112_11073.jpg,0.6858785347987884,0.6554172648060063,0.7435304597974349
Bobolink_0057_10051.jpg,0.6431725626295739,0.5673332945189824,0.6488571828630677
Bobolink_0049_9540.jpg,0.6513704341680289,0.5755328438109848,0.6655750425036613
Bobolink_0027_10569.jpg,0.6125869323614916,0.4913136173019288,0.7308796788292544
Bobolink_0076_11093.jpg,0.6080911993664109,0.4983872481280981,0.7026268705665984
Bobolink_0035_11117.jpg,0.7345752785161124,0.748799669049186,0.830465066532163
Bobolink_0043_10607.jpg,0.6159154263708077,0.5198150050169539,0.6652140117175493
Bobolink_0056_9080.jpg,0.7265943233424781,0.7319883223629624,0.8413306353200888
Bobolink_0021_10623.jpg,0.757407109024967,0.7884691352139508,0.8945838374118728
Bobolink_0070_10624.jpg,0.5773375664429301,0.3927837161722204,0.6689558539632532
Bobolink_0114_10627.jpg,0.732642562678812,0.7408743829800364,0.7514029141191422
Bobolink_0106_9126.jpg,0.6034104513450239,0.4722848504625058,0.7715323833054174
Bobolink_0040_9681.jpg,0.7028679396868036,0.6861911437819346,0.7676293072103539
Bobolink_0079_10736.jpg,0.6156633351303209,0.5103493764244882,0.8035765921770892
Indigo_Bunting_0014_14167.jpg,0.6410969403505612,0.5611994187723505,0.766606817778838
Indigo_Bunting_0068_13081.jpg,0.6742792343945032,0.636077876513053,0.7149066101129227
Indigo_Bunting_0040_11805.jpg,0.6559210843877237,0.5994656325607746,0.8073503001655337
Indigo_Bunting_0063_11820.jpg,0.6149602605258202,0.5055436018910753,0.7749372375913753
Indigo_Bunting_0037_14128.jpg,0.6497393623686192,0.5858975988197609,0.8237089854183361
Indigo_Bunting_0027_11579.jpg,0.6346542448265298,0.5420435939867708,0.8271913110063054
Indigo_Bunting_0053_13391.jpg,0.5815822905126206,0.40817623182269613,0.7777884423613053
Indigo_Bunting_0015_12632.jpg,0.6613003493433117,0.5996298078286666,0.8485386663074516
Indigo_Bunting_0016_13661.jpg,0.7185057265809338,0.7188453702130226,0.8689021517922292
Indigo_Bunting_0073_13933.jpg,0.6655163134327158,0.6273156093732832,0.8523788767639058
Indigo_Bunting_0072_14197.jpg,0.6445834606290655,0.5713214827056923,0.8331610405691637
Indigo_Bunting_0071_11639.jpg,0.5469231179407501,0.31951475294002174,0.7234600940661821
Indigo_Bunting_0036_13716.jpg,0.6648439232756174,0.6055066640437475,0.7799586862390285
Indigo_Bunting_0013_12949.jpg,0.5491233602417865,0.344132728120757,0.6384229417818221
Indigo_Bunting_0021_13979.jpg,0.6540053376938125,0.5878444609810644,0.7361417562299314
Indigo_Bunting_0060_14495.jpg,0.664251363539442,0.6179729395340144,0.8366121137807668
Indigo_Bunting_0058_12207.jpg,0.6648676770895607,0.6189733475247743,0.8299171374125626
Indigo_Bunting_0054_12213.jpg,0.6187327885251142,0.5205009643784423,0.8211936301291796
Indigo_Bunting_0025_12532.jpg,0.6852692037803472,0.6513048396362962,0.8593842027352905
Indigo_Bunting_0052_11893.jpg,0.6363357599325885,0.5394225992712314,0.7722926723416765
Indigo_Bunting_0029_13761.jpg,0.6715665057049764,0.6169107523307218,0.7792125197121205
Indigo_Bunting_0010_13000.jpg,0.6874073686502526,0.6648147550596015,0.8446164014875834
Indigo_Bunting_0078_11852.jpg,0.661192598981904,0.6145419598830196,0.8702578580181568
Indigo_Bunting_0061_13259.jpg,0.6716873474553958,0.6278143401620504,0.772730275208816
Indigo_Bunting_0065_14558.jpg,0.5585007495016808,0.3518065362862103,0.7432319541820249
Indigo_Bunting_0051_12837.jpg,0.6542338289492866,0.5918552369451995,0.833661403219873
Indigo_Bunting_0033_12777.jpg,0.6238201775197751,0.5279435103468346,0.8084113109811347
Indigo_Bunting_0077_14060.jpg,0.6359711331737712,0.5476512145342924,0.8117994229925383
Indigo_Bunting_0031_13300.jpg,0.6328974987208651,0.5210637984070685,0.7044439956799647
Indigo_Bunting_0074_12829.jpg,0.6467285466032102,0.5829464477974331,0.7456068784433104
Lazuli_Bunting_0047_14863.jpg,0.6817474357622955,0.6422832368614648,0.7802893912492572
Lazuli_Bunting_0101_14873.jpg,0.5624782046019972,0.35028574238208676,0.578190464300467
Lazuli_Bunting_0052_14618.jpg,0.6556333446800514,0.5977424253956705,0.8062513504781097
Lazuli_Bunting_0085_14627.jpg,0.6464382740195542,0.5736564611549466,0.7587773164878652
Lazuli_Bunting_0078_15164.jpg,0.6047349772993126,0.49105141220200554,0.8000012724544344
Lazuli_Bunting_0092_14656.jpg,0.5336405205093551,0.2725654349270735,0.6525724392032421
Lazuli_Bunting_0066_14914.jpg,0.603340322617667,0.4729510197303469,0.6718940161794171
Lazuli_Bunting_0001_14916.jpg,0.5369400865395935,0.3048371695612474,0.7390685601854912
Lazuli_Bunting_0076_14662.jpg,0.6726430374817519,0.6363546871823614,0.8584978402999255
Lazuli_Bunting_0035_14920.jpg,0.5549074011436419,0.3386565674018108,0.6160088029454076
Lazuli_Bunting_0070_14665.jpg,0.6456847641103858,0.5775153831335251,0.7797837011432451
Lazuli_Bunting_0040_14923.jpg,0.5864449519049448,0.41048845591915384,0.5886952028055077
Lazuli_Bunting_0026_14669.jpg,0.6299739113122863,0.5258950041271057,0.6774408907067836
Lazuli_Bunting_0032_14778.jpg,0.6528007624785301,0.584925131182009,0.7994618860232585
Lazuli_Bunting_0021_14686.jpg,0.5285116155427344,0.27945237387124344,0.6340665496012037
Lazuli_Bunting_0028_14950.jpg,0.6405697983892593,0.5537307156235964,0.6804469386736381
Lazuli_Bunting_0094_11894.jpg,0.6621434663196188,0.6190087918544562,0.8138942232054001
Lazuli_Bunting_0030_14986.jpg,0.6493696522565449,0.5872251229594111,0.8087531923321516
Lazuli_Bunting_0097_14617.jpg,0.644372420677807,0.579469272533472,0.8267717490950729
Lazuli_Bunting_0059_14749.jpg,0.6422402251680656,0.5719071729295929,0.817880987143962
Lazuli_Bunting_0037_15021.jpg,0.5119536407431764,0.22958614247819054,0.6741950036174867
Lazuli_Bunting_0093_15030.jpg,0.5628283388562714,0.3690184402615214,0.7164980214845885
Lazuli_Bunting_0057_14775.jpg,0.6344194984704807,0.5475849521259188,0.7015579740695146
Lazuli_Bunting_0056_15032.jpg,0.6878495341840662,0.6624533944843312,0.7584201559126708
Lazuli_Bunting_0084_14815.jpg,0.5906938315684047,0.43326722973408305,0.7237050147139243
Lazuli_Bunting_0042_14820.jpg,0.6967618012609307,0.6719294598209273,0.7436688800817154
Lazuli_Bunting_0025_15079.jpg,0.6153808005673628,0.4870773494986411,0.5908517857389185
Lazuli_Bunting_0048_14844.jpg,0.6789192218692688,0.6477863357044866,0.7576119869789005
Painted_Bunting_0102_16642.jpg,0.6315783537997708,0.5429168965147844,0.7166439802262543
Painted_Bunting_0004_16641.jpg,0.6782657744813461,0.6395346904786948,0.7596579158420015
Painted_Bunting_0077_16819.jpg,0.6659915450849475,0.6285553007391659,0.8635703963035313
Painted_Bunting_0053_16404.jpg,0.6917178193587563,0.6750222576301493,0.8122097542978756
Painted_Bunting_0008_16416.jpg,0.6689771167877677,0.6195548013485273,0.8187219313986854
Painted_Bunting_0011_16690.jpg,0.622725945906657,0.5276152109870567,0.801070629908571
Painted_Bunting_0040_16691.jpg,0.6868348193105944,0.6621775822439411,0.7242599519432544
Painted_Bunting_0010_16948.jpg,0.6709793802527368,0.6323235802513378,0.8021049403847418
Painted_Bunting_0072_16697.jpg,0.5556289113332209,0.3474876177357852,0.7000843556422489
Painted_Bunting_0054_16711.jpg,0.6372996023190343,0.5589965190426273,0.7755219542575769
Painted_Bunting_0069_16462.jpg,0.5059107827139595,0.201308620422043,0.663348592634613
Painted_Bunting_0058_16719.jpg,0.6534082640646486,0.5979602803526667,0.8179607222653792
Painted_Bunting_0094_16467.jpg,0.661106228242013,0.6032517539056932,0.6650110881327892
Painted_Bunting_0016_15200.jpg,0.683396910893939,0.659715502471541,0.868246121611496
Painted_Bunting_0098_15226.jpg,0.666675992343053,0.6282829110505959,0.8186955177814583
Painted_Bunting_0081_15230.jpg,0.7135150592181392,0.7080379467163039,0.7726326825818258
Painted_Bunting_0019_15231.jpg,0.7154324657241056,0.7132279125735207,0.7906131152418797
Painted_Bunting_0029_16530.jpg,0.64492241886201,0.5723268177954663,0.7482832387314033
Painted_Bunting_0080_16534.jpg,0.6165546790422053,0.5209863237034975,0.8349722383011047
Painted_Bunting_0027_16536.jpg,0.6346284785542232,0.537568215581056,0.7113401985805644
Painted_Bunting_0044_16557.jpg,0.6840988426257182,0.6543334183279068,0.7502031425826295
Painted_Bunting_0085_15282.jpg,0.6383260460553053,0.5448208542346409,0.6515018175928828
Painted_Bunting_0078_16565.jpg,0.5872314921291186,0.4315839819975018,0.75679082507813
Painted_Bunting_0013_15294.jpg,0.653373469459412,0.5822298630910395,0.7283589153884715
Painted_Bunting_0021_15295.jpg,0.5890126377373466,0.43832107067145964,0.7305520685520394
Painted_Bunting_0009_16674.jpg,0.6522662669184575,0.5942523388310442,0.8449056236396707
Painted_Bunting_0032_16605.jpg,0.555891609337801,0.3289506509959953,0.53822937219073
Painted_Bunting_0049_16869.jpg,0.628280843644195,0.5337067599398722,0.7810940408940763
Cardinal_0038_19203.jpg,0.5983261887730484,0.46722588190357184,0.7966008132628469
Cardinal_0072_17159.jpg,0.6439868630831609,0.5817491211081494,0.6529106810291108
Cardinal_0047_17673.jpg,0.6655400820513415,0.6225617863155554,0.8213542244455067
Cardinal_0035_17678.jpg,0.6277150420331066,0.5411091873328473,0.8569860965693441
Cardinal_0103_17425.jpg,0.7118784163804682,0.7228398572519883,0.8182936933941825
Cardinal_0102_17808.jpg,0.6443635573504338,0.5609317652531958,0.6728186033053938
Cardinal_0006_17684.jpg,0.7044575947706186,0.6999034873557284,0.8441805675159111
Cardinal_0078_17181.jpg,0.680570490161658,0.6472590616190558,0.7602866506998234
Cardinal_0041_17189.jpg,0.5822357394587778,0.441764234054112,0.7339465783558099
Cardinal_0040_17477.jpg,0.6643117195393268,0.629463861366264,0.8426487043923916
Cardinal_0093_17676.jpg,0.6297084081165876,0.516175106432575,0.5862288433038371
Cardinal_0022_17233.jpg,0.6691041052831526,0.6214708211278255,0.7453479201892201
Cardinal_0023_19026.jpg,0.6248769509739316,0.537547671640408,0.6837728827566836
Cardinal_0033_19215.jpg,0.6638085262348654,0.6067570893127685,0.7473015859844779
Cardinal_0105_19045.jpg,0.6645850711363585,0.620151647248426,0.8288658941540282
Cardinal_0050_18035.jpg,0.666696379847747,0.6164922061277264,0.841323482465434
Cardinal_0014_17389.jpg,0.727382261361369,0.7329034886941754,0.794665973619424
Cardinal_0001_17057.jpg,0.6564855018931157,0.5949598667141698,0.7101548307569432
Cardinal_0074_18339.jpg,0.6384056492729717,0.5463452629932546,0.6770328462623479
Cardinal_0018_17071.jpg,0.7012097645903079,0.700064865921438,0.7644848933622781
Cardinal_0062_17334.jpg,0.6763715582461828,0.6326423663994185,0.6706078686264534
Cardinal_0095_18108.jpg,0.6677966016332186,0.6286853162241542,0.7861533152479429
Cardinal_0016_17862.jpg,0.6704606001854327,0.6321393820119234,0.8417837455467874
Cardinal_0055_18898.jpg,0.6308324545945596,0.5396720932487793,0.8030202716867498
Cardinal_0010_18894.jpg,0.6690482252700523,0.6275988317363449,0.8195368306830062
Cardinal_0049_18258.jpg,0.6952183070674467,0.6681143372248828,0.7152573439150197
Cardinal_0082_17875.jpg,0.6999865145880098,0.6801763394613618,0.6364914018251298
Spotted_Catbird_0018_796800.jpg,0.6677743351353362,0.6183992102497057,0.645260538437509
Spotted_Catbird_0033_796805.jpg,0.7047652129128417,0.6834484263457117,0.7416743348361408
Spotted_Catbird_0015_796808.jpg,0.6824204627436401,0.65510060425544,0.8038658544269517
Spotted_Catbird_0044_796809.jpg,0.6016323149328775,0.4786468595402461,0.7399559642510634
Spotted_Catbird_0048_796817.jpg,0.6824467520841694,0.6460579132514227,0.6835699130320912
Spotted_Catbird_0026_796818.jpg,0.6970998212470496,0.6803111102575723,0.8476303608806076
Spotted_Catbird_0040_796820.jpg,0.728068600534707,0.7311316654601304,0.7005739166272681
Spotted_Catbird_0003_796822.jpg,0.6466118666665958,0.5905062043472962,0.8115975569313787
Spotted_Catbird_0002_796827.jpg,0.6234444536811532,0.5011461372450738,0.47365265334418943
Spotted_Catbird_0032_796828.jpg,0.659140739236268,0.6013433926649008,0.7084589577659024
Spotted_Catbird_0046_19399.jpg,0.6301686675205265,0.5607215563488761,0.858495702771566
Spotted_Catbird_0014_19425.jpg,0.5807460436023041,0.40700243100949807,0.6685751159385044
Spotted_Catbird_0009_796795.jpg,0.6715781602826874,0.6313275591139123,0.780378490733616
Spotted_Catbird_0021_796798.jpg,0.6702705334933746,0.6259040665870699,0.7632731363737507
Spotted_Catbird_0035_796799.jpg,0.6333742189304225,0.5342157190302447,0.6154642359226223
Gray_Catbird_0043_21008.jpg,0.6627120020900368,0.6124022607558204,0.8498670124805061
Gray_Catbird_0032_21551.jpg,0.6669434176922009,0.6109063234025878,0.7151553599578188
Gray_Catbird_0039_21040.jpg,0.5926779440561404,0.42855538391723635,0.5065290809489311
Gray_Catbird_0069_21065.jpg,0.6387464792775415,0.5447912668209598,0.6825128046466564
Gray_Catbird_0013_20562.jpg,0.6479254081813105,0.5692448384889944,0.7463360978259977
Gray_Catbird_0019_20567.jpg,0.6758205659975782,0.6442778985925817,0.8739476035589147
Gray_Catbird_0130_20328.jpg,0.6946030939517797,0.6635188391132272,0.775452379734016
Gray_Catbird_0028_20598.jpg,0.6713737906525338,0.6095734903617551,0.651619242172533
Gray_Catbird_0022_19585.jpg,0.660162484839508,0.6015493653886363,0.7680771747954703
Gray_Catbird_0031_21635.jpg,0.6249443278166615,0.5396889212105749,0.784319106446036
Gray_Catbird_0075_21125.jpg,0.6843900605789875,0.6463030026169514,0.7086628189194242
Gray_Catbird_0102_20644.jpg,0.5028908999387249,0.19547037644296306,0.6842859642486736
Gray_Catbird_0060_20656.jpg,0.6794173686628638,0.6490117120419425,0.8280801041246896
Gray_Catbird_0101_21178.jpg,0.6717550703952127,0.6319089435074351,0.7992034366861049
Gray_Catbird_0053_20694.jpg,0.6639946534886316,0.6138397031361972,0.8082361843388108
Gray_Catbird_0104_20716.jpg,0.6882848454783637,0.6479948391721675,0.6947683949205133
Gray_Catbird_0092_20735.jpg,0.6034964638345508,0.47338107325780654,0.7178072113386225
Gray_Catbird_0024_20739.jpg,0.6522465340629839,0.5882985021597547,0.8051261668028813
Gray_Catbird_0113_21270.jpg,0.6663824029464214,0.6186368901834286,0.7647634798325958
Gray_Catbird_0007_20186.jpg,0.6275056759163633,0.5281322105774273,0.7525869827580638
Gray_Catbird_0139_21281.jpg,0.6069623130025967,0.4855648549892385,0.7718724580512988
Gray_Catbird_0049_21311.jpg,0.6472852823698996,0.5761268308928933,0.7606370074970004
Gray_Catbird_0105_20864.jpg,0.6291306974424538,0.5373457651295113,0.7894735354397899
Gray_Catbird_0002_21395.jpg,0.5705429911413087,0.37613328347782937,0.5284699057431864
Gray_Catbird_0057_20979.jpg,0.6551103341816834,0.6065218671194204,0.8615359029414456
Gray_Catbird_0008_20430.jpg,0.533317181183022,0.2930979606924923,0.7613008096800176
Gray_Catbird_0138_20945.jpg,0.6665864122081699,0.6175566377609025,0.7528960446290646
Gray_Catbird_0044_20955.jpg,0.6398122171636089,0.5510313923318912,0.6385750800145648
Gray_Catbird_0071_20974.jpg,0.7183306412820317,0.7174855445236972,0.8280219793738457
Yellow_Breasted_Chat_0029_22017.jpg,0.6317028448533275,0.5407334181089234,0.766225912376032
Yellow_Breasted_Chat_0010_21777.jpg,0.556633772839203,0.340785849868137,0.7107348319068235
Yellow_Breasted_Chat_0063_21783.jpg,0.4892317415633364,0.17584479900167616,0.557573959880588
Yellow_Breasted_Chat_0109_21796.jpg,0.5713964341602784,0.39146510093238673,0.7179844070087779
Yellow_Breasted_Chat_0048_21797.jpg,0.6037838569114684,0.4954700975100763,0.7417021303239724
Yellow_Breasted_Chat_0011_21820.jpg,0.6642372648435901,0.6111451994569483,0.7757428304027398
Yellow_Breasted_Chat_0084_22082.jpg,0.6328287262215386,0.5478974849092365,0.8118953109479494
Yellow_Breasted_Chat_0072_21830.jpg,0.650023721714786,0.5891945933659739,0.8254225706487568
Yellow_Breasted_Chat_0095_21832.jpg,0.6449538997279092,0.5569348840613753,0.7373551621767401
Yellow_Breasted_Chat_0066_21839.jpg,0.6560969586318467,0.6058730976077698,0.8342373705356974
Yellow_Breasted_Chat_0091_22111.jpg,0.6457381833016487,0.562515164409563,0.7053534841811656
Yellow_Breasted_Chat_0008_21856.jpg,0.5029659995267945,0.19363153049256898,0.6903360318324738
Yellow_Breasted_Chat_0002_21819.jpg,0.5923144624529496,0.4507206392477172,0.7978988310795951
Yellow_Breasted_Chat_0035_21870.jpg,0.5833727424785202,0.4334743148293616,0.8059710026646979
Yellow_Breasted_Chat_0110_21871.jpg,0.6717129212099686,0.6261502358981225,0.7961597990280849
Yellow_Breasted_Chat_0086_21877.jpg,0.5808856092561665,0.4164271220431197,0.7491002327573704
Yellow_Breasted_Chat_0085_21899.jpg,0.6285036459891367,0.5250753710239042,0.6660545605949428
Yellow_Breasted_Chat_0081_21829.jpg,0.6258738923071483,0.5354289495554021,0.7379484099787581
Yellow_Breasted_Chat_0023_21664.jpg,0.6170023764764243,0.48725453867328306,0.7271286965123706
Yellow_Breasted_Chat_0001_21928.jpg,0.6816116332562702,0.6655329373388879,0.8484755614202463
Yellow_Breasted_Chat_0041_21683.jpg,0.6999016819437368,0.6856081136886365,0.854267627691175
Yellow_Breasted_Chat_0088_21686.jpg,0.6859350064979186,0.6523166641074694,0.8194365132321395
Yellow_Breasted_Chat_0022_21944.jpg,0.674965661764197,0.6513020827972511,0.8461617633035473
Yellow_Breasted_Chat_0087_21695.jpg,0.655916216812273,0.5982380795523059,0.8317593784503194
Yellow_Breasted_Chat_0034_21955.jpg,0.5301125412959704,0.2900352841242335,0.6835327439034002
Yellow_Breasted_Chat_0030_21964.jpg,0.5783074768630048,0.4032724117678006,0.7189850807608522
Yellow_Breasted_Chat_0061_21967.jpg,0.602607225767362,0.46010675737266693,0.7095819747309232
Yellow_Breasted_Chat_0017_21719.jpg,0.6090746662435755,0.4819128424981297,0.7218812459571371
Yellow_Breasted_Chat_0079_21978.jpg,0.6146356999793103,0.497806877231449,0.7500498313701723
Eastern_Towhee_0122_22538.jpg,0.6066664970021111,0.4833816089721886,0.8192554004816864
Eastern_Towhee_0018_22546.jpg,0.6693027030908499,0.6329064121348965,0.833592783583364
Eastern_Towhee_0110_22549.jpg,0.5603704097656623,0.3587001315161439,0.7274594158701273
Eastern_Towhee_0048_22557.jpg,0.6562006175848666,0.5920051886396247,0.7510039893111022
Eastern_Towhee_0095_22594.jpg,0.5782826693035186,0.4149215951719365,0.7342012765462842
Eastern_Towhee_0086_22611.jpg,0.6431436568020681,0.5719100267619106,0.8041403351625217
Eastern_Towhee_0053_22623.jpg,0.6327974162879406,0.5430874980158376,0.7703982514141716
Eastern_Towhee_0134_22624.jpg,0.7078085117246959,0.6974814279610341,0.8491322812343451
Eastern_Towhee_0091_22629.jpg,0.5953557488648717,0.4731878802072642,0.6965417865966703
Eastern_Towhee_0017_22138.jpg,0.6742210626011629,0.6349465685041885,0.8169206410519476
Eastern_Towhee_0020_22141.jpg,0.6272918465315089,0.5401928064296148,0.7612462058393422
Eastern_Towhee_0067_22142.jpg,0.6859340124347267,0.648921746660152,0.7677932402923641
Eastern_Towhee_0085_22674.jpg,0.6175750166119891,0.5045218118751678,0.6884200006834471
Eastern_Towhee_0105_22675.jpg,0.5936771469936366,0.44407281402906473,0.7481058718401046
Eastern_Towhee_0098_22676.jpg,0.606984704575767,0.49126930414184566,0.7692011782212219
Eastern_Towhee_0108_22182.jpg,0.5711740841938974,0.3887106639970702,0.5890146832501154
Eastern_Towhee_0125_22220.jpg,0.6569828839565623,0.6043365513675423,0.8129806259178409
Eastern_Towhee_0112_22231.jpg,0.7232651501417509,0.7328740387609334,0.8513246877083325
Eastern_Towhee_0031_22233.jpg,0.6505983744776309,0.5952256506439669,0.8568067287993015
Eastern_Towhee_0015_22275.jpg,0.651288199989918,0.5896674208652952,0.7046746733141748
Eastern_Towhee_0022_22279.jpg,0.6628018719320985,0.6151000895157481,0.8333600955104684
Eastern_Towhee_0080_22303.jpg,0.6666145776400968,0.6204017594158009,0.788398430320917
Eastern_Towhee_0115_22304.jpg,0.7071375745576185,0.7037027590272651,0.8595516420391982
Eastern_Towhee_0001_22314.jpg,0.6470620758747336,0.574580670692749,0.8403829386282288
Eastern_Towhee_0121_22319.jpg,0.7089550884693328,0.7084696117909861,0.852818295180609
Eastern_Towhee_0049_22357.jpg,0.6458690355515422,0.5696964530281288,0.8016641140493476
Eastern_Towhee_0129_22358.jpg,0.5862421062335534,0.448951716956298,0.8019513591040275
Eastern_Towhee_0014_22367.jpg,0.6526331432966526,0.5873486775963249,0.8433879945554359
Eastern_Towhee_0024_22382.jpg,0.6032435542329326,0.47124558293641117,0.7699933921957022
Eastern_Towhee_0062_22418.jpg,0.6063990075303345,0.47502931806300763,0.7259992477750733
Chuck_Will_Widow_0033_22792.jpg,0.6925337962213668,0.6604973940969137,0.718581082331167
Chuck_Will_Widow_0045_22798.jpg,0.6865876362147159,0.6596334691659066,0.7765010480997037
Chuck_Will_Widow_0032_22802.jpg,0.6825818338087408,0.6614537183734548,0.8365034276445064
Chuck_Will_Widow_0019_22806.jpg,0.6315662136481469,0.5656924803119845,0.8680665685184592
Chuck_Will_Widow_0021_796952.jpg,0.7178891301612698,0.7150359648898115,0.7551877793479457
Chuck_Will_Widow_0011_796954.jpg,0.6923751357493035,0.6626851843131786,0.733120581836764
Chuck_Will_Widow_0009_796955.jpg,0.6741163822855651,0.6323202353465909,0.7777582694634315
Chuck_Will_Widow_0015_796962.jpg,0.7311771219867802,0.7466127893319472,0.7433845790119644
Chuck_Will_Widow_0010_796964.jpg,0.7148557411730241,0.7083403312157888,0.7954070437894987
Chuck_Will_Widow_0020_796965.jpg,0.6616805078813437,0.5865293968072753,0.6127829695082293
Chuck_Will_Widow_0022_796967.jpg,0.6359771178008929,0.5258506229587887,0.3802431925414823
Chuck_Will_Widow_0047_796971.jpg,0.5967056978586527,0.44398648513644934,0.7241122164241167
Chuck_Will_Widow_0025_796972.jpg,0.6377996368032691,0.5555116808776486,0.7230043891693031
Chuck_Will_Widow_0027_796978.jpg,0.6194313085636021,0.4887303398798323,0.3570253918255934
Chuck_Will_Widow_0031_796981.jpg,0.713162247815023,0.7102289968203717,0.8483975885356819
Chuck_Will_Widow_0042_796983.jpg,0.7110207151796535,0.7082714564724959,0.8190133397535112
Chuck_Will_Widow_0052_796984.jpg,0.637949255409484,0.5412042596815236,0.5015401412504816
Chuck_Will_Widow_0014_796987.jpg,0.6688205899090316,0.6271352074090428,0.7816703624458483
Chuck_Will_Widow_0028_796988.jpg,0.7412595388545218,0.7740882251014927,0.8597273457624464
Chuck_Will_Widow_0038_796989.jpg,0.6689555723169549,0.6122776970718313,0.5950546563172493
Chuck_Will_Widow_0051_796991.jpg,0.6965021419772317,0.6743929591863294,0.7303266167400705
Chuck_Will_Widow_0030_796994.jpg,0.667599446552243,0.6075931035529285,0.6635391647791803
Chuck_Will_Widow_0041_796997.jpg,0.7159374190072199,0.7046704730952604,0.625645424804558
Chuck_Will_Widow_0058_796999.jpg,0.7061355768379065,0.7116836492238292,0.8012980452083192
Chuck_Will_Widow_0039_797000.jpg,0.6964543969606602,0.6750555983501008,0.6826672613960427
Chuck_Will_Widow_0029_22751.jpg,0.7075423242692134,0.6967540964579344,0.8577406848238364
Brandt_Cormorant_0019_23058.jpg,0.6182478271683052,0.5136366863504986,0.6760320918414157
Brandt_Cormorant_0092_23061.jpg,0.7211722156983689,0.7230988878554268,0.7904495694457682
Brandt_Cormorant_0002_23072.jpg,0.6141358927926002,0.47461604865991547,0.7022824820608071
Brandt_Cormorant_0018_23090.jpg,0.6261313381930798,0.5342464729429648,0.728975407045229
Brandt_Cormorant_0052_23356.jpg,0.6890057544134582,0.6642555135117008,0.7199251809002456
Brandt_Cormorant_0064_22849.jpg,0.5640201763886409,0.3876681962652473,0.6697361767425506
Brandt_Cormorant_0065_23118.jpg,0.7070615331296952,0.6959493362249525,0.6541181273711132
Brandt_Cormorant_0079_22874.jpg,0.7211003367451532,0.7297977119915817,0.8443458413071288
Brandt_Cormorant_0001_23398.jpg,0.6453175836840024,0.5822320896116395,0.6926497747369169
Brandt_Cormorant_0040_23144.jpg,0.5093847411335223,0.25019066110736576,0.4303695984128082
Brandt_Cormorant_0028_22892.jpg,0.6218067946144946,0.5129410813183508,0.6803241734957233
Brandt_Cormorant_0042_23151.jpg,0.648446129828889,0.5701807270136341,0.7379036793651377
Brandt_Cormorant_0061_22902.jpg,0.6149187842894244,0.5103155809247989,0.6921309973621972
Brandt_Cormorant_0026_22913.jpg,0.6638083827811092,0.6081043295037524,0.6324847111507809
Brandt_Cormorant_0003_22922.jpg,0.7184606944062932,0.7150120587209785,0.6754180974387686
Brandt_Cormorant_0049_22924.jpg,0.6609057550952342,0.6119961225212307,0.7481581341596162
Brandt_Cormorant_0030_22926.jpg,0.6867971609936704,0.6689436888620711,0.7233639170585814
Brandt_Cormorant_0007_22934.jpg,0.68808201242615,0.6599557995694952,0.7678631518202791
Brandt_Cormorant_0036_22937.jpg,0.6539069288801282,0.5851414279183635,0.770137043854982
Brandt_Cormorant_0091_22825.jpg,0.6913310731260748,0.6508694018353833,0.5784976484968959
Brandt_Cormorant_0039_22945.jpg,0.6543995982095844,0.5899428187536333,0.6820549531611921
Brandt_Cormorant_0078_23203.jpg,0.6808364195872605,0.6408811159541951,0.8181800600743807
Brandt_Cormorant_0053_22957.jpg,0.6599311193745698,0.5897555405054171,0.568665717374
Brandt_Cormorant_0033_22975.jpg,0.6672746687845071,0.6070034596078148,0.7492453142971149
Brandt_Cormorant_0088_22948.jpg,0.6774104696273258,0.6443473699398443,0.7209211089095264
Brandt_Cormorant_0073_23259.jpg,0.6578148997135762,0.5863969526197774,0.7123631544469062
Brandt_Cormorant_0071_23007.jpg,0.6551924679906383,0.5873469751951416,0.6899706725650591
Brandt_Cormorant_0084_23265.jpg,0.6131795190335803,0.47662512287342707,0.7821254890406871
Brandt_Cormorant_0047_23337.jpg,0.610717406525596,0.4923171830876121,0.7391401772859852
Red_Faced_Cormorant_0026_796289.jpg,0.6440707227664351,0.579160804104947,0.7386727729036571
Red_Faced_Cormorant_0021_796265.jpg,0.7315325521804961,0.7330338066196602,0.7171165473708084
Red_Faced_Cormorant_0003_796270.jpg,0.6833384358224248,0.6498382249552443,0.7930415241032847
Red_Faced_Cormorant_0069_796274.jpg,0.5891951761751291,0.4315179989706013,0.7727516987727779
Red_Faced_Cormorant_0013_796278.jpg,0.6406441807337737,0.5639191538693542,0.7931824283582406
Red_Faced_Cormorant_0063_796284.jpg,0.6829860593283903,0.6462219348694638,0.8059720370252831
Red_Faced_Cormorant_0024_796285.jpg,0.6227896435483635,0.5116318310264281,0.6989779876669157
Red_Faced_Cormorant_0057_796286.jpg,0.6916266943797162,0.6689791889329819,0.736307102712154
Red_Faced_Cormorant_0054_796301.jpg,0.6412163891079825,0.5599525204552034,0.6502837318395916
Red_Faced_Cormorant_0025_796306.jpg,0.6298224278461446,0.5594658233309615,0.788540731459928
Red_Faced_Cormorant_0015_796307.jpg,0.6414854128975579,0.5649395159109516,0.7795174039599816
Red_Faced_Cormorant_0039_796308.jpg,0.5496361970134962,0.2952591165413858,0.49074972308242315
Red_Faced_Cormorant_0038_796313.jpg,0.6931197630456272,0.6756459439148566,0.7493898122088103
Red_Faced_Cormorant_0058_796315.jpg,0.5885869699364774,0.4415797793919708,0.6689346885441292
Red_Faced_Cormorant_0020_796318.jpg,0.7118479704617989,0.7085618858859548,0.801595380613903
Red_Faced_Cormorant_0068_796321.jpg,0.7023039426541218,0.6934763364115927,0.7907655925074913
Red_Faced_Cormorant_0001_796327.jpg,0.6602039532800341,0.609441922582852,0.7851423135802488
Red_Faced_Cormorant_0047_796330.jpg,0.6606525031135628,0.6012581676783795,0.6863162173002871
Red_Faced_Cormorant_0066_796333.jpg,0.7070977495862509,0.7043788954278355,0.7771562654989516
Red_Faced_Cormorant_0027_23482.jpg,0.5830841260349313,0.42770481782099334,0.6938168355700094
Red_Faced_Cormorant_0010_23421.jpg,0.6694901496798511,0.6276615625606838,0.7427057921979222
Red_Faced_Cormorant_0023_796328.jpg,0.6857475017662504,0.6469530191608889,0.7649554615018467
Pelagic_Cormorant_0009_23561.jpg,0.656764986979042,0.5933448901310855,0.7659243835350411
Pelagic_Cormorant_0032_23570.jpg,0.6721771620915481,0.6103711969924323,0.75568159412279
Pelagic_Cormorant_0070_23513.jpg,0.6502506128158017,0.5706301261450104,0.7500396349429235
Pelagic_Cormorant_0063_23515.jpg,0.6830135004079212,0.6599343157902708,0.7518246477696422
Pelagic_Cormorant_0046_23588.jpg,0.7170604365677093,0.709128101647656,0.7968433799526016
Pelagic_Cormorant_0036_23503.jpg,0.6931157688537823,0.6769332159008168,0.818541934567454
Pelagic_Cormorant_0071_23964.jpg,0.660044621299126,0.6142388057260773,0.7626871254657548
Pelagic_Cormorant_0042_23522.jpg,0.6283450668335129,0.5390416931557696,0.7493504585034876
Pelagic_Cormorant_0092_23639.jpg,0.6869790113500798,0.6490133605813664,0.7178323908441692
Pelagic_Cormorant_0075_23645.jpg,0.7513174962337777,0.7715145103016692,0.7330407907966631
Pelagic_Cormorant_0002_23680.jpg,0.644671057251776,0.5711323840571355,0.7533078980465976
Pelagic_Cormorant_0003_23695.jpg,0.5854453378239037,0.4440031111297962,0.631718201590046
Pelagic_Cormorant_0010_23711.jpg,0.6364512856750772,0.568627609026361,0.8287918268848498
Pelagic_Cormorant_0049_23714.jpg,0.5566054493630042,0.3596530167499852,0.6761445522980586
Pelagic_Cormorant_0005_23720.jpg,0.6091146896898307,0.47700624541127845,0.7108488495573874
Pelagic_Cormorant_0030_23732.jpg,0.6854017159587005,0.6641132593633152,0.7544443399432761
Pelagic_Cormorant_0041_23763.jpg,0.5443252469054898,0.329413771937657,0.6773328617095761
Pelagic_Cormorant_0016_23509.jpg,0.610016017563543,0.48038089367753056,0.7127650207326085
Pelagic_Cormorant_0074_23511.jpg,0.6767957114799273,0.6393934725157873,0.767713275088474
Pelagic_Cormorant_0082_23844.jpg,0.6720205344940234,0.632121231360413,0.797179250681919
Pelagic_Cormorant_0096_23775.jpg,0.6398698289592656,0.5481663728322732,0.7520567707398074
Pelagic_Cormorant_0025_23776.jpg,0.7332894544851252,0.7414460105385252,0.7453124959884034
Pelagic_Cormorant_0102_23778.jpg,0.6888275830270072,0.6684643181267969,0.7864766601822243
Pelagic_Cormorant_0076_23523.jpg,0.5816404035145494,0.41377971331489594,0.7282724615071696
Pelagic_Cormorant_0098_23783.jpg,0.5916911994826963,0.4141397616304776,0.5969904778547475
Pelagic_Cormorant_0099_23784.jpg,0.7514774389077409,0.7694927163611938,0.7742097380449657
Pelagic_Cormorant_0073_23785.jpg,0.6876228325697089,0.6557046991134472,0.6617040305592594
Pelagic_Cormorant_0033_23530.jpg,0.6838456507319484,0.6414708323162157,0.7035993905166538
Pelagic_Cormorant_0001_23538.jpg,0.6362482036750263,0.5634833641757813,0.6175382366143867
Pelagic_Cormorant_0014_23801.jpg,0.6747417756024015,0.620412552554928,0.7593177124516142
Bronzed_Cowbird_0051_24083.jpg,0.6712429723306892,0.6141348061872904,0.6281773493425672
Bronzed_Cowbird_0030_24103.jpg,0.5988689907102462,0.4526360280306597,0.5795920376390536
Bronzed_Cowbird_0034_796209.jpg,0.6391978885485867,0.5640961380272278,0.7210954178692222
Bronzed_Cowbird_0091_796212.jpg,0.692960884068309,0.6736427277419327,0.780002596231921
Bronzed_Cowbird_0025_796213.jpg,0.6256065454350581,0.509683748053742,0.6099143714137888
Bronzed_Cowbird_0046_796218.jpg,0.6224620093268778,0.505765536524964,0.597909314319409
Bronzed_Cowbird_0022_796221.jpg,0.6428341392342409,0.5705238272539126,0.6802202890727201
Bronzed_Cowbird_0087_796223.jpg,0.5633155494586757,0.3932225355496527,0.5201546731902049
Bronzed_Cowbird_0043_796224.jpg,0.6355940702968742,0.5557066423251795,0.7173019081793636
Bronzed_Cowbird_0073_796226.jpg,0.6348635098638349,0.5616775955808533,0.812505899423571
Bronzed_Cowbird_0013_24131.jpg,0.6596117881546523,0.597719358115899,0.7064291366530439
Bronzed_Cowbird_0026_796229.jpg,0.719402638072465,0.7220672175766015,0.8447368344612943
Bronzed_Cowbird_0061_796232.jpg,0.6633258905455544,0.6116016164890633,0.7655096705434239
Bronzed_Cowbird_0076_796235.jpg,0.6591225557442064,0.6067293060386167,0.799790794482869
Bronzed_Cowbird_0020_796237.jpg,0.6688113820708791,0.6219341088136351,0.6934438445195439
Bronzed_Cowbird_0062_796238.jpg,0.5818213484375558,0.418014185419888,0.6443735273488476
Bronzed_Cowbird_0058_796239.jpg,0.609859334452911,0.49592719658662077,0.6743169532410166
Bronzed_Cowbird_0010_24146.jpg,0.6240929067224119,0.5195389559563559,0.7720504022952578
Bronzed_Cowbird_0049_24147.jpg,0.6012937915043592,0.47870560618899205,0.6572128300166045
Bronzed_Cowbird_0003_796246.jpg,0.6698617200908517,0.624860314314303,0.7360652448921629
Bronzed_Cowbird_0078_796262.jpg,0.6511453305807641,0.5856473179411281,0.7263620204729263
Bronzed_Cowbird_0024_24167.jpg,0.6016831164314798,0.4739640895383467,0.7024234067335221
Bronzed_Cowbird_0082_24175.jpg,0.6745331341643009,0.6238880891791163,0.7349748967222491
Bronzed_Cowbird_0021_24189.jpg,0.5531422866476337,0.3424899969192744,0.762342141410128
Bronzed_Cowbird_0081_24198.jpg,0.5727879409717892,0.4053947634682098,0.8038642587283105
Bronzed_Cowbird_0064_24199.jpg,0.5884347720433689,0.4363891600488733,0.6819507013033191
Bronzed_Cowbird_0031_24139.jpg,0.5606220033383591,0.36430652483366877,0.6193515259755381
Bronzed_Cowbird_0019_796242.jpg,0.5758154595123559,0.41355572504087423,0.7082425695418204
Bronzed_Cowbird_0037_24032.jpg,0.5988494400159003,0.45958186684733415,0.780259813292181
Bronzed_Cowbird_0016_796245.jpg,0.6041991969587955,0.4523804594521199,0.6070004584963326
Shiny_Cowbird_0056_24321.jpg,0.6603805350384369,0.6129031516100775,0.8866932762233729
Shiny_Cowbird_0057_24345.jpg,0.6141009509950994,0.4987892480247066,0.8000232571919823
Shiny_Cowbird_0039_24359.jpg,0.6400338201818855,0.5307898824657047,0.7382477858481696
Shiny_Cowbird_0029_24372.jpg,0.5528417777055361,0.31762807241888036,0.4734603993688395
Shiny_Cowbird_0067_24392.jpg,0.6160927947201789,0.4990817177651372,0.7061833895289124
Shiny_Cowbird_0079_24399.jpg,0.6509810624473419,0.5799261170190388,0.6739080928163654
Shiny_Cowbird_0012_24249.jpg,0.6395337122324456,0.5631431766540529,0.7912403610426137
Shiny_Cowbird_0068_24413.jpg,0.6257881274665066,0.5274496914309997,0.7453768903035496
Shiny_Cowbird_0059_24421.jpg,0.5838796454789451,0.4290631255376579,0.7529944777260634
Shiny_Cowbird_0007_24434.jpg,0.6582013732782102,0.5981787621632447,0.82282406143358
Shiny_Cowbird_0051_24438.jpg,0.6085289275040024,0.47979575412985176,0.6101594634125004
Shiny_Cowbird_0037_24440.jpg,0.7235083898313159,0.7185867388467303,0.7903994346063092
Shiny_Cowbird_0030_24206.jpg,0.6380337563569546,0.5569132326579885,0.7898048675182602
Shiny_Cowbird_0018_796830.jpg,0.6485109483120388,0.5755639002946478,0.6924240909214084
Shiny_Cowbird_0081_796833.jpg,0.5921175220558582,0.42336066324951893,0.5256896297278378
Shiny_Cowbird_0009_796835.jpg,0.6179679137821361,0.4824768343136673,0.38763403975086147
Shiny_Cowbird_0035_796837.jpg,0.7349752783872178,0.7461704711032477,0.79094056619167
Shiny_Cowbird_0085_796839.jpg,0.6380697879429148,0.5350400869027987,0.5762540121854265
Shiny_Cowbird_0004_796841.jpg,0.7004762267295077,0.6902684174479446,0.7845065016311585
Shiny_Cowbird_0078_796846.jpg,0.6285993235058247,0.5298939940715863,0.7129351754733267
Shiny_Cowbird_0027_796850.jpg,0.6367036621578746,0.5606702260602117,0.8491792899596383
Shiny_Cowbird_0031_796851.jpg,0.6419306748477351,0.5626825831461748,0.6898319320842666
Shiny_Cowbird_0043_796857.jpg,0.5797315435092126,0.395015126362079,0.4897238949760242
Shiny_Cowbird_0015_796858.jpg,0.6435848201119452,0.5740289288938404,0.8069862809461361
Shiny_Cowbird_0080_796875.jpg,0.5261243364569588,0.2660069759660587,0.4896677581669784
Shiny_Cowbird_0020_24276.jpg,0.6085629196972095,0.5023345859968902,0.8232932126533492
Shiny_Cowbird_0082_24279.jpg,0.6764603823486415,0.6454807754127886,0.8111807210045712
Shiny_Cowbird_0005_796873.jpg,0.5935687037589474,0.4740242141971803,0.660019377129625
Shiny_Cowbird_0032_24284.jpg,0.7171157127777088,0.7113762558294949,0.8249533171978897
Shiny_Cowbird_0074_24297.jpg,0.6303294522999536,0.5545773986608595,0.8017362461562387
Brown_Creeper_0093_24581.jpg,0.7034988772794362,0.6913967521485845,0.8589200479891688
Brown_Creeper_0123_24589.jpg,0.6973915177625112,0.6841589826075243,0.7953422445068209
Brown_Creeper_0111_24590.jpg,0.6642735998205946,0.6114851241216124,0.7860537171359058
Brown_Creeper_0069_24618.jpg,0.676252184745757,0.6303282560139116,0.7956879891351308
Brown_Creeper_0079_24647.jpg,0.6156350534651277,0.48727000026493394,0.7123772639315231
Brown_Creeper_0005_24659.jpg,0.5718866783655062,0.38990060944001836,0.7691586269454099
Brown_Creeper_0104_24698.jpg,0.688881343626818,0.6604443172551417,0.8370231738829795
Brown_Creeper_0027_24729.jpg,0.6146288883477817,0.48521164000530603,0.8294885703633329
Brown_Creeper_0088_24731.jpg,0.6829666436807191,0.6632765168801635,0.8260705619903221
Brown_Creeper_0107_24827.jpg,0.5713703494472324,0.39889641841062995,0.6845845186724843
Brown_Creeper_0089_24841.jpg,0.6680409975280726,0.6059658494850163,0.7457902932431142
Brown_Creeper_0004_24851.jpg,0.6045998808271286,0.4574662263346666,0.6762848661368029
Brown_Creeper_0029_24912.jpg,0.7042244784157381,0.7045183389837311,0.8412567414693538
Brown_Creeper_0065_24464.jpg,0.7519830895262393,0.7741266606867729,0.8015097454327278
Brown_Creeper_0085_24938.jpg,0.7139492355387594,0.7144256012220602,0.8401905401303057
Brown_Creeper_0035_24941.jpg,0.7023347098074046,0.7131728753341935,0.8507162778864229
Brown_Creeper_0075_24947.jpg,0.7155628623669592,0.7104045417725127,0.7767019637600913
Brown_Creeper_0012_24956.jpg,0.6425866863279033,0.5803025972435709,0.7661602250417239
Brown_Creeper_0001_24449.jpg,0.6874585289770154,0.6552853807486037,0.8375083770187969
Brown_Creeper_0124_24963.jpg,0.6116545926123771,0.4940818729644728,0.719165951823055
Brown_Creeper_0056_24452.jpg,0.644654060245762,0.5684488216206286,0.7060631944857403
Brown_Creeper_0046_24463.jpg,0.5161920568916522,0.24427707296015944,0.6737022015804897
Brown_Creeper_0051_24468.jpg,0.6979161806447465,0.6801939562362911,0.7369604447334306
Brown_Creeper_0101_24987.jpg,0.6288951179430293,0.521001346873983,0.6598444841987985
Brown_Creeper_0031_24999.jpg,0.6974436424956318,0.6826387470688866,0.790474572477159
Brown_Creeper_0006_25034.jpg,0.6884321284112191,0.6648421443410063,0.8095004283575692
Brown_Creeper_0057_24529.jpg,0.678781660944128,0.658932288607847,0.8006372637019338
Brown_Creeper_0073_24546.jpg,0.6424989290718484,0.571716892618175,0.8511198848326439
Brown_Creeper_0102_25000.jpg,0.6884792161590958,0.6666733225251706,0.8202328700774991
American_Crow_0030_25092.jpg,0.6636263007982774,0.5994326220149038,0.804496441564749
American_Crow_0021_25137.jpg,0.6823654076581362,0.6353868304147156,0.5892057678612337
American_Crow_0027_25146.jpg,0.718578038104563,0.7056357890495255,0.6816154314279859
American_Crow_0011_25151.jpg,0.6578529912412454,0.59548333185651,0.7250464123706855
American_Crow_0043_25666.jpg,0.6444560162570252,0.5661731804674491,0.6751704055246353
American_Crow_0139_25186.jpg,0.6099678205819441,0.4928964104001339,0.7794472331041907
American_Crow_0131_25706.jpg,0.7094080598269068,0.6955296971288643,0.6523753888473414
American_Crow_0122_25200.jpg,0.6800517318931539,0.6296256431433844,0.6143769930263442
American_Crow_0053_25203.jpg,0.6413744855273105,0.5530836248103741,0.6684661241900929
American_Crow_0099_25717.jpg,0.676590504286138,0.6428123574480181,0.7184562915517703
American_Crow_0121_25720.jpg,0.6999740445137503,0.6787424170665999,0.6480739624394033
American_Crow_0080_25220.jpg,0.6252795127647495,0.5045896675908084,0.625020973588643
American_Crow_0137_25221.jpg,0.5698961699952219,0.3761120525997279,0.5885046092038606
American_Crow_0050_25255.jpg,0.6412997823102872,0.5429569264694551,0.5489797102065512
American_Crow_0085_25260.jpg,0.6189405634728624,0.4997950500205638,0.7886967947077103
American_Crow_0105_25283.jpg,0.6581693323993704,0.5949192583799134,0.719166904440282
American_Crow_0014_25287.jpg,0.5904471492467482,0.4272821400384986,0.5683820653639807
American_Crow_0088_25303.jpg,0.7035215295579367,0.6820160783700052,0.7944128705557063
American_Crow_0004_25819.jpg,0.6360742216208486,0.5288115392593297,0.4350333243958037
American_Crow_0127_25412.jpg,0.5997866861746917,0.4468025780271425,0.6028011204792194
American_Crow_0066_25827.jpg,0.6894060781826268,0.6596739799176832,0.7511556136187019
American_Crow_0031_25433.jpg,0.6668718065620358,0.6224312139511448,0.7443693271765127
American_Crow_0067_25443.jpg,0.612238941805672,0.4744987673900932,0.5971309208716488
American_Crow_0079_25463.jpg,0.6442653366793711,0.5647587418969724,0.63370099142013
American_Crow_0051_25505.jpg,0.5667253744676728,0.3973716582134297,0.7918233370656365
American_Crow_0069_25506.jpg,0.5741093664292647,0.39542386594899015,0.678583054460458
American_Crow_0110_25541.jpg,0.6979263543306233,0.6645603731889214,0.6244132174204352
American_Crow_0001_25053.jpg,0.6500860359057954,0.5784885691835824,0.6006021690624235
American_Crow_0048_25062.jpg,0.6426752490287613,0.5587167308699417,0.7071234100583865
American_Crow_0104_25086.jpg,0.682808547330804,0.6514490358733316,0.5380525624001994
Fish_Crow_0080_25861.jpg,0.6519877316270344,0.5983918430269505,0.8854239522273296
Fish_Crow_0059_25864.jpg,0.6326586877730844,0.5560277143225436,0.7838638789072809
Fish_Crow_0067_26124.jpg,0.6516968670389423,0.5909893137201199,0.7701882060349523
Fish_Crow_0018_25879.jpg,0.6174232187354205,0.5029751424817492,0.7602377526412281
Fish_Crow_0041_25887.jpg,0.6566220120408599,0.5992463887447652,0.8278081975531977
Fish_Crow_0034_25891.jpg,0.6818664147633748,0.648203603806384,0.7137846934153559
Fish_Crow_0042_26148.jpg,0.7026775211232417,0.7050000194500735,0.8776291213290075
Fish_Crow_0031_25909.jpg,0.6322780765622099,0.5643215181770026,0.8059343384878861
Fish_Crow_0036_25911.jpg,0.6451140338925306,0.5804724069103382,0.8199258327857812
Fish_Crow_0085_25919.jpg,0.6457754102113721,0.5845259215186466,0.7783894740103028
Fish_Crow_0071_25155.jpg,0.6919892858027921,0.6740678889989256,0.7083892812353363
Fish_Crow_0040_25158.jpg,0.7101232778169948,0.697118617812171,0.7614611446693583
Fish_Crow_0051_25934.jpg,0.6588215298512126,0.5883820757009346,0.68156311880698
Fish_Crow_0013_25939.jpg,0.7103857013256784,0.716553093072986,0.8956540388725733
Fish_Crow_0065_25942.jpg,0.6425228917406076,0.562628487182741,0.8085850528875751
Fish_Crow_0072_25945.jpg,0.6674663572708018,0.6086169629627185,0.7622420277850824
Fish_Crow_0012_25946.jpg,0.6561958262080603,0.6013255053629478,0.6793875276524418
Fish_Crow_0073_25977.jpg,0.6890565567950373,0.6661533135414204,0.7988030901877154
Fish_Crow_0082_26012.jpg,0.670972504078643,0.6409527440481813,0.8181039985424507
Fish_Crow_0032_26014.jpg,0.6852631839078511,0.6579906646250187,0.8188574033914895
Fish_Crow_0061_25884.jpg,0.6806550038003775,0.6492989596776357,0.7683449512693808
Fish_Crow_0020_26027.jpg,0.6502820842975974,0.574514364790875,0.7943048273331456
Fish_Crow_0053_26067.jpg,0.6475210770264468,0.5818914521070268,0.7690211488547061
Fish_Crow_0047_26070.jpg,0.5820346184471461,0.43771315932488863,0.7386247881914102
Fish_Crow_0037_26071.jpg,0.5612188968745226,0.371654561873243,0.7711078337418839
Fish_Crow_0002_26072.jpg,0.7098536090279823,0.6974894174406296,0.47571561690466013
Fish_Crow_0055_26077.jpg,0.6015607152636058,0.46032214349412937,0.6620184142267446
Fish_Crow_0035_26081.jpg,0.5921988303086307,0.44924548383074436,0.5601740170842049
Fish_Crow_0063_26094.jpg,0.6257290215271636,0.5421549914679742,0.7849474202348286
Fish_Crow_0056_25851.jpg,0.6443193125533426,0.5814264018304339,0.8072687743802679
Black_Billed_Cuckoo_0071_26288.jpg,0.6300228866625641,0.5169939933560739,0.678177055255372
Black_Billed_Cuckoo_0032_26292.jpg,0.6406566006833165,0.549598931492017,0.6389892056099312
Black_Billed_Cuckoo_0076_26177.jpg,0.6384292634790409,0.5514059724930135,0.6514595295295715
Black_Billed_Cuckoo_0051_795318.jpg,0.6224844477934472,0.4993522340085921,0.6442104548044484
Black_Billed_Cuckoo_0045_26194.jpg,0.6250207097604775,0.5095425622072172,0.6883904649038602
Black_Billed_Cuckoo_0065_26203.jpg,0.6626328893484283,0.6208135493321731,0.7763427041312874
Black_Billed_Cuckoo_0015_26208.jpg,0.7055092101748596,0.6817228876455548,0.781090477974403
Black_Billed_Cuckoo_0018_26218.jpg,0.6549137695135839,0.5776532561334915,0.6817827177058162
Black_Billed_Cuckoo_0017_26221.jpg,0.6523033361084583,0.580184884847814,0.7646862996550996
Black_Billed_Cuckoo_0052_26232.jpg,0.6407266242132023,0.5558569163875366,0.7783135588200566
Black_Billed_Cuckoo_0006_26233.jpg,0.5320040299446012,0.28265709245645065,0.6723362304669768
Black_Billed_Cuckoo_0030_26240.jpg,0.5829654885469369,0.40571749383720845,0.6377505680112495
Black_Billed_Cuckoo_0044_26243.jpg,0.6049837654572603,0.46919768837793185,0.6755972341704103
Black_Billed_Cuckoo_0091_26246.jpg,0.5751513853514307,0.3905145888625893,0.4222611223874836
Black_Billed_Cuckoo_0023_26258.jpg,0.6370456843048388,0.5426180359637269,0.6891391349069897
Black_Billed_Cuckoo_0085_795294.jpg,0.6795538002626466,0.6348741517693046,0.7750318241497186
Black_Billed_Cuckoo_0073_795304.jpg,0.5736810672190944,0.3837256138618197,0.5319848325645211
Black_Billed_Cuckoo_0008_795305.jpg,0.6641416362305332,0.6008847417138531,0.7474620409145547
Black_Billed_Cuckoo_0095_795307.jpg,0.6408131858239008,0.547959524897536,0.6772349154295239
Black_Billed_Cuckoo_0042_795308.jpg,0.5885240840514177,0.4247655715460157,0.6756153128784701
Black_Billed_Cuckoo_0083_795315.jpg,0.7383868055273748,0.7490569297771521,0.8276167010447298
Black_Billed_Cuckoo_0022_795319.jpg,0.5800765165627257,0.40288564994587295,0.5239115603975415
Black_Billed_Cuckoo_0034_795320.jpg,0.6111696685766338,0.495988705429494,0.728726438175956
Black_Billed_Cuckoo_0089_795322.jpg,0.6385463636983705,0.545166765735835,0.7416399364319562
Black_Billed_Cuckoo_0043_795324.jpg,0.6144535813816461,0.4874063701278405,0.706705025531988
Black_Billed_Cuckoo_0046_795328.jpg,0.5998349587392304,0.45186839586921324,0.6081052472513427
Black_Billed_Cuckoo_0037_795330.jpg,0.6451582460547904,0.547095024410059,0.581883461569534
Black_Billed_Cuckoo_0024_795331.jpg,0.5878971758571203,0.4153193373402574,0.7075677737867421
Black_Billed_Cuckoo_0027_26319.jpg,0.6696232923538405,0.609110492828815,0.7474583704637817
Black_Billed_Cuckoo_0007_26320.jpg,0.5808277922200604,0.4259041884520748,0.744042502629946
Mangrove_Cuckoo_0024_794630.jpg,0.623860759258399,0.5049178005460654,0.6782182121499558
Mangrove_Cuckoo_0040_26378.jpg,0.675774675005787,0.6353798832426278,0.8522029797059261
Mangrove_Cuckoo_0037_26389.jpg,0.6036575476804983,0.4599003807451236,0.4800206155117553
Mangrove_Cuckoo_0053_26390.jpg,0.5875812280782824,0.402187219953694,0.4391389435510449
Mangrove_Cuckoo_0010_26399.jpg,0.6327722857395204,0.5354668168726782,0.6419668940175474
Mangrove_Cuckoo_0011_26406.jpg,0.5707695087859139,0.3749003909699047,0.6000502838249877
Mangrove_Cuckoo_0023_26409.jpg,0.6834035604064774,0.6586950405145755,0.8264414794642666
Mangrove_Cuckoo_0002_26410.jpg,0.5968050785965439,0.44452247660309496,0.6652303478494264
Mangrove_Cuckoo_0049_794631.jpg,0.5728475477849826,0.39376403987699715,0.6085421285615041
Mangrove_Cuckoo_0009_26354.jpg,0.7008821180489581,0.6819246386441458,0.8210587737754834
Mangrove_Cuckoo_0030_26350.jpg,0.6836766454395281,0.6453158472056217,0.7963882953237374
Mangrove_Cuckoo_0018_794593.jpg,0.6480718403374729,0.5635995299679746,0.6658240626134491
Mangrove_Cuckoo_0035_794595.jpg,0.6116390211011618,0.4602084863223094,0.48669314261623453
Mangrove_Cuckoo_0001_794601.jpg,0.6894868055475707,0.6507083218669554,0.7279417988673199
Mangrove_Cuckoo_0021_794602.jpg,0.6191733669981287,0.50406166662198,0.4617609212446265
Mangrove_Cuckoo_0032_794603.jpg,0.659385534928524,0.6061669874370241,0.8193501948884977
Mangrove_Cuckoo_0047_794604.jpg,0.5800101005430163,0.4022160988418946,0.5688782262064791
Mangrove_Cuckoo_0043_794605.jpg,0.6189600788830136,0.5057287603431669,0.7448465388940255
Mangrove_Cuckoo_0026_794609.jpg,0.6451734869561052,0.5695342935653797,0.7561561873250009
Mangrove_Cuckoo_0007_794610.jpg,0.6148962695479654,0.4894478225697483,0.6843765908399535
Mangrove_Cuckoo_0008_26357.jpg,0.6153620849888295,0.4956704973991293,0.764609680160483
Mangrove_Cuckoo_0003_794619.jpg,0.675504435321334,0.6282490049464502,0.7516826170212638
Mangrove_Cuckoo_0017_794623.jpg,0.52999691616556,0.26544930787096244,0.4792826675977233
Yellow_Billed_Cuckoo_0023_26637.jpg,0.5083395516383128,0.1973541189710829,0.5554255658829255
Yellow_Billed_Cuckoo_0117_26651.jpg,0.6766452931610879,0.6271978574247912,0.7191333594962174
Yellow_Billed_Cuckoo_0078_26888.jpg,0.6699797189599873,0.6171297347844631,0.7490316906532365
Yellow_Billed_Cuckoo_0005_26684.jpg,0.5854378094290252,0.4164384874430811,0.6926790950361323
Yellow_Billed_Cuckoo_0060_26686.jpg,0.5627662747455547,0.338039018057387,0.4416757478347433
Yellow_Billed_Cuckoo_0007_26687.jpg,0.6167921068638718,0.48177619758978685,0.5611299777717574
Yellow_Billed_Cuckoo_0061_26692.jpg,0.5524369238656839,0.320423772780863,0.5392733097316009
Yellow_Billed_Cuckoo_0012_26712.jpg,0.5614114143461106,0.3649197669126816,0.6709519748084958
Yellow_Billed_Cuckoo_0090_26714.jpg,0.6427646873226268,0.5562271692582175,0.6263584996239416
Yellow_Billed_Cuckoo_0074_26466.jpg,0.6815552468968626,0.6367294946757753,0.7486432318297922
Yellow_Billed_Cuckoo_0053_26738.jpg,0.5075622084292868,0.19683323414589182,0.4875879573394105
Yellow_Billed_Cuckoo_0073_26744.jpg,0.36436085050561917,-0.2755038176146034,0.36546963014937056
Yellow_Billed_Cuckoo_0077_26431.jpg,0.5457308376411723,0.297400050317148,0.5175840151863015
Yellow_Billed_Cuckoo_0043_26492.jpg,0.6051079700091286,0.45104483442232934,0.5925537938377362
Yellow_Billed_Cuckoo_0014_26754.jpg,0.6746512950139346,0.6192259281103615,0.7335781221519678
Yellow_Billed_Cuckoo_0098_26501.jpg,0.5546864478537428,0.33379119198366813,0.5026701281822347
Yellow_Billed_Cuckoo_0033_26521.jpg,0.5651945835315996,0.3690935798141872,0.7486275356608907
Yellow_Billed_Cuckoo_0018_26535.jpg,0.6944133349913886,0.6697819190473906,0.7567861623143898
Yellow_Billed_Cuckoo_0003_26797.jpg,0.48288605356186376,0.10611293491305551,0.1408317019379433
Yellow_Billed_Cuckoo_0116_26544.jpg,0.6176478618450274,0.48740962421817546,0.7095593608978384
Yellow_Billed_Cuckoo_0119_26550.jpg,0.5307773283913395,0.28326834391847067,0.6274150344124377
Yellow_Billed_Cuckoo_0088_26812.jpg,0.5811202979738184,0.3916075104646104,0.39206907151946807
Yellow_Billed_Cuckoo_0104_26814.jpg,0.5462893789962686,0.3182247876362506,0.6989098657343241
Yellow_Billed_Cuckoo_0024_26832.jpg,0.6011249351548078,0.4506102447535345,0.5615778934695952
Yellow_Billed_Cuckoo_0006_26578.jpg,0.6253122282689563,0.5119924038973882,0.6172540686037312
Yellow_Billed_Cuckoo_0107_26838.jpg,0.5074552384086557,0.2113261611891475,0.5690030456206375
Yellow_Billed_Cuckoo_0066_26600.jpg,0.6037157128101456,0.47234503444699205,0.73282755418
Yellow_Billed_Cuckoo_0029_26865.jpg,0.6063454412157632,0.46253239834005855,0.7747701158193563
Yellow_Billed_Cuckoo_0067_26878.jpg,0.6698893507684645,0.6190501662683262,0.741801656869028
Gray_Crowned_Rosy_Finch_0078_27136.jpg,0.5555337958588089,0.34459391120729965,0.7113661615406547
Gray_Crowned_Rosy_Finch_0027_27153.jpg,0.6867144367698385,0.6630189349484595,0.7927297426256675
Gray_Crowned_Rosy_Finch_0019_27192.jpg,0.6686811173228628,0.6165650317769531,0.8198055170191512
Gray_Crowned_Rosy_Finch_0076_27200.jpg,0.5997053769057533,0.45693472344181585,0.6647805195479979
Gray_Crowned_Rosy_Finch_0009_26977.jpg,0.6631714649680311,0.6083734722782661,0.7523222820955474
Gray_Crowned_Rosy_Finch_0018_26978.jpg,0.6836694704102606,0.643834813868541,0.7676303994493509
Gray_Crowned_Rosy_Finch_0067_797289.jpg,0.6989407674657158,0.677070289559578,0.7231248259346429
Gray_Crowned_Rosy_Finch_0004_797272.jpg,0.5637129234725529,0.35547652684174824,0.6970836000137035
Gray_Crowned_Rosy_Finch_0048_27236.jpg,0.6460370174061185,0.5923456946776893,0.8418739931534572
Gray_Crowned_Rosy_Finch_0053_797276.jpg,0.6213910250027941,0.5104501674966911,0.6033771683891614
Gray_Crowned_Rosy_Finch_0007_797278.jpg,0.5963870114084084,0.4501199014991456,0.7764685559737242
Gray_Crowned_Rosy_Finch_0083_797281.jpg,0.628410210485169,0.5295373484927879,0.6746556855943486
Gray_Crowned_Rosy_Finch_0036_797287.jpg,0.6302190769581457,0.5387977345146585,0.7584357927483995
Gray_Crowned_Rosy_Finch_0023_797288.jpg,0.6610138602683372,0.6087394517952648,0.7193939286740073
Gray_Crowned_Rosy_Finch_0040_26985.jpg,0.5992570155894646,0.46283515475449233,0.6229386292990411
Gray_Crowned_Rosy_Finch_0079_797294.jpg,0.5920579287114984,0.4544551659308007,0.722497987182171
Gray_Crowned_Rosy_Finch_0066_797298.jpg,0.6413279645464205,0.5649417880831136,0.7282345267340204
Gray_Crowned_Rosy_Finch_0031_797299.jpg,0.655044808801751,0.594079618584995,0.7411708530652825
Gray_Crowned_Rosy_Finch_0029_797300.jpg,0.6846556230486881,0.6635779609142824,0.8252998797157208
Gray_Crowned_Rosy_Finch_0034_797305.jpg,0.6822714935033605,0.6559012851567895,0.8184955699522009
Gray_Crowned_Rosy_Finch_0064_27007.jpg,0.5627164269071625,0.379170267348347,0.7133034716708209
Gray_Crowned_Rosy_Finch_0072_26993.jpg,0.5589619822380405,0.3607244686592834,0.7221617130411703
Gray_Crowned_Rosy_Finch_0022_27028.jpg,0.7040737528474041,0.6872725438182348,0.7373822623701434
Gray_Crowned_Rosy_Finch_0084_27034.jpg,0.6705824881541931,0.6290342707284953,0.7581682685715694
Gray_Crowned_Rosy_Finch_0037_27088.jpg,0.6803050014661762,0.6460596834327833,0.8097175130434922
Gray_Crowned_Rosy_Finch_0073_27104.jpg,0.6455593264973615,0.5768385692696949,0.7251313888182284
Gray_Crowned_Rosy_Finch_0041_27105.jpg,0.6601576351327159,0.5995947544103057,0.761132948800582
Gray_Crowned_Rosy_Finch_0057_27107.jpg,0.6818508206936302,0.6495727358141499,0.7025723569732498
Gray_Crowned_Rosy_Finch_0028_27114.jpg,0.702758253984014,0.6908092897219225,0.858300570084302
Purple_Finch_0115_28190.jpg,0.6959278144046375,0.6822156434717666,0.8007808277759298
Purple_Finch_0001_27571.jpg,0.6607689592406306,0.5918187409733093,0.7759984244465578
Purple_Finch_0021_28235.jpg,0.6532011326016582,0.6051679030728102,0.8084114726592251
Purple_Finch_0031_28175.jpg,0.6318939192668326,0.5492816590053604,0.7374341002310272
Purple_Finch_0030_27255.jpg,0.6625989476632905,0.6104470781123994,0.7837231707263683
Purple_Finch_0079_27258.jpg,0.638085572940477,0.5620260309497558,0.7772635989286136
Purple_Finch_0119_27260.jpg,0.730115838641596,0.7433813113119558,0.828435688094092
Purple_Finch_0002_27266.jpg,0.6371999128837167,0.5537177912846338,0.7993761781801745
Purple_Finch_0098_27280.jpg,0.6297481109582177,0.5428056144264306,0.7017650636563418
Purple_Finch_0097_27288.jpg,0.6823393951065974,0.6487913469548718,0.767467435711517
Purple_Finch_0046_27295.jpg,0.6712523369229451,0.6298733634438751,0.8060953839452346
Purple_Finch_0117_27427.jpg,0.6917457507355533,0.6748845960199725,0.8670613672841447
Purple_Finch_0033_27926.jpg,0.6166402403198217,0.5245995714038747,0.8097473089608298
Purple_Finch_0133_27928.jpg,0.6382562615757799,0.5697496278363159,0.8134130107049009
Purple_Finch_0091_27425.jpg,0.5553520868948829,0.352437443220891,0.5838698327476443
Purple_Finch_0076_27441.jpg,0.6367243313794628,0.5508805268283183,0.6942357110621117
Purple_Finch_0020_27961.jpg,0.639475425031848,0.5629016128692144,0.7623324577183298
Purple_Finch_0059_27966.jpg,0.6612970310022304,0.6149408673157453,0.8241528724756991
Purple_Finch_0008_27455.jpg,0.6581028429531662,0.6062175262900897,0.7496745979028756
Purple_Finch_0035_27972.jpg,0.68479855694684,0.6672075996766913,0.8917793183358453
Purple_Finch_0103_27461.jpg,0.6764904002021694,0.6458045504515866,0.7802408577141586
Purple_Finch_0065_27473.jpg,0.6327476871541012,0.5533695692901321,0.7824631614945358
Purple_Finch_0130_27555.jpg,0.657334114908668,0.6016752028505296,0.7239322926126737
Purple_Finch_0124_27567.jpg,0.614757869642629,0.5085889043863502,0.7412865934945028
Purple_Finch_0120_27597.jpg,0.6327736425677766,0.5686796954092448,0.8355470355151335
Purple_Finch_0118_27604.jpg,0.5920047854550643,0.44350220504836946,0.789050810492589
Purple_Finch_0043_28117.jpg,0.6747775500726216,0.6429253501391368,0.7655592577133135
Purple_Finch_0106_27607.jpg,0.7049351517821485,0.6910822696275276,0.7585789129043812
Purple_Finch_0023_27986.jpg,0.5453151669961401,0.3289230306348744,0.7184372925003027
Purple_Finch_0067_27431.jpg,0.5973254000155106,0.4770219531766047,0.7656200572659801
Northern_Flicker_0072_28678.jpg,0.6562280817275314,0.5803973800024655,0.7222587400309418
Northern_Flicker_0041_28697.jpg,0.6435017738089974,0.5670261426316434,0.7557297876650602
Northern_Flicker_0093_28700.jpg,0.7018559656360258,0.7035800434729966,0.817226196150898
Northern_Flicker_0094_28726.jpg,0.6429573898766247,0.5592234614139701,0.7551566358449362
Northern_Flicker_0034_28740.jpg,0.7227707029395736,0.7320748215708097,0.7926088416131538
Northern_Flicker_0021_28741.jpg,0.6386512519744436,0.5562866496825837,0.7224432872950483
Northern_Flicker_0006_28290.jpg,0.6565386213474806,0.5958716841744541,0.7659627851424389
Northern_Flicker_0135_28291.jpg,0.6611759441807785,0.5970625559339447,0.7575977712168542
Northern_Flicker_0099_28312.jpg,0.6994128322750355,0.6942518246769835,0.88335494088852
Northern_Flicker_0084_28318.jpg,0.6932866417154642,0.6705601224144287,0.8237949017488378
Northern_Flicker_0068_28330.jpg,0.5824204968183322,0.42682448038962695,0.7249346590024306
Northern_Flicker_0055_28344.jpg,0.6787606869213048,0.653235800951742,0.7123509334463367
Northern_Flicker_0086_28360.jpg,0.6418021673955082,0.5677769685787737,0.805590075814061
Northern_Flicker_0104_28371.jpg,0.6936852206588977,0.6805242620450769,0.8682017558534415
Northern_Flicker_0100_28898.jpg,0.6155376545149445,0.4952271177062354,0.7363346011516613
Northern_Flicker_0046_28391.jpg,0.7053497091474525,0.6995303307564105,0.8499730390202049
Northern_Flicker_0136_28918.jpg,0.6358321322811573,0.5436011806273502,0.7872649079121257
Northern_Flicker_0022_28952.jpg,0.7103379828596947,0.7105895072112223,0.8480028588909269
Northern_Flicker_0053_28445.jpg,0.6804098768730754,0.6482985036350628,0.8057466807120702
Northern_Flicker_0045_28805.jpg,0.6861496299343524,0.6656372862890547,0.7923386223154525
Northern_Flicker_0131_28962.jpg,0.5832095711853098,0.4225424672979682,0.7023904793805231
Northern_Flicker_0124_28966.jpg,0.6163913057847642,0.5156603760027485,0.7843690260076089
Northern_Flicker_0125_28485.jpg,0.6676675863159165,0.6263146506392961,0.7430966907851416
Northern_Flicker_0090_28491.jpg,0.7011354483128633,0.700440000590259,0.8596425855214921
Northern_Flicker_0108_28502.jpg,0.6197594583423328,0.5140271071586443,0.7384017002218217
Northern_Flicker_0129_29022.jpg,0.6252545384173513,0.544742834264768,0.6347649471091369
Northern_Flicker_0044_28592.jpg,0.6295250148063787,0.5471222779209122,0.7333822296012076
Northern_Flicker_0079_28630.jpg,0.6290080547292884,0.5463462392837921,0.8690890815533356
Northern_Flicker_0127_28411.jpg,0.642916630044128,0.5645874543215395,0.5993810450484209
Northern_Flicker_0051_28650.jpg,0.684417487320351,0.6670636886218555,0.8255662529686516
Acadian_Flycatcher_0022_29145.jpg,0.6360950293275924,0.5562720253836242,0.7362519513453133
Acadian_Flycatcher_0013_29232.jpg,0.6498202032175203,0.5909196585646879,0.7884427868319159
Acadian_Flycatcher_0070_29150.jpg,0.6449088132641067,0.5733750890377078,0.7233056420918496
Acadian_Flycatcher_0036_795577.jpg,0.7310438885804194,0.740999967218036,0.851962793802002
Acadian_Flycatcher_0069_795579.jpg,0.6234569776471592,0.5110068547727428,0.7021842026193672
Acadian_Flycatcher_0030_795591.jpg,0.6070188543640755,0.479438845866611,0.5822645548604144
Acadian_Flycatcher_0051_29077.jpg,0.6807995827573281,0.6393394142255201,0.6160023933219205
Acadian_Flycatcher_0059_29102.jpg,0.5737910968389398,0.40479539961220845,0.6863199115893255
Acadian_Flycatcher_0015_795578.jpg,0.6492739511711925,0.5684962664791107,0.7052073531517318
Acadian_Flycatcher_0043_29115.jpg,0.621365726468424,0.5129581091797617,0.7304687712881943
Acadian_Flycatcher_0049_795580.jpg,0.6267722871696708,0.5312132631673088,0.7690813216114594
Acadian_Flycatcher_0031_795582.jpg,0.6676596806879618,0.628081278581442,0.8059953981555698
Acadian_Flycatcher_0034_795583.jpg,0.6157683463398593,0.5039086157399899,0.634711218145006
Acadian_Flycatcher_0064_795584.jpg,0.650342747874034,0.5832514075894075,0.7813571017865283
Acadian_Flycatcher_0042_29127.jpg,0.7199610111743171,0.7244076382417186,0.8049627359607556
Acadian_Flycatcher_0021_795594.jpg,0.6087340882793171,0.49516739263276,0.8086797557294491
Acadian_Flycatcher_0046_795596.jpg,0.6415466613033467,0.5642818533613123,0.6822693542535179
Acadian_Flycatcher_0072_795603.jpg,0.5919444865535259,0.43527063064264815,0.7296208520027544
Acadian_Flycatcher_0060_795604.jpg,0.6717068950821661,0.6341080530084191,0.8381987847946447
Acadian_Flycatcher_0041_795605.jpg,0.6634705894715038,0.6291815962075087,0.816429683711765
Acadian_Flycatcher_0050_795608.jpg,0.6566075391686893,0.5897368181209526,0.6946060424445525
Acadian_Flycatcher_0052_795610.jpg,0.5402279724442278,0.31260389532431376,0.6541092430909569
Acadian_Flycatcher_0012_795612.jpg,0.6942061534951275,0.6658698297976245,0.6904666783602166
Acadian_Flycatcher_0038_795616.jpg,0.6458372590920763,0.5849738298005908,0.8043587397326419
Acadian_Flycatcher_0005_29157.jpg,0.6673990838841449,0.6236447534659026,0.7979014583389142
Acadian_Flycatcher_0044_795624.jpg,0.6765399619369351,0.6386027012020903,0.8185493149369781
Acadian_Flycatcher_0071_795627.jpg,0.6798970509288127,0.6374249794502914,0.664702874433089
Acadian_Flycatcher_0073_795628.jpg,0.6058423395768586,0.48936353541274125,0.5570953982969952
Acadian_Flycatcher_0024_29173.jpg,0.6414985949315941,0.5788900026713802,0.8136436358508977
Great_Crested_Flycatcher_0028_29696.jpg,0.6391469635594343,0.5595580343263377,0.7631644776881965
Great_Crested_Flycatcher_0012_29264.jpg,0.6576575891045995,0.6021570659534103,0.7924505358620962
Great_Crested_Flycatcher_0119_29778.jpg,0.5996148525329392,0.4631730603806099,0.6587737991952297
Great_Crested_Flycatcher_0007_29280.jpg,0.6512583732488111,0.578551464082653,0.6905344820291759
Great_Crested_Flycatcher_0124_29294.jpg,0.6113735890921383,0.49390960840933973,0.7633922546356342
Great_Crested_Flycatcher_0061_29807.jpg,0.6788183382576073,0.6398588053001184,0.7614013581435912
Great_Crested_Flycatcher_0132_29300.jpg,0.6807958443112248,0.6505575363812668,0.7743481606064793
Great_Crested_Flycatcher_0139_29302.jpg,0.5549888364306077,0.3275135229041144,0.6755076410608325
Great_Crested_Flycatcher_0031_29825.jpg,0.6339978166947501,0.5557730379066355,0.8023198002632167
Great_Crested_Flycatcher_0133_29314.jpg,0.6219400848592211,0.5328025984824034,0.7434834065751229
Great_Crested_Flycatcher_0131_29329.jpg,0.558444507977143,0.3711775326362563,0.6057078681628559
Great_Crested_Flycatcher_0073_29330.jpg,0.6740004207515391,0.6382521344707838,0.7917680507765972
Great_Crested_Flycatcher_0120_29472.jpg,0.6152594522653264,0.5047649634419724,0.771621686516578
Great_Crested_Flycatcher_0010_29396.jpg,0.5953435742627895,0.45786300795922064,0.7394572373518812
Great_Crested_Flycatcher_0097_29398.jpg,0.7067005792014796,0.7020639311158499,0.852209366015435
Great_Crested_Flycatcher_0016_29406.jpg,0.5720106953324758,0.3826719622137814,0.6651170923111751
Great_Crested_Flycatcher_0021_29929.jpg,0.5481979454679509,0.31133798540346935,0.5071605873924475
Great_Crested_Flycatcher_0042_29438.jpg,0.6035924956311893,0.4659581816436823,0.6949259205252246
Great_Crested_Flycatcher_0033_29959.jpg,0.6963530388958045,0.6931747762331035,0.8487052844672591
Great_Crested_Flycatcher_0044_29995.jpg,0.613483854348926,0.5088622806658181,0.7658944695434162
Great_Crested_Flycatcher_0013_29496.jpg,0.6635402467554362,0.6101955468527882,0.7340010724033843
Great_Crested_Flycatcher_0024_29516.jpg,0.6133164524951904,0.4747019239453073,0.6689522267621607
Great_Crested_Flycatcher_0041_29521.jpg,0.63614939693974,0.5552094963798964,0.741907122006867
Great_Crested_Flycatcher_0051_29530.jpg,0.6382724078704947,0.5355931384973096,0.615583745732196
Great_Crested_Flycatcher_0111_29543.jpg,0.6247790771249755,0.5399719395639683,0.78039038127351
Great_Crested_Flycatcher_0064_29546.jpg,0.5890225934440009,0.4392314379708324,0.7259743958241295
Great_Crested_Flycatcher_0074_29553.jpg,0.6673113873410836,0.6003065677764889,0.5405554667486465
Great_Crested_Flycatcher_0125_29593.jpg,0.7139559314486912,0.7116160956966393,0.7932404457847103
Great_Crested_Flycatcher_0030_29645.jpg,0.49821733055777784,0.1818706852097154,0.48922681902350246
Great_Crested_Flycatcher_0036_29693.jpg,0.6416033091937662,0.5752134573495875,0.7141347828404809
Least_Flycatcher_0079_30256.jpg,0.606239477717722,0.4931941681792663,0.7168516731155347
Least_Flycatcher_0006_30262.jpg,0.5302949813738256,0.30699918160930706,0.659300012630832
Least_Flycatcher_0015_30280.jpg,0.607252126534582,0.48874191801734135,0.6132672335614658
Least_Flycatcher_0057_30282.jpg,0.6268274476505054,0.5319913575234076,0.7331426572792562
Least_Flycatcher_0009_30303.jpg,0.6108295362238706,0.5174774694383182,0.7873063910125643
Least_Flycatcher_0046_30316.jpg,0.6288820369889605,0.5461171971065133,0.7801964246637877
Least_Flycatcher_0085_30318.jpg,0.6247551524910735,0.5373814450581127,0.7026301024857928
Least_Flycatcher_0052_30321.jpg,0.4615356290504027,0.07465861483899927,0.7041561427070777
Least_Flycatcher_0007_30339.jpg,0.6140728117291132,0.5066074101266695,0.7427818872654303
Least_Flycatcher_0044_30349.jpg,0.6541783969088164,0.5803396191579635,0.7307355756796751
Least_Flycatcher_0023_30352.jpg,0.6284918095950205,0.548943775692599,0.7753174703347803
Least_Flycatcher_0029_30362.jpg,0.5698504948847722,0.39907775245005184,0.6944439608935531
Least_Flycatcher_0040_30366.jpg,0.6702647948304652,0.6263116938737643,0.8482638521056813
Least_Flycatcher_0097_30122.jpg,0.6716576489345937,0.6405333506504087,0.8359202634817364
Least_Flycatcher_0087_30123.jpg,0.5247081106056287,0.2770094785387852,0.6897369180056935
Least_Flycatcher_0038_30127.jpg,0.5738625217290333,0.39292796895590265,0.6041558286083528
Least_Flycatcher_0062_30131.jpg,0.5902612959867244,0.4559151884181104,0.6065153883248424
Least_Flycatcher_0004_30140.jpg,0.680203362870702,0.6408908848314488,0.7360087678354676
Least_Flycatcher_0005_30142.jpg,0.6876325184391741,0.6797433605320857,0.85718074176681
Least_Flycatcher_0058_30143.jpg,0.6051930590247374,0.49287370865981484,0.7830383592242295
Least_Flycatcher_0032_30146.jpg,0.6686722079552816,0.6112353779545838,0.7368957516634752
Least_Flycatcher_0059_30152.jpg,0.6539363648937626,0.6009499805954351,0.7474827646691466
Least_Flycatcher_0061_30429.jpg,0.6086829119601481,0.49389832422979874,0.7359569984393816
Least_Flycatcher_0045_30174.jpg,0.657040807076547,0.5844672239590784,0.7270838399818231
Least_Flycatcher_0075_30441.jpg,0.5839132297886696,0.43448613246794054,0.702892746275115
Least_Flycatcher_0050_30189.jpg,0.6640771318605944,0.6108528131832817,0.7507119336328766
Least_Flycatcher_0054_30450.jpg,0.6731774311342391,0.6380024854286315,0.7205601442255135
Least_Flycatcher_0017_30460.jpg,0.5422346347802698,0.3032017259815999,0.5503187771679093
Least_Flycatcher_0018_30462.jpg,0.6294397958531439,0.5232920714389075,0.6395536063174485
Olive_Sided_Flycatcher_0041_30470.jpg,0.6398105855192517,0.562036280443399,0.7180375422934243
Olive_Sided_Flycatcher_0025_30486.jpg,0.7145610431068912,0.7155149729388617,0.8177989801527351
Olive_Sided_Flycatcher_0077_30492.jpg,0.5993929895853634,0.4776793407823514,0.7951416311691364
Olive_Sided_Flycatcher_0031_30502.jpg,0.5463283069277889,0.2961454975551241,0.48848644286104853
Olive_Sided_Flycatcher_0026_30525.jpg,0.6728863700939969,0.6166411087941097,0.5398832356789868
Olive_Sided_Flycatcher_0046_30529.jpg,0.6229314181540012,0.5156647199100532,0.7391447448904517
Olive_Sided_Flycatcher_0069_30544.jpg,0.5600280941131316,0.3563707609477226,0.6291276531909571
Olive_Sided_Flycatcher_0072_796877.jpg,0.62961473058976,0.5409549582442947,0.7219277785493928
Olive_Sided_Flycatcher_0013_30550.jpg,0.596100708188342,0.4616161217610565,0.7219911717263933
Olive_Sided_Flycatcher_0074_30816.jpg,0.5772394084960004,0.4106054448896719,0.7105298535510243
Olive_Sided_Flycatcher_0006_30824.jpg,0.6968279382789226,0.6859132362966894,0.8401535691500055
Olive_Sided_Flycatcher_0056_30570.jpg,0.5468946987402674,0.3136756964489995,0.5670418071396486
Olive_Sided_Flycatcher_0043_30632.jpg,0.6830028351183022,0.653975645378846,0.8515589843371101
Olive_Sided_Flycatcher_0048_30656.jpg,0.6352750743724868,0.5484583554064484,0.7859399154416367
Olive_Sided_Flycatcher_0079_30662.jpg,0.6512498343784745,0.5961523510779897,0.847385986932245
Olive_Sided_Flycatcher_0050_796878.jpg,0.7095309677958812,0.6976593191970883,0.7741714988637118
Olive_Sided_Flycatcher_0055_796879.jpg,0.6942925306255412,0.6771185614579747,0.7972882377963249
Olive_Sided_Flycatcher_0058_796883.jpg,0.6404071165189132,0.5487900646582282,0.7086806208911046
Olive_Sided_Flycatcher_0038_796884.jpg,0.6321270199056932,0.5526672975369873,0.714842963121766
Olive_Sided_Flycatcher_0042_796886.jpg,0.6487323593817931,0.5789491748612603,0.6899804808505465
Olive_Sided_Flycatcher_0045_796888.jpg,0.708842153392627,0.6994333608224839,0.8503949060075285
Olive_Sided_Flycatcher_0082_796893.jpg,0.6856632383902344,0.6647950137096161,0.7657219050594734
Olive_Sided_Flycatcher_0008_30686.jpg,0.6027501043507213,0.46281055119322356,0.7573830357060997
Olive_Sided_Flycatcher_0081_796895.jpg,0.6014274184068924,0.47719115087548314,0.7186282680405887
Olive_Sided_Flycatcher_0030_796896.jpg,0.6119996605350102,0.5018470622707701,0.7239761899683238
Olive_Sided_Flycatcher_0021_796880.jpg,0.6922836611070181,0.6642463593989576,0.7762369586839771
Olive_Sided_Flycatcher_0057_796898.jpg,0.6015744175942572,0.4610487828326282,0.6092322500245014
Olive_Sided_Flycatcher_0075_30712.jpg,0.6449517340053257,0.5741508281160073,0.7987361820965961
Olive_Sided_Flycatcher_0032_30713.jpg,0.6770704186296309,0.6359702718843971,0.7033098470008727
Olive_Sided_Flycatcher_0027_30549.jpg,0.532808596725467,0.26532260504768845,0.6520031790721428
Scissor_Tailed_Flycatcher_0096_41733.jpg,0.5339737536301902,0.2663869124654651,0.6433729565532978
Scissor_Tailed_Flycatcher_0042_41990.jpg,0.607382592957719,0.47469227594142416,0.7004941835153412
Scissor_Tailed_Flycatcher_0059_41998.jpg,0.6007616862839611,0.46671466267798367,0.6549752238211153
Scissor_Tailed_Flycatcher_0044_42002.jpg,0.6485814490406352,0.5752388091249234,0.8087811178307127
Scissor_Tailed_Flycatcher_0108_42013.jpg,0.5298198144989923,0.25707094859367063,0.5251421583827431
Scissor_Tailed_Flycatcher_0094_42018.jpg,0.6261332223638016,0.5166766106770944,0.675475554360977
Scissor_Tailed_Flycatcher_0013_42024.jpg,0.5221671600460724,0.24371445326309304,0.3737670490576032
Scissor_Tailed_Flycatcher_0117_42026.jpg,0.5254430301444035,0.25160587460214645,0.5827845033671052
Scissor_Tailed_Flycatcher_0125_41906.jpg,0.5572123587379652,0.3419253376028656,0.6833611787067387
Scissor_Tailed_Flycatcher_0025_42032.jpg,0.581183157500265,0.4338606765966232,0.7890547346667327
Scissor_Tailed_Flycatcher_0033_41782.jpg,0.6854144000789706,0.6762961488215034,0.8841626655887506
Scissor_Tailed_Flycatcher_0055_42051.jpg,0.6549247317342264,0.5896811750775399,0.7763876143827674
Scissor_Tailed_Flycatcher_0100_41796.jpg,0.5885583206835328,0.43865699762941635,0.7391582741556739
Scissor_Tailed_Flycatcher_0118_42067.jpg,0.5169694095082829,0.24226529684945997,0.5111452042022526
Scissor_Tailed_Flycatcher_0072_42085.jpg,0.6668366914094415,0.6312789546850669,0.8762062600724195
Scissor_Tailed_Flycatcher_0031_41836.jpg,0.6198460125574644,0.5185179857264117,0.7963644631944143
Scissor_Tailed_Flycatcher_0121_41843.jpg,0.4548671142944688,0.036045951109988095,0.509818976350308
Scissor_Tailed_Flycatcher_0082_41852.jpg,0.512292759553282,0.22340806446677997,0.42844437807360736
Scissor_Tailed_Flycatcher_0076_41597.jpg,0.598982903440772,0.46024436016301895,0.6675522508601327
Scissor_Tailed_Flycatcher_0006_41601.jpg,0.6254070765114905,0.5186959178957498,0.6631680566937317
Scissor_Tailed_Flycatcher_0019_41936.jpg,0.5864206095625053,0.4224064878230682,0.6147944134456342
Scissor_Tailed_Flycatcher_0123_41638.jpg,0.5984626567749001,0.46848973434421803,0.7573423181891334
Scissor_Tailed_Flycatcher_0004_41643.jpg,0.6479660856144522,0.5790993265585427,0.7926969266846414
Scissor_Tailed_Flycatcher_0048_41646.jpg,0.4820486139410797,0.139826088782678,0.47582001480945263
Scissor_Tailed_Flycatcher_0060_41655.jpg,0.5461052648362457,0.3127469423548588,0.606978867189178
Scissor_Tailed_Flycatcher_0007_41917.jpg,0.6110115332464772,0.4917706395305935,0.7867011951081109
Scissor_Tailed_Flycatcher_0122_41679.jpg,0.4942891949457352,0.16691175607432096,0.6216644063032939
Scissor_Tailed_Flycatcher_0103_41938.jpg,0.5377733692152191,0.30676569712156077,0.5649748545891268
Scissor_Tailed_Flycatcher_0058_41948.jpg,0.567509620016597,0.37568193012642004,0.6451607810667471
Scissor_Tailed_Flycatcher_0012_41853.jpg,0.5961818305923277,0.4727833265077275,0.7704678704510998
Vermilion_Flycatcher_0019_42241.jpg,0.7012376664933873,0.691657695874635,0.8478428261605943
Vermilion_Flycatcher_0070_42250.jpg,0.5954131832876661,0.4648876637297691,0.7889328691153905
Vermilion_Flycatcher_0059_42261.jpg,0.7179855352463376,0.7277568211682746,0.8594802197573466
Vermilion_Flycatcher_0038_42262.jpg,0.6109738739360784,0.5099062094581157,0.8360291684187054
Vermilion_Flycatcher_0030_42523.jpg,0.6536534697976233,0.5924929785472658,0.7922699349890618
Vermilion_Flycatcher_0014_42533.jpg,0.6072657971118635,0.4902165387762043,0.7881396692917035
Vermilion_Flycatcher_0068_42535.jpg,0.643084578763526,0.582619939210187,0.8695164990507607
Vermilion_Flycatcher_0035_42282.jpg,0.5790676835738924,0.42559853394463143,0.7167990979983092
Vermilion_Flycatcher_0052_42551.jpg,0.7577497009129981,0.7871652162771701,0.8642980374148247
Vermilion_Flycatcher_0062_42552.jpg,0.5761293667340791,0.4188479450368916,0.7727192774160634
Vermilion_Flycatcher_0048_42298.jpg,0.6597135256137249,0.6108693909792852,0.7668757595632023
Vermilion_Flycatcher_0024_42506.jpg,0.6012064527501724,0.4812630201208311,0.7411739591574936
Vermilion_Flycatcher_0044_42305.jpg,0.5712759626273065,0.4040304508607173,0.7464911701123526
Vermilion_Flycatcher_0057_42562.jpg,0.6112105339144382,0.4983112388607197,0.7755084632594951
Vermilion_Flycatcher_0058_42311.jpg,0.6080188140320406,0.48675381212759217,0.7498481448765588
Vermilion_Flycatcher_0073_42573.jpg,0.6500912179912456,0.5842564369726377,0.8262789399718726
Vermilion_Flycatcher_0011_42554.jpg,0.598149664238276,0.44650304142157626,0.7802141141983697
Vermilion_Flycatcher_0018_42474.jpg,0.7135700827600946,0.705625404140952,0.7674706839915597
Vermilion_Flycatcher_0026_42375.jpg,0.6086106444952395,0.4959294833288962,0.766832722159034
Vermilion_Flycatcher_0021_42378.jpg,0.7121067144467845,0.7270234134677491,0.8853558907517353
Vermilion_Flycatcher_0049_42380.jpg,0.6933436136176717,0.6925274055143799,0.8453358247427833
Vermilion_Flycatcher_0017_42407.jpg,0.65985941986078,0.6174366150679744,0.8372449194255158
Vermilion_Flycatcher_0039_42423.jpg,0.6744785622169033,0.647511942146658,0.8807153526955243
Vermilion_Flycatcher_0063_42179.jpg,0.6792746099729629,0.6494993234384903,0.8096334818447788
Vermilion_Flycatcher_0043_42182.jpg,0.6880012606669312,0.6688565695494362,0.8016878918277273
Vermilion_Flycatcher_0028_42197.jpg,0.7126013005655031,0.7067732682672354,0.8110034717241627
Vermilion_Flycatcher_0031_42201.jpg,0.619852990854898,0.5067465780135806,0.8007673735706191
Vermilion_Flycatcher_0032_42216.jpg,0.6602797239627636,0.6054668575033795,0.8034334490560546
Vermilion_Flycatcher_0047_42488.jpg,0.7268735014690748,0.7520688021055011,0.9045480086434731
Vermilion_Flycatcher_0009_42234.jpg,0.7214070799889157,0.7278049246419946,0.7997403008540803
Yellow_Bellied_Flycatcher_0013_42769.jpg,0.5736797867336112,0.40874821313902254,0.6973683227625652
Yellow_Bellied_Flycatcher_0050_42598.jpg,0.6732935415828897,0.6275524018319524,0.7233975813351534
Yellow_Bellied_Flycatcher_0036_42591.jpg,0.6322557617109694,0.5513633540358471,0.7954035944278759
Yellow_Bellied_Flycatcher_0040_795465.jpg,0.567918831309316,0.39103948971871116,0.7184073319104813
Yellow_Bellied_Flycatcher_0012_795469.jpg,0.6146105546143087,0.4916884004822617,0.6953762583112795
Yellow_Bellied_Flycatcher_0021_795472.jpg,0.6862047497618308,0.6713885376266199,0.8631806763679465
Yellow_Bellied_Flycatcher_0032_42578.jpg,0.6699034162109998,0.6334556265669637,0.8075910946904371
Yellow_Bellied_Flycatcher_0061_795479.jpg,0.6951502081411519,0.6635629551023687,0.6436869171039226
Yellow_Bellied_Flycatcher_0029_795483.jpg,0.576095645369594,0.42279352623564326,0.7010544588346157
Yellow_Bellied_Flycatcher_0025_795484.jpg,0.6903918098582877,0.6632691466895353,0.7125005638385519
Yellow_Bellied_Flycatcher_0001_795488.jpg,0.6543011800250855,0.589661462614645,0.7941811349856699
Yellow_Bellied_Flycatcher_0026_795489.jpg,0.6792343121227316,0.6362266169150672,0.7575412976353211
Yellow_Bellied_Flycatcher_0017_795490.jpg,0.6025721251455418,0.4579758091039702,0.6857077308822398
Yellow_Bellied_Flycatcher_0007_795491.jpg,0.6924071419352742,0.6582847052356524,0.5537105651599268
Yellow_Bellied_Flycatcher_0053_795493.jpg,0.6387583787095942,0.5552511044432653,0.7575699654835362
Yellow_Bellied_Flycatcher_0015_795504.jpg,0.48142601222269676,0.12743005082087933,0.6443408697849726
Yellow_Bellied_Flycatcher_0055_795507.jpg,0.7509660355305119,0.7836128166158169,0.8568978962610714
Yellow_Bellied_Flycatcher_0046_795508.jpg,0.6961974459487725,0.6692487443458774,0.7114256114098793
Yellow_Bellied_Flycatcher_0066_795514.jpg,0.5876006914157681,0.43705278472237274,0.7533030511543807
Yellow_Bellied_Flycatcher_0005_42627.jpg,0.6478574556744204,0.5907440878586632,0.8505036422553475
Yellow_Bellied_Flycatcher_0065_42635.jpg,0.6111713973155395,0.49559163058839684,0.7133578606791221
Yellow_Bellied_Flycatcher_0028_42639.jpg,0.49730944046198466,0.17939358122428406,0.6573611552126847
Yellow_Bellied_Flycatcher_0027_42649.jpg,0.4467924279779274,0.011890098974548735,0.26218998760887935
Yellow_Bellied_Flycatcher_0014_42608.jpg,0.6017820978656094,0.4752883919820412,0.8053711067507163
Yellow_Bellied_Flycatcher_0033_42695.jpg,0.6914060364918162,0.6569133629622785,0.5995800701634522
Yellow_Bellied_Flycatcher_0024_42616.jpg,0.6143363320723664,0.5090158895853162,0.7765014794732527
Yellow_Bellied_Flycatcher_0060_42595.jpg,0.6566367855446378,0.6093369565175911,0.7434323705430996
Yellow_Bellied_Flycatcher_0039_795471.jpg,0.5930381181323015,0.46454522242342655,0.7733901529738835
Yellow_Bellied_Flycatcher_0011_42734.jpg,0.4690126694507323,0.0894907468359758,0.2781171697859653
Frigatebird_0089_43013.jpg,0.6579963323906796,0.5897465892561244,0.7208000305528895
Frigatebird_0054_43019.jpg,0.6161378099740723,0.520882772266433,0.6936989913403165
Frigatebird_0069_43541.jpg,0.6992667585082858,0.6952032596506932,0.8412115376039607
Frigatebird_0074_43035.jpg,0.6356653182254599,0.5650685584748296,0.6920640759723738
Frigatebird_0122_43549.jpg,0.6909392631498079,0.6748992291801474,0.8234733154428147
Frigatebird_0073_43038.jpg,0.6101625586228507,0.4951306699212198,0.7579318838313859
Frigatebird_0034_43053.jpg,0.6701659267250342,0.632272498479029,0.7878454010638993
Frigatebird_0060_43054.jpg,0.5349628113821943,0.2937940476698989,0.5748764777288984
Frigatebird_0097_43567.jpg,0.7024835395467438,0.6835638827673232,0.7261894005432332
Frigatebird_0096_43571.jpg,0.6390539301674834,0.5537240947285591,0.7417623661002338
Frigatebird_0091_43066.jpg,0.670640900111794,0.6212921551028305,0.806679166800793
Frigatebird_0050_43084.jpg,0.702763518433152,0.7045481774700935,0.855780937191429
Frigatebird_0023_43110.jpg,0.7034269010239471,0.6863506404901021,0.7325640746418891
Frigatebird_0015_43132.jpg,0.6933109090463363,0.6786457043588872,0.7625101202550302
Frigatebird_0016_43159.jpg,0.6434519363947961,0.570156514362608,0.8103923764950879
Frigatebird_0129_43183.jpg,0.7064300688175249,0.6974460113756591,0.7913917875374622
Frigatebird_0118_43189.jpg,0.5918564886096951,0.43677482337087925,0.6968055005471706
Frigatebird_0062_43193.jpg,0.7049164228913268,0.6856573100023389,0.7549789326088455
Frigatebird_0088_43201.jpg,0.7290511545018411,0.7382327844474177,0.8164570396693968
Frigatebird_0092_43206.jpg,0.6539961948150859,0.6100073694912609,0.8074241244638524
Frigatebird_0098_43207.jpg,0.6803314442873214,0.6374939022100988,0.6127329356701524
Frigatebird_0011_43213.jpg,0.7009279507413211,0.6915980992906208,0.8809844149997579
Frigatebird_0058_43251.jpg,0.6462649147787609,0.5809047827145921,0.7887073551495984
Frigatebird_0081_42779.jpg,0.6803129759473956,0.627796578672529,0.39927329809863465
Frigatebird_0120_43300.jpg,0.6644328936849533,0.6158750327366203,0.831337484133333
Frigatebird_0121_42791.jpg,0.6744072279438496,0.6282154171558756,0.7636231240131583
Frigatebird_0063_42812.jpg,0.6870305880544592,0.6451095369447265,0.7393872907091811
Frigatebird_0019_43348.jpg,0.6203325387381928,0.522211229732026,0.7778444619420453
Frigatebird_0052_43411.jpg,0.5990275078599524,0.45246028241714975,0.713555144119214
Frigatebird_0031_42979.jpg,0.6799318422030685,0.6469854280477609,0.7596545163360008
Northern_Fulmar_0033_43794.jpg,0.6392089720203271,0.549469551207578,0.6436397833100748
Northern_Fulmar_0103_44062.jpg,0.6021732766780599,0.4929134211003168,0.7913929272610366
Northern_Fulmar_0045_43581.jpg,0.6498543655801644,0.5832918212083734,0.7232580060572642
Northern_Fulmar_0053_43843.jpg,0.6180660838354141,0.48437085688926096,0.5494673342986973
Northern_Fulmar_0038_43846.jpg,0.5782109982106167,0.40163075427793915,0.5822945185670697
Northern_Fulmar_0091_44120.jpg,0.7442350975139683,0.7541327946876549,0.6779970727051744
Northern_Fulmar_0097_43865.jpg,0.6404116929125805,0.5728115635451648,0.7949402263821089
Northern_Fulmar_0090_43867.jpg,0.4861972620740833,0.1488536837214116,0.6444094624667271
Northern_Fulmar_0012_44131.jpg,0.4557331503582963,0.04515137290193694,0.6512124451774177
Northern_Fulmar_0056_43880.jpg,0.6436380797258975,0.5592861860522114,0.8056007720988938
Northern_Fulmar_0063_43631.jpg,0.6732031815092597,0.6243209529230787,0.6833551308220395
Northern_Fulmar_0008_43647.jpg,0.5599837753023743,0.3442342925719992,0.6727158342880051
Northern_Fulmar_0049_43906.jpg,0.6218508687047923,0.5245090625098401,0.7943732368718522
Northern_Fulmar_0096_43654.jpg,0.6608665238504214,0.6048794117285358,0.7485690578268921
Northern_Fulmar_0015_43658.jpg,0.5628714515022539,0.3682746688919365,0.6611907664466256
Northern_Fulmar_0016_43958.jpg,0.6901377837036906,0.6652784562379227,0.7421920078848993
Northern_Fulmar_0027_43705.jpg,0.6650360119272876,0.6141315962773833,0.7733182725461779
Northern_Fulmar_0064_43710.jpg,0.48515168501866746,0.14068116034835787,0.5508034137241511
Northern_Fulmar_0037_43712.jpg,0.6918845930507169,0.671261484606575,0.8111802788302217
Northern_Fulmar_0036_43718.jpg,0.651593582448774,0.582527275450529,0.7384343339681171
Northern_Fulmar_0077_43730.jpg,0.721458072954778,0.7236606888609929,0.6658935049069373
Northern_Fulmar_0042_43739.jpg,0.6856516896164078,0.6543784548230199,0.7979774643958791
Northern_Fulmar_0021_43743.jpg,0.640470061676166,0.5257728890918878,0.2564456682719356
Northern_Fulmar_0078_43985.jpg,0.7180595198187467,0.721749394806237,0.8593468184254007
Northern_Fulmar_0001_43749.jpg,0.4629304391516008,0.09487919251018506,0.5683439483213399
Northern_Fulmar_0031_43750.jpg,0.7310168868401288,0.7462447677792993,0.80599594684787
Northern_Fulmar_0052_43857.jpg,0.5653374854223318,0.38361426884359895,0.7063640746401649
Northern_Fulmar_0028_43752.jpg,0.6211127626399969,0.4804188253475522,0.37669383230070197
Northern_Fulmar_0011_43769.jpg,0.6858644456625522,0.6484022985299733,0.610016952269839
Northern_Fulmar_0018_43771.jpg,0.6338840224375282,0.5370391665808684,0.6811099620857307
Gadwall_0022_31616.jpg,0.7364373006383811,0.745219528326081,0.6888053685618091
Gadwall_0019_30984.jpg,0.7066235144062116,0.6936799925822023,0.864072963187249
Gadwall_0058_31660.jpg,0.6717840983132255,0.6229780767586859,0.7261101279399971
Gadwall_0080_31747.jpg,0.6178210663463151,0.4974299620266115,0.5592275396921427
Gadwall_0040_31788.jpg,0.6894826625549246,0.6620467762763544,0.742279939894001
Gadwall_0007_31537.jpg,0.532744569945866,0.29463316022837116,0.6622501729988282
Gadwall_0004_31669.jpg,0.6875354515230899,0.6540615294079297,0.6655018222907991
Gadwall_0082_31301.jpg,0.6622376890523587,0.6070013380541852,0.8046283682827764
Gadwall_0079_31052.jpg,0.7362544634065022,0.7423712806653819,0.7485645147262969
Gadwall_0087_31821.jpg,0.6961320130479212,0.6637492459437058,0.6955487163469372
Gadwall_0014_31570.jpg,0.673830267975676,0.6233755689090649,0.8102124807306471
Gadwall_0041_31064.jpg,0.7127058108299428,0.7175796484977036,0.7448308096771766
Gadwall_0092_31162.jpg,0.6827478039823058,0.6428403052127301,0.6595424123166654
Gadwall_0009_31847.jpg,0.7166970092121098,0.7123070839084027,0.7017322991991201
Gadwall_0088_31854.jpg,0.7145027397818934,0.6985930426079341,0.7717881662183796
Gadwall_0047_31360.jpg,0.6765717310218919,0.6281068979932739,0.7522527018586826
Gadwall_0028_31623.jpg,0.7521253257973436,0.7752609006337347,0.8324026454376945
Gadwall_0085_31171.jpg,0.7009593933559023,0.6689961402458524,0.6139605926354421
Gadwall_0059_31646.jpg,0.7487758607277302,0.7704219988779019,0.8161162685887118
Gadwall_0068_30886.jpg,0.6930367271350759,0.6512677524262636,0.660712480862104
Gadwall_0093_30898.jpg,0.643766408816912,0.5458735771985855,0.6474133654705463
Gadwall_0010_31158.jpg,0.6787002550247574,0.6345243549164206,0.7525935586284772
Gadwall_0095_30911.jpg,0.6608210810146792,0.5984901128581455,0.7691212523683599
Gadwall_0055_30912.jpg,0.7258645095240733,0.735995920575615,0.8248414897105111
Gadwall_0065_31659.jpg,0.6917433364610295,0.6481040707074046,0.7299360691995078
Gadwall_0052_30915.jpg,0.61805998287328,0.48162502538980245,0.43081758095081596
Gadwall_0050_31223.jpg,0.7045640744568212,0.6811363685143144,0.7695103326012508
Gadwall_0025_30933.jpg,0.6820625214567297,0.6552844982421497,0.8021078859054926
Gadwall_0027_30966.jpg,0.6949818446360028,0.6665139739506047,0.7790738521681542
Gadwall_0013_31020.jpg,0.6270198717892387,0.5291751675001144,0.6117485027796065
American_Goldfinch_0074_32265.jpg,0.7296214438116191,0.7407842011309917,0.8682835730814302
American_Goldfinch_0136_32277.jpg,0.6012457934287894,0.4765542125982275,0.7669486515776286
American_Goldfinch_0061_32281.jpg,0.6452453814475074,0.5763214047930669,0.7832341308834292
American_Goldfinch_0084_32295.jpg,0.5722625324666948,0.3940072835502134,0.658064815739997
American_Goldfinch_0040_32323.jpg,0.6513398705134108,0.5980504702524521,0.7968028274982721
American_Goldfinch_0018_32324.jpg,0.6236928431072535,0.5312224265626637,0.7468474156048364
American_Goldfinch_0012_32338.jpg,0.6127643871534003,0.49920389187090486,0.5581443218575372
American_Goldfinch_0115_32362.jpg,0.5531181301201433,0.3536979942085321,0.7096748424962473
American_Goldfinch_0049_31889.jpg,0.6355974302177613,0.5384407821372275,0.6903659989944639
American_Goldfinch_0082_31890.jpg,0.6960135755013659,0.6859857203710397,0.834919939884607
American_Goldfinch_0090_31893.jpg,0.6582327069461191,0.6038040366492322,0.821497343866342
American_Goldfinch_0004_31903.jpg,0.5952960299725211,0.45656179521804674,0.7168078380523609
American_Goldfinch_0036_31910.jpg,0.635552989582959,0.5587090281128964,0.7629074736239148
American_Goldfinch_0050_31913.jpg,0.6198077483764322,0.5073530687324292,0.729718271197766
American_Goldfinch_0062_31921.jpg,0.6220551808058303,0.5282340316362172,0.7614761653263616
American_Goldfinch_0032_31922.jpg,0.5958691935590356,0.45760057264526977,0.796117807740448
American_Goldfinch_0034_32371.jpg,0.640935018920689,0.5636048049751243,0.7445570077005502
American_Goldfinch_0116_31943.jpg,0.7084285828220056,0.7038035507845317,0.8045837516211207
American_Goldfinch_0108_32974.jpg,0.6223255342968883,0.5284642554368344,0.8184124511718542
American_Goldfinch_0042_31979.jpg,0.6787023291125323,0.6462610509325666,0.7280136238818621
American_Goldfinch_0123_32505.jpg,0.6282148374589882,0.5519417610005426,0.7548384778094348
American_Goldfinch_0131_32911.jpg,0.6078111137395368,0.4990883156528203,0.8131267870092599
American_Goldfinch_0107_32618.jpg,0.7142831783445996,0.7030795073806662,0.7580114526181128
American_Goldfinch_0022_32111.jpg,0.6074238850203685,0.4638703268859422,0.6796681435798241
American_Goldfinch_0129_32625.jpg,0.5969262210905659,0.47470511735344423,0.8046813217917801
American_Goldfinch_0064_32142.jpg,0.5854963737097327,0.4331630422352971,0.5851495774986528
American_Goldfinch_0118_32210.jpg,0.6758280308793206,0.6532459691607082,0.8505407679911703
American_Goldfinch_0029_32218.jpg,0.5845781025715584,0.42822565295461223,0.6572074182016634
American_Goldfinch_0103_32225.jpg,0.6772240186941132,0.6417372513766755,0.7476427917095496
American_Goldfinch_0105_32238.jpg,0.6694181966198959,0.6261119953555883,0.7368801478143544
European_Goldfinch_0073_794633.jpg,0.5484471841950611,0.3270045657573799,0.5700920307104737
European_Goldfinch_0104_794634.jpg,0.6725468268383868,0.6326688112548542,0.7508981934183264
European_Goldfinch_0067_794637.jpg,0.6655308548641181,0.6030524247725466,0.7315429994875703
European_Goldfinch_0017_794638.jpg,0.6783066555018096,0.6418040317842675,0.6624912514638935
European_Goldfinch_0036_794642.jpg,0.6282942466276333,0.534460597734854,0.7295420330839864
European_Goldfinch_0040_794643.jpg,0.6646444335297159,0.621176902837257,0.7599587870533299
European_Goldfinch_0020_794644.jpg,0.5051660063058693,0.18769963017032,0.37128977957108766
European_Goldfinch_0048_794656.jpg,0.670778041591109,0.6350443619829451,0.8152320439689668
European_Goldfinch_0075_794660.jpg,0.6966820846237152,0.6898240307729002,0.8172222871074396
European_Goldfinch_0058_794665.jpg,0.659276191836368,0.6103922656857194,0.8082240468567765
European_Goldfinch_0080_33322.jpg,0.6476835560463333,0.5799016646873516,0.7873190681087724
European_Goldfinch_0092_794671.jpg,0.6430038792210376,0.5678723715597978,0.7424889729443377
European_Goldfinch_0094_794673.jpg,0.6792110114999372,0.6540079886605668,0.8395627673154985
European_Goldfinch_0022_794674.jpg,0.7009898825413938,0.678022834049107,0.7619781634380473
European_Goldfinch_0038_794675.jpg,0.5681148110190558,0.3979430160295586,0.721205188113764
European_Goldfinch_0047_33332.jpg,0.5565373551056383,0.35132274815057807,0.6512702261902172
European_Goldfinch_0085_794682.jpg,0.7094754458695126,0.7062298556289403,0.7754566686466937
European_Goldfinch_0077_33346.jpg,0.6133288759457868,0.5006293584901433,0.7627302794717868
European_Goldfinch_0087_794693.jpg,0.6596859652794356,0.6203942730422551,0.8359127931307824
European_Goldfinch_0070_33084.jpg,0.5930955229001371,0.4547608995922974,0.7576786204591754
European_Goldfinch_0106_33298.jpg,0.6571932558204434,0.597405769111645,0.5978518710493853
European_Goldfinch_0037_33149.jpg,0.5993817426640264,0.47070442276568636,0.6834955322537769
European_Goldfinch_0108_33176.jpg,0.5563098842045116,0.34806650079865487,0.6365126769524129
European_Goldfinch_0081_33259.jpg,0.6244966152475412,0.5025161039028989,0.49423301510491385
European_Goldfinch_0011_794676.jpg,0.672389975493173,0.6319650721488581,0.7738777418025049
European_Goldfinch_0062_794657.jpg,0.6575146385995368,0.5874189022915252,0.7105893601356061
European_Goldfinch_0084_33147.jpg,0.6219035951545067,0.5400026739891114,0.8226138782752935
European_Goldfinch_0034_33256.jpg,0.6973810928902453,0.697623233603667,0.8318858201530919
European_Goldfinch_0005_33263.jpg,0.6485728372848578,0.5947095749199447,0.8027946121597946
European_Goldfinch_0089_33279.jpg,0.674158983449151,0.6340401463006018,0.7645973809750451
Boat_Tailed_Grackle_0096_33801.jpg,0.5950760342162319,0.4705141529322817,0.8316606984779692
Boat_Tailed_Grackle_0116_33808.jpg,0.63794060233184,0.5359239653839203,0.5191897340013358
Boat_Tailed_Grackle_0066_33368.jpg,0.6682207318814306,0.6028098195223612,0.6772874269662349
Boat_Tailed_Grackle_0095_33568.jpg,0.6276531743834769,0.5369964725491012,0.7373982719242793
Boat_Tailed_Grackle_0075_33839.jpg,0.7111067238723348,0.7090864964963063,0.8200160395380389
Boat_Tailed_Grackle_0060_33589.jpg,0.6499717641414171,0.5865615447719984,0.8471284476367874
Boat_Tailed_Grackle_0051_33600.jpg,0.6767763677983605,0.6411722398477773,0.8118718966441798
Boat_Tailed_Grackle_0004_33858.jpg,0.59132117421644,0.4398021055401915,0.650803488665177
Boat_Tailed_Grackle_0083_33590.jpg,0.688696783973604,0.6626705791081575,0.7238688758344457
Boat_Tailed_Grackle_0125_33867.jpg,0.6594352506364212,0.6072225851251333,0.7574976344103723
Boat_Tailed_Grackle_0087_33369.jpg,0.6372571911747493,0.5472990180921653,0.6625762649199072
Boat_Tailed_Grackle_0009_33373.jpg,0.6531208389745065,0.5942037408539792,0.7471395343170248
Boat_Tailed_Grackle_0054_33633.jpg,0.6952602130366533,0.6694879480093185,0.807038967277465
Boat_Tailed_Grackle_0024_33393.jpg,0.669105319234623,0.6181302310018525,0.7751627246150136
Boat_Tailed_Grackle_0108_33398.jpg,0.595296967140186,0.4423382598613602,0.6026223998888781
Boat_Tailed_Grackle_0052_33676.jpg,0.6676129719626729,0.6227448524292067,0.8120570668313024
Boat_Tailed_Grackle_0049_33422.jpg,0.6970516138973425,0.6824662401198307,0.8013634981551342
Boat_Tailed_Grackle_0065_33423.jpg,0.64773997154737,0.5859258119507635,0.7983782012597933
Boat_Tailed_Grackle_0069_33685.jpg,0.6658703672319942,0.5948582972498742,0.5971131853702353
Boat_Tailed_Grackle_0019_33687.jpg,0.6568000183207614,0.5917829821449712,0.6344005537692025
Boat_Tailed_Grackle_0088_33448.jpg,0.7143037456529842,0.7151117449727473,0.8387239804563855
Boat_Tailed_Grackle_0099_33455.jpg,0.6462384832630674,0.5748795449735808,0.7039441565511253
Boat_Tailed_Grackle_0101_33611.jpg,0.6595517492852805,0.5995124253394993,0.6920390320718579
Boat_Tailed_Grackle_0014_33485.jpg,0.6229358074511395,0.520385906734455,0.6962081378320639
Boat_Tailed_Grackle_0012_33998.jpg,0.6880432536381641,0.6613971843361981,0.8417208105333661
Boat_Tailed_Grackle_0035_33750.jpg,0.6709595123321705,0.6196146579062909,0.7114089334725898
Boat_Tailed_Grackle_0091_33504.jpg,0.6666629029898776,0.6188053911878891,0.7928333406416629
Boat_Tailed_Grackle_0122_34023.jpg,0.673959805969728,0.6502592239911829,0.846916995898628
Boat_Tailed_Grackle_0055_33774.jpg,0.7022574417348175,0.6919744369704899,0.8105155498683101
Boat_Tailed_Grackle_0105_33663.jpg,0.6631482778211697,0.6103774562152423,0.8153311247204924
Eared_Grebe_0036_34048.jpg,0.6136218639894568,0.47946292061042006,0.6819564609649349
Eared_Grebe_0065_34049.jpg,0.6671625706899493,0.6149143343238851,0.6838064083955772
Eared_Grebe_0063_34054.jpg,0.621767587763165,0.5176802420729283,0.7522380947704462
Eared_Grebe_0071_34311.jpg,0.5753897852782096,0.39383165912089857,0.6407594432621582
Eared_Grebe_0085_34063.jpg,0.6199765921842086,0.5069610585272968,0.7622318293809424
Eared_Grebe_0086_34064.jpg,0.6169726378941003,0.4862395985266169,0.6653896902445298
Eared_Grebe_0032_34078.jpg,0.6390250949717959,0.5547066529289691,0.7716266950302545
Eared_Grebe_0049_34100.jpg,0.6429953467964302,0.5688289724827711,0.7666017279542462
Eared_Grebe_0018_34357.jpg,0.7014383230569164,0.6875471444937425,0.7057125553798431
Eared_Grebe_0084_34364.jpg,0.5509739680199002,0.3464123103776745,0.7069703505080412
Eared_Grebe_0075_34115.jpg,0.7107136889009249,0.6995460617879576,0.8036695114048635
Eared_Grebe_0042_34132.jpg,0.5528178991835825,0.3490084902346159,0.5605760273386778
Eared_Grebe_0060_34133.jpg,0.6100993424807781,0.4783620278506364,0.6826124742095142
Eared_Grebe_0035_34137.jpg,0.6117088598293836,0.4650112746928029,0.46481253405744966
Eared_Grebe_0081_34153.jpg,0.6984739851424198,0.6647422470959659,0.729111702237621
Eared_Grebe_0037_34169.jpg,0.6153321528212552,0.48869509920955745,0.7764535054138472
Eared_Grebe_0043_34427.jpg,0.6998795511107341,0.6804384180872673,0.7926974412595341
Eared_Grebe_0048_34175.jpg,0.6508680911691705,0.5743142311211425,0.7357625611856623
Eared_Grebe_0001_34433.jpg,0.6660479930753226,0.6178740010393962,0.7699431784366914
Eared_Grebe_0069_34199.jpg,0.6586620907661612,0.5807464155183955,0.6001075128284953
Eared_Grebe_0047_34204.jpg,0.5851174161388751,0.4278587225316176,0.7322528071904404
Eared_Grebe_0054_34289.jpg,0.6485349608092995,0.5530376865742588,0.6136991922397753
Eared_Grebe_0080_34223.jpg,0.6122166740602266,0.48392788579384804,0.6879820405392868
Eared_Grebe_0082_34227.jpg,0.6695185332011997,0.605029480321646,0.5564058640219869
Eared_Grebe_0007_34236.jpg,0.6896812696238175,0.6660108699849956,0.80803851512084
Eared_Grebe_0074_34238.jpg,0.6673502561654604,0.6080376985532177,0.7154066914293659
Eared_Grebe_0009_34244.jpg,0.6698066223453684,0.6141587980045524,0.6122158035980261
Eared_Grebe_0039_34257.jpg,0.5653704145935634,0.35281296680954344,0.6029282302327376
Eared_Grebe_0031_34262.jpg,0.6595690413997939,0.5940821774624523,0.7529822146980845
Eared_Grebe_0057_34274.jpg,0.6747976243013005,0.6235108116194493,0.669778339827632
Horned_Grebe_0050_34561.jpg,0.6072864559854012,0.471047291799222,0.7595331771673262
Horned_Grebe_0058_34568.jpg,0.6359859866870916,0.5432537573904834,0.8049415004164794
Horned_Grebe_0077_34587.jpg,0.687854130572255,0.6463745230489643,0.6832838547266252
Horned_Grebe_0057_34590.jpg,0.6619775137954795,0.6027667692121239,0.6883556348916421
Horned_Grebe_0071_35078.jpg,0.6914811873074255,0.6582099744182843,0.7778245009786847
Horned_Grebe_0106_35112.jpg,0.6658010460389271,0.6073741260522735,0.7337717054349937
Horned_Grebe_0045_34859.jpg,0.6914474715987436,0.6652090864566234,0.7898949915621764
Horned_Grebe_0061_34613.jpg,0.7320453100373754,0.743995612558941,0.8097742656128316
Horned_Grebe_0051_35143.jpg,0.6964587893898166,0.6870374777788262,0.794282847184415
Horned_Grebe_0067_34654.jpg,0.7330915555334723,0.7444687479555949,0.7797988516798988
Horned_Grebe_0005_34657.jpg,0.6451600048607409,0.5720401564934757,0.7583150831675907
Horned_Grebe_0084_34936.jpg,0.6496249261280238,0.5672233473443433,0.7732560228326865
Horned_Grebe_0009_34952.jpg,0.6379162359176851,0.548834835150177,0.7721484715234536
Horned_Grebe_0096_34452.jpg,0.6302200936311876,0.5379728082147506,0.6158768582794423
Horned_Grebe_0063_34966.jpg,0.7042407563160487,0.6982279667004454,0.816336849152416
Horned_Grebe_0014_34968.jpg,0.46210257749622796,0.07059800471059063,0.365495041101554
Horned_Grebe_0085_34713.jpg,0.7011001029344004,0.6742203079578941,0.7328743892503063
Horned_Grebe_0100_34462.jpg,0.6959640735122665,0.6763312709973569,0.8194685810466247
Horned_Grebe_0001_34723.jpg,0.7368471065855366,0.7519425091934074,0.842762531350008
Horned_Grebe_0082_34725.jpg,0.7452442748645951,0.7596830187515087,0.8078623684626562
Horned_Grebe_0010_34716.jpg,0.6610993211512428,0.5970184456934121,0.7669806312696297
Horned_Grebe_0069_34990.jpg,0.6659378124406101,0.5953567343260655,0.6600597342892982
Horned_Grebe_0095_34491.jpg,0.6915357344947936,0.6608364466769864,0.7486517556625754
Horned_Grebe_0110_35012.jpg,0.7223259152146466,0.7267295556194142,0.7701686048091634
Horned_Grebe_0064_35015.jpg,0.6003148811583761,0.4535338649958417,0.7012347090514387
Horned_Grebe_0053_34512.jpg,0.6718249675966005,0.616127588888683,0.6949647824534071
Horned_Grebe_0008_34515.jpg,0.689572923021706,0.6593454869305493,0.7543689775213158
Horned_Grebe_0114_34517.jpg,0.6811781183977692,0.6410960710311555,0.7503656927665898
Horned_Grebe_0062_34523.jpg,0.6907700011084381,0.6608246542085721,0.7013553671523711
Horned_Grebe_0029_34557.jpg,0.6405931156016877,0.5530215482941867,0.6835939038948763
Pied_Billed_Grebe_0038_35798.jpg,0.7414312379808596,0.7554698765102639,0.7526895862148834
Pied_Billed_Grebe_0037_35598.jpg,0.6392036302319082,0.5609864229963675,0.7684577141206853
Pied_Billed_Grebe_0013_35882.jpg,0.6847747654567682,0.6598001056380973,0.798761816732543
Pied_Billed_Grebe_0071_35386.jpg,0.6351650282185757,0.5484223721732269,0.7814148382795021
Pied_Billed_Grebe_0007_35399.jpg,0.68101409434909,0.645701811725897,0.6427226580387716
Pied_Billed_Grebe_0040_35981.jpg,0.6543693870044154,0.5770480890400529,0.7219354737213778
Pied_Billed_Grebe_0078_35410.jpg,0.6019652243001838,0.4645323205814168,0.7619676656687863
Pied_Billed_Grebe_0106_35418.jpg,0.5404797071981366,0.31299697786304903,0.719362328299032
Pied_Billed_Grebe_0004_35808.jpg,0.7272429311608599,0.7375528898832733,0.8079790865659178
Pied_Billed_Grebe_0014_35424.jpg,0.6777893935911735,0.6384817093732049,0.7691427547296306
Pied_Billed_Grebe_0023_35687.jpg,0.677692620392119,0.6321967022700461,0.8195279105233949
Pied_Billed_Grebe_0053_35262.jpg,0.6645415868085649,0.6131007096265275,0.6790535793936939
Pied_Billed_Grebe_0020_35958.jpg,0.7007642535711441,0.6809337270798361,0.6815004263082738
Pied_Billed_Grebe_0045_35962.jpg,0.6476074556910074,0.5643459080968087,0.7313805284655067
Pied_Billed_Grebe_0065_35713.jpg,0.6397191852280545,0.5427976499512397,0.7331537876100791
Pied_Billed_Grebe_0101_35464.jpg,0.6681994211207707,0.6163961727413292,0.6799066509422592
Pied_Billed_Grebe_0067_35465.jpg,0.6268119175849063,0.5286671924302881,0.7055162536330256
Pied_Billed_Grebe_0084_35863.jpg,0.7079689017034676,0.6969138428943014,0.7895238079069021
Pied_Billed_Grebe_0049_35980.jpg,0.6885061080596497,0.6697254062729984,0.7886429834462666
Pied_Billed_Grebe_0041_35224.jpg,0.765958002697128,0.7972750697196122,0.8293542527567016
Pied_Billed_Grebe_0095_35496.jpg,0.6839019552489284,0.6529852314101864,0.803761954627465
Pied_Billed_Grebe_0030_35498.jpg,0.7383228857219917,0.7516267286310303,0.7878963979094685
Pied_Billed_Grebe_0055_35502.jpg,0.6558042454079236,0.5838522528817665,0.7612820179597567
Pied_Billed_Grebe_0059_35507.jpg,0.6158388287018618,0.4864378484277919,0.6543339385545914
Pied_Billed_Grebe_0035_35518.jpg,0.640141616879669,0.5613030825722471,0.7436546057803723
Pied_Billed_Grebe_0091_35276.jpg,0.5908288551092986,0.4425298208389933,0.6838751434775855
Pied_Billed_Grebe_0029_35551.jpg,0.6555684168524758,0.5935709171313398,0.7828460386030606
Pied_Billed_Grebe_0073_35553.jpg,0.6552775997123289,0.5944362375208911,0.6785177446990823
Pied_Billed_Grebe_0062_35955.jpg,0.6927525774222083,0.6687404887088025,0.764687254670827
Pied_Billed_Grebe_0056_35623.jpg,0.7226531494583059,0.7205834883493181,0.8119622807133834
Western_Grebe_0077_36355.jpg,0.624621862664551,0.5203419008153999,0.7412976249962301
Western_Grebe_0064_36613.jpg,0.6445198141310532,0.5719936416034423,0.7183099404579945
Western_Grebe_0038_36363.jpg,0.6186040084816553,0.4981964041197495,0.7120475356451887
Western_Grebe_0102_36116.jpg,0.5469673757436493,0.319889914273633,0.6371259433111475
Western_Grebe_0029_36379.jpg,0.5852191917466575,0.42203177836825556,0.6131391634898128
Western_Grebe_0013_36383.jpg,0.6455007980315624,0.5467880683820288,0.6580077134168368
Western_Grebe_0033_36395.jpg,0.6651752856494608,0.6113925106911651,0.75759961945031
Western_Grebe_0048_36399.jpg,0.6768281189689759,0.6355151628943649,0.820899114368484
Western_Grebe_0089_36154.jpg,0.6827193013681712,0.659540547380054,0.8451119467617642
Western_Grebe_0104_36164.jpg,0.6115636536092023,0.47491058729711344,0.6358842178019751
Western_Grebe_0081_36578.jpg,0.6459542674203631,0.5747079701182132,0.7497663950966353
Western_Grebe_0090_36182.jpg,0.6643413996413039,0.6082034411829118,0.8166097192759959
Western_Grebe_0044_36188.jpg,0.6932590234361757,0.6655653171975389,0.7528846365972159
Western_Grebe_0091_36194.jpg,0.6309844497571878,0.5369168634747272,0.722601888490434
Western_Grebe_0009_36477.jpg,0.6044395497459831,0.47146361212347476,0.6775237025624159
Western_Grebe_0083_36033.jpg,0.6834890826113593,0.6515054135779718,0.7696007692113327
Western_Grebe_0020_36241.jpg,0.6629601666498937,0.5954083180226638,0.7938408850783301
Western_Grebe_0051_36249.jpg,0.6660013200929294,0.6151586303248351,0.7210951500271375
Western_Grebe_0106_36509.jpg,0.6508549963310927,0.5663680176635746,0.800533797668032
Western_Grebe_0043_36183.jpg,0.6321607155070887,0.5387623833255214,0.7615258072167557
Western_Grebe_0103_36515.jpg,0.6320790695716455,0.541986274167026,0.7060087164490877
Western_Grebe_0002_36518.jpg,0.6944338332750384,0.6604655490499565,0.701400379451807
Western_Grebe_0036_36521.jpg,0.6457106176939003,0.5557419128749779,0.6861747279558155
Western_Grebe_0011_36522.jpg,0.5788281755611681,0.40289796455323756,0.7303435685504027
Western_Grebe_0071_36536.jpg,0.6387308325816209,0.5613548403690396,0.6911616788395881
Western_Grebe_0021_36282.jpg,0.7090529995235539,0.6952737027535946,0.777141306682039
Western_Grebe_0105_36542.jpg,0.6483948462382706,0.5742175246477346,0.6517930105477576
Western_Grebe_0042_36035.jpg,0.62453296516303,0.5212059626856962,0.6972035905158304
Western_Grebe_0087_36570.jpg,0.6281755708679793,0.5208761844328891,0.6434345903862779
Western_Grebe_0049_36219.jpg,0.6238186136381019,0.5179045136487165,0.7252630093990622
Blue_Grosbeak_0061_36633.jpg,0.5871677666831259,0.4462870878884171,0.7051706745704106
Blue_Grosbeak_0078_36655.jpg,0.6178329401762395,0.5180049535709149,0.820041719026863
Blue_Grosbeak_0074_37155.jpg,0.6312692330811549,0.5337207047312217,0.7971752539604393
Blue_Grosbeak_0042_36742.jpg,0.666883078512577,0.6294317390066841,0.8315300328563527
Blue_Grosbeak_0025_36646.jpg,0.6447482714976138,0.5668201731765099,0.8041729710804656
Blue_Grosbeak_0109_36914.jpg,0.6609189405274515,0.5946231830539638,0.7722676725779923
Blue_Grosbeak_0041_37174.jpg,0.635222295320637,0.5449203431887113,0.6948111362317352
Blue_Grosbeak_0049_37180.jpg,0.6236634632314144,0.547845110598988,0.8153890888618931
Blue_Grosbeak_0112_36679.jpg,0.6085673470463809,0.4813943476503846,0.6897887496643659
Blue_Grosbeak_0024_36680.jpg,0.6009094181606673,0.48112285391260046,0.6598546265701523
Blue_Grosbeak_0071_36948.jpg,0.737605378812985,0.758675017011025,0.8654513922670978
Blue_Grosbeak_0075_36963.jpg,0.5721424558713488,0.40352638460253387,0.7519377852179028
Blue_Grosbeak_0014_36708.jpg,0.6548789204969558,0.5958607909570219,0.7856623000333203
Blue_Grosbeak_0104_36984.jpg,0.6714632304630186,0.6234509955938067,0.7068336007297483
Blue_Grosbeak_0015_36985.jpg,0.6342835764775214,0.5437720293990047,0.74319749068269
Blue_Grosbeak_0106_36986.jpg,0.5684022490629368,0.38330861530035854,0.5778480299581248
Blue_Grosbeak_0085_36990.jpg,0.6435392465601023,0.5727979911258112,0.8089571692266926
Blue_Grosbeak_0082_36991.jpg,0.5322318009336546,0.2958250401685153,0.6564946643688325
Blue_Grosbeak_0019_37205.jpg,0.6341497936886767,0.541141541895529,0.6663347410471266
Blue_Grosbeak_0095_37007.jpg,0.5645268184737684,0.36945050090516074,0.7358433778265502
Blue_Grosbeak_0027_36703.jpg,0.6182913595213908,0.5315832992504579,0.7393593284734868
Blue_Grosbeak_0081_37034.jpg,0.7265791349564421,0.7348884507028707,0.8673953633772956
Blue_Grosbeak_0087_36780.jpg,0.6528485605705838,0.5890966155888409,0.8153806236081586
Blue_Grosbeak_0048_36809.jpg,0.6379390905230808,0.567145506971856,0.7601058814416345
Blue_Grosbeak_0097_37067.jpg,0.6139126861331605,0.5118705125236778,0.812126618882012
Blue_Grosbeak_0022_37082.jpg,0.4728332465357632,0.10302832990168787,0.622803941761569
Blue_Grosbeak_0002_36648.jpg,0.6831647236640535,0.6583827661882722,0.8239502898862987
Blue_Grosbeak_0057_37116.jpg,0.633168929325132,0.557555692568563,0.7626850010469202
Blue_Grosbeak_0016_36862.jpg,0.6184211629416447,0.5080722470665534,0.7902576811807926
Blue_Grosbeak_0046_37119.jpg,0.6342756215923468,0.5546908273367801,0.7566078745077895
Evening_Grosbeak_0120_37378.jpg,0.637360520726236,0.5688923549715338,0.7923846794263203
Evening_Grosbeak_0017_37379.jpg,0.672254689095522,0.620894382047897,0.6917640851699205
Evening_Grosbeak_0141_37398.jpg,0.6069424244519601,0.4880049215097808,0.7865156131706321
Evening_Grosbeak_0024_37404.jpg,0.6381077200530857,0.5518307800772777,0.6550486201995059
Evening_Grosbeak_0063_37409.jpg,0.6501915262863511,0.5838709727884464,0.7203830450108474
Evening_Grosbeak_0028_37410.jpg,0.6337921208535642,0.54344611286759,0.6553628492936421
Evening_Grosbeak_0114_37416.jpg,0.6393180392959097,0.5697305098381888,0.7404870853050635
Evening_Grosbeak_0040_37429.jpg,0.5462718171213803,0.34214100221199795,0.7140374684536201
Evening_Grosbeak_0004_37960.jpg,0.6408434728607046,0.5721688890149692,0.7475769170878677
Evening_Grosbeak_0036_37978.jpg,0.6792346901404136,0.6498436973209487,0.6975426964369512
Evening_Grosbeak_0085_37487.jpg,0.6626723985417187,0.5984703217755967,0.6762295358936476
Evening_Grosbeak_0053_38005.jpg,0.6540695528271485,0.5958754183304049,0.7446953319538687
Evening_Grosbeak_0007_37312.jpg,0.6279159756104591,0.5514937653177017,0.8010763589333336
Evening_Grosbeak_0061_38026.jpg,0.6499805508883676,0.5771372751773665,0.7281555715930816
Evening_Grosbeak_0098_37532.jpg,0.6475301424066093,0.5781019901534032,0.72611975305608
Evening_Grosbeak_0086_38048.jpg,0.6251859432046165,0.5225381748482741,0.6366091013444024
Evening_Grosbeak_0078_38051.jpg,0.6344429882378626,0.5569839938611567,0.821215848088129
Evening_Grosbeak_0077_38160.jpg,0.6387506636517184,0.5476635598571793,0.6543967764709184
Evening_Grosbeak_0003_37698.jpg,0.667316217057615,0.623751161225742,0.7001576248899342
Evening_Grosbeak_0090_37225.jpg,0.6478264626782422,0.5730578863297047,0.6908659548156757
Evening_Grosbeak_0038_37228.jpg,0.6572872797894393,0.6003017079878894,0.7357052252909904
Evening_Grosbeak_0025_37230.jpg,0.6638269990038131,0.6081763162773615,0.7465761345747829
Evening_Grosbeak_0015_37238.jpg,0.599845112661062,0.4702437919226282,0.7011615374514706
Evening_Grosbeak_0031_37239.jpg,0.6322009620580372,0.5419981662487705,0.7711209735350231
Evening_Grosbeak_0021_37789.jpg,0.5813326960025399,0.3957230301676582,0.5206924170348303
Evening_Grosbeak_0118_37299.jpg,0.678547431053413,0.636349057254346,0.6840146103793473
Evening_Grosbeak_0076_37818.jpg,0.6417328719840822,0.5609853268078049,0.6735751746586082
Evening_Grosbeak_0129_37831.jpg,0.654468483282919,0.5911163984834509,0.6917327679681439
Evening_Grosbeak_0005_37331.jpg,0.5997038616744963,0.46053424582528224,0.628636301064892
Evening_Grosbeak_0050_37336.jpg,0.5979784075146967,0.47640019190204463,0.7770250897768577
Pine_Grosbeak_0039_38400.jpg,0.7206824769012721,0.7337927455129565,0.8261141134660038
Pine_Grosbeak_0094_38912.jpg,0.5174462077197899,0.23562168561347252,0.7596187909470407
Pine_Grosbeak_0024_38403.jpg,0.6185681395241361,0.531530376540559,0.8335931723819966
Pine_Grosbeak_0077_38929.jpg,0.7366836881161407,0.7627684248576299,0.8683084063909124
Pine_Grosbeak_0056_38940.jpg,0.6689229644689783,0.6147565121068014,0.7884092026789039
Pine_Grosbeak_0042_38432.jpg,0.6796072631274168,0.6470211306909167,0.8391067666180387
Pine_Grosbeak_0096_38441.jpg,0.6555116962512538,0.5933888176659387,0.7192158168603517
Pine_Grosbeak_0109_38451.jpg,0.6693811187240261,0.623215211788275,0.7563339464712305
Pine_Grosbeak_0071_38207.jpg,0.6454367138357606,0.5584468190436839,0.642037704088595
Pine_Grosbeak_0032_38473.jpg,0.625205731739197,0.5204262969831065,0.8148555163175029
Pine_Grosbeak_0029_38995.jpg,0.694743570654681,0.6886683397165273,0.8436721111456661
Pine_Grosbeak_0008_38486.jpg,0.6413141535497768,0.5606493674853638,0.7231075460715426
Pine_Grosbeak_0016_38743.jpg,0.6636266449220056,0.6100527125969686,0.7520757521113351
Pine_Grosbeak_0106_38218.jpg,0.6359121048929208,0.5414531983790457,0.704409221244664
Pine_Grosbeak_0083_38508.jpg,0.6823075634541433,0.6606078210386708,0.8454996546739663
Pine_Grosbeak_0044_38766.jpg,0.6087214068959259,0.4881646283020129,0.7356493041405532
Pine_Grosbeak_0067_38524.jpg,0.6397139388573096,0.5587776642218274,0.8172818457029936
Pine_Grosbeak_0055_38730.jpg,0.5949380996638594,0.4492294113872767,0.7222087844989232
Pine_Grosbeak_0046_38275.jpg,0.6926237132232341,0.6760190319690684,0.8413904103707562
Pine_Grosbeak_0108_38281.jpg,0.6277319732969849,0.5368696455652906,0.7941224227489841
Pine_Grosbeak_0052_38804.jpg,0.6567482866514561,0.570969542910928,0.739126418044603
Pine_Grosbeak_0053_38805.jpg,0.6165821362677091,0.4973479631350428,0.6131886664625528
Pine_Grosbeak_0091_38811.jpg,0.6727327209562117,0.6380375411160137,0.7822786447167003
Pine_Grosbeak_0034_38987.jpg,0.7085703701520518,0.6970700011628455,0.6745297653570791
Pine_Grosbeak_0009_38609.jpg,0.6993664768808783,0.6935174460764484,0.8561419405727048
Pine_Grosbeak_0075_38619.jpg,0.5710555706881892,0.39118636955376584,0.656393650641865
Pine_Grosbeak_0018_38374.jpg,0.662763240925013,0.5967203219472503,0.6809492063328442
Pine_Grosbeak_0021_38382.jpg,0.6741902587435366,0.631585555000405,0.8270161764919413
Pine_Grosbeak_0014_38398.jpg,0.6677310091627982,0.6292048509178528,0.7982095483160556
Pine_Grosbeak_0004_38396.jpg,0.668026193737489,0.6168701868089975,0.7696182397458396
Rose_Breasted_Grosbeak_0008_39481.jpg,0.6710023471776073,0.6286531425990252,0.7817126699063447
Rose_Breasted_Grosbeak_0045_39489.jpg,0.6351568165099215,0.5593761096627352,0.7566305937272079
Rose_Breasted_Grosbeak_0101_39495.jpg,0.5845749535207421,0.4294331782699473,0.6444420110298484
Rose_Breasted_Grosbeak_0108_39000.jpg,0.6368388076600067,0.5615755197784998,0.750690836261883
Rose_Breasted_Grosbeak_0014_39037.jpg,0.6654725863543016,0.6025218214748549,0.7639940406929989
Rose_Breasted_Grosbeak_0052_39044.jpg,0.5044811102401678,0.22858003813706962,0.6488557937868638
Rose_Breasted_Grosbeak_0059_39045.jpg,0.5855700732267841,0.42948157908409035,0.6071977930287334
Rose_Breasted_Grosbeak_0103_39580.jpg,0.6758863777330635,0.6367448878038107,0.8032358223592265
Rose_Breasted_Grosbeak_0117_39601.jpg,0.710105568305318,0.6993292899282018,0.7656330310788153
Rose_Breasted_Grosbeak_0033_39290.jpg,0.5675164158330832,0.3879259728119073,0.7289086275759376
Rose_Breasted_Grosbeak_0004_39143.jpg,0.5912220216354549,0.4617601226027399,0.7394646020522503
Rose_Breasted_Grosbeak_0055_39154.jpg,0.6759398861957133,0.6367927028034956,0.7293128366089706
Rose_Breasted_Grosbeak_0040_39689.jpg,0.5782675133924782,0.42517370252155984,0.7653795704554639
Rose_Breasted_Grosbeak_0026_39191.jpg,0.5698270636498748,0.3934125851375059,0.7441562384739663
Rose_Breasted_Grosbeak_0128_39204.jpg,0.6089889945350189,0.4943233957385412,0.7771363957417494
Rose_Breasted_Grosbeak_0089_39211.jpg,0.5928411802307115,0.4550913039472909,0.6990684853491033
Rose_Breasted_Grosbeak_0018_39731.jpg,0.6839984969197699,0.6592551057075213,0.7991548121677653
Rose_Breasted_Grosbeak_0003_39223.jpg,0.5743779404737519,0.4188024533293869,0.7403613145952943
Rose_Breasted_Grosbeak_0010_39238.jpg,0.6188071169408152,0.5074841485159424,0.7412902314157724
Rose_Breasted_Grosbeak_0025_39252.jpg,0.5494468330204196,0.3396956673166871,0.6893771058848023
Rose_Breasted_Grosbeak_0069_39254.jpg,0.623880996262554,0.5319482125577528,0.8165375649868041
Rose_Breasted_Grosbeak_0032_39772.jpg,0.5832343111038918,0.43543429658874067,0.8212161157191679
Rose_Breasted_Grosbeak_0016_39265.jpg,0.6686697912373596,0.6151377625312374,0.703651260589558
Rose_Breasted_Grosbeak_0028_39271.jpg,0.5506120410762041,0.3530953196543656,0.7067479151928098
Rose_Breasted_Grosbeak_0060_39279.jpg,0.6211565203543467,0.5341252786080043,0.8165160181104045
Rose_Breasted_Grosbeak_0087_39280.jpg,0.5724908100761178,0.39646048244342025,0.6794336923108246
Rose_Breasted_Grosbeak_0122_39284.jpg,0.5795585819448983,0.4046696517433711,0.6950871531488803
Rose_Breasted_Grosbeak_0051_39798.jpg,0.531333889437293,0.2936745747647541,0.7886297898350504
Rose_Breasted_Grosbeak_0126_39361.jpg,0.6205874355953596,0.5336090350276863,0.7899103049059352
Rose_Breasted_Grosbeak_0110_39373.jpg,0.6262490807536663,0.5462933897104506,0.8569692867987013
Pigeon_Guillemot_0012_40236.jpg,0.7119883262502701,0.6982251343978667,0.7622770365255712
Pigeon_Guillemot_0062_39853.jpg,0.6488272105335917,0.5565499168667563,0.6919026002067742
Pigeon_Guillemot_0071_40216.jpg,0.6389334592853542,0.5468002797213478,0.5278140869338857
Pigeon_Guillemot_0009_40218.jpg,0.7346978688370593,0.7431047358876797,0.786140698953273
Pigeon_Guillemot_0015_40232.jpg,0.587034587757727,0.4010829715837564,0.41798434183689576
Pigeon_Guillemot_0108_40235.jpg,0.6624532590958994,0.5933197880637652,0.6822751419562291
Pigeon_Guillemot_0003_39986.jpg,0.6478306191709915,0.5658572784967506,0.7264814171093869
Pigeon_Guillemot_0096_39995.jpg,0.7205956451941704,0.7159940206136359,0.7500456530801034
Pigeon_Guillemot_0013_40253.jpg,0.5846368857766997,0.4139467522999778,0.6318285546940785
Pigeon_Guillemot_0089_40008.jpg,0.6462947585727955,0.557842251744764,0.6634459515712402
Pigeon_Guillemot_0040_40270.jpg,0.6864003928914366,0.646898951786878,0.8054745139740132
Pigeon_Guillemot_0023_39829.jpg,0.7069619105036229,0.689689355244127,0.6813666067712818
Pigeon_Guillemot_0042_40281.jpg,0.699263944763759,0.6764715747993997,0.8091033494204902
Pigeon_Guillemot_0082_40290.jpg,0.6846262773837758,0.6460058688002737,0.7561623320596834
Pigeon_Guillemot_0038_40035.jpg,0.6863543868419806,0.6426237646404971,0.6543904795799778
Pigeon_Guillemot_0030_40089.jpg,0.7257443933047785,0.7252360623548125,0.8104123677282568
Pigeon_Guillemot_0043_39861.jpg,0.7221629289188598,0.7164400496073664,0.7161874326226277
Pigeon_Guillemot_0109_39872.jpg,0.5974280338229931,0.44366103926183253,0.6902050658760152
Pigeon_Guillemot_0057_40130.jpg,0.702677031285181,0.686764823086013,0.7718076184261567
Pigeon_Guillemot_0079_40389.jpg,0.6870693265602624,0.6508963783858286,0.7308453190938611
Pigeon_Guillemot_0052_40137.jpg,0.6528504517852529,0.576791700166416,0.7634397111426672
Pigeon_Guillemot_0029_39889.jpg,0.64531909553961,0.5538850279772354,0.6715607717212316
Pigeon_Guillemot_0037_40149.jpg,0.6917023371945509,0.6589614209672112,0.8115918392507862
Pigeon_Guillemot_0007_40313.jpg,0.5896683716383477,0.43513414841229403,0.7089859136318148
Pigeon_Guillemot_0087_39897.jpg,0.6881458119078661,0.6554901225685152,0.7603514344286503
Pigeon_Guillemot_0075_40159.jpg,0.6798649038637874,0.6457458263047695,0.815875235819638
Pigeon_Guillemot_0100_40179.jpg,0.697393657667935,0.666915104489705,0.7343377321613798
Pigeon_Guillemot_0011_39935.jpg,0.6997316792965602,0.688014981820781,0.812642623316747
California_Gull_0131_40963.jpg,0.6387541624994022,0.5553836521207318,0.7297579109918053
California_Gull_0067_40973.jpg,0.5706252690329854,0.39226126560889285,0.6928658914704683
California_Gull_0102_40986.jpg,0.683836404776863,0.6444557399663818,0.7865846162298749
California_Gull_0039_41034.jpg,0.6342891602977181,0.5309680669225323,0.7435138922213806
California_Gull_0034_41548.jpg,0.6169991887415971,0.514472769771398,0.7303328897298141
California_Gull_0078_41550.jpg,0.6294163063513427,0.5299942080272981,0.7533727242519203
California_Gull_0086_41040.jpg,0.6485755411856076,0.5685157792655787,0.5771022556408358
California_Gull_0110_41063.jpg,0.6753185547096331,0.6289688358870789,0.6979268745556806
California_Gull_0037_41066.jpg,0.7042856816818275,0.6826371035181457,0.7603809151269292
California_Gull_0027_41083.jpg,0.6664994642177722,0.6025780838833992,0.6293491182177163
California_Gull_0048_41121.jpg,0.6834074842876166,0.6459914553732218,0.761299629547394
California_Gull_0101_41140.jpg,0.6088168975475795,0.46528302738468597,0.612630321593004
California_Gull_0028_40666.jpg,0.567389213331809,0.38829669743962203,0.5547615565552604
California_Gull_0089_40716.jpg,0.6925525961108819,0.6533277149635,0.5706716767625559
California_Gull_0010_40735.jpg,0.6732489721594995,0.625910240225446,0.7251925526206159
California_Gull_0117_41292.jpg,0.611402966358754,0.4830278724598036,0.7145154826935477
California_Gull_0088_41296.jpg,0.6844386962232654,0.6349576544780327,0.6273479018984732
California_Gull_0001_40786.jpg,0.6697576421260121,0.6163643842532656,0.7624159946964998
California_Gull_0081_41318.jpg,0.5944249985219545,0.4621628111593804,0.7476524289517538
California_Gull_0091_41276.jpg,0.6514811337983202,0.5969212062680129,0.7287566999806463
California_Gull_0043_41326.jpg,0.7163887239017428,0.7162245712344205,0.8147376332923966
California_Gull_0123_41330.jpg,0.6331232035954327,0.5369341856279384,0.771024095776198
California_Gull_0132_40836.jpg,0.6977621582506979,0.6966950614961054,0.8844077886346368
California_Gull_0030_41354.jpg,0.6843245397938141,0.6416966325011728,0.6567989052915916
California_Gull_0058_40858.jpg,0.6322387282081452,0.546352879066395,0.7160365306962766
California_Gull_0038_40865.jpg,0.6362260975837548,0.5318226874708277,0.5259622523182583
California_Gull_0054_40871.jpg,0.6124235280380237,0.5008049400844159,0.7046639715206966
California_Gull_0026_41386.jpg,0.5153747640639206,0.2395920605117846,0.5929639549293136
California_Gull_0014_40880.jpg,0.4878197032121335,0.1533881894971284,0.49124143092760425
California_Gull_0087_40909.jpg,0.6985095216321724,0.6757255119898902,0.7372185927598653
Glaucous_Winged_Gull_0136_45059.jpg,0.6541229023207874,0.5874523738495442,0.5886091593806035
Glaucous_Winged_Gull_0007_44575.jpg,0.6368421043733155,0.5282521113263804,0.5220120542799159
Glaucous_Winged_Gull_0035_44576.jpg,0.5902240469942297,0.4201271932779653,0.5445632468538715
Glaucous_Winged_Gull_0118_2081.jpg,0.6243173311174042,0.5248992996077388,0.7309963835124401
Glaucous_Winged_Gull_0102_44579.jpg,0.6215554845029612,0.5018096976099098,0.692223982795134
Glaucous_Winged_Gull_0112_44731.jpg,0.6742058069012552,0.61845748330706,0.5680298226697295
Glaucous_Winged_Gull_0056_44658.jpg,0.6159958994112196,0.483971044456748,0.5122318362176224
Glaucous_Winged_Gull_0124_44663.jpg,0.6730706694763577,0.6122886609672685,0.6706010187568276
Glaucous_Winged_Gull_0066_44669.jpg,0.6344472466226423,0.5349592929198783,0.7669275760656684
Glaucous_Winged_Gull_0094_44696.jpg,0.6992430525852574,0.6743098532156149,0.6993167560242886
Glaucous_Winged_Gull_0130_45210.jpg,0.6629882051608249,0.5952036105106118,0.6051284902917942
Glaucous_Winged_Gull_0015_44198.jpg,0.6961197071287275,0.6708907494147867,0.7873109017483886
Glaucous_Winged_Gull_0017_45224.jpg,0.6285271450580066,0.513589255859427,0.6259088622866992
Glaucous_Winged_Gull_0101_44718.jpg,0.6124349244649285,0.5009500586419212,0.6675048523227297
Glaucous_Winged_Gull_0038_44719.jpg,0.6379598468507439,0.5485770477446722,0.6000569316029503
Glaucous_Winged_Gull_0116_45236.jpg,0.6526257028181395,0.5833489525578889,0.7895273449313325
Glaucous_Winged_Gull_0022_44733.jpg,0.6362672011200904,0.5379914278531113,0.5115828569928417
Glaucous_Winged_Gull_0076_44744.jpg,0.6194459810154451,0.4948940762064975,0.5142588333961671
Glaucous_Winged_Gull_0084_44775.jpg,0.5990325541639782,0.44620326946165945,0.47265868389210614
Glaucous_Winged_Gull_0117_44298.jpg,0.6392222231837984,0.5306209530368289,0.486017760570879
Glaucous_Winged_Gull_0011_44827.jpg,0.6780355897858031,0.6255328769691233,0.682158218109534
Glaucous_Winged_Gull_0090_44836.jpg,0.6459502832623567,0.56254832159001,0.5874948483863968
Glaucous_Winged_Gull_0061_44852.jpg,0.6214694218137902,0.5105653635304543,0.7303962634210164
Glaucous_Winged_Gull_0111_44856.jpg,0.5649146141056395,0.3280858292378921,0.3337624891379348
Glaucous_Winged_Gull_0004_44361.jpg,0.6854029978972433,0.6435383231438754,0.7377726845467384
Glaucous_Winged_Gull_0053_44881.jpg,0.6233964400728742,0.4941172492042918,0.535303709025249
Glaucous_Winged_Gull_0013_44381.jpg,0.6155126282491372,0.4848748730711142,0.6755913140946603
Glaucous_Winged_Gull_0075_44455.jpg,0.6774797343304355,0.6325116944150567,0.687636056219822
Glaucous_Winged_Gull_0082_44528.jpg,0.6406446810414113,0.5443283035505915,0.746451159098717
Heermann_Gull_0093_45576.jpg,0.6811540786522501,0.6386081497222154,0.6657343789142239
Heermann_Gull_0018_45608.jpg,0.6549125388009129,0.5928868597556034,0.8200741432718494
Heermann_Gull_0109_45619.jpg,0.6492864893948677,0.5715001242696819,0.7515614299571943
Heermann_Gull_0051_45622.jpg,0.6033159197861457,0.45881514267332413,0.4922990001350391
Heermann_Gull_0118_45626.jpg,0.6287170608621213,0.5295164950773512,0.7391451889628053
Heermann_Gull_0059_45642.jpg,0.656928169216526,0.5833805944699736,0.6084142538955665
Heermann_Gull_0111_45652.jpg,0.6770696861453962,0.6357269102216705,0.7700263623438921
Heermann_Gull_0087_45658.jpg,0.6630890059816814,0.5972509786551154,0.6814200454909176
Heermann_Gull_0023_45686.jpg,0.5646785068011972,0.3762223191658134,0.6491623398002496
Heermann_Gull_0034_45693.jpg,0.6889263910888175,0.6646704563002716,0.7926468217456525
Heermann_Gull_0071_45735.jpg,0.7146057966094197,0.7060183835674689,0.78940602733241
Heermann_Gull_0013_45771.jpg,0.6920791853009545,0.6699456850157347,0.8034624469167175
Heermann_Gull_0138_45269.jpg,0.6322147502598612,0.5403766271000757,0.6702903379702937
Heermann_Gull_0097_45783.jpg,0.663070002303165,0.5941016650543538,0.6174328517487218
Heermann_Gull_0033_45792.jpg,0.6515721407778627,0.5864263491458668,0.701551755284224
Heermann_Gull_0075_45295.jpg,0.6353901143813033,0.5393541209055974,0.6354531561012917
Heermann_Gull_0031_45822.jpg,0.6822096841607979,0.644997607037225,0.7820162262164624
Heermann_Gull_0090_45834.jpg,0.5505644500898861,0.3188309236784914,0.5687410367596563
Heermann_Gull_0074_45351.jpg,0.6219886161623802,0.5159872360771862,0.739243779312267
Heermann_Gull_0027_45864.jpg,0.6436658437023983,0.5446268008593584,0.521580393038969
Heermann_Gull_0091_45363.jpg,0.6735654391278075,0.6299322992760735,0.7389530295043738
Heermann_Gull_0083_45879.jpg,0.5462984352807763,0.33176661389979645,0.4986128956175402
Heermann_Gull_0121_45375.jpg,0.6858334652049101,0.6459130990977511,0.6694947280508744
Heermann_Gull_0046_45888.jpg,0.6908517098099074,0.6631758848451947,0.7552937470076528
Heermann_Gull_0055_45901.jpg,0.6106967806010573,0.4655518255708192,0.46998103723138657
Heermann_Gull_0133_45415.jpg,0.6780327438316915,0.6304953689369612,0.6411707660174466
Heermann_Gull_0136_45416.jpg,0.6905903551369135,0.6586090683046575,0.6878091140519926
Heermann_Gull_0004_45936.jpg,0.6422135865437391,0.5613143695534986,0.6898929213120079
Heermann_Gull_0110_45968.jpg,0.6872987151345848,0.6447330564689535,0.5909071355409732
Heermann_Gull_0001_45472.jpg,0.6123345132463749,0.4917992567435556,0.7019060378959315
Herring_Gull_0049_46508.jpg,0.6112215906825038,0.4850279129756101,0.6817255231673578
Herring_Gull_0037_48655.jpg,0.6174597468555376,0.4949400012746613,0.637456057928946
Herring_Gull_0115_47123.jpg,0.6299595678125502,0.5400396629467468,0.6394128611177553
Herring_Gull_0070_46615.jpg,0.6631057862627985,0.6052053435687981,0.6987098448435906
Herring_Gull_0083_48674.jpg,0.5394582358694819,0.30819305902887506,0.5591804308252253
Herring_Gull_0012_46654.jpg,0.6265027461512449,0.5232017308360651,0.6434920221831977
Herring_Gull_0001_48205.jpg,0.7215731676699308,0.717356265654506,0.7780402732271816
Herring_Gull_0078_48718.jpg,0.6233564414199604,0.5004613712859798,0.44101141181247044
Herring_Gull_0071_48751.jpg,0.6542216811933084,0.5801506200652762,0.7688160088284932
Herring_Gull_0145_46220.jpg,0.6495010291329237,0.5706966616890881,0.6876648219912247
Herring_Gull_0120_48822.jpg,0.6306592145847574,0.5238894729580525,0.5272981220572388
Herring_Gull_0056_46783.jpg,0.6019296434392608,0.4664863392927624,0.6286912245868754
Herring_Gull_0080_46806.jpg,0.6625907317536794,0.5869536416953686,0.7195973900655193
Herring_Gull_0087_47841.jpg,0.6235147918498971,0.5075503168409861,0.6024623162011367
Herring_Gull_0098_46971.jpg,0.6566151017555151,0.5770221520540177,0.6261364066306025
Herring_Gull_0045_46845.jpg,0.6730122441543509,0.6187453141105276,0.7096710377259383
Herring_Gull_0015_46353.jpg,0.6029011149425381,0.4692946710938337,0.6472969032642114
Herring_Gull_0058_47383.jpg,0.47676342826855367,0.1235179617295099,0.4247981821766041
Herring_Gull_0132_47395.jpg,0.5918702339781836,0.4424930265293646,0.5687951036415471
Herring_Gull_0027_46389.jpg,0.5370275871150175,0.3015118278245348,0.6876978502012039
Herring_Gull_0068_46392.jpg,0.7591095631654481,0.7861028947203447,0.7949350135764374
Herring_Gull_0055_47994.jpg,0.6647658923220224,0.5940187491277253,0.4961801121626265
Herring_Gull_0076_47497.jpg,0.6328144050888007,0.5258901601982753,0.5795116037701515
Herring_Gull_0138_48023.jpg,0.7277055750319371,0.7276830857548828,0.6644826266180454
Herring_Gull_0061_46501.jpg,0.5867705911411526,0.4314757399332144,0.7006457603639638
Herring_Gull_0103_45996.jpg,0.6769647964802078,0.6303490685058873,0.7074809723657525
Herring_Gull_0082_47540.jpg,0.6622713604300922,0.6149286776904512,0.7830716538927479
Herring_Gull_0016_48969.jpg,0.6869410792786999,0.649117193769166,0.7747295129049707
Herring_Gull_0093_46029.jpg,0.7513840227939517,0.773776977388127,0.777408287979712
Herring_Gull_0102_48078.jpg,0.6076069324812339,0.462649239277368,0.6489352316524487
Ivory_Gull_0110_49408.jpg,0.6619022291228909,0.613592068286536,0.7303826838519554
Ivory_Gull_0010_49169.jpg,0.7455361346039036,0.7684424232449729,0.8398564911297404
Ivory_Gull_0088_49177.jpg,0.6491117489598979,0.5800226197670588,0.7844140677088142
Ivory_Gull_0085_49456.jpg,0.6321895155029331,0.5463643824863631,0.77665464043092
Ivory_Gull_0118_49191.jpg,0.5505096075729481,0.33632007770220296,0.6234559729790883
Ivory_Gull_0024_49195.jpg,0.6659989861927982,0.5989545234828221,0.5550580324590153
Ivory_Gull_0086_49532.jpg,0.5308619877383145,0.25399121422494764,0.396656652453426
Ivory_Gull_0087_49202.jpg,0.6883927116965766,0.6569947226193413,0.775428551419828
Ivory_Gull_0062_49722.jpg,0.680975322078915,0.6423212346496643,0.7466220295486256
Ivory_Gull_0092_49996.jpg,0.6322164979593057,0.5297438921819358,0.5580184968067161
Ivory_Gull_0080_49748.jpg,0.6824026290386755,0.6410920729965242,0.7579197645154582
Ivory_Gull_0014_48983.jpg,0.685723725854049,0.6506131445159169,0.687476793257708
Ivory_Gull_0050_49245.jpg,0.6362877917664848,0.5520841187927752,0.6140282924058461
Ivory_Gull_0004_49019.jpg,0.6546863500718787,0.5693776408733369,0.5303678985693459
Ivory_Gull_0002_49788.jpg,0.6866833555905962,0.6463189293581828,0.687955847268839
Ivory_Gull_0101_49790.jpg,0.6013873625942564,0.46029132597744626,0.7739192773507575
Ivory_Gull_0114_49535.jpg,0.5717228940188315,0.3962753303464981,0.6621308457378586
Ivory_Gull_0073_49287.jpg,0.7620170924075046,0.790268473194202,0.8609012832797176
Ivory_Gull_0038_49298.jpg,0.6370525400322367,0.5338439505970227,0.5739921696702279
Ivory_Gull_0018_49988.jpg,0.6903155406947729,0.6607424204745656,0.74221324978968
Ivory_Gull_0077_49051.jpg,0.6320734913653716,0.5340098179140262,0.6567362933168511
Ivory_Gull_0093_49052.jpg,0.6799737219161516,0.6427233528812499,0.7560592102958708
Ivory_Gull_0032_49322.jpg,0.7009341394713353,0.6747834015459115,0.7272125515443759
Ivory_Gull_0094_49347.jpg,0.6968635612732661,0.6717926148151019,0.8069081453467809
Ivory_Gull_0108_49356.jpg,0.6227883942245971,0.5122781858857246,0.7054946939579484
Ivory_Gull_0007_49364.jpg,0.6788740163367362,0.6395633859349231,0.6624331548286889
Ivory_Gull_0026_49466.jpg,0.607324753552709,0.4669329416254173,0.7029539619944399
Ivory_Gull_0023_49385.jpg,0.6785863293639186,0.6369445851119901,0.6952304739539287
Ivory_Gull_0071_49402.jpg,0.6874550644746507,0.6534440016256249,0.6653466579459008
Ivory_Gull_0064_49406.jpg,0.6294933692521449,0.5314034062722408,0.8049907620636578
Ring_Billed_Gull_0013_50180.jpg,0.6413128721916013,0.551805344327339,0.691161155905174
Ring_Billed_Gull_0079_51206.jpg,0.6439685755422768,0.5797131228020949,0.7627134879070704
Ring_Billed_Gull_0039_50191.jpg,0.6798230496774657,0.6409842732200464,0.7761025244901777
Ring_Billed_Gull_0045_50215.jpg,0.6508908880540525,0.5878613713181168,0.758751505680982
Ring_Billed_Gull_0044_50239.jpg,0.6144942081746674,0.4749991246657861,0.5909514773288697
Ring_Billed_Gull_0034_51270.jpg,0.6354067487858439,0.5369388051328331,0.5845031963668933
Ring_Billed_Gull_0038_51275.jpg,0.6647808761943526,0.6124941094437596,0.815046215613482
Ring_Billed_Gull_0085_51292.jpg,0.6928995087377156,0.6688767666762019,0.7462453958556302
Ring_Billed_Gull_0021_51300.jpg,0.637336301131062,0.5323220881694171,0.49667587254489737
Ring_Billed_Gull_0009_51301.jpg,0.6563497000751954,0.5914851497091708,0.7125897059320002
Ring_Billed_Gull_0093_51303.jpg,0.6411000620169045,0.5643532203978706,0.8478580227382784
Ring_Billed_Gull_0107_51306.jpg,0.6484034735620915,0.5765300078051289,0.6579840440386058
Ring_Billed_Gull_0057_51315.jpg,0.5972893777006985,0.47198757265776725,0.7438398165543929
Ring_Billed_Gull_0089_51348.jpg,0.6209955218836323,0.5095730527638822,0.6992955261202766
Ring_Billed_Gull_0115_51891.jpg,0.6730552348123897,0.6226713411515459,0.7003977449597671
Ring_Billed_Gull_0128_51403.jpg,0.5828297325492122,0.4165075278038628,0.5214100109458453
Ring_Billed_Gull_0083_51407.jpg,0.6192177361008269,0.5002933581185603,0.6433246276177778
Ring_Billed_Gull_0007_51430.jpg,0.6465736186547272,0.5547693137427354,0.6945311115802931
Ring_Billed_Gull_0051_51440.jpg,0.6754005848224293,0.6236831252580035,0.6275456200289058
Ring_Billed_Gull_0036_51461.jpg,0.6300727905660971,0.5242101036438946,0.5783160914080409
Ring_Billed_Gull_0016_50392.jpg,0.6390548885831353,0.5480756687217225,0.6572364255758575
Ring_Billed_Gull_0078_51494.jpg,0.6498793018969302,0.5729196427361938,0.5741897912699134
Ring_Billed_Gull_0105_51513.jpg,0.6159377820019238,0.5108346917929356,0.7564291578903574
Ring_Billed_Gull_0071_52845.jpg,0.6942954514284663,0.6645154780893218,0.7247328846579454
Ring_Billed_Gull_0056_51523.jpg,0.6791390844679892,0.6380635231596722,0.6864561147783781
Ring_Billed_Gull_0113_51525.jpg,0.6402004496206286,0.5637729922378816,0.715230043737387
Ring_Billed_Gull_0132_51552.jpg,0.6399269511149228,0.5559554168419327,0.678696778266016
Ring_Billed_Gull_0029_52613.jpg,0.6488003804882183,0.5601798882605569,0.5499308299063312
Ring_Billed_Gull_0104_52614.jpg,0.6852986816116402,0.6391024680603109,0.633325894806171
Ring_Billed_Gull_0106_52729.jpg,0.6530905772260456,0.5838909056248058,0.6492942783239425
Slaty_Backed_Gull_0017_796034.jpg,0.6674460510192541,0.6200439359032202,0.6389537207812168
Slaty_Backed_Gull_0061_53309.jpg,0.6992357177819708,0.6790830399872135,0.7003446614557857
Slaty_Backed_Gull_0007_53334.jpg,0.6774446419878122,0.641731611408322,0.7320141388751801
Slaty_Backed_Gull_0027_53080.jpg,0.6714754279943764,0.6175155064861393,0.6053110581116513
Slaty_Backed_Gull_0015_796004.jpg,0.6040432827354227,0.4726500137233257,0.6919148537807355
Slaty_Backed_Gull_0066_796016.jpg,0.6921068412188858,0.6699481252522088,0.6848733566952588
Slaty_Backed_Gull_0079_796020.jpg,0.6728722790847164,0.6370710735651729,0.8183049401070903
Slaty_Backed_Gull_0022_796022.jpg,0.6830178303844404,0.6441484084790838,0.6186480493917649
Slaty_Backed_Gull_0035_796026.jpg,0.6109624658858901,0.4611947587998776,0.5897342221320685
Slaty_Backed_Gull_0075_796027.jpg,0.6854588038897581,0.6689658035439718,0.77481654352265
Slaty_Backed_Gull_0024_796028.jpg,0.7042063555513643,0.700115611546975,0.8193135485263899
Slaty_Backed_Gull_0023_796030.jpg,0.6678985590873581,0.6200921525666332,0.7350759706814494
Slaty_Backed_Gull_0003_796032.jpg,0.6420484962510118,0.5549523526477088,0.6107748994095847
Slaty_Backed_Gull_0078_796042.jpg,0.49917187375407623,0.19496779529702768,0.6416601945881463
Slaty_Backed_Gull_0050_796045.jpg,0.6408068759005106,0.5568558784264033,0.6667569453765188
Slaty_Backed_Gull_0063_796050.jpg,0.6710980334017926,0.6292454278060673,0.7766199184374504
Slaty_Backed_Gull_0036_796053.jpg,0.6798130985065052,0.6328676858004515,0.6388162776811058
Slaty_Backed_Gull_0008_53145.jpg,0.62079426409843,0.48823218457083795,0.6507541104690394
Slaty_Backed_Gull_0085_53158.jpg,0.6941243583805177,0.666034554506058,0.6607675731563956
Slaty_Backed_Gull_0083_786386.jpg,0.6050348282506022,0.45905643732821255,0.6670142168432415
Western_Gull_0013_54794.jpg,0.6614235247807936,0.5928047948666213,0.723633181700182
Western_Gull_0048_53776.jpg,0.721090071900969,0.7177680184585498,0.7481447518049112
Western_Gull_0078_53595.jpg,0.593156683161204,0.43203933636312297,0.6087760997319367
Western_Gull_0104_53816.jpg,0.643770905795065,0.5581687290522982,0.7074159655369742
Western_Gull_0110_53861.jpg,0.6568372783656021,0.5989973793398482,0.7076026859207288
Western_Gull_0012_53605.jpg,0.6518306442457031,0.5695802070388578,0.6140205460325148
Western_Gull_0143_54909.jpg,0.6312502219375817,0.5444728665149963,0.7824858069506224
Western_Gull_0050_54425.jpg,0.5743258497496047,0.3733816817347314,0.7593128535158719
Western_Gull_0091_55465.jpg,0.6490926138892108,0.5650254022813732,0.6587157029308787
Western_Gull_0007_53431.jpg,0.7120155912952828,0.6997398233465126,0.7121048613320138
Western_Gull_0070_54978.jpg,0.6232102101495218,0.5031345858631341,0.5400548282893753
Western_Gull_0027_53994.jpg,0.6719367378715613,0.6140150573847918,0.6199429165194471
Western_Gull_0029_54143.jpg,0.7134664459208541,0.6987641875029926,0.6731773727278246
Western_Gull_0116_54037.jpg,0.6518086974700359,0.5901410105999704,0.7638574456040855
Western_Gull_0069_53553.jpg,0.6657324142356789,0.6072125491481458,0.7755097985061141
Western_Gull_0041_53554.jpg,0.6154487768003774,0.5088819636612618,0.6326184553846338
Western_Gull_0133_55639.jpg,0.6698525999873828,0.6378278642463957,0.7583530598936024
Western_Gull_0066_54105.jpg,0.7068514437207021,0.6895432787950931,0.6868917009773998
Western_Gull_0021_54649.jpg,0.6406697756461163,0.557057268105021,0.7617580935964139
Western_Gull_0024_53631.jpg,0.6204365113071686,0.5036376650559331,0.7154123791974728
Western_Gull_0035_55703.jpg,0.6719569314058598,0.607674514490705,0.5890614604663612
Western_Gull_0099_53670.jpg,0.5895426188715527,0.4339777173507462,0.5928001894281966
Western_Gull_0065_55728.jpg,0.6182706577885804,0.49470215522536665,0.70613990728555
Western_Gull_0087_54193.jpg,0.6246476001711143,0.5278029260227763,0.7471306996725992
Western_Gull_0043_54706.jpg,0.6691258508901027,0.6206677400880114,0.6952919917440211
Western_Gull_0071_54207.jpg,0.6544884231879053,0.585387478879795,0.5953059144945186
Western_Gull_0045_54735.jpg,0.6684965989825868,0.6108149749167535,0.7815979148187913
Western_Gull_0011_53713.jpg,0.7113466739297953,0.6985845817830658,0.7305073714888305
Western_Gull_0100_54761.jpg,0.6344404230441887,0.5394919539159011,0.6417195477576847
Western_Gull_0049_53748.jpg,0.6264486113427031,0.5223109055229835,0.572811717318975
Anna_Hummingbird_0106_56335.jpg,0.7150053228875888,0.7091842109917512,0.7911715615805849
Anna_Hummingbird_0093_56851.jpg,0.7263109784109412,0.7342991737473314,0.7930634960747652
Anna_Hummingbird_0126_55983.jpg,0.6398600169293105,0.5567415970461989,0.6668553992914849
Anna_Hummingbird_0080_56366.jpg,0.6976292399019451,0.6803540761126091,0.6860395266962509
Anna_Hummingbird_0027_55873.jpg,0.6524249131380135,0.5927144626957523,0.7387334718992237
Anna_Hummingbird_0055_56396.jpg,0.581849489921265,0.4385393999454966,0.7261903243040979
Anna_Hummingbird_0074_56917.jpg,0.5459394486296216,0.319337517614411,0.5268849034670463
Anna_Hummingbird_0099_55916.jpg,0.6918460678776255,0.6766810586260574,0.7328889136251049
Anna_Hummingbird_0087_56435.jpg,0.6188235740442694,0.5213267091871148,0.7616637172244982
Anna_Hummingbird_0001_56960.jpg,0.6733931634687937,0.6376831906427277,0.8269416877179748
Anna_Hummingbird_0101_56459.jpg,0.6098534751350305,0.49471015298202037,0.7856391697802492
Anna_Hummingbird_0066_56486.jpg,0.6878776101805277,0.6677934247504016,0.8532645961935839
Anna_Hummingbird_0086_56495.jpg,0.601714031276474,0.462930358887915,0.7529163767552308
Anna_Hummingbird_0019_57025.jpg,0.6783698055611717,0.6481917384440493,0.8060645553450339
Anna_Hummingbird_0037_56587.jpg,0.6725019359518762,0.6428343065420022,0.8267832114098429
Anna_Hummingbird_0070_56085.jpg,0.656291146698613,0.5940566554333432,0.7527258151745044
Anna_Hummingbird_0053_56112.jpg,0.6904223818275362,0.6743216951842956,0.8072328564899062
Anna_Hummingbird_0034_56614.jpg,0.6704212658317936,0.6211256315067191,0.7373569679689276
Anna_Hummingbird_0122_56622.jpg,0.6350645284795651,0.5643950380059573,0.792433075859879
Anna_Hummingbird_0130_56122.jpg,0.6006332474044187,0.4743537434606214,0.7548678935132371
Anna_Hummingbird_0022_55779.jpg,0.6273905838436771,0.5411696193737128,0.7041928587997899
Anna_Hummingbird_0065_56154.jpg,0.6627954637467715,0.624010628500029,0.7945671789713777
Anna_Hummingbird_0059_56674.jpg,0.5618491324458634,0.3793308772516544,0.728723428408846
Anna_Hummingbird_0117_55785.jpg,0.6686206189855926,0.6292510136363643,0.8083820874947282
Anna_Hummingbird_0031_56709.jpg,0.6373123232362379,0.5615794131793326,0.7935537430290219
Anna_Hummingbird_0018_56732.jpg,0.6174662215970599,0.49565813129198855,0.609056214609601
Anna_Hummingbird_0096_56754.jpg,0.6500944850450718,0.5845909230370951,0.6799465887770639
Anna_Hummingbird_0085_56756.jpg,0.7267443776448801,0.7290230205140638,0.7560045282232865
Anna_Hummingbird_0036_56809.jpg,0.5613996484028327,0.3438293240655057,0.473376866423143
Anna_Hummingbird_0119_56309.jpg,0.5783099843695538,0.4218716763026472,0.7146322551342398
Ruby_Throated_Hummingbird_0005_57349.jpg,0.6735646702364858,0.6435051003056982,0.7836678300586168
Ruby_Throated_Hummingbird_0077_57858.jpg,0.700767624328205,0.681586888910038,0.7918087284000797
Ruby_Throated_Hummingbird_0123_57745.jpg,0.6553328979554789,0.6070593421396303,0.8010069718846085
Ruby_Throated_Hummingbird_0126_57371.jpg,0.6632414700092053,0.6106075046914187,0.7195447851947245
Ruby_Throated_Hummingbird_0007_57388.jpg,0.7086383010115448,0.710461974015334,0.8663361509365461
Ruby_Throated_Hummingbird_0072_57391.jpg,0.6836763024301438,0.6571196505091287,0.8242884403205258
Ruby_Throated_Hummingbird_0009_57904.jpg,0.42025308736400224,-0.10154743690833823,0.5848410423935678
Ruby_Throated_Hummingbird_0090_57411.jpg,0.5902717175741473,0.4278486857691376,0.5808022031083919
Ruby_Throated_Hummingbird_0052_57432.jpg,0.653936174678557,0.5991614533651188,0.8050824927547177
Ruby_Throated_Hummingbird_0040_57982.jpg,0.6278819090856897,0.5288384851329145,0.6549161044369693
Ruby_Throated_Hummingbird_0014_57477.jpg,0.6485223131622346,0.5873534079053667,0.7768594818057842
Ruby_Throated_Hummingbird_0050_57510.jpg,0.6632632660680036,0.6057373050794691,0.7694845221849034
Ruby_Throated_Hummingbird_0066_57518.jpg,0.6697137305975778,0.6355532623671505,0.8393106681363205
Ruby_Throated_Hummingbird_0116_58031.jpg,0.6662999892473902,0.6043695121519291,0.7122476016372549
Ruby_Throated_Hummingbird_0118_57536.jpg,0.6336994335004112,0.559592677918509,0.8063589510391886
Ruby_Throated_Hummingbird_0075_57537.jpg,0.6605818291882527,0.6062125461372712,0.7346145537953808
Ruby_Throated_Hummingbird_0115_58067.jpg,0.6815548315584888,0.6574702169873117,0.809713539305225
Ruby_Throated_Hummingbird_0103_57573.jpg,0.6333026421071906,0.5291842395395168,0.645706589063968
Ruby_Throated_Hummingbird_0048_57222.jpg,0.6753341311152352,0.628636897463181,0.6912474335606807
Ruby_Throated_Hummingbird_0076_57649.jpg,0.5740510599911308,0.3898755370338076,0.7200715397627931
Ruby_Throated_Hummingbird_0108_57653.jpg,0.7279671978233286,0.7399110817619096,0.8170735289563797
Ruby_Throated_Hummingbird_0032_58168.jpg,0.6370528830614925,0.558467071903555,0.8310415666770877
Ruby_Throated_Hummingbird_0129_57666.jpg,0.6674876756435278,0.6218756337858122,0.7775576717398865
Ruby_Throated_Hummingbird_0008_58204.jpg,0.6517782139345483,0.5938119704285552,0.8461620084352603
Ruby_Throated_Hummingbird_0013_57212.jpg,0.7245624134225395,0.7308974334019018,0.8355641153586284
Ruby_Throated_Hummingbird_0025_57835.jpg,0.6144071280027898,0.49673488974485425,0.76946474297269
Ruby_Throated_Hummingbird_0046_57225.jpg,0.7322518086234048,0.7458730588556635,0.8012159924137945
Ruby_Throated_Hummingbird_0128_58281.jpg,0.6567418253268331,0.6076369684831646,0.8037591083490085
Ruby_Throated_Hummingbird_0120_58316.jpg,0.6215308761863512,0.5185728776816684,0.7534622747210873
Ruby_Throated_Hummingbird_0131_57813.jpg,0.43092728546297254,-0.07569512679351575,0.036343362016586354
Rufous_Hummingbird_0009_59405.jpg,0.6527599834280036,0.5924680882791713,0.8156517959377994
Rufous_Hummingbird_0002_58387.jpg,0.7017407677166014,0.6908962788748623,0.7778439589575131
Rufous_Hummingbird_0101_59420.jpg,0.6120252461021181,0.4905587821738737,0.6628357104496089
Rufous_Hummingbird_0021_58408.jpg,0.6317521588719037,0.5485900226145124,0.7892673788870358
Rufous_Hummingbird_0125_58932.jpg,0.6691232548348478,0.6116594828336119,0.6930823649421101
Rufous_Hummingbird_0134_59449.jpg,0.6531844439549025,0.5874063856885454,0.7673086653433081
Rufous_Hummingbird_0027_59456.jpg,0.6597127297254296,0.6044633381785303,0.7670402252609265
Rufous_Hummingbird_0007_58433.jpg,0.6579423308612955,0.5911815824316033,0.8439332579728442
Rufous_Hummingbird_0014_59476.jpg,0.5589181077080696,0.3560356048645731,0.537878688488181
Rufous_Hummingbird_0011_59480.jpg,0.651862513751869,0.5904405445422223,0.7746481290628309
Rufous_Hummingbird_0057_59489.jpg,0.6822985221969232,0.6470167781535922,0.8515315133215672
Rufous_Hummingbird_0130_59500.jpg,0.690120832705652,0.6812682112465087,0.8577805712129855
Rufous_Hummingbird_0052_59581.jpg,0.7118534556218129,0.7041684197537645,0.8282084750429528
Rufous_Hummingbird_0071_59505.jpg,0.6767775016093138,0.6338199134950946,0.7148873766129671
Rufous_Hummingbird_0067_59510.jpg,0.6869608883760536,0.6520982409001914,0.7098590123352914
Rufous_Hummingbird_0017_59520.jpg,0.7348580778351784,0.7617475234196129,0.8690884307509494
Rufous_Hummingbird_0065_58497.jpg,0.617778413729722,0.4963826699000403,0.757053777328832
Rufous_Hummingbird_0124_58465.jpg,0.6668103051068365,0.6210519254255982,0.7325180989825963
Rufous_Hummingbird_0100_59541.jpg,0.6162150188771585,0.5154089675559884,0.7997955588593396
Rufous_Hummingbird_0036_59562.jpg,0.6507173606703809,0.5897895381264754,0.8002167691883246
Rufous_Hummingbird_0076_59563.jpg,0.6716824567836779,0.6242398320777447,0.8030588049935021
Rufous_Hummingbird_0081_59592.jpg,0.6028602380915326,0.4666743935962434,0.7948493243534881
Rufous_Hummingbird_0090_58598.jpg,0.6668364352838402,0.6235237052909381,0.8130098390299625
Rufous_Hummingbird_0046_59647.jpg,0.6923434258894609,0.685785128576662,0.8448333088515733
Rufous_Hummingbird_0016_59660.jpg,0.6601912763934563,0.6099754687338229,0.7158963048081224
Rufous_Hummingbird_0119_59681.jpg,0.6407803018776684,0.5543374642935768,0.7578262357274206
Rufous_Hummingbird_0075_59619.jpg,0.7290526490960776,0.7386515113022776,0.8653072980567226
Rufous_Hummingbird_0074_59231.jpg,0.7157818694582468,0.704456978763421,0.7195274239856434
Rufous_Hummingbird_0128_60398.jpg,0.665261096535295,0.6277095632260224,0.8261773466451011
Rufous_Hummingbird_0121_59376.jpg,0.6697393893172279,0.6361008815193605,0.7858117071705895
Green_Violetear_0064_795661.jpg,0.6682495894244278,0.6258741260160192,0.8025797240646673
Green_Violetear_0003_795662.jpg,0.6599540214498376,0.6097078336803509,0.7996216664834365
Green_Violetear_0073_795680.jpg,0.7084890881741621,0.7031715263056613,0.8329787619319655
Green_Violetear_0066_795682.jpg,0.597535663928219,0.4632338995148265,0.7356348805440857
Green_Violetear_0002_795699.jpg,0.6202359035716756,0.5292798205668412,0.7923736602566154
Green_Violetear_0057_795701.jpg,0.650729731519943,0.584192369833684,0.6734762752342063
Green_Violetear_0008_795703.jpg,0.6070057778401466,0.4852422900658411,0.7425009091957132
Green_Violetear_0092_795704.jpg,0.638429885625204,0.5550766725003939,0.7067910992375102
Green_Violetear_0024_795705.jpg,0.6411865869864195,0.565947083503743,0.7058482983589883
Green_Violetear_0032_795707.jpg,0.6768588031189948,0.6540373528758969,0.8019933067510321
Green_Violetear_0055_795712.jpg,0.670902099199863,0.6317855614678636,0.7749559715565095
Green_Violetear_0112_795713.jpg,0.6965982949483206,0.6856881826907364,0.7992719563255064
Green_Violetear_0044_795717.jpg,0.6442973671945513,0.5681333569567747,0.8014870467619043
Green_Violetear_0074_795720.jpg,0.6130156726289083,0.5104980410260366,0.8254121513333055
Green_Violetear_0069_795723.jpg,0.6662032169573031,0.6166942040202565,0.7461302367445558
Green_Violetear_0119_795724.jpg,0.6290039074769189,0.5329554598221011,0.7089485359133691
Green_Violetear_0045_60765.jpg,0.6140999464834184,0.5164278505952198,0.818738353638456
Green_Violetear_0031_60774.jpg,0.6245149263193097,0.5286852183296171,0.6830386811093926
Green_Violetear_0107_60781.jpg,0.6051336288979797,0.480289758220792,0.670278730274156
Green_Violetear_0048_60789.jpg,0.6410410238702965,0.5655005336464477,0.7803335819111745
Green_Violetear_0034_60792.jpg,0.5977373841018468,0.4525955258709876,0.7501064836375655
Green_Violetear_0022_60799.jpg,0.6381575092713863,0.5565998118721742,0.7356354555424884
Green_Violetear_0029_60808.jpg,0.6346158453194846,0.5521610069473948,0.7863068988596791
Green_Violetear_0114_60809.jpg,0.6270328295828238,0.5260314722465895,0.7411006249597799
Green_Violetear_0078_60844.jpg,0.6198722452903138,0.51552599760496,0.764827913546468
Green_Violetear_0072_60858.jpg,0.5671239531108314,0.3964425959704474,0.6825350849744148
Green_Violetear_0110_60866.jpg,0.6033542571680657,0.47401941784878165,0.7987752083193379
Green_Violetear_0059_60873.jpg,0.6300940187215013,0.5380663378298869,0.7813283056679391
Green_Violetear_0081_795638.jpg,0.6742831061804215,0.637293976924934,0.8106152485554314
Green_Violetear_0106_795643.jpg,0.6690217069631224,0.6309687173574284,0.7725090343981927
Long_Tailed_Jaeger_0025_60937.jpg,0.6540815847579906,0.5786210558302611,0.7484349989501505
Long_Tailed_Jaeger_0033_60955.jpg,0.6324049339972395,0.517360039604254,0.6577452244357677
Long_Tailed_Jaeger_0030_60961.jpg,0.5865623090262733,0.43277293708027986,0.6740061573123856
Long_Tailed_Jaeger_0044_60968.jpg,0.6156268117494671,0.5026286000482931,0.7444987286509369
Long_Tailed_Jaeger_0019_60970.jpg,0.475334762887753,0.11066615466868268,0.2956941452264027
Long_Tailed_Jaeger_0017_797081.jpg,0.6997396803332816,0.6809509459951113,0.8004074320861941
Long_Tailed_Jaeger_0064_60999.jpg,0.5356918204501222,0.29191419570720256,0.6226144534801187
Long_Tailed_Jaeger_0045_61007.jpg,0.6854558095677368,0.6412991438417056,0.7701094936358203
Long_Tailed_Jaeger_0065_61042.jpg,0.5435206526162293,0.31870752729923757,0.6413381177596248
Long_Tailed_Jaeger_0055_61046.jpg,0.5529319676925447,0.35013325602266043,0.6752060189389648
Long_Tailed_Jaeger_0049_797063.jpg,0.6002846869879331,0.45582113117319667,0.6561756750633085
Long_Tailed_Jaeger_0023_797072.jpg,0.6280031532153936,0.5239183213939689,0.6691216104905877
Long_Tailed_Jaeger_0063_797073.jpg,0.6302158021746527,0.5149231768279974,0.5121481393469389
Long_Tailed_Jaeger_0047_797075.jpg,0.6340260712286999,0.5493152828905905,0.7213104289054781
Long_Tailed_Jaeger_0036_797076.jpg,0.6289842594176625,0.5190662343376986,0.5818235825975185
Long_Tailed_Jaeger_0059_797079.jpg,0.5742942578244787,0.4072729936839091,0.7984955916111365
Long_Tailed_Jaeger_0003_61082.jpg,0.5470854222369712,0.31276588934377125,0.6419624752162957
Long_Tailed_Jaeger_0020_61084.jpg,0.6082555919523018,0.49178168009699585,0.7441017189624319
Long_Tailed_Jaeger_0028_797082.jpg,0.5995113283794711,0.45901066244820665,0.6042259437575489
Long_Tailed_Jaeger_0014_797086.jpg,0.6900772856042027,0.676735499354576,0.8448906378954274
Long_Tailed_Jaeger_0066_60921.jpg,0.5824363283452207,0.4165624276164642,0.744511309471671
Long_Tailed_Jaeger_0057_797094.jpg,0.6983405199551251,0.6772350275172982,0.6698606982572539
Long_Tailed_Jaeger_0051_797095.jpg,0.6740226196694838,0.6365464781347948,0.7946205255031492
Long_Tailed_Jaeger_0016_797084.jpg,0.5997495510163501,0.42899975868113993,0.5046365949764112
Long_Tailed_Jaeger_0026_797098.jpg,0.6575617808431651,0.5723040843375908,0.5927917446656819
Long_Tailed_Jaeger_0035_797100.jpg,0.6574362224641919,0.6194647174971204,0.8613650638903492
Long_Tailed_Jaeger_0034_797102.jpg,0.6211505905090384,0.5181250917913829,0.6721899051588359
Long_Tailed_Jaeger_0046_797103.jpg,0.6253705977546797,0.5147079094310063,0.6477443751048858
Long_Tailed_Jaeger_0010_60895.jpg,0.6218038456701542,0.5158280090068226,0.6723886891850241
Long_Tailed_Jaeger_0024_60915.jpg,0.6523239437010504,0.5794891408754248,0.6462527255059844
Pomarine_Jaeger_0030_61447.jpg,0.6628138530120251,0.6301038066096676,0.7964842666805574
Pomarine_Jaeger_0010_61457.jpg,0.6722254625459176,0.6286784946020452,0.7277870233776704
Pomarine_Jaeger_0008_61231.jpg,0.6151942343777337,0.4997265195142929,0.7855554986158748
Pomarine_Jaeger_0034_61247.jpg,0.6483498978284361,0.581596076100159,0.7637658548317212
Pomarine_Jaeger_0051_795738.jpg,0.617210145795809,0.5068937159805373,0.6608688854840175
Pomarine_Jaeger_0077_795739.jpg,0.5984290120613387,0.4706855048276226,0.7744023843577381
Pomarine_Jaeger_0058_795746.jpg,0.7090352660822138,0.6952366233890949,0.7979895043701098
Pomarine_Jaeger_0033_795749.jpg,0.5911200749802031,0.453452402752476,0.6684242952432953
Pomarine_Jaeger_0045_795750.jpg,0.6811115276736397,0.6506288409797449,0.7977444910962166
Pomarine_Jaeger_0080_795751.jpg,0.6164528418592631,0.4869498319737393,0.5673896569171751
Pomarine_Jaeger_0042_795755.jpg,0.6512236724912329,0.575750499284945,0.7013854909611106
Pomarine_Jaeger_0027_795767.jpg,0.6406772705767392,0.5674093316830107,0.7135543634906821
Pomarine_Jaeger_0056_795770.jpg,0.5956119412869163,0.459701478715029,0.7686470063432326
Pomarine_Jaeger_0021_795776.jpg,0.6659939417793054,0.6216323281386527,0.7470300396776743
Pomarine_Jaeger_0011_795777.jpg,0.6082382064235738,0.4779393474655812,0.6927881011237976
Pomarine_Jaeger_0017_795782.jpg,0.6429546923785212,0.5578358753480486,0.7489086095446686
Pomarine_Jaeger_0054_795791.jpg,0.6513330584631226,0.564498157697302,0.7465059074673703
Pomarine_Jaeger_0053_795792.jpg,0.5936038787915177,0.4479192558286387,0.712621924444328
Pomarine_Jaeger_0049_795795.jpg,0.5045170584417176,0.18588421867218674,0.6737165129063517
Pomarine_Jaeger_0028_795797.jpg,0.6553807488903078,0.5822469670347629,0.6862369983758628
Pomarine_Jaeger_0014_61335.jpg,0.5536453844925466,0.34780279825755134,0.6581294366498386
Pomarine_Jaeger_0073_795800.jpg,0.6825068056259465,0.6501052104918349,0.8083455644904791
Pomarine_Jaeger_0059_61347.jpg,0.6005577545895624,0.46367050992166847,0.7401783166219426
Pomarine_Jaeger_0062_61351.jpg,0.5977587273122599,0.475040985193947,0.7561243016394045
Pomarine_Jaeger_0002_61361.jpg,0.6380227616043517,0.5402719243733534,0.7592896917902953
Pomarine_Jaeger_0029_61365.jpg,0.5344912555207049,0.2734373628685556,0.4838116244328086
Pomarine_Jaeger_0069_61381.jpg,0.6069335778069105,0.48693912669152706,0.7411234551241549
Pomarine_Jaeger_0063_61406.jpg,0.650837080211391,0.5943845133647672,0.8340127408534768
Pomarine_Jaeger_0015_61429.jpg,0.6050165080239349,0.47388388560200567,0.6430996357947313
Pomarine_Jaeger_0023_61431.jpg,0.600636276977411,0.4595078008394151,0.7383770954138428
Blue_Jay_0033_62024.jpg,0.638976640529956,0.5694607572735276,0.8354948758637546
Blue_Jay_0006_63504.jpg,0.6794080515532279,0.6378897960730262,0.8367424158335354
Blue_Jay_0081_61714.jpg,0.7052911245586877,0.7094049479366494,0.8993549357517331
Blue_Jay_0053_62744.jpg,0.6811740952997806,0.6620355991632639,0.8466611962238417
Blue_Jay_0056_61723.jpg,0.7000635427544768,0.6775330535183937,0.8003386695880987
Blue_Jay_0088_63264.jpg,0.6991301425321133,0.6776438838582,0.8280778293140553
Blue_Jay_0044_62759.jpg,0.6441941529521895,0.5722352854499058,0.7599474367612765
Blue_Jay_0083_61492.jpg,0.6925514700845536,0.6938927014209109,0.8748134402010006
Blue_Jay_0012_63753.jpg,0.6902991415394882,0.6713631511212637,0.775795705169507
Blue_Jay_0082_62524.jpg,0.6432589809643501,0.5555018964637386,0.7255324286574591
Blue_Jay_0055_61507.jpg,0.7174701985543682,0.7171124758402241,0.7743664169972401
Blue_Jay_0096_63330.jpg,0.6297478803002146,0.5440164449575151,0.8151212835520781
Blue_Jay_0068_61543.jpg,0.6964277133580041,0.6900931329950983,0.8692062953809663
Blue_Jay_0060_62570.jpg,0.6377961815891665,0.550977030195162,0.632311547866522
Blue_Jay_0028_63599.jpg,0.6118822162295722,0.49091310148675316,0.7688576641057727
Blue_Jay_0020_63604.jpg,0.5874990012024627,0.44200300726008745,0.7796014630531484
Blue_Jay_0036_61560.jpg,0.6639280694639502,0.625770002851791,0.8585176476889234
Blue_Jay_0062_62585.jpg,0.6647039766081357,0.6219762774932925,0.7990904719365012
Blue_Jay_0049_63082.jpg,0.6606947988003455,0.6164156486818944,0.851541673979878
Blue_Jay_0031_62913.jpg,0.6657628579124505,0.6298853247652267,0.8414608698206929
Blue_Jay_0079_62626.jpg,0.6785199786937062,0.6556292261917507,0.814771975603461
Blue_Jay_0011_63660.jpg,0.7274598842489972,0.7422179509345332,0.8300202699724879
Blue_Jay_0101_62882.jpg,0.645558479736657,0.5579259185985428,0.6104568088101293
Blue_Jay_0092_61654.jpg,0.6961688655935048,0.6906034416782072,0.8560254442157382
Blue_Jay_0076_61817.jpg,0.6454555446295857,0.5788304743552464,0.7533101869757355
Blue_Jay_0018_63455.jpg,0.5921275294035087,0.45222171220397644,0.7537293726395814
Blue_Jay_0072_62944.jpg,0.6303501510656668,0.5353017757660679,0.7782909630101327
Blue_Jay_0094_62698.jpg,0.6531479235606219,0.5998990842792986,0.8079066628964875
Blue_Jay_0029_62199.jpg,0.7336137339073785,0.7432303967900178,0.7869723019094245
Blue_Jay_0050_62974.jpg,0.6987719002593615,0.6945671596185734,0.8375579435653944
Florida_Jay_0105_64522.jpg,0.6358427749625838,0.5573068824164542,0.749434432653301
Florida_Jay_0004_65042.jpg,0.689480586335881,0.6653712765325719,0.8474185456856415
Florida_Jay_0086_65025.jpg,0.6606965117834744,0.601612714614175,0.7406043499301745
Florida_Jay_0103_64537.jpg,0.598025237024125,0.46820066885562905,0.7720792533142815
Florida_Jay_0016_65051.jpg,0.6893502967393961,0.6620261873746681,0.8067304504238212
Florida_Jay_0061_65097.jpg,0.682741347839382,0.6539974598503966,0.8393905075686847
Florida_Jay_0083_64599.jpg,0.60924065326064,0.49753392523807505,0.7574363415638246
Florida_Jay_0110_64605.jpg,0.6574599398267307,0.5921629832555484,0.8285183919625742
Florida_Jay_0012_64887.jpg,0.7021865246162609,0.6903904184764539,0.8560170780120462
Florida_Jay_0052_64633.jpg,0.6911004161850691,0.6796396708031676,0.8742353736472092
Florida_Jay_0100_64645.jpg,0.7009555780598186,0.6883526782829865,0.8595281103376917
Florida_Jay_0097_64906.jpg,0.6782673704653246,0.6419883381513427,0.7880677032097372
Florida_Jay_0011_64920.jpg,0.6725404710953251,0.6291368149570858,0.7717255223688904
Florida_Jay_0044_64664.jpg,0.6760802527908185,0.6440308533844514,0.7861720088412595
Florida_Jay_0026_64938.jpg,0.6838863127340764,0.6611818534559466,0.829122705787714
Florida_Jay_0005_64940.jpg,0.7376020946217974,0.7628926434695318,0.9081262350667022
Florida_Jay_0027_64689.jpg,0.677119255896963,0.6382889970343839,0.8465907992744163
Florida_Jay_0078_64692.jpg,0.6549660167658896,0.5888401458607557,0.7782344786015278
Florida_Jay_0013_64706.jpg,0.6416730634064466,0.5803656214382432,0.8398522422014071
Florida_Jay_0007_64708.jpg,0.671555989032246,0.632578690804223,0.8680595084134466
Florida_Jay_0009_64723.jpg,0.6566093908546738,0.5944989375048892,0.8132526094152867
Florida_Jay_0080_64505.jpg,0.6452512632035691,0.5754974155919015,0.7962120356609379
Florida_Jay_0041_64734.jpg,0.6488716244814143,0.564785411497482,0.7012669527903427
Florida_Jay_0099_64735.jpg,0.6585387835915786,0.5987099145551598,0.8512121807705939
Florida_Jay_0065_64739.jpg,0.5515713514183648,0.33330609863622007,0.6914985067953345
Florida_Jay_0062_64996.jpg,0.7300622521181099,0.7412033383552086,0.8481259155821166
Florida_Jay_0058_64997.jpg,0.6322987066302701,0.5587928803901359,0.846289923670365
Florida_Jay_0046_64488.jpg,0.6863031807370981,0.6535299460783472,0.6949294202123191
Florida_Jay_0073_64896.jpg,0.6704260269196356,0.6206994641010091,0.7918760612802467
Florida_Jay_0017_65017.jpg,0.7167882338463349,0.7252203945108056,0.7824839626784501
Green_Jay_0041_65548.jpg,0.5692559232332994,0.3649204943139994,0.40140701936530004
Green_Jay_0064_65552.jpg,0.6253558872295417,0.5298514822516571,0.7717852796081606
Green_Jay_0089_66075.jpg,0.668944585284525,0.6229737285202886,0.795872813460098
Green_Jay_0059_65586.jpg,0.6758197009076748,0.6411199832702841,0.7892470536252428
Green_Jay_0126_65716.jpg,0.6089912330577153,0.4911611476246378,0.7924769368303615
Green_Jay_0029_65637.jpg,0.61742130707296,0.5061299612000991,0.6155454410000497
Green_Jay_0052_66174.jpg,0.6030585683739544,0.47222664501856304,0.7590820219282007
Green_Jay_0038_65702.jpg,0.6224463360731036,0.5062696058389091,0.6729574783430475
Green_Jay_0028_65719.jpg,0.6718071419323997,0.6401560860881823,0.7953725795291332
Green_Jay_0077_65736.jpg,0.5548870738439445,0.3465607866521778,0.722405949031304
Green_Jay_0118_66251.jpg,0.6670272354810308,0.6045152324921744,0.5624742767365842
Green_Jay_0042_65740.jpg,0.6584643462299138,0.5941203373677533,0.6743251776335742
Green_Jay_0115_65745.jpg,0.6261177035523956,0.5386570870788099,0.7715189921127528
Green_Jay_0047_65757.jpg,0.6410242572487854,0.5800958019647326,0.7974003492685203
Green_Jay_0027_65783.jpg,0.6093310212467358,0.485912057690117,0.6751781554766907
Green_Jay_0106_65811.jpg,0.5902063344122925,0.4403065460129364,0.6668421660939405
Green_Jay_0030_65824.jpg,0.6979016459333705,0.6833647828290497,0.8083482409037391
Green_Jay_0124_65848.jpg,0.5683421963452837,0.3826482805997399,0.6191010202557984
Green_Jay_0098_65857.jpg,0.6518894614071086,0.5959473798387995,0.8247009896517993
Green_Jay_0092_65884.jpg,0.654549584184831,0.594780975766686,0.7347404376661179
Green_Jay_0130_65885.jpg,0.6617028564050378,0.6094049486443014,0.8176997365905408
Green_Jay_0132_65886.jpg,0.6690539688933829,0.6401790395254532,0.8648977628645446
Green_Jay_0074_65889.jpg,0.5723617656094298,0.4102927828086096,0.7338383885384872
Green_Jay_0090_65895.jpg,0.6767116898067428,0.6450767471096435,0.7918631796466846
Green_Jay_0104_65908.jpg,0.6664341543484931,0.6402494056941175,0.7836059932625521
Green_Jay_0063_65925.jpg,0.5960637379235509,0.46027806891049694,0.7870384052478504
Green_Jay_0011_65947.jpg,0.6796566879446377,0.6322649788569655,0.6134490906922508
Dark_Eyed_Junco_0015_66576.jpg,0.6993633236319385,0.6878329604738544,0.8088007457643653
Dark_Eyed_Junco_0057_68650.jpg,0.6739242277613353,0.6450604833282901,0.7950506672075456
Dark_Eyed_Junco_0106_68139.jpg,0.6693219776493505,0.6308584304017185,0.8254782359365119
Dark_Eyed_Junco_0023_68661.jpg,0.6163387428442039,0.5096162850838462,0.7024296510260322
Dark_Eyed_Junco_0124_67664.jpg,0.6759655337380989,0.6354984499801132,0.7708181447508675
Dark_Eyed_Junco_0010_66649.jpg,0.6138288643439277,0.4967052706097689,0.72278343906695
Dark_Eyed_Junco_0017_67676.jpg,0.637967735063544,0.556079029888556,0.7802164923527662
Dark_Eyed_Junco_0063_67688.jpg,0.6443870399484207,0.5618776037080447,0.7004536392401394
Dark_Eyed_Junco_0044_68213.jpg,0.6997667203565732,0.6849504279698637,0.8359569605172456
Dark_Eyed_Junco_0040_66689.jpg,0.6958989585169943,0.6828023460688654,0.8729574174786228
Dark_Eyed_Junco_0016_68738.jpg,0.6600657668239776,0.6067164410041657,0.7275843408963428
Dark_Eyed_Junco_0058_68784.jpg,0.7048718905116296,0.6978309668734528,0.7800202090185304
Dark_Eyed_Junco_0014_66258.jpg,0.6815338408091861,0.6557423437258447,0.8236221608966662
Dark_Eyed_Junco_0021_66261.jpg,0.5978271944507889,0.45318983151944736,0.5894519866536341
Dark_Eyed_Junco_0031_66785.jpg,0.6490792618333641,0.5842221535007901,0.7784151878615706
Dark_Eyed_Junco_0011_66280.jpg,0.6873398208670043,0.6793117929775374,0.8518137639264197
Dark_Eyed_Junco_0104_67820.jpg,0.6574267474827162,0.5961824121438262,0.5898925609788855
Dark_Eyed_Junco_0059_66305.jpg,0.6304092690055287,0.555016374386647,0.7913197189480234
Dark_Eyed_Junco_0093_67335.jpg,0.6512236898345889,0.6027320283224753,0.863065481090123
Dark_Eyed_Junco_0037_66321.jpg,0.7307947705528925,0.7392096423860623,0.7059403749475179
Dark_Eyed_Junco_0078_66866.jpg,0.6145341822011045,0.5042394219165969,0.7821756834254633
Dark_Eyed_Junco_0069_68416.jpg,0.6380964734626811,0.5494386854193551,0.7833426352368453
Dark_Eyed_Junco_0102_67402.jpg,0.6706218688639589,0.6190098352774906,0.8064417406718625
Dark_Eyed_Junco_0024_68961.jpg,0.6276164774476888,0.5521760568693121,0.7162465060030468
Dark_Eyed_Junco_0131_66423.jpg,0.6366871188647206,0.5623007548135184,0.8322228079512721
Dark_Eyed_Junco_0114_67964.jpg,0.6445502394503495,0.5799457355825366,0.8715799354919828
Dark_Eyed_Junco_0083_66449.jpg,0.664654537322122,0.590745426323354,0.6126142947722538
Dark_Eyed_Junco_0041_66464.jpg,0.6851804925045293,0.6488109373517379,0.8239924925059626
Dark_Eyed_Junco_0105_66479.jpg,0.6161169144751373,0.5156385738063667,0.7084056597929175
Dark_Eyed_Junco_0111_66488.jpg,0.600816436560943,0.4830992230129876,0.7069796486994191
Tropical_Kingbird_0019_69643.jpg,0.6709273703756427,0.6289192773548535,0.8075839593345188
Tropical_Kingbird_0068_69397.jpg,0.6288275412139197,0.5303161180065128,0.7511487926619703
Tropical_Kingbird_0073_69401.jpg,0.6712621241530952,0.6270699195128744,0.8116605949723458
Tropical_Kingbird_0006_69521.jpg,0.614443593027814,0.5105790413630622,0.7420645950619843
Tropical_Kingbird_0005_69662.jpg,0.656590482340885,0.5893750548230069,0.702182198999162
Tropical_Kingbird_0002_69595.jpg,0.6436712364671868,0.5689886820850099,0.7762204409221246
Tropical_Kingbird_0036_69939.jpg,0.6963317460165723,0.6791560099131457,0.8141873861962096
Tropical_Kingbird_0045_69605.jpg,0.6479709776552522,0.5791178089077407,0.7919555830254382
Tropical_Kingbird_0114_69700.jpg,0.5825971210861915,0.4192408786419928,0.7874297439900265
Tropical_Kingbird_0038_69455.jpg,0.6094621713507888,0.4688947707076361,0.6049714927377279
Tropical_Kingbird_0047_69719.jpg,0.6286113868770299,0.5406855774911368,0.7221359885931476
Tropical_Kingbird_0075_69978.jpg,0.6399022474979463,0.5503980467994152,0.6944258784882172
Tropical_Kingbird_0040_69728.jpg,0.6736326199556311,0.6345223040039658,0.832524195395383
Tropical_Kingbird_0110_69731.jpg,0.5395729493848894,0.29002899372694213,0.6418507948114326
Tropical_Kingbird_0027_69735.jpg,0.5682323222873906,0.3886183246459989,0.7124196300774329
Tropical_Kingbird_0095_69482.jpg,0.6293170173950201,0.5331691137345507,0.7793059202743594
Tropical_Kingbird_0052_69739.jpg,0.6692975508468713,0.6211759768087854,0.8026297943346454
Tropical_Kingbird_0115_69485.jpg,0.6529518335058849,0.5849480779869012,0.7475631047274374
Tropical_Kingbird_0022_69742.jpg,0.6083690425324688,0.4797582895605451,0.8082498961848369
Tropical_Kingbird_0034_69242.jpg,0.6666967111902977,0.618385321120748,0.7817748632810946
Tropical_Kingbird_0039_69253.jpg,0.6228116205676517,0.5212821411110045,0.79912515619819
Tropical_Kingbird_0067_69792.jpg,0.5930899004192567,0.4497828409778115,0.671037297526133
Tropical_Kingbird_0084_69312.jpg,0.6382457171094968,0.572171121109863,0.8542435692536512
Tropical_Kingbird_0066_69320.jpg,0.6540462125463398,0.5874701530991088,0.7996845533098752
Tropical_Kingbird_0024_69582.jpg,0.608786577492747,0.4805604227916015,0.7180005663888316
Tropical_Kingbird_0088_69856.jpg,0.559095972297462,0.35050947635119767,0.7080716900071159
Tropical_Kingbird_0051_69609.jpg,0.6493082282474079,0.5813648773035165,0.7621022086001896
Tropical_Kingbird_0043_69613.jpg,0.6634093617373285,0.607759159599266,0.738904625886702
Tropical_Kingbird_0079_69371.jpg,0.6837320486133369,0.6717377537256848,0.8907616637565465
Tropical_Kingbird_0063_69589.jpg,0.5665394137667945,0.3685832937437973,0.7476067055123128
Gray_Kingbird_0056_70156.jpg,0.6798048927995166,0.6411180995675476,0.7583846714851685
Gray_Kingbird_0017_70161.jpg,0.6589775748335316,0.60608323023737,0.8304385848503687
Gray_Kingbird_0053_70166.jpg,0.6392555586998596,0.5545587692569428,0.5813826846949557
Gray_Kingbird_0084_70171.jpg,0.6100220595254235,0.4938952925672936,0.6403600529456569
Gray_Kingbird_0036_70184.jpg,0.514342411099481,0.19561595620350092,0.34960543808202355
Gray_Kingbird_0075_70188.jpg,0.5668279158182824,0.3735847443333238,0.6768459201441638
Gray_Kingbird_0077_70191.jpg,0.6643228140240206,0.6137558180527676,0.815795321373931
Gray_Kingbird_0001_70224.jpg,0.5905118625721255,0.43213042246077216,0.7398721614296858
Gray_Kingbird_0014_70227.jpg,0.6295805110017036,0.5341484567172259,0.7784640037250359
Gray_Kingbird_0021_70228.jpg,0.6606969724149193,0.6064002721993017,0.712993253843638
Gray_Kingbird_0049_795022.jpg,0.6363308579696776,0.537782360623456,0.696719962493736
Gray_Kingbird_0054_70264.jpg,0.6663625731572784,0.6007090544060194,0.5971056772711024
Gray_Kingbird_0081_70276.jpg,0.6381300587228758,0.5525407522781166,0.7390854498914845
Gray_Kingbird_0019_795013.jpg,0.6246511048016028,0.5144231273984765,0.6398484270085271
Gray_Kingbird_0082_795014.jpg,0.6051260202356056,0.485472547779513,0.6373723727727066
Gray_Kingbird_0029_795015.jpg,0.6508024523667197,0.5794148500157372,0.7258348650736154
Gray_Kingbird_0055_70290.jpg,0.5938361222219088,0.43595203913699365,0.6444939038969525
Gray_Kingbird_0004_70293.jpg,0.6195633069128086,0.5131738740190338,0.7351952266565625
Gray_Kingbird_0043_795032.jpg,0.644727441894621,0.5736035630210643,0.7967458047897521
Gray_Kingbird_0070_70051.jpg,0.6367467961578952,0.5556547780638315,0.7790259255575448
Gray_Kingbird_0031_70308.jpg,0.5946817370982984,0.45587182009706584,0.6843828777612675
Gray_Kingbird_0010_70057.jpg,0.7083475042611904,0.6992171302521863,0.7701007807411551
Gray_Kingbird_0044_70322.jpg,0.5983337304332009,0.4419096684439242,0.7124515300491113
Gray_Kingbird_0034_70069.jpg,0.6886932623697758,0.6582079019523157,0.7425755411843555
Gray_Kingbird_0076_70070.jpg,0.7096984226287115,0.7031638931886928,0.775863480029741
Gray_Kingbird_0013_70135.jpg,0.6597035463901945,0.5997116483710848,0.7482184736871205
Gray_Kingbird_0005_70103.jpg,0.6657088669639137,0.6197690416810775,0.803708887883444
Gray_Kingbird_0032_70111.jpg,0.6261254809870054,0.5133364536183711,0.5753841693044967
Gray_Kingbird_0051_70139.jpg,0.6629616003527525,0.6014958201477462,0.7182585567353241
Belted_Kingfisher_0008_70668.jpg,0.5651494833658991,0.38485152150831037,0.7795857871488574
Belted_Kingfisher_0094_70698.jpg,0.6990703087480138,0.6857915502678336,0.7904676294584635
Belted_Kingfisher_0019_70744.jpg,0.7184575253979233,0.7319515260750836,0.8638644159251255
Belted_Kingfisher_0025_70501.jpg,0.6518135066421276,0.5926380890211629,0.8517092040692716
Belted_Kingfisher_0057_70582.jpg,0.6677579135989797,0.6138882513091615,0.8032678916831008
Belted_Kingfisher_0079_70524.jpg,0.6713321077718175,0.6352037147103773,0.8183518176147341
Belted_Kingfisher_0009_70536.jpg,0.5927374548833471,0.4354047070516084,0.6622520005652455
Belted_Kingfisher_0104_70596.jpg,0.7159860630496042,0.7183732247769903,0.8225514637859156
Belted_Kingfisher_0108_70554.jpg,0.6641377563993022,0.6101161304699796,0.8388855732217494
Belted_Kingfisher_0065_70560.jpg,0.6000314292454605,0.4766128692296904,0.8335517183131921
Belted_Kingfisher_0086_70569.jpg,0.6068273156577426,0.47211445877722824,0.6108459961486344
Belted_Kingfisher_0032_70573.jpg,0.6159517450674336,0.514844362004653,0.7845024035419748
Belted_Kingfisher_0063_70835.jpg,0.6668377105080614,0.6196370815229894,0.8084251690739821
Belted_Kingfisher_0012_70325.jpg,0.7078483469609977,0.6879073635868722,0.6912272567180363
Belted_Kingfisher_0071_70584.jpg,0.5636919174212657,0.36473265969885427,0.7263232703815985
Belted_Kingfisher_0034_70329.jpg,0.5893633849292779,0.4462403611707979,0.7548204035447633
Belted_Kingfisher_0058_70848.jpg,0.7224634294396982,0.7323016386045798,0.8615507351647957
Belted_Kingfisher_0017_70342.jpg,0.556267162956166,0.3549951065018432,0.7166829100335137
Belted_Kingfisher_0096_70347.jpg,0.6915362469749435,0.6743747124008757,0.8076542584185177
Belted_Kingfisher_0066_70356.jpg,0.7166999914728402,0.7211653602212602,0.8708326489837214
Belted_Kingfisher_0028_70358.jpg,0.733942847682264,0.747729496392333,0.8517198315069653
Belted_Kingfisher_0093_70360.jpg,0.6905798034904536,0.6716199668229036,0.8522229429494745
Belted_Kingfisher_0077_70620.jpg,0.7017734907866188,0.696510112922264,0.8636083323233275
Belted_Kingfisher_0078_70366.jpg,0.6369174537709186,0.5619690492529302,0.8222529492756183
Belted_Kingfisher_0006_70625.jpg,0.7071451964985687,0.7078120229449528,0.8746872323924025
Belted_Kingfisher_0107_70883.jpg,0.605453957869672,0.48657123526928836,0.8213241391100443
Belted_Kingfisher_0112_70634.jpg,0.695857858685912,0.6775018369558687,0.8399529691243521
Belted_Kingfisher_0015_70638.jpg,0.6121470180528233,0.4958528200637433,0.7375096854408549
Belted_Kingfisher_0027_70397.jpg,0.6715722768804494,0.6275156812625888,0.7735942839295008
Belted_Kingfisher_0014_70910.jpg,0.684228900640973,0.6723681493465975,0.8666943347660049
Green_Kingfisher_0046_71178.jpg,0.6630708826640448,0.6044243989522142,0.6771194683859282
Green_Kingfisher_0093_71185.jpg,0.6770995493406671,0.6465904123121247,0.8582756023553395
Green_Kingfisher_0060_66074.jpg,0.643405764719969,0.5872106620140786,0.888134528078055
Green_Kingfisher_0043_71212.jpg,0.577753044149791,0.38953142313217026,0.6874151872743233
Green_Kingfisher_0017_70957.jpg,0.6281392563204862,0.5368475818784397,0.8208218940040217
Green_Kingfisher_0074_71214.jpg,0.699690822063479,0.6861125544923787,0.843919188536056
Green_Kingfisher_0003_70970.jpg,0.6269957558278799,0.5265302694819003,0.6995827573806387
Green_Kingfisher_0028_70981.jpg,0.6502739576216141,0.5800208466069228,0.7576012241888332
Green_Kingfisher_0057_71096.jpg,0.600947799882598,0.4690979072963144,0.7054734802766361
Green_Kingfisher_0021_71009.jpg,0.6795885391410341,0.6525929003355145,0.8695725290561097
Green_Kingfisher_0079_71267.jpg,0.5859629065453761,0.4240565037159023,0.7568319813681971
Green_Kingfisher_0026_71059.jpg,0.5911039487386021,0.4358970650762264,0.6813693279530826
Green_Kingfisher_0092_71106.jpg,0.6453511080326021,0.5721496174467324,0.7483150970976205
Green_Kingfisher_0013_71293.jpg,0.6120147018321926,0.4978907942173487,0.8019392563011744
Green_Kingfisher_0009_70933.jpg,0.6138822141234193,0.49621984878966696,0.7580668065893332
Green_Kingfisher_0006_71297.jpg,0.6353303922592022,0.5576218040240806,0.7652192532946612
Green_Kingfisher_0015_71042.jpg,0.6724235645511552,0.6233046662941653,0.7538503064562735
Green_Kingfisher_0002_71055.jpg,0.648019270962432,0.5925363694658157,0.8100846427320536
Green_Kingfisher_0053_71319.jpg,0.663202589080435,0.6139858278373993,0.8375334899845748
Green_Kingfisher_0045_71064.jpg,0.6346038232409217,0.5538719940038577,0.7793303940378996
Green_Kingfisher_0089_71325.jpg,0.607779554620931,0.4944752974316947,0.7947271997241326
Green_Kingfisher_0034_71075.jpg,0.5942431788017837,0.4595810061037765,0.7546487060354652
Green_Kingfisher_0088_71122.jpg,0.6320571747322625,0.545606978165888,0.7674836843488974
Green_Kingfisher_0077_71129.jpg,0.6345690823499335,0.5430773655839205,0.6585173182274897
Green_Kingfisher_0070_71387.jpg,0.6381570807466245,0.5656598849596961,0.83961173184406
Green_Kingfisher_0035_71133.jpg,0.6510045913177422,0.5866097317017119,0.7723307256309467
Green_Kingfisher_0001_71138.jpg,0.6785533190422928,0.6425888803556126,0.7919434435281932
Green_Kingfisher_0039_71037.jpg,0.5836705440397078,0.43212937004353436,0.790913700685428
Green_Kingfisher_0036_71156.jpg,0.6078674899755101,0.49084308828119816,0.7651610865063038
Green_Kingfisher_0007_71163.jpg,0.5581652348343489,0.3539757523673771,0.6665154929826281
Pied_Kingfisher_0132_72706.jpg,0.6864662301327764,0.654552962019636,0.7964768340511016
Pied_Kingfisher_0002_71698.jpg,0.7086009287244336,0.7152594805032334,0.8810078981616682
Pied_Kingfisher_0028_72221.jpg,0.7340965570837399,0.7566726433493595,0.8709910624654753
Pied_Kingfisher_0053_72761.jpg,0.5859266011764603,0.4268787221999948,0.7552030895269949
Pied_Kingfisher_0036_72275.jpg,0.5800983049958004,0.41782499675493956,0.7626159761628715
Pied_Kingfisher_0068_72278.jpg,0.6446643789902472,0.5794153901281811,0.815342823660604
Pied_Kingfisher_0054_72296.jpg,0.7201221078674023,0.7306032064626349,0.8504399924620779
Pied_Kingfisher_0015_72299.jpg,0.6157093872289319,0.5096873116643384,0.7557060309295781
Pied_Kingfisher_0032_71792.jpg,0.592626643408198,0.4470324433522366,0.7469133355362999
Pied_Kingfisher_0031_71829.jpg,0.6499599374916636,0.587246357280419,0.7904943995253487
Pied_Kingfisher_0102_72349.jpg,0.6991506637849689,0.6918233359686454,0.8256750303593446
Pied_Kingfisher_0065_71871.jpg,0.6578389892924443,0.5956069427211992,0.6699644963390117
Pied_Kingfisher_0047_72401.jpg,0.6493452250495183,0.5944401447601108,0.805346431261535
Pied_Kingfisher_0097_71895.jpg,0.6534114575357823,0.5995293548034462,0.6368945323180923
Pied_Kingfisher_0116_71900.jpg,0.692062796648051,0.6853397277728722,0.8628443355340398
Pied_Kingfisher_0027_71434.jpg,0.6882332199774519,0.6629584036587768,0.8589707361490582
Pied_Kingfisher_0117_71947.jpg,0.7049617232083081,0.7013636591131195,0.8439478878854213
Pied_Kingfisher_0025_72469.jpg,0.6624824690986709,0.6141761158924566,0.8219332301626358
Pied_Kingfisher_0059_72492.jpg,0.6300978379607902,0.5422355872746849,0.8216234774238371
Pied_Kingfisher_0078_71985.jpg,0.6991823459847504,0.6927208049471707,0.8599713404190668
Pied_Kingfisher_0021_72498.jpg,0.6309668633805752,0.5400929461327892,0.7571705286021582
Pied_Kingfisher_0095_72008.jpg,0.7108855222283049,0.7177836261726629,0.8438524620392341
Pied_Kingfisher_0030_72603.jpg,0.6851684939846818,0.6623659949298857,0.8068164758050882
Pied_Kingfisher_0013_72114.jpg,0.5757540698445113,0.4221832420002306,0.8182014810574793
Pied_Kingfisher_0118_72115.jpg,0.6833626896545529,0.6495450025504923,0.8055158182195897
Pied_Kingfisher_0004_72135.jpg,0.6630905069697939,0.6234801229368883,0.8086848995522222
Pied_Kingfisher_0067_71641.jpg,0.5953676540099888,0.4535143911624877,0.6393372668532217
Pied_Kingfisher_0045_71143.jpg,0.6603389355451597,0.6160297862339179,0.8315833482697149
Pied_Kingfisher_0018_71657.jpg,0.64382000787322,0.5670158675091653,0.6751842493546524
Pied_Kingfisher_0085_71557.jpg,0.6494961251655929,0.5861822458896464,0.7753920520242327
Ringed_Kingfisher_0079_72961.jpg,0.6259921870409719,0.5364284534963797,0.7884641490515145
Ringed_Kingfisher_0012_72974.jpg,0.6027204380447537,0.4742651091271234,0.7463027013213506
Ringed_Kingfisher_0033_73133.jpg,0.5800088662287184,0.42006412373676116,0.7724608845321366
Ringed_Kingfisher_0107_72983.jpg,0.6548495069853955,0.5942505673337193,0.7742571924194566
Ringed_Kingfisher_0075_73135.jpg,0.6413473989969456,0.5555405922824423,0.6761016921849985
Ringed_Kingfisher_0003_72994.jpg,0.7313702465867256,0.7507228807089112,0.8783824932050701
Ringed_Kingfisher_0051_72997.jpg,0.45623748536854947,0.051248692311491206,0.6170040645547045
Ringed_Kingfisher_0035_73012.jpg,0.6576071146429232,0.5974371116329397,0.8263979276975201
Ringed_Kingfisher_0038_73041.jpg,0.6516175966875578,0.5941517190792431,0.7570757237649749
Ringed_Kingfisher_0009_72786.jpg,0.6620987963283338,0.595099837129697,0.7348478242710813
Ringed_Kingfisher_0001_73048.jpg,0.6647538513602601,0.6190435971930295,0.8051445857670899
Ringed_Kingfisher_0087_72794.jpg,0.6707530364133618,0.6298722982463774,0.745147672727453
Ringed_Kingfisher_0025_72795.jpg,0.696471994209885,0.6667451075241241,0.6838599280023944
Ringed_Kingfisher_0083_73053.jpg,0.626616032578589,0.5374934401947453,0.8157136337118088
Ringed_Kingfisher_0078_72826.jpg,0.6711527146762049,0.6346611383218859,0.824061420859698
Ringed_Kingfisher_0005_73086.jpg,0.6889261925333451,0.6661203974958979,0.8230406145576962
Ringed_Kingfisher_0091_72839.jpg,0.6831769325989085,0.6467571890491177,0.6897969161935459
Ringed_Kingfisher_0040_72852.jpg,0.5808082913667137,0.4030641797389918,0.5994706434966729
Ringed_Kingfisher_0073_73118.jpg,0.6898042469638285,0.6602977734657143,0.7893762828965134
Ringed_Kingfisher_0074_73130.jpg,0.5927231794511059,0.4537744307371573,0.6616957933705853
Ringed_Kingfisher_0060_73132.jpg,0.6594081456048937,0.5961937156560422,0.7561260511575632
Ringed_Kingfisher_0043_72877.jpg,0.6846398198857533,0.6576177005075043,0.8238697000780992
Ringed_Kingfisher_0020_72888.jpg,0.6764118974856441,0.6388108727791422,0.7921856849975161
Ringed_Kingfisher_0023_72910.jpg,0.6532822548809871,0.5911177417484457,0.8007778874206287
Ringed_Kingfisher_0101_72919.jpg,0.6737145277133711,0.635318723894952,0.8539296229980882
Ringed_Kingfisher_0080_72923.jpg,0.5920374588804063,0.44595607758358624,0.6579285162285208
Ringed_Kingfisher_0102_72941.jpg,0.5756950153639779,0.40594697127819845,0.7457751975852498
Ringed_Kingfisher_0089_72947.jpg,0.6133048001743432,0.4873593961111531,0.7222932146069792
Ringed_Kingfisher_0072_72954.jpg,0.6659514946271363,0.6182750450134697,0.818203449978413
Ringed_Kingfisher_0018_72957.jpg,0.6222945101883429,0.5229784325112525,0.7855027660472494
White_Breasted_Kingfisher_0037_73220.jpg,0.6927176551882503,0.6679265217718608,0.7281976400267157
White_Breasted_Kingfisher_0098_73227.jpg,0.7171828940776142,0.7202810855431423,0.840237044396242
White_Breasted_Kingfisher_0004_73741.jpg,0.6325559521918053,0.5369960948482423,0.7756126126165933
White_Breasted_Kingfisher_0023_73230.jpg,0.3307121424747824,-0.3805296119601669,-0.21918368024299312
White_Breasted_Kingfisher_0029_73233.jpg,0.684671241858622,0.6607164633054536,0.8112044027569694
White_Breasted_Kingfisher_0071_73236.jpg,0.6598501349794661,0.6082039389012777,0.7261625934167314
White_Breasted_Kingfisher_0073_73498.jpg,0.6515181811667734,0.5841709500722101,0.8111426984953746
White_Breasted_Kingfisher_0047_73251.jpg,0.5779021942839879,0.4201332209555064,0.7719969477120466
White_Breasted_Kingfisher_0101_73261.jpg,0.6019326011796673,0.48556225087677374,0.8289555131234926
White_Breasted_Kingfisher_0040_73266.jpg,0.646522814899915,0.57349971571251,0.7949321199663145
White_Breasted_Kingfisher_0048_73292.jpg,0.5832578932884089,0.43495750932946287,0.6960913404214402
White_Breasted_Kingfisher_0116_73295.jpg,0.6565848288755066,0.6032527827218556,0.8031586402736208
White_Breasted_Kingfisher_0096_73552.jpg,0.5963959881095033,0.46468858852315964,0.7375929229300486
White_Breasted_Kingfisher_0067_73300.jpg,0.6181867687280144,0.5182545825035632,0.7255706311700363
White_Breasted_Kingfisher_0019_73306.jpg,0.6072418364134673,0.49724329392447264,0.7652245546358922
White_Breasted_Kingfisher_0030_73335.jpg,0.6493263928053336,0.5751358511942712,0.8073273422056072
White_Breasted_Kingfisher_0003_73195.jpg,0.5990828655613927,0.44951869157933455,0.711211721552428
White_Breasted_Kingfisher_0045_73600.jpg,0.7016320520909253,0.6844298044925495,0.758474345659896
White_Breasted_Kingfisher_0017_73355.jpg,0.6205298621536713,0.5240610200453024,0.8191644576263213
White_Breasted_Kingfisher_0063_73365.jpg,0.6761906790467485,0.6447374982478913,0.7836042615068372
White_Breasted_Kingfisher_0012_73367.jpg,0.6675394910580552,0.6251694554835037,0.75999914670969
White_Breasted_Kingfisher_0111_73369.jpg,0.5767956369890925,0.4287098109683646,0.7594551884199329
White_Breasted_Kingfisher_0089_73371.jpg,0.6268456804682982,0.534263162242687,0.7721886260670623
White_Breasted_Kingfisher_0065_73372.jpg,0.6171572689104456,0.5034520475320692,0.6460248750561591
White_Breasted_Kingfisher_0078_73373.jpg,0.5988486972152945,0.47331529692286733,0.7615236400306437
White_Breasted_Kingfisher_0104_73398.jpg,0.6367253525209202,0.5699191218108719,0.7829815221868386
White_Breasted_Kingfisher_0119_73401.jpg,0.6898358173556032,0.6721019360183549,0.8074946762174117
White_Breasted_Kingfisher_0050_73682.jpg,0.5572305793017167,0.36722080137099933,0.6844026815484259
White_Breasted_Kingfisher_0052_73446.jpg,0.6650532313701376,0.6226413378800928,0.8084818361593621
White_Breasted_Kingfisher_0015_73192.jpg,0.6563118324086135,0.6067748117644038,0.856062285533363
Red_Legged_Kittiwake_0033_795395.jpg,0.5738413687776751,0.38811247967313744,0.5306683204708148
Red_Legged_Kittiwake_0050_795397.jpg,0.6031423746988042,0.46697286182387654,0.568180264753967
Red_Legged_Kittiwake_0051_795404.jpg,0.6643484598086541,0.5939235622473173,0.5321133026603941
Red_Legged_Kittiwake_0013_795413.jpg,0.6563101735093811,0.5898476970990011,0.7068270714739853
Red_Legged_Kittiwake_0060_795414.jpg,0.5745694204444896,0.36083038034404447,0.3222129307347166
Red_Legged_Kittiwake_0043_795416.jpg,0.5758807927913214,0.36789761233352836,0.37082376477307694
Red_Legged_Kittiwake_0058_795417.jpg,0.6372031658355941,0.5513285588757023,0.6523630670717713
Red_Legged_Kittiwake_0059_795424.jpg,0.6069901697537547,0.48298457116400095,0.6247124028280251
Red_Legged_Kittiwake_0039_795429.jpg,0.563775241316715,0.3317603595236478,0.38296117538612234
Red_Legged_Kittiwake_0014_795432.jpg,0.5726480244273823,0.37685408726750746,0.46395396056123683
Red_Legged_Kittiwake_0048_73770.jpg,0.47899489365621595,0.1345684873774926,0.3660217186438445
Red_Legged_Kittiwake_0020_795439.jpg,0.5722609870725823,0.3614037445509105,0.2850157906468474
Red_Legged_Kittiwake_0047_795445.jpg,0.6464972347638207,0.5528908616092735,0.6082657509857263
Red_Legged_Kittiwake_0028_795450.jpg,0.6904200959198623,0.6579850443037687,0.7360897747192721
Red_Legged_Kittiwake_0017_795451.jpg,0.5298089515912076,0.2662853596900021,0.5089591831245661
Red_Legged_Kittiwake_0040_795455.jpg,0.6204439494246958,0.5127697263764642,0.548953659088973
Red_Legged_Kittiwake_0015_73792.jpg,0.5771715329996406,0.41833549364791056,0.47900899355192667
Red_Legged_Kittiwake_0042_795457.jpg,0.5483565707962508,0.3013487864127282,0.25118541014823453
Red_Legged_Kittiwake_0009_795459.jpg,0.5624610329856647,0.36153757586968405,0.5189129624092924
Red_Legged_Kittiwake_0037_73794.jpg,0.5642665396591175,0.37279295433651805,0.6434334482907513
Red_Legged_Kittiwake_0061_795420.jpg,0.5775459922532833,0.39162662882371424,0.3589692220537126
Red_Legged_Kittiwake_0003_795389.jpg,0.5381152340972843,0.29277218753860823,0.4937385369987193
Red_Legged_Kittiwake_0062_795434.jpg,0.6116545103172886,0.4742086759516232,0.5417517639144941
Horned_Lark_0115_74271.jpg,0.5613747296668524,0.3837281705640465,0.6627405901941007
Horned_Lark_0065_74279.jpg,0.699293241765115,0.6778343035605168,0.8025939190835364
Horned_Lark_0110_73826.jpg,0.6528164670527132,0.5829655415629316,0.7108924469049354
Horned_Lark_0033_74344.jpg,0.6183313802583617,0.5096323152404494,0.7088619126666101
Horned_Lark_0082_73833.jpg,0.6347466774109323,0.5328498146579155,0.6640114437159146
Horned_Lark_0006_73836.jpg,0.669253050758626,0.6272380006685555,0.8244376547430242
Horned_Lark_0126_74354.jpg,0.6960370863838663,0.679632277929064,0.7803078197777841
Horned_Lark_0001_73835.jpg,0.6436525588314822,0.5726197107941338,0.8169797865072798
Horned_Lark_0004_73861.jpg,0.6684751914240626,0.6316900400148406,0.8382610806565092
Horned_Lark_0056_74896.jpg,0.6135639767399295,0.49374335614904885,0.7342662984392442
Horned_Lark_0141_74396.jpg,0.6205327265088663,0.5207334049204271,0.7021461569637816
Horned_Lark_0026_74910.jpg,0.6384364990718977,0.5558952154073213,0.7889525935289529
Horned_Lark_0064_74864.jpg,0.6897904815869085,0.6643325058767775,0.8276520679899283
Horned_Lark_0048_73894.jpg,0.6275958608412111,0.5271635411852194,0.7493852202615433
Horned_Lark_0094_74407.jpg,0.6130497910503772,0.5147957814779037,0.7928669729413236
Horned_Lark_0125_73910.jpg,0.6523157685453309,0.5886646539027114,0.809723409039141
Horned_Lark_0020_73914.jpg,0.6053654843183358,0.48413383044334757,0.6763088728075821
Horned_Lark_0083_74444.jpg,0.6706097076701811,0.633582204072144,0.8599858379171941
Horned_Lark_0034_73940.jpg,0.6895234209329031,0.6686885641161451,0.8167408140104623
Horned_Lark_0014_74963.jpg,0.6848140901189068,0.6641531240296301,0.8320362523992934
Horned_Lark_0139_74492.jpg,0.6469481081125671,0.5823318663397412,0.8459091504601596
Horned_Lark_0087_73989.jpg,0.6840353416161544,0.6435093028491032,0.7764874634091466
Horned_Lark_0019_73996.jpg,0.5742608712383477,0.3958681430482428,0.7231916216430507
Horned_Lark_0012_74511.jpg,0.6652625467366657,0.6187086720591574,0.7679867071981288
Horned_Lark_0075_74126.jpg,0.6162939332466456,0.5080417711738262,0.6303658500291547
Horned_Lark_0104_74142.jpg,0.6846381425838699,0.6396464852646464,0.6693063805577245
Horned_Lark_0112_73971.jpg,0.6358188216689866,0.55321318022127,0.7621947557510762
Horned_Lark_0037_74696.jpg,0.606642043516155,0.49189599191085576,0.7425852405425218
Horned_Lark_0108_74193.jpg,0.6366856345389997,0.5499086443597012,0.6689437157667375
Horned_Lark_0040_74214.jpg,0.6742919088475725,0.6426623079606306,0.8420149142751601
Pacific_Loon_0001_75521.jpg,0.7287536326331114,0.7306683580862139,0.79463003595821
Pacific_Loon_0048_75524.jpg,0.6463189841294241,0.5832245632710893,0.8702447650735036
Pacific_Loon_0064_75532.jpg,0.671903030222049,0.6110603987965724,0.62186924188098
Pacific_Loon_0027_75542.jpg,0.7068069607050584,0.6913033838239477,0.8091421875089967
Pacific_Loon_0049_75780.jpg,0.6584004012844503,0.5935104546319971,0.7758831505247686
Pacific_Loon_0024_75555.jpg,0.6128127751495425,0.48412057642892337,0.6133286304318495
Pacific_Loon_0041_75782.jpg,0.636734819232546,0.5392841428341846,0.7006002970119669
Pacific_Loon_0004_75815.jpg,0.6112641842590192,0.47422012381868717,0.638616960136931
Pacific_Loon_0010_75818.jpg,0.7221339808424089,0.7258805215887825,0.776282276055219
Pacific_Loon_0018_75564.jpg,0.690692893494661,0.667798090512486,0.8392151900302778
Pacific_Loon_0033_75571.jpg,0.6648782106743415,0.6106208634723389,0.6870807344868223
Pacific_Loon_0005_75829.jpg,0.7024035570815967,0.6759058101514235,0.7191822746736106
Pacific_Loon_0068_75836.jpg,0.6816521336353645,0.6530320991843324,0.86970878734742
Pacific_Loon_0062_75587.jpg,0.6181597896165855,0.5186566893862317,0.8277488570851572
Pacific_Loon_0045_75589.jpg,0.6094629462377745,0.4749613562822961,0.6550012429509456
Pacific_Loon_0026_75593.jpg,0.7427562266155185,0.7557976706534997,0.8344493271074851
Pacific_Loon_0020_75596.jpg,0.7277498887005278,0.7307926102254142,0.7958587343566736
Pacific_Loon_0053_77673.jpg,0.6844947108036487,0.6496840488778237,0.8217058475408773
Pacific_Loon_0042_75385.jpg,0.5428618766846401,0.30582461298059926,0.6310884512897322
Pacific_Loon_0050_75388.jpg,0.6187941409471236,0.49892468560617387,0.6780511357071112
Pacific_Loon_0047_75393.jpg,0.7289638604914636,0.7343605073471792,0.7963556428391266
Pacific_Loon_0040_75414.jpg,0.6278835030158851,0.537626719523999,0.8067000283521163
Pacific_Loon_0008_75428.jpg,0.5696487117495155,0.3908787377553884,0.7163091382364011
Pacific_Loon_0032_75441.jpg,0.7598053585931137,0.791335818529705,0.8374744590091078
Pacific_Loon_0003_75442.jpg,0.7219854039520599,0.7190382533917062,0.7825891056041293
Pacific_Loon_0069_75446.jpg,0.6787623711368762,0.6234029625579636,0.42438303923575244
Pacific_Loon_0059_75706.jpg,0.6141533040665565,0.4973025018625161,0.7562091258607027
Pacific_Loon_0044_75467.jpg,0.6752851704242554,0.6365858226654211,0.7333061178158228
Pacific_Loon_0043_75747.jpg,0.6803232576980116,0.642596213550225,0.8199033154342358
Pacific_Loon_0002_75775.jpg,0.6487769335710268,0.5720439744501151,0.8070333926355261
Mallard_0131_76296.jpg,0.6358216814371422,0.5408280138484027,0.5822686214165522
Mallard_0016_76315.jpg,0.703481925704861,0.6875458797681834,0.5807737470714307
Mallard_0044_76317.jpg,0.6910875794469431,0.6659037990319486,0.6320105949751056
Mallard_0130_76836.jpg,0.46506580492181215,0.0893080188350236,0.4424910575452689
Mallard_0115_76840.jpg,0.6249117738041756,0.5162065168150509,0.31018759140735935
Mallard_0128_77396.jpg,0.6662826064137947,0.6192923754516307,0.5973626741355904
Mallard_0038_76902.jpg,0.7028111711417215,0.6864723552648253,0.6279065292873396
Mallard_0033_76565.jpg,0.6530823234219277,0.5901867594225654,0.6804862251909254
Mallard_0064_76654.jpg,0.721454454074173,0.7152644177203643,0.653188051319057
Mallard_0024_75932.jpg,0.6821350920359355,0.6425118358672753,0.8161484701034949
Mallard_0048_76995.jpg,0.6812598958056229,0.6373980410280116,0.6080220949824618
Mallard_0107_76498.jpg,0.7231641007566781,0.7273442415576021,0.7861185293096278
Mallard_0028_76010.jpg,0.608332483772597,0.4724174670851642,0.5176423654782026
Mallard_0043_77038.jpg,0.6539748474149856,0.5823687225815815,0.7353953900750554
Mallard_0112_77046.jpg,0.6288671103256469,0.533199733877887,0.5356445682106195
Mallard_0083_77052.jpg,0.7229240068367822,0.714214466308588,0.5792624757950058
Mallard_0106_77568.jpg,0.6910755937150894,0.6575700903651585,0.6916837041729007
Mallard_0089_77068.jpg,0.6088363252189198,0.4937414211949319,0.3913923575909667
Mallard_0070_77588.jpg,0.7617418783933976,0.7948590818661262,0.8537149512827102
Mallard_0035_77095.jpg,0.667973179819638,0.6364044606342438,0.8023846365882441
Mallard_0109_76616.jpg,0.6937317612915235,0.6669650038229837,0.6722958526118914
Mallard_0045_77129.jpg,0.6532263113593755,0.5720542633710577,0.6465745383067798
Mallard_0067_77623.jpg,0.6444690128293007,0.5534881508095117,0.6436875278166736
Mallard_0087_77499.jpg,0.5894560656466381,0.4357920038834726,0.41470638394415105
Mallard_0006_77171.jpg,0.7231069513507704,0.7301624304673784,0.7052472109536734
Mallard_0046_76165.jpg,0.6616271452240928,0.5921564992752358,0.6358534986695923
Mallard_0138_76735.jpg,0.6823672927408697,0.64985656199902,0.7838308945733898
Mallard_0078_76238.jpg,0.5680360571830294,0.36157326972386106,0.35071617935829996
Mallard_0081_76266.jpg,0.695238840866141,0.6714690135906904,0.6855298254489384
Mallard_0004_76958.jpg,0.6208200542418771,0.5246484460650308,0.6465019833518834
Western_Meadowlark_0034_78869.jpg,0.5212485829505829,0.2767687293814959,0.6974027126724422
Western_Meadowlark_0060_78368.jpg,0.6365527183869205,0.5599751446847144,0.8416263245540858
Western_Meadowlark_0116_77862.jpg,0.6275265991378849,0.5254839845264099,0.7810219464029253
Western_Meadowlark_0032_78633.jpg,0.6742585181208076,0.6352822918518763,0.7916280207054932
Western_Meadowlark_0086_78636.jpg,0.6942695770486104,0.6815021591108714,0.8339246028382987
Western_Meadowlark_0019_77876.jpg,0.6783085163800091,0.6496080580658783,0.8579606903304918
Western_Meadowlark_0018_77880.jpg,0.6526225257630318,0.5996239215825687,0.8046669135097687
Western_Meadowlark_0115_77882.jpg,0.6306856738803733,0.5544138509743453,0.7626891261057005
Western_Meadowlark_0099_78176.jpg,0.6006724199027332,0.47131922224551603,0.7017058302194641
Western_Meadowlark_0121_78402.jpg,0.6226311130541808,0.5279602340950702,0.8128683635302806
Western_Meadowlark_0022_78410.jpg,0.7009173766307052,0.6931535287599953,0.8108931880481633
Western_Meadowlark_0108_78155.jpg,0.690241678801652,0.6584686586091653,0.8265451721322633
Western_Meadowlark_0096_77901.jpg,0.5591650699765567,0.3616480359566593,0.7673217456567036
Western_Meadowlark_0111_78674.jpg,0.709663326761462,0.7156935240366179,0.843154288110322
Western_Meadowlark_0014_78421.jpg,0.639493400479506,0.5689274000709327,0.8447795031613767
Western_Meadowlark_0107_78608.jpg,0.7311564275624105,0.7421664320664392,0.8299159090054874
Western_Meadowlark_0026_78438.jpg,0.6298936008402863,0.5345257438265066,0.698354348680177
Western_Meadowlark_0033_78312.jpg,0.6262918256316782,0.5313723182107757,0.691863179351745
Western_Meadowlark_0083_78197.jpg,0.7367941138949281,0.7480272889213965,0.7766801225018072
Western_Meadowlark_0063_77946.jpg,0.6907152901267519,0.6801821104841952,0.8785783626105558
Western_Meadowlark_0028_78487.jpg,0.6770370342905472,0.6551531463724122,0.8223828043671402
Western_Meadowlark_0101_78899.jpg,0.6466080429153938,0.5575645589657359,0.630561157195734
Western_Meadowlark_0103_78500.jpg,0.633364349310094,0.5438320358651003,0.827319063354146
Western_Meadowlark_0037_77759.jpg,0.6844672823309181,0.6566665652895508,0.7915929423688827
Western_Meadowlark_0067_78529.jpg,0.5153861153756689,0.24092996234461972,0.6550989404489181
Western_Meadowlark_0064_78027.jpg,0.6658124069066127,0.6126547539272243,0.7994353692452485
Western_Meadowlark_0100_78037.jpg,0.6166125022708854,0.5213498529092302,0.7998620703359218
Western_Meadowlark_0029_78832.jpg,0.5875810483687407,0.4244981211147518,0.7454508248535536
Western_Meadowlark_0091_78576.jpg,0.6783066333747563,0.6511308319323617,0.8144152575752474
Western_Meadowlark_0076_77811.jpg,0.6535766112718877,0.599297298067708,0.814602355726913
Hooded_Merganser_0056_79112.jpg,0.702911478956213,0.6760943029287136,0.7559565703992825
Hooded_Merganser_0022_79153.jpg,0.7177917058235441,0.7166012208539465,0.8584950994660349
Hooded_Merganser_0037_796731.jpg,0.7107167955299833,0.6979548734030948,0.7160832182789871
Hooded_Merganser_0007_79157.jpg,0.6843048157832327,0.6624944705732729,0.8364009096817875
Hooded_Merganser_0012_796748.jpg,0.6543517189466985,0.5883303990702988,0.7846629605309745
Hooded_Merganser_0048_796749.jpg,0.6950298748699202,0.662601793563524,0.6427021249527223
Hooded_Merganser_0076_796756.jpg,0.7419626838517073,0.750227773989933,0.6750620924491987
Hooded_Merganser_0074_796757.jpg,0.7162122834257821,0.7034625298580719,0.6786076955210135
Hooded_Merganser_0071_796760.jpg,0.7052203404608768,0.691629701412042,0.7693765491049858
Hooded_Merganser_0046_796764.jpg,0.6738560316983533,0.6349327341150456,0.7341195713186363
Hooded_Merganser_0086_796780.jpg,0.6707293638137863,0.638118747486369,0.7826663143583749
Hooded_Merganser_0002_796781.jpg,0.7266899687125126,0.7275677812805084,0.7114985009867746
Hooded_Merganser_0026_796782.jpg,0.7500287045814664,0.7692521208928879,0.7173519305300178
Hooded_Merganser_0047_78962.jpg,0.7223833798063624,0.7242900122322641,0.7115170926260068
Hooded_Merganser_0087_78972.jpg,0.6533143150356826,0.5770801858829359,0.6118499670288793
Hooded_Merganser_0018_78979.jpg,0.6903688691705621,0.6738119870806489,0.83609693938145
Hooded_Merganser_0092_78989.jpg,0.6944429370486742,0.6581658568422958,0.704259509580407
Hooded_Merganser_0025_78996.jpg,0.6222007135336033,0.5353626830153451,0.7623393346695057
Hooded_Merganser_0062_78998.jpg,0.7279519207901585,0.7314313490475124,0.7287330871693696
Hooded_Merganser_0043_796783.jpg,0.6614969175496783,0.6090913485164311,0.7219715519059063
Hooded_Merganser_0009_79012.jpg,0.578001030057344,0.42083792736371006,0.689397574139352
Hooded_Merganser_0010_796785.jpg,0.6488230518029274,0.5569160790278399,0.7104726351279025
Hooded_Merganser_0094_796786.jpg,0.6599134907538274,0.5887928652695156,0.650322629223082
Hooded_Merganser_0016_79079.jpg,0.6417238058519928,0.5726052141049635,0.8025134984939449
Hooded_Merganser_0064_79040.jpg,0.7346602864307479,0.7412967741609437,0.7414411471688349
Hooded_Merganser_0020_79046.jpg,0.6157261673054144,0.5101338205970327,0.7262377169112981
Hooded_Merganser_0068_79057.jpg,0.6958398078755557,0.6848644629112917,0.8124996249534793
Hooded_Merganser_0028_79061.jpg,0.7101838169261214,0.7067407091789444,0.8245079894573132
Hooded_Merganser_0063_79064.jpg,0.742007155186053,0.757972084306813,0.7284588991737717
Hooded_Merganser_0072_78973.jpg,0.6489388841535813,0.5873975699564068,0.7355985064717684
Red_Breasted_Merganser_0031_79372.jpg,0.6913041254301093,0.6608412662366743,0.7527862115746854
Red_Breasted_Merganser_0043_79295.jpg,0.5376113667760016,0.29419896351661,0.6167464668547122
Red_Breasted_Merganser_0030_79411.jpg,0.680336022273053,0.6445861957845744,0.8195884629779001
Red_Breasted_Merganser_0067_79167.jpg,0.5998462550009457,0.43513344031396006,0.4041664088977565
Red_Breasted_Merganser_0012_79425.jpg,0.6984431282000461,0.67456195111714,0.7447910131029335
Red_Breasted_Merganser_0052_79178.jpg,0.6840763306607552,0.6473956023299607,0.6927556294684725
Red_Breasted_Merganser_0077_79180.jpg,0.7084164394267154,0.7016122195638939,0.827533394450514
Red_Breasted_Merganser_0042_79202.jpg,0.563357176304007,0.35283585460340805,0.5593631176759751
Red_Breasted_Merganser_0061_79453.jpg,0.6329362407331125,0.538255969860644,0.719982543556149
Red_Breasted_Merganser_0001_79199.jpg,0.745145521986863,0.762346422622446,0.8305776776845142
Red_Breasted_Merganser_0035_79200.jpg,0.686880708267107,0.6454636502864122,0.6605016762865179
Red_Breasted_Merganser_0008_79458.jpg,0.6576610168339485,0.5831151704790007,0.6950051535841876
Red_Breasted_Merganser_0068_79203.jpg,0.62140040665619,0.5036743978585054,0.5763614629362991
Red_Breasted_Merganser_0069_79204.jpg,0.6476599729907653,0.5801283575690324,0.6465705573294739
Red_Breasted_Merganser_0014_79205.jpg,0.697130800145723,0.6711780848294515,0.7898698291962376
Red_Breasted_Merganser_0082_79214.jpg,0.6156493129770455,0.47909225924489707,0.649990347590425
Red_Breasted_Merganser_0051_79474.jpg,0.6242312023095908,0.5196782491390284,0.713708281936282
Red_Breasted_Merganser_0024_79483.jpg,0.6935837050990807,0.6635168528879318,0.7802372730052933
Red_Breasted_Merganser_0004_79232.jpg,0.6718671137753071,0.6299729028392436,0.8272395427773431
Red_Breasted_Merganser_0079_79519.jpg,0.7064580927995665,0.6928326468053363,0.7718561640028959
Red_Breasted_Merganser_0066_79275.jpg,0.7183907082956507,0.7117100540663233,0.7487544451694578
Red_Breasted_Merganser_0027_79284.jpg,0.5517182414959296,0.34685081155754216,0.6085718272955821
Red_Breasted_Merganser_0034_79292.jpg,0.6066416170065253,0.4669538681193268,0.7227353241192718
Red_Breasted_Merganser_0083_79562.jpg,0.7120050025122306,0.7011333110921172,0.7587886226636513
Red_Breasted_Merganser_0064_79563.jpg,0.661488903677186,0.5986547698864566,0.7394465537709047
Red_Breasted_Merganser_0070_79570.jpg,0.689113906608713,0.6509065078873224,0.7434093542537429
Red_Breasted_Merganser_0041_79574.jpg,0.6686008909853092,0.6082153557550705,0.6927765456295591
Red_Breasted_Merganser_0009_79576.jpg,0.6197214645341195,0.4844524198302027,0.6415997039198587
Red_Breasted_Merganser_0056_79348.jpg,0.6135440000120674,0.49968958268607333,0.7330995514679389
Red_Breasted_Merganser_0045_79358.jpg,0.631793187280953,0.5486881246075289,0.7833209511243049
Mockingbird_0030_79876.jpg,0.668789898129662,0.6304923370293635,0.7969921072105705
Mockingbird_0006_79819.jpg,0.5917264614093398,0.4502157332308627,0.662401837602112
Mockingbird_0095_81177.jpg,0.606887594948313,0.47586429306904154,0.6012159253219954
Mockingbird_0084_80670.jpg,0.6702317681393181,0.6164797818008039,0.7420298379126894
Mockingbird_0018_81183.jpg,0.5313143538048196,0.29222234846165085,0.7180134820080409
Mockingbird_0054_81703.jpg,0.6033929309142019,0.4691206614975778,0.6162657323843237
Mockingbird_0078_80426.jpg,0.6221758843502119,0.5137878885066602,0.6974361263144578
Mockingbird_0076_79934.jpg,0.696339188881645,0.6820371473170748,0.8165763864556597
Mockingbird_0025_79935.jpg,0.5940554365038728,0.43556663012548835,0.5470033647970575
Mockingbird_0012_81216.jpg,0.659663546254076,0.597633257698913,0.7499627221350925
Mockingbird_0027_80980.jpg,0.69669289105783,0.6722544624823685,0.7704373141918968
Mockingbird_0013_82010.jpg,0.6739087566911739,0.6184566617864261,0.6121275514011894
Mockingbird_0060_79972.jpg,0.622550088953888,0.5218533579483511,0.6994330450733384
Mockingbird_0026_81214.jpg,0.5638198967846257,0.39115101330620605,0.5414776752038564
Mockingbird_0042_81728.jpg,0.608005469370138,0.5000558976159896,0.7862166967696198
Mockingbird_0067_79723.jpg,0.6467526112622564,0.5595869687511552,0.7871744728832997
Mockingbird_0040_79680.jpg,0.6283680115167771,0.5342644937014511,0.6954048351411868
Mockingbird_0022_80552.jpg,0.6621389293235538,0.6141488817867733,0.7759359274346125
Mockingbird_0064_81068.jpg,0.522087117254368,0.24526109326171086,0.44893674278457446
Mockingbird_0082_80570.jpg,0.6469492876391456,0.5771555505838779,0.7806119102257492
Mockingbird_0003_80833.jpg,0.5899314331399553,0.44029858466898875,0.6342048035610596
Mockingbird_0001_79812.jpg,0.6499307572465021,0.5776127297315672,0.694235404001382
Mockingbird_0021_80343.jpg,0.6211997836339038,0.510920050755147,0.766312804874815
Mockingbird_0089_80601.jpg,0.6810440961867652,0.6431200384755356,0.8309377565106485
Mockingbird_0098_81117.jpg,0.570203566392081,0.3801750913783388,0.6741567927383217
Mockingbird_0071_80357.jpg,0.6169924161678791,0.5160690526978855,0.7421681319452754
Mockingbird_0009_81130.jpg,0.613334177973437,0.5063556719874036,0.7942071646953159
Mockingbird_0051_79599.jpg,0.6490056047057888,0.5837192526642334,0.6953591353442777
Mockingbird_0016_79605.jpg,0.5643280119584817,0.3802096903999389,0.802260536841261
Mockingbird_0023_80121.jpg,0.695224243731698,0.6699067911104604,0.8210634076682408
Nighthawk_0078_795340.jpg,0.6876226178853937,0.6684112286201764,0.8007122141899811
Nighthawk_0016_84490.jpg,0.6776404094082285,0.6278719389947707,0.616449591191443
Nighthawk_0017_84237.jpg,0.6894680296028555,0.6687075213715947,0.8072943291643225
Nighthawk_0064_82196.jpg,0.7459944878603537,0.7749381723264901,0.753869343039471
Nighthawk_0029_83733.jpg,0.6776329182547134,0.6464525618541905,0.8002990655446663
Nighthawk_0084_84510.jpg,0.7195538733129786,0.7185357216648197,0.7767030102683286
Nighthawk_0088_82225.jpg,0.674327360012366,0.6269041120636631,0.7496081337188893
Nighthawk_0059_82741.jpg,0.7038099824202978,0.7007763036221917,0.8229994843308156
Nighthawk_0066_82238.jpg,0.6864728797531144,0.660304267792615,0.7198768491625883
Nighthawk_0024_83519.jpg,0.6430906569343352,0.5663179321373641,0.750977336211386
Nighthawk_0062_84573.jpg,0.6461637422954633,0.5747380972401603,0.8194352406095223
Nighthawk_0087_82280.jpg,0.595779164305732,0.4517032915807909,0.7731530075778726
Nighthawk_0005_84594.jpg,0.5747541485346668,0.3875801745622115,0.6510160463259476
Nighthawk_0042_83603.jpg,0.628242057045207,0.5537633778698141,0.747688812899944
Nighthawk_0025_82808.jpg,0.5848946637592243,0.42544016339979074,0.7717091177152057
Nighthawk_0021_82562.jpg,0.6807725361787718,0.6519779922449412,0.7336800420525578
Nighthawk_0047_82820.jpg,0.5433018078291718,0.3037176344919825,0.6897827927839556
Nighthawk_0020_83869.jpg,0.7201195510664755,0.7348901925767994,0.8823105101869433
Nighthawk_0026_83911.jpg,0.6811121818594936,0.6624145673218963,0.8704701009129452
Nighthawk_0031_83636.jpg,0.620715645827593,0.5266982604401041,0.7289176842779074
Nighthawk_0069_82613.jpg,0.5286489125624256,0.276496385704998,0.5451911519875238
Nighthawk_0048_83648.jpg,0.6352993852091459,0.5656856743219871,0.8299672202676721
Nighthawk_0072_795336.jpg,0.7113154126661084,0.7079268881680072,0.7443078835953465
Nighthawk_0054_795337.jpg,0.5623397995726473,0.3721266247428633,0.7190339146322622
Nighthawk_0028_82636.jpg,0.5928562827183568,0.4451888933150071,0.7677672020636241
Nighthawk_0065_82895.jpg,0.6556920537368887,0.6003578682660298,0.7095085015788224
Nighthawk_0053_84436.jpg,0.7009045461107111,0.6899008433688212,0.8003368338591169
Nighthawk_0013_83670.jpg,0.7084882447330342,0.7157615678726912,0.8643251199259129
Nighthawk_0007_83419.jpg,0.6010807018661011,0.47694484802056025,0.824364678213818
Nighthawk_0070_82676.jpg,0.7033499019427523,0.6959752620678492,0.8368347517628589
Clark_Nutcracker_0096_84996.jpg,0.6963935155520595,0.6790267816274113,0.7881431936183834
Clark_Nutcracker_0089_85004.jpg,0.6350657492902121,0.5516834882955663,0.7220014534663096
Clark_Nutcracker_0104_85531.jpg,0.6363871165679291,0.5552533210991731,0.7838442144850198
Clark_Nutcracker_0134_85534.jpg,0.6953638290053603,0.6738570183467905,0.8038171149773319
Clark_Nutcracker_0076_85083.jpg,0.5997147653103162,0.45349057941008664,0.5502975057904727
Clark_Nutcracker_0102_85089.jpg,0.6758021916512454,0.6459895678982274,0.7906687119051826
Clark_Nutcracker_0090_85116.jpg,0.7159949471548859,0.704039988407998,0.7324483942771183
Clark_Nutcracker_0126_85134.jpg,0.6503681250127318,0.5686679035158662,0.6373919631566969
Clark_Nutcracker_0107_85662.jpg,0.7027422722730294,0.6838549698422149,0.8403471921895093
Clark_Nutcracker_0018_85166.jpg,0.664820381326791,0.6163907871083751,0.719381328087213
Clark_Nutcracker_0131_85701.jpg,0.66997954821603,0.6129921258082778,0.7551295803221415
Clark_Nutcracker_0005_85190.jpg,0.6035353749559493,0.46390111184631233,0.6088319680648244
Clark_Nutcracker_0099_85717.jpg,0.6662233714677466,0.6279183788270949,0.7823474355400112
Clark_Nutcracker_0024_85718.jpg,0.6605043990625097,0.5830268776709928,0.5506391215258966
Clark_Nutcracker_0072_85742.jpg,0.6534274635871848,0.5741626245144817,0.4801837761718999
Clark_Nutcracker_0047_85630.jpg,0.7022910526294344,0.6897689051330851,0.7325662704700447
Clark_Nutcracker_0027_85266.jpg,0.6933815051384796,0.6745906402863647,0.7209888835959878
Clark_Nutcracker_0110_85217.jpg,0.6227405284131299,0.5444441488520595,0.8464782776376367
Clark_Nutcracker_0093_84809.jpg,0.7269099163079145,0.7280585938199313,0.8246496364320905
Clark_Nutcracker_0142_85322.jpg,0.63341730760599,0.5224017610076768,0.7316015323295219
Clark_Nutcracker_0033_85358.jpg,0.6572555571646888,0.5990278545991612,0.8069416814834823
Clark_Nutcracker_0043_84853.jpg,0.6470191661661027,0.5920635536657519,0.7107813686519211
Clark_Nutcracker_0106_84856.jpg,0.6855472544634941,0.6564865474627659,0.7769080910944843
Clark_Nutcracker_0014_85386.jpg,0.6114955412099476,0.4874403439744672,0.7744221628004953
Clark_Nutcracker_0078_85416.jpg,0.5978468411482354,0.48829594090614004,0.8202581590833172
Clark_Nutcracker_0116_84807.jpg,0.665106887105136,0.6116198258287895,0.7558462788303819
Clark_Nutcracker_0121_85435.jpg,0.6627270744446319,0.6055390603278434,0.7508240508687388
Clark_Nutcracker_0139_84942.jpg,0.7161000051000168,0.7155503487984,0.7357277289551984
Clark_Nutcracker_0051_84950.jpg,0.6816895684327182,0.6528584617883699,0.8132127595165177
Clark_Nutcracker_0113_85587.jpg,0.7064538956310854,0.6911186426541107,0.7217854422294039
White_Breasted_Nuthatch_0092_86016.jpg,0.688936200953153,0.6713824620393056,0.802624334607509
White_Breasted_Nuthatch_0014_86023.jpg,0.7030150663191304,0.689124576499149,0.7286477336540435
White_Breasted_Nuthatch_0003_86029.jpg,0.6911073666647598,0.6675837385640874,0.7477645302251396
White_Breasted_Nuthatch_0060_86031.jpg,0.7028725320266267,0.6890622629986651,0.8078645462598512
White_Breasted_Nuthatch_0110_86038.jpg,0.7007961022920708,0.6927851245484442,0.7961740664104773
White_Breasted_Nuthatch_0086_86553.jpg,0.689428952441195,0.6616521624654812,0.7547367570499611
White_Breasted_Nuthatch_0018_85937.jpg,0.7005683426727769,0.6915593697156124,0.8300034455029145
White_Breasted_Nuthatch_0113_86057.jpg,0.6296586930381352,0.5456606453112991,0.8039798799614614
White_Breasted_Nuthatch_0063_86573.jpg,0.6257489789968634,0.5189912343745018,0.6712680280983654
White_Breasted_Nuthatch_0020_86143.jpg,0.6697725104896327,0.6205475116569761,0.7658508910266494
White_Breasted_Nuthatch_0119_86182.jpg,0.6381701611605591,0.5723513617113769,0.7944754392192986
White_Breasted_Nuthatch_0101_86708.jpg,0.6101579615396793,0.47873018004357704,0.6789444360320966
White_Breasted_Nuthatch_0024_86200.jpg,0.6456894784541297,0.5676262713091766,0.63339859053436
White_Breasted_Nuthatch_0129_86761.jpg,0.6421849587390933,0.5589751711450772,0.7665963798963287
White_Breasted_Nuthatch_0075_86289.jpg,0.6267662384812853,0.5294361671589904,0.7242998388383706
White_Breasted_Nuthatch_0010_85783.jpg,0.6995635267449364,0.6912869421257302,0.7908138925649402
White_Breasted_Nuthatch_0108_86308.jpg,0.6571361422845885,0.5905569504982293,0.6300990030399608
White_Breasted_Nuthatch_0076_85801.jpg,0.7190502553188087,0.7235737069483039,0.8502962298639929
White_Breasted_Nuthatch_0050_85815.jpg,0.6896264727333694,0.6794336657558008,0.8512005996611951
White_Breasted_Nuthatch_0030_85823.jpg,0.6686356696811383,0.6256091369582055,0.8280219035207221
White_Breasted_Nuthatch_0090_86856.jpg,0.642413426644377,0.5685139384529271,0.7666473100229556
White_Breasted_Nuthatch_0059_85903.jpg,0.6702318833929297,0.630562532025609,0.7620414389333409
White_Breasted_Nuthatch_0132_86876.jpg,0.5997961998333852,0.4778607659692199,0.7575765639536615
White_Breasted_Nuthatch_0120_85890.jpg,0.7233218129045919,0.7287490139496389,0.813226005473845
White_Breasted_Nuthatch_0070_85983.jpg,0.6640799545671355,0.6072775872002845,0.7241981125263995
White_Breasted_Nuthatch_0078_85828.jpg,0.5694580260443207,0.3879027089293704,0.735216529211248
White_Breasted_Nuthatch_0082_86435.jpg,0.7278394087725606,0.7484051323413116,0.8704365478728162
White_Breasted_Nuthatch_0004_86969.jpg,0.6598828466082161,0.6045488577961569,0.6897189906271609
White_Breasted_Nuthatch_0103_86470.jpg,0.6592382471179008,0.605859158043021,0.7567505109323682
White_Breasted_Nuthatch_0042_86488.jpg,0.685815997752458,0.657893498341307,0.8003850857948361
Baltimore_Oriole_0127_87560.jpg,0.6403492789209728,0.5652576452927381,0.8136028123144933
Baltimore_Oriole_0090_87054.jpg,0.6217141800910306,0.5428561887195316,0.8017753293328637
Baltimore_Oriole_0060_89616.jpg,0.6739999894916433,0.6392751486022038,0.7842848387910143
Baltimore_Oriole_0108_87576.jpg,0.6653634206884431,0.6266621803546166,0.8365991988897767
Baltimore_Oriole_0126_89651.jpg,0.5661589329600362,0.39266935644603596,0.7578733508266661
Baltimore_Oriole_0047_89686.jpg,0.6486759623371084,0.5702167666786397,0.6620680199526003
Baltimore_Oriole_0076_89705.jpg,0.6579096850585404,0.605094061756901,0.7506436876696032
Baltimore_Oriole_0083_89712.jpg,0.6799687196156682,0.6669124994425855,0.8304038713337615
Baltimore_Oriole_0019_88186.jpg,0.6669392917579321,0.6116565074418399,0.8435098038871264
Baltimore_Oriole_0087_89726.jpg,0.6761803745523423,0.6263462354559048,0.6501122682563951
Baltimore_Oriole_0073_87187.jpg,0.6683419524293608,0.6223994679189032,0.7405839055584356
Baltimore_Oriole_0074_87214.jpg,0.6541150331288983,0.5947942803275268,0.7134916325441817
Baltimore_Oriole_0042_87216.jpg,0.6251793875969078,0.5353117436945145,0.7748893244991473
Baltimore_Oriole_0051_89722.jpg,0.7013090337980519,0.6959163365129086,0.87038991845143
Baltimore_Oriole_0054_89825.jpg,0.6943311965783459,0.6684428396313149,0.7530447162001362
Baltimore_Oriole_0018_87782.jpg,0.6803201551599494,0.6514231867958291,0.7256081174712303
Baltimore_Oriole_0037_87337.jpg,0.514440599177881,0.24379544123764152,0.7487285650508084
Baltimore_Oriole_0058_87296.jpg,0.7286699572561841,0.7427524098690048,0.8430107535512108
Baltimore_Oriole_0065_87303.jpg,0.5963853197495621,0.44978144443273704,0.7700385166412657
Baltimore_Oriole_0114_89873.jpg,0.7039832464700269,0.6875547304481722,0.7859073885533396
Baltimore_Oriole_0016_89885.jpg,0.6606526985257728,0.6148856156910808,0.8064763932079958
Baltimore_Oriole_0082_87838.jpg,0.6148804730349446,0.4859845756715335,0.6496316203533108
Baltimore_Oriole_0056_88355.jpg,0.6799727384471093,0.6463562592400405,0.7604005074227953
Baltimore_Oriole_0086_88375.jpg,0.6971859604245937,0.6863593134304609,0.7935199243411123
Baltimore_Oriole_0041_87367.jpg,0.5597272385547842,0.349011903687356,0.36501249226375854
Baltimore_Oriole_0006_89935.jpg,0.6433912527823255,0.5759808318208135,0.8502970653656747
Baltimore_Oriole_0066_87380.jpg,0.6395232816267437,0.561519839166605,0.7460491713327035
Baltimore_Oriole_0109_87398.jpg,0.6892570390535205,0.6717917866703048,0.8204267634671403
Baltimore_Oriole_0125_88450.jpg,0.605020795707611,0.4720885402010593,0.7220101562371026
Baltimore_Oriole_0112_87447.jpg,0.6049832485924169,0.4622452541903488,0.5412800308319189
Hooded_Oriole_0008_90118.jpg,0.5974782377697563,0.4556802346697517,0.7782405175555303
Hooded_Oriole_0047_90637.jpg,0.6665646986404459,0.6167208929449015,0.7389434690196477
Hooded_Oriole_0037_91156.jpg,0.6589236379533421,0.6044690512036706,0.7903166654617604
Hooded_Oriole_0024_90157.jpg,0.605969026943106,0.4651887618473156,0.6170574119178882
Hooded_Oriole_0006_90685.jpg,0.5977123117889914,0.44989781112819693,0.6998990473146968
Hooded_Oriole_0034_90686.jpg,0.6745937067251857,0.6425615884387098,0.8022030509977316
Hooded_Oriole_0127_90200.jpg,0.5958918537458177,0.4635292117595171,0.6751742559540325
Hooded_Oriole_0048_89957.jpg,0.6424312282669673,0.5674761000737316,0.7588100290608054
Hooded_Oriole_0041_90218.jpg,0.5112849949379905,0.22283464995497093,0.5063395385087702
Hooded_Oriole_0056_89966.jpg,0.6126685704925814,0.49364339248659983,0.7038222937714046
Hooded_Oriole_0072_90298.jpg,0.701937381562453,0.6880494626927474,0.8497856527071833
Hooded_Oriole_0095_90337.jpg,0.6150621377802683,0.49247901970484587,0.5991082529008944
Hooded_Oriole_0088_90356.jpg,0.662461786489648,0.6110316019455406,0.7809385264815402
Hooded_Oriole_0105_90875.jpg,0.47918164022176646,0.14003095177025682,0.4295520935719032
Hooded_Oriole_0077_90886.jpg,0.6577256889810703,0.6058107159525092,0.8155384573104101
Hooded_Oriole_0010_90413.jpg,0.6679958916217434,0.6247943249543524,0.76298576180044
Hooded_Oriole_0045_90415.jpg,0.6685676164574481,0.640297442323418,0.8208270422724286
Hooded_Oriole_0129_90441.jpg,0.5991153893807226,0.46297656841492607,0.8315131820543085
Hooded_Oriole_0063_90976.jpg,0.5767346773989644,0.3822288567262798,0.5703743119172618
Hooded_Oriole_0029_90485.jpg,0.6053230421643319,0.4914055354725123,0.8250343895965956
Hooded_Oriole_0107_89985.jpg,0.5886301217796335,0.4349043103735478,0.6770455020756749
Hooded_Oriole_0014_90594.jpg,0.6682898594003616,0.616486014505505,0.7875519233239333
Hooded_Oriole_0002_91034.jpg,0.645343613109463,0.5705889567225313,0.7935670502929358
Hooded_Oriole_0004_91057.jpg,0.6614830663636405,0.6156067639754617,0.8228569618083268
Hooded_Oriole_0087_90037.jpg,0.6579979707450878,0.6013104924880965,0.733292307224137
Hooded_Oriole_0082_90045.jpg,0.6682106494454045,0.6143711577063093,0.7499910389184576
Hooded_Oriole_0044_90082.jpg,0.6694671422579006,0.6312556292498908,0.8234589280126343
Hooded_Oriole_0062_90089.jpg,0.6510643596052315,0.5843711851648938,0.7858755676075732
Hooded_Oriole_0084_90607.jpg,0.6548306883408633,0.5949588743889787,0.7970013106275697
Hooded_Oriole_0007_91133.jpg,0.5580423927354501,0.3570598009194763,0.6755087713725084
Orchard_Oriole_0077_91651.jpg,0.6700191198279501,0.6349964926301792,0.844364486904909
Orchard_Oriole_0065_91397.jpg,0.698813501060268,0.685097742246435,0.8846163067929321
Orchard_Oriole_0085_91411.jpg,0.742220916466628,0.7668023292173938,0.8650753499503782
Orchard_Oriole_0114_91412.jpg,0.6170829177219058,0.5054090699198743,0.7240295297982522
Orchard_Oriole_0054_91414.jpg,0.6175205224130654,0.5172569833869062,0.8198578106315014
Orchard_Oriole_0013_91945.jpg,0.597042337151029,0.4626226899289957,0.6638779028370887
Orchard_Oriole_0105_91186.jpg,0.6757916266980555,0.6346386933010961,0.7895462486480911
Orchard_Oriole_0026_91444.jpg,0.6040485000795199,0.4700333163556488,0.6774814921365365
Orchard_Oriole_0045_91205.jpg,0.6511284011107601,0.580050744873921,0.8479183047281362
Orchard_Oriole_0074_91979.jpg,0.5644107143394299,0.36021008355669226,0.5441052690077661
Orchard_Oriole_0107_91472.jpg,0.6967527249486682,0.6752807197352914,0.7785099441769513
Orchard_Oriole_0113_88407.jpg,0.7106148994404548,0.7036584554284899,0.788359718939357
Orchard_Oriole_0101_91233.jpg,0.6063190745576088,0.4736093416931263,0.6938637871442056
Orchard_Oriole_0093_92020.jpg,0.658403802800688,0.6199898892845035,0.8431278314386318
Orchard_Oriole_0041_91258.jpg,0.6953726015576331,0.6760357017418657,0.8075486774802056
Orchard_Oriole_0055_91515.jpg,0.31781332431795883,-0.4368626561248723,-0.36796140978793335
Orchard_Oriole_0027_91265.jpg,0.6384682628735652,0.5547815892809929,0.8158095595563782
Orchard_Oriole_0076_91527.jpg,0.694299608933926,0.6738337403963497,0.7478209622415296
Orchard_Oriole_0108_91530.jpg,0.6297069640874513,0.547887016617971,0.7408134463462608
Orchard_Oriole_0106_91830.jpg,0.651170460341346,0.5869804130776548,0.8161535035596801
Orchard_Oriole_0060_91536.jpg,0.6677338752152371,0.6304189383449228,0.829915996048884
Orchard_Oriole_0017_91801.jpg,0.7173865482902444,0.720142736719308,0.8281985190767308
Orchard_Oriole_0036_91818.jpg,0.6821290819529755,0.6513576901504721,0.7468301440422525
Orchard_Oriole_0058_91819.jpg,0.6272724347022818,0.5271759236924496,0.6873035220209625
Orchard_Oriole_0088_92086.jpg,0.7217873989270063,0.7344001969761347,0.8434148630944964
Orchard_Oriole_0030_91612.jpg,0.6709658604116047,0.634435999287393,0.8446796491418189
Orchard_Oriole_0018_91601.jpg,0.6706081517912797,0.6312068586447432,0.8271497521051501
Orchard_Oriole_0070_91383.jpg,0.626873596389248,0.5159441013099729,0.6423417764538043
Orchard_Oriole_0021_91644.jpg,0.5712053631585459,0.3934831904152305,0.730011824295941
Scott_Oriole_0015_795862.jpg,0.6452716227080213,0.5735911809054106,0.7256537785789644
Scott_Oriole_0007_92439.jpg,0.6313832337240166,0.5419034182077827,0.7229055645941885
Scott_Oriole_0052_92440.jpg,0.6646247377948304,0.6196606823250339,0.7877401268763206
Scott_Oriole_0079_92248.jpg,0.7197446092684556,0.7277925313009307,0.7797230295442834
Scott_Oriole_0044_92262.jpg,0.6590906230308479,0.5949085550601629,0.7418474589560564
Scott_Oriole_0028_92270.jpg,0.5768100944541157,0.39843265996137767,0.5667570102582576
Scott_Oriole_0054_92310.jpg,0.39044715320201695,-0.13983319230822921,0.2590027479203956
Scott_Oriole_0053_795805.jpg,0.6637408401468738,0.6068091456637956,0.6900595729025103
Scott_Oriole_0070_795808.jpg,0.6506580815463259,0.5845396257511184,0.7346913308909748
Scott_Oriole_0063_795812.jpg,0.6410622921968491,0.5537787370674584,0.6373934597277826
Scott_Oriole_0034_795813.jpg,0.7073165905216517,0.7042109703829653,0.7300385424522667
Scott_Oriole_0038_795818.jpg,0.6541493783249901,0.5893894623258176,0.7279850472624562
Scott_Oriole_0065_795819.jpg,0.6605519967421567,0.6133759228754414,0.7978261814022911
Scott_Oriole_0072_795822.jpg,0.6440167144608213,0.574544481648114,0.7989845390912543
Scott_Oriole_0055_795825.jpg,0.649432895213554,0.5993587400677827,0.7922708111684467
Scott_Oriole_0014_795827.jpg,0.644573997269452,0.5557584784181738,0.6350794911274027
Scott_Oriole_0002_795829.jpg,0.6469501367837611,0.5762566509071295,0.7184537551370401
Scott_Oriole_0017_795832.jpg,0.6281156059276836,0.523279856532295,0.6130381466683357
Scott_Oriole_0011_795836.jpg,0.7044111172772991,0.6844303889415118,0.7428035626549592
Scott_Oriole_0018_795840.jpg,0.7088065471024507,0.6975852364274681,0.7174745374357087
Scott_Oriole_0029_795846.jpg,0.6536812453037117,0.5953111639670388,0.7699871379412944
Scott_Oriole_0071_795848.jpg,0.5797883303599227,0.4290894966385357,0.69721949931934
Scott_Oriole_0035_795851.jpg,0.7117990501369864,0.7083542954440329,0.8262961289763563
Scott_Oriole_0010_795852.jpg,0.6527296737433481,0.5858320811070601,0.765472679970676
Scott_Oriole_0073_92369.jpg,0.6774420663842972,0.638476884573327,0.6984625271455888
Scott_Oriole_0046_92371.jpg,0.5897805091497875,0.4396472493668703,0.7677606559475147
Scott_Oriole_0084_795860.jpg,0.6325083565722867,0.5401037043437107,0.5963903181537307
Scott_Oriole_0081_92374.jpg,0.6104263275478912,0.5036609132745488,0.725868685436603
Scott_Oriole_0036_795850.jpg,0.6399090195653331,0.552699040876198,0.7495363324731187
Scott_Oriole_0057_795856.jpg,0.6731824245168521,0.6373213466940897,0.7266158370778987
Ovenbird_0108_92675.jpg,0.6120806305425142,0.5068847717677573,0.811360549377152
Ovenbird_0047_93203.jpg,0.7183627302304085,0.7266874073976332,0.8538926749835253
Ovenbird_0019_92699.jpg,0.6803950976071542,0.6417331005133691,0.7983945901082689
Ovenbird_0093_92705.jpg,0.6287511546407792,0.539906384418738,0.8382476701019417
Ovenbird_0033_93232.jpg,0.6031592809871653,0.4711984242058115,0.7804938841354682
Ovenbird_0089_93234.jpg,0.6252384816051979,0.5304113561928354,0.6992572454408387
Ovenbird_0012_92778.jpg,0.6095140863168034,0.48337674828705657,0.7311988987170535
Ovenbird_0095_92796.jpg,0.6810976148276302,0.652272032292547,0.796216910039417
Ovenbird_0044_92828.jpg,0.629041175494913,0.5343101138178881,0.692330442992205
Ovenbird_0026_92850.jpg,0.5160374261681211,0.20435593238598282,0.4021046888469593
Ovenbird_0043_93374.jpg,0.6196165776805898,0.5311985769132718,0.77919883613331
Ovenbird_0048_92876.jpg,0.689271264007306,0.6729104726116373,0.836404215038049
Ovenbird_0009_93395.jpg,0.7014416581937273,0.6832191210269378,0.7856231101425325
Ovenbird_0084_92901.jpg,0.6252291633752474,0.5229606405342604,0.7671540962166441
Ovenbird_0092_93416.jpg,0.6298173289351862,0.5483155972329299,0.825868289483948
Ovenbird_0099_93148.jpg,0.6089427087434538,0.47497257798178183,0.6757369312089696
Ovenbird_0053_92462.jpg,0.6683851067713478,0.6105296476561437,0.6931792859345349
Ovenbird_0122_92993.jpg,0.638077638864188,0.5516346379100809,0.7802343916159469
Ovenbird_0015_93037.jpg,0.6864096826435917,0.6539618849612956,0.8020337161647467
Ovenbird_0023_92534.jpg,0.6590917024736678,0.6001286215259477,0.7688757418853025
Ovenbird_0020_93049.jpg,0.6558768093148527,0.5907832188506472,0.769721446356424
Ovenbird_0131_92559.jpg,0.6449033567076343,0.5634096054967306,0.7410635399196822
Ovenbird_0083_92561.jpg,0.6674313911108823,0.6075991016745813,0.7324877177691724
Ovenbird_0058_93078.jpg,0.6777448514668388,0.6490490125014656,0.8237975717737054
Ovenbird_0094_92577.jpg,0.6083389839781576,0.47739192198056635,0.7382591877791103
Ovenbird_0101_93104.jpg,0.6925326614970393,0.6683434465481871,0.8252402428434692
Ovenbird_0126_92602.jpg,0.6388697532343344,0.5498663534925192,0.746370738983362
Ovenbird_0081_93115.jpg,0.6754421984793992,0.6453784850030919,0.8010791520336366
Ovenbird_0079_92610.jpg,0.6499150784670344,0.5966831449496588,0.8278734749739504
Ovenbird_0070_93140.jpg,0.5317350752794984,0.29551229873633533,0.5764564534392653
Brown_Pelican_0127_93700.jpg,0.6275541680947483,0.5079562009843722,0.5723543958122221
Brown_Pelican_0041_93720.jpg,0.7264710241931284,0.7346440085019252,0.7892110728383739
Brown_Pelican_0102_93727.jpg,0.5730018958879153,0.3852628634758496,0.6029400306592875
Brown_Pelican_0115_93731.jpg,0.6062053601029053,0.48507905154651965,0.680054985395048
Brown_Pelican_0009_94256.jpg,0.5701024590082464,0.3988085702751777,0.6669861636686908
Brown_Pelican_0002_94773.jpg,0.6809318687312114,0.6474934178895118,0.728701303901183
Brown_Pelican_0110_93622.jpg,0.710138442515182,0.6948803928644991,0.7486922906401783
Brown_Pelican_0097_93767.jpg,0.5912613324708588,0.4297551989131524,0.6861873591849222
Brown_Pelican_0095_94290.jpg,0.49421936134275035,0.1482941537388066,0.58480119856203
Brown_Pelican_0073_94823.jpg,0.6586684787448771,0.6068214785512437,0.8107317007054525
Brown_Pelican_0066_94840.jpg,0.6480719603923368,0.5910325224491172,0.7708606417304604
Brown_Pelican_0075_95357.jpg,0.6127169017991534,0.504660751024292,0.733765943259685
Brown_Pelican_0087_94358.jpg,0.6186362257007688,0.5012488834418891,0.6443509753225876
Brown_Pelican_0017_94383.jpg,0.5541272009862994,0.33854010457293215,0.4768547008833121
Brown_Pelican_0018_94432.jpg,0.5295409081448369,0.285362492727928,0.6428752546368055
Brown_Pelican_0003_94427.jpg,0.6838984509086818,0.6468056588558726,0.7532106067061312
Brown_Pelican_0059_94504.jpg,0.6800611043147116,0.6456779053911426,0.7351919268131264
Brown_Pelican_0122_94022.jpg,0.7322607251329041,0.7399810444408024,0.7794522987068838
Brown_Pelican_0040_94051.jpg,0.6125081587712724,0.49676665723573166,0.7283168167818171
Brown_Pelican_0128_94059.jpg,0.5579106926567208,0.35109632223324516,0.6255798584440523
Brown_Pelican_0051_94578.jpg,0.6144956217387685,0.47849851369512353,0.7294411411555793
Brown_Pelican_0012_94079.jpg,0.6464356436984415,0.5739357007476302,0.7727601127980883
Brown_Pelican_0081_94085.jpg,0.7371616343848664,0.7502955540121565,0.7706128977855077
Brown_Pelican_0049_94598.jpg,0.4971057007382589,0.20041044605968406,0.5723059300925692
Brown_Pelican_0019_95158.jpg,0.6403395697714476,0.5502519630615956,0.7199000301589945
Brown_Pelican_0070_93678.jpg,0.6466266680744074,0.5973699980080476,0.7708823308849788
Brown_Pelican_0039_95216.jpg,0.6642938127998346,0.611075837396703,0.7676410141678086
Brown_Pelican_0124_93684.jpg,0.6741450953572964,0.6247203044692656,0.6424902785488902
Brown_Pelican_0072_94974.jpg,0.634949785778889,0.5609278835606322,0.7492871378752901
Brown_Pelican_0074_93692.jpg,0.6768359006136875,0.6274313177450155,0.7573501555895367
White_Pelican_0077_97025.jpg,0.6210959512600287,0.5100561769067276,0.6889830925637953
White_Pelican_0066_95495.jpg,0.6348841271795602,0.5474219737102795,0.7880937789364095
White_Pelican_0048_95764.jpg,0.701244471162408,0.6768847718616461,0.7790275905554471
White_Pelican_0031_97064.jpg,0.6820646232006609,0.6443398261462899,0.7977948865181902
White_Pelican_0051_97833.jpg,0.6768928284991251,0.6376245205477926,0.7595660403472835
White_Pelican_0086_95538.jpg,0.6879276566028726,0.6457524231186862,0.577845492503826
White_Pelican_0025_97604.jpg,0.6980300606751942,0.6788039416591832,0.8080747713389799
White_Pelican_0036_96863.jpg,0.7006111294956141,0.6810510266019997,0.6898104380950586
White_Pelican_0083_95840.jpg,0.6625344343283401,0.5976487201830638,0.6275274370973017
White_Pelican_0052_96865.jpg,0.6858012178314781,0.6519810333311862,0.8025124886835245
White_Pelican_0046_96888.jpg,0.6352867194382992,0.54143999715812,0.5036609543170013
White_Pelican_0016_96659.jpg,0.7083288926459448,0.700410090027165,0.8243900585135532
White_Pelican_0040_96026.jpg,0.7078650229035975,0.6951167484207406,0.7927907934432671
White_Pelican_0014_96417.jpg,0.6592479026033328,0.5959910803824575,0.7102429815525778
White_Pelican_0076_96427.jpg,0.6803992687115574,0.640311227901334,0.7558009235087777
White_Pelican_0003_96691.jpg,0.6290788448416975,0.5236136160290317,0.7239269691715979
White_Pelican_0034_97466.jpg,0.702177915038515,0.6852940937662979,0.7768871651562747
White_Pelican_0072_96975.jpg,0.6865320698391738,0.6418857311541295,0.5187350735357323
White_Pelican_0087_97247.jpg,0.7136411546109651,0.7083178743609871,0.7713911487915367
White_Pelican_0080_95721.jpg,0.5691960933086302,0.3796027275064928,0.6637543146338488
Western_Wood_Pewee_0052_98006.jpg,0.6639031716775586,0.6135208243180243,0.7419496819404015
Western_Wood_Pewee_0070_98225.jpg,0.6713167284851058,0.6121406857454461,0.6384566000093868
Western_Wood_Pewee_0014_98094.jpg,0.5708993937673701,0.39466906324972595,0.7400325449401951
Western_Wood_Pewee_0061_795060.jpg,0.6579983233916593,0.599386301838965,0.7489154007078406
Western_Wood_Pewee_0024_98229.jpg,0.6815797367838854,0.654136485568626,0.8193798070977724
Western_Wood_Pewee_0009_98115.jpg,0.3875406419209597,-0.1471553061178248,0.3919736533931147
Western_Wood_Pewee_0032_98121.jpg,0.6206940815882929,0.537715649967012,0.8107727204720299
Western_Wood_Pewee_0062_98123.jpg,0.5483626645606936,0.3452964640064735,0.7843384378150456
Western_Wood_Pewee_0042_98126.jpg,0.6348709596796183,0.5434969271222787,0.7695588846201011
Western_Wood_Pewee_0037_98127.jpg,0.6074650283158124,0.4772711043280139,0.6489268605467848
Western_Wood_Pewee_0077_98133.jpg,0.6121358273205213,0.5017477973046859,0.7578439901594424
Western_Wood_Pewee_0018_98153.jpg,0.5142220628404153,0.23017890428498056,0.6063868619229177
Western_Wood_Pewee_0053_98186.jpg,0.5984209797336406,0.45975137730651594,0.7292706374197045
Western_Wood_Pewee_0010_98204.jpg,0.5796080474777257,0.41289234283866627,0.7520999092672326
Western_Wood_Pewee_0031_795038.jpg,0.5959952563201363,0.4630423920372154,0.8198293746882618
Western_Wood_Pewee_0017_795041.jpg,0.6784852449643941,0.6452263169380923,0.7944889143141347
Western_Wood_Pewee_0029_795042.jpg,0.6607077266310353,0.5911857411223982,0.6335798110363953
Western_Wood_Pewee_0073_795044.jpg,0.6252020715987157,0.5181137452776414,0.6803378047650441
Western_Wood_Pewee_0019_795046.jpg,0.7021230265265823,0.697574997261631,0.7995985378144099
Western_Wood_Pewee_0043_795053.jpg,0.6213458822691457,0.49783343108661005,0.6109952687410694
Western_Wood_Pewee_0022_795058.jpg,0.6250532048511817,0.5305175234661923,0.7560834841157048
Western_Wood_Pewee_0045_97972.jpg,0.6463422696448635,0.55791703214234,0.672395099493248
Western_Wood_Pewee_0051_98206.jpg,0.5812174690708549,0.4320692488457102,0.7390828804849728
Western_Wood_Pewee_0050_98241.jpg,0.5979775096852734,0.47500525051137055,0.7441464496091615
Western_Wood_Pewee_0013_98268.jpg,0.6593245356178281,0.6036992263445176,0.7479853235876391
Western_Wood_Pewee_0065_98001.jpg,0.5833839080108939,0.4204983458620847,0.6746624136499048
Western_Wood_Pewee_0056_98026.jpg,0.6552473502198619,0.5895998557826574,0.7187511625180378
Western_Wood_Pewee_0063_98295.jpg,0.6086479001529987,0.4894044844611162,0.7927771249185309
Western_Wood_Pewee_0069_98299.jpg,0.6336365102970571,0.5547419875708618,0.8012100165425611
Western_Wood_Pewee_0001_98045.jpg,0.5910819181354129,0.4454404091418598,0.8037714428201949
Sayornis_0137_98305.jpg,0.6606654931937244,0.5911793741693021,0.6221955985942629
Sayornis_0022_98308.jpg,0.562545893088575,0.366145868593615,0.5963920213223591
Sayornis_0115_99335.jpg,0.5969790785253742,0.45070676822320144,0.7231603038692828
Sayornis_0134_98339.jpg,0.6610669442785198,0.6031767936042643,0.7959691398279755
Sayornis_0105_98853.jpg,0.6689946820642606,0.630471143763871,0.8311544389350477
Sayornis_0030_98343.jpg,0.6130731241001992,0.49378015025730915,0.8124980737006542
Sayornis_0075_98350.jpg,0.6152615615896584,0.5005339503772961,0.7704042602342432
Sayornis_0119_98864.jpg,0.6347996865148764,0.557060049699166,0.7678115054094563
Sayornis_0042_98874.jpg,0.6681965934058143,0.6359937484028653,0.7868110353401115
Sayornis_0061_98375.jpg,0.6131899154768187,0.48603540653316757,0.7282082588105403
Sayornis_0069_98914.jpg,0.6126228449430369,0.508187403727594,0.8035892792834364
Sayornis_0067_98930.jpg,0.6482762811468512,0.5763920048195608,0.8054435440858403
Sayornis_0039_98420.jpg,0.622676524365392,0.5194820322615776,0.7842901536726962
Sayornis_0116_98939.jpg,0.5838013021823822,0.430410534607083,0.6728506839529136
Sayornis_0079_98434.jpg,0.6734939581745214,0.6438691137721474,0.8285968028212213
Sayornis_0037_98949.jpg,0.6471221531535356,0.5863660405785867,0.8460034347264528
Sayornis_0032_98962.jpg,0.6914040293196838,0.6741336834343822,0.8469901453579263
Sayornis_0029_99535.jpg,0.648435737389721,0.5832082019110458,0.8101052065607957
Sayornis_0094_98512.jpg,0.6598454809916239,0.5939815007959544,0.7330936302690229
Sayornis_0080_98518.jpg,0.7204121066022892,0.7245659862703946,0.8326313812274918
Sayornis_0047_98524.jpg,0.6170125242691411,0.5015412959739627,0.7586608584717436
Sayornis_0125_98528.jpg,0.6786529178067533,0.65377084539967,0.8403423589381585
Sayornis_0045_98549.jpg,0.593202370111382,0.45370368957676643,0.7648481372787386
Sayornis_0108_98553.jpg,0.6475118403343971,0.5810178992971918,0.7180282691739666
Sayornis_0136_99099.jpg,0.7112459643928186,0.7182155404081497,0.8421334233272285
Sayornis_0007_99117.jpg,0.6371242046146306,0.5658260689634337,0.7815116962862052
Sayornis_0021_98710.jpg,0.6220586385094042,0.5391873524619297,0.8457082999543478
Sayornis_0077_98724.jpg,0.6820229575488672,0.636951122548027,0.6440792923835489
Sayornis_0014_98889.jpg,0.6296679397667284,0.5350575122616958,0.7445837419262955
Sayornis_0100_98782.jpg,0.6483687780288354,0.5760126396919204,0.7077394930351986
American_Pipit_0010_99843.jpg,0.5903824251613679,0.45058951308359174,0.6656570756616325
American_Pipit_0124_99848.jpg,0.6903524444696523,0.6640601611098658,0.7970524847391857
American_Pipit_0048_100140.jpg,0.5530491867733381,0.35438817568348646,0.7304741299913053
American_Pipit_0072_99631.jpg,0.6457142428597806,0.573286591298787,0.8160260977528837
American_Pipit_0104_100147.jpg,0.6173263333686185,0.49710849943625635,0.7366393137157503
American_Pipit_0078_99898.jpg,0.6212578982202783,0.5297346950456392,0.740143072892936
American_Pipit_0017_99902.jpg,0.6273082482753178,0.5141551246071058,0.6993934333819616
American_Pipit_0007_99808.jpg,0.7180345850941195,0.7271580883920172,0.8336519967572192
American_Pipit_0029_99667.jpg,0.62398508462545,0.5107605141188709,0.6236115827142529
American_Pipit_0035_100181.jpg,0.6584867671931487,0.60570497887334,0.8433295762202251
American_Pipit_0059_99628.jpg,0.6698954209472913,0.6240938385344315,0.8024790547073536
American_Pipit_0123_99929.jpg,0.6296764838360589,0.5371417129160841,0.7346861262710596
American_Pipit_0111_99940.jpg,0.7049645076184972,0.6918617267111316,0.8446796219276617
American_Pipit_0022_100227.jpg,0.6003216788894159,0.47069059415832404,0.7069604309187336
American_Pipit_0088_100213.jpg,0.5962825280605013,0.44675832888104894,0.7491305598612992
American_Pipit_0066_99961.jpg,0.5952203103770768,0.4553432633088593,0.7038304102751208
American_Pipit_0109_99710.jpg,0.604860542291441,0.4549570126025554,0.618229867212754
American_Pipit_0001_100225.jpg,0.6726293664678799,0.631504160781172,0.7860050112755057
American_Pipit_0099_99971.jpg,0.6606674540432353,0.5998658410320219,0.8217592154102262
American_Pipit_0046_100240.jpg,0.5918034632768225,0.444544616678495,0.7507884075355379
American_Pipit_0098_99986.jpg,0.5908958200684049,0.4546223709249154,0.8274742500102726
American_Pipit_0090_99651.jpg,0.6328558077980687,0.5465260757496195,0.7261443644454723
American_Pipit_0091_100276.jpg,0.6851351029300672,0.6465667387313687,0.827074930226876
American_Pipit_0043_100027.jpg,0.6353721554937668,0.552990810670299,0.773563877495176
American_Pipit_0121_100040.jpg,0.6383283817074719,0.5715237278432617,0.8114716499816488
American_Pipit_0101_100053.jpg,0.6562894670538606,0.5956624002511718,0.7846620699399054
American_Pipit_0080_100055.jpg,0.699266091061747,0.673531712287782,0.750606646977969
American_Pipit_0041_100060.jpg,0.5544507209828327,0.33551407460561655,0.686140817759995
American_Pipit_0070_100061.jpg,0.6670265207572643,0.6283873478299105,0.8167535932028636
American_Pipit_0119_99622.jpg,0.598789263280818,0.4749450461688901,0.7099298555251397
Whip_Poor_Will_0042_796419.jpg,0.708561003705348,0.7005775047308624,0.7447917862740878
Whip_Poor_Will_0028_796421.jpg,0.7215388168230525,0.7314370158315787,0.8534456878151654
Whip_Poor_Will_0045_796422.jpg,0.7199731629892072,0.7210328229853944,0.7743722670354984
Whip_Poor_Will_0005_796425.jpg,0.5738306059840129,0.38499522098441785,0.39984651767273655
Whip_Poor_Will_0021_796426.jpg,0.7393061861213732,0.7566743338560005,0.8040941097924563
Whip_Poor_Will_0002_796427.jpg,0.7053745410550323,0.6843541976072436,0.7110869930483662
Whip_Poor_Will_0041_796428.jpg,0.6499870482179142,0.5766942431154622,0.6582897582346519
Whip_Poor_Will_0019_796433.jpg,0.6032509942292925,0.4723939482461622,0.6142178406646527
Whip_Poor_Will_0025_796434.jpg,0.6822695993917646,0.6391568324596811,0.7609135785895008
Whip_Poor_Will_0015_796435.jpg,0.6659407383260598,0.6212358652238698,0.8464791552124309
Whip_Poor_Will_0032_796437.jpg,0.6767129600005248,0.6425328403976982,0.7838131261195252
Whip_Poor_Will_0022_796438.jpg,0.7173273348632553,0.7202477733894567,0.7978298873664725
Whip_Poor_Will_0027_796441.jpg,0.6897019892714911,0.6680087016161895,0.7663385763229777
Whip_Poor_Will_0020_100396.jpg,0.7392214405195809,0.7631846068354327,0.8864191436949866
Whip_Poor_Will_0036_100399.jpg,0.7454082229302013,0.7629872112769107,0.7806667057419583
Whip_Poor_Will_0029_796432.jpg,0.7106707167093649,0.7086282503903178,0.8414956026168592
Whip_Poor_Will_0039_796408.jpg,0.721234655666636,0.7331222930639504,0.8451062711292376
Whip_Poor_Will_0023_796410.jpg,0.7345438537752098,0.7475804068910965,0.750053422414771
Whip_Poor_Will_0034_796413.jpg,0.7224306438606615,0.7258536232013679,0.8041964602242847
Horned_Puffin_0068_100872.jpg,0.6395571544925902,0.5656818043624174,0.7888383877005541
Horned_Puffin_0011_100621.jpg,0.6762488736924259,0.6368494145612558,0.6736563524166037
Horned_Puffin_0065_100625.jpg,0.6974619432561894,0.687940004538669,0.8436136917295101
Horned_Puffin_0074_100886.jpg,0.7216904963797753,0.7268468427242425,0.8601074082713586
Horned_Puffin_0015_100889.jpg,0.6237559601503493,0.5413723097180356,0.8272030182370967
Horned_Puffin_0039_100890.jpg,0.6573701749961721,0.6024564353455888,0.8053047628286614
Horned_Puffin_0084_100637.jpg,0.6696211538604218,0.6242733868809163,0.7159549028072172
Horned_Puffin_0050_100645.jpg,0.71707529911046,0.7130976635992954,0.8314634612467993
Horned_Puffin_0083_100649.jpg,0.6642215847610095,0.6240139235514985,0.8158641276308118
Horned_Puffin_0027_100906.jpg,0.6781628626099558,0.6354804219040038,0.7054548248066557
Horned_Puffin_0071_100651.jpg,0.6625366839158375,0.611088511019426,0.7152919937691693
Horned_Puffin_0054_100915.jpg,0.6635741008992696,0.6223701367283003,0.8249188407136366
Horned_Puffin_0048_100916.jpg,0.6668158984328276,0.6241097848730648,0.7518746407057106
Horned_Puffin_0075_100664.jpg,0.569105244688056,0.387669956662414,0.7306158039717124
Horned_Puffin_0059_100925.jpg,0.6718281542905666,0.6389642486966166,0.8039184384531967
Horned_Puffin_0077_100671.jpg,0.60462981475277,0.4651736456800677,0.7626572055919285
Horned_Puffin_0035_100690.jpg,0.6659840077139004,0.5956820440542145,0.5279873911723361
Horned_Puffin_0069_101018.jpg,0.6762437347566352,0.6393758641904517,0.8327313624291758
Horned_Puffin_0047_100967.jpg,0.6443711084118037,0.5679196915605087,0.7826860389969749
Horned_Puffin_0036_100974.jpg,0.7424501967731101,0.7661592534610767,0.8683840497775598
Horned_Puffin_0038_100635.jpg,0.7238611913315913,0.7339154898016327,0.851188657839989
Horned_Puffin_0003_101045.jpg,0.6850095231001999,0.6515957147296937,0.8189649753845066
Horned_Puffin_0051_101048.jpg,0.6783054824194515,0.6486706618957946,0.8216719841833063
Horned_Puffin_0045_100803.jpg,0.7211713562720382,0.7148360634727857,0.7082012494099735
Horned_Puffin_0019_101063.jpg,0.6141089121678054,0.48782251245690356,0.6906443266979689
Horned_Puffin_0010_100771.jpg,0.6953252176445832,0.6693125096537893,0.7322873290807219
Horned_Puffin_0073_100830.jpg,0.6555661228380675,0.6023294955328411,0.8281595952282185
Horned_Puffin_0026_100937.jpg,0.5930149734645334,0.44808881475670426,0.7674948769313712
Horned_Puffin_0061_100845.jpg,0.6136111546584522,0.5066820879092437,0.8112101346141485
Horned_Puffin_0079_100847.jpg,0.6413775209634744,0.564109901879219,0.8048049413405726
Common_Raven_0089_101891.jpg,0.6631528028887088,0.6145744565803692,0.7408592217307306
Common_Raven_0059_101893.jpg,0.6354226936406863,0.539939532995335,0.6031786871699583
Common_Raven_0070_101896.jpg,0.6962284474416187,0.6794614249343514,0.8538677225469553
Common_Raven_0043_101901.jpg,0.6638683447425993,0.6060950833184865,0.7930722867618125
Common_Raven_0024_101394.jpg,0.7145299225434025,0.7091565647643052,0.7640543150738318
Common_Raven_0052_101909.jpg,0.6083136493834188,0.4648824416750993,0.5164606925681211
Common_Raven_0107_101412.jpg,0.6878026687655538,0.6495160439793439,0.7311804377363067
Common_Raven_0023_102437.jpg,0.6100641357752739,0.5045817983902725,0.7592967563206096
Common_Raven_0065_102465.jpg,0.6418602063278008,0.5466308262292561,0.47742097830994407
Common_Raven_0126_101459.jpg,0.6168305081560562,0.5035886545142085,0.6107125104720084
Common_Raven_0060_102013.jpg,0.6224694564491466,0.5127966115892668,0.7647228797140576
Common_Raven_0075_102530.jpg,0.6488428931687811,0.5606813864710958,0.703386356932018
Common_Raven_0036_102025.jpg,0.7038915432002978,0.6828082100231443,0.6381182049267924
Common_Raven_0091_101524.jpg,0.6936025564017151,0.6649618306451746,0.6991883046771301
Common_Raven_0092_102550.jpg,0.7513883946274916,0.7760436770729126,0.7412519577105299
Common_Raven_0085_102041.jpg,0.6217996354525843,0.5245983065344748,0.7421107192653237
Common_Raven_0132_101543.jpg,0.5609030525435292,0.3521971345543876,0.5152749469821682
Common_Raven_0093_102058.jpg,0.6876578390880235,0.6546325093375102,0.7239847250674316
Common_Raven_0025_102584.jpg,0.682867048949463,0.6513039222032988,0.8115114721638623
Common_Raven_0129_102094.jpg,0.6366245393816785,0.5279466545314098,0.5499179590982716
Common_Raven_0128_102017.jpg,0.6259750243557851,0.517747907677701,0.6316331304403613
Common_Raven_0122_101708.jpg,0.6856764982691214,0.6363285626117725,0.7340791821423478
Common_Raven_0018_101713.jpg,0.6474329288155061,0.5724102296417929,0.7747935762651739
Common_Raven_0033_101759.jpg,0.6761581306775064,0.6197109779534536,0.734044113902486
Common_Raven_0021_101767.jpg,0.6170323354290103,0.4848579810932834,0.5780313444648942
Common_Raven_0082_102306.jpg,0.5603641617405655,0.3389620957863997,0.45222705623470016
Common_Raven_0053_101291.jpg,0.6378344191598769,0.5370310199866551,0.6407045594484604
Common_Raven_0005_101347.jpg,0.6224054283656518,0.5099775502098863,0.7318177582813973
Common_Raven_0077_101349.jpg,0.6333103658642623,0.546535471101383,0.7697102452646384
Common_Raven_0015_101364.jpg,0.6465582025851454,0.5704099511356081,0.6914263264829942
White_Necked_Raven_0047_102660.jpg,0.6062020031462625,0.4982579056541071,0.7966886823147921
White_Necked_Raven_0031_102686.jpg,0.6583033683240868,0.6082722493637989,0.7212152560111259
White_Necked_Raven_0034_102598.jpg,0.6335383403403834,0.5437889961384959,0.6541958186238598
White_Necked_Raven_0039_102699.jpg,0.5553528752758832,0.32289419700903743,0.35677081303523744
White_Necked_Raven_0012_102700.jpg,0.5428157632694997,0.33187116929844296,0.7663643211318416
White_Necked_Raven_0049_102713.jpg,0.6016744610041487,0.46703417747384246,0.7451105674980174
White_Necked_Raven_0058_102729.jpg,0.6482801347495817,0.5705531203271168,0.6335147168324332
White_Necked_Raven_0037_102734.jpg,0.5797157780754753,0.41590165917855326,0.7898619530838892
White_Necked_Raven_0009_102518.jpg,0.6073302327328864,0.48328720633244615,0.6970895111273508
White_Necked_Raven_0015_102593.jpg,0.658725644162808,0.6075540852732288,0.7767758829795962
White_Necked_Raven_0046_797343.jpg,0.6399746586968446,0.5610529951940506,0.7310919574519941
White_Necked_Raven_0048_797345.jpg,0.719256318890533,0.7107511511540748,0.6309263027138389
White_Necked_Raven_0006_797347.jpg,0.6655020535294645,0.6156508094855907,0.7531595010496708
White_Necked_Raven_0029_797349.jpg,0.6349287098265709,0.5589257182245624,0.8093520264066026
White_Necked_Raven_0065_797354.jpg,0.6753269040763824,0.6432909786502559,0.823153846309305
White_Necked_Raven_0057_797358.jpg,0.6629482199618542,0.6145831804059049,0.8196087015173533
White_Necked_Raven_0043_797363.jpg,0.6876003825036971,0.6667217168733872,0.8352986431214928
White_Necked_Raven_0024_797364.jpg,0.4313311852765782,-0.013668369853657714,0.3970153846534239
White_Necked_Raven_0060_797365.jpg,0.6572315791538891,0.5881680155236515,0.6143982009579226
White_Necked_Raven_0011_797367.jpg,0.6466417925451522,0.5812963826769446,0.6399809634141469
White_Necked_Raven_0056_797373.jpg,0.5245305479352071,0.25440417678802874,0.5270863520527255
White_Necked_Raven_0019_797377.jpg,0.5755971080806732,0.4110238694215228,0.5735952787799901
White_Necked_Raven_0064_797378.jpg,0.5607995224492333,0.3710054927264449,0.6393438900299329
White_Necked_Raven_0062_797382.jpg,0.6882122453338368,0.6780826000889314,0.893301971852187
White_Necked_Raven_0016_797385.jpg,0.6781060150300553,0.6410916902031383,0.7225895922344274
White_Necked_Raven_0040_797386.jpg,0.5314544680728934,0.27106116187307483,0.5184639257089436
White_Necked_Raven_0008_797389.jpg,0.6710102975115344,0.6302179822800955,0.7826718145818331
White_Necked_Raven_0028_797392.jpg,0.5591210169047871,0.36282182787063877,0.549695077355987
White_Necked_Raven_0070_102645.jpg,0.6717508233013862,0.6347209623775447,0.732660744991391
White_Necked_Raven_0005_102653.jpg,0.6025589040638413,0.4535022835923107,0.5889499108586589
American_Redstart_0094_103425.jpg,0.6907875809385273,0.676227086528804,0.8401678243597432
American_Redstart_0044_103433.jpg,0.636068120714551,0.538841116820046,0.6660076364273285
American_Redstart_0103_102946.jpg,0.623715196276756,0.5092347377615911,0.6478486931692463
American_Redstart_0082_102973.jpg,0.6327972810871283,0.5499624336847211,0.843526555930013
American_Redstart_0048_104021.jpg,0.6547324529228142,0.6041191259024843,0.7907780529623472
American_Redstart_0078_103268.jpg,0.6505967397310153,0.5773864843476542,0.7691950086432459
American_Redstart_0020_104027.jpg,0.5586241896932298,0.36873806431702305,0.6394289814336162
American_Redstart_0035_103017.jpg,0.7062907118226072,0.6927516027744831,0.7592390746945257
American_Redstart_0064_103081.jpg,0.6164799956486926,0.5246341897415734,0.7922076401490379
American_Redstart_0058_103082.jpg,0.5721945831755931,0.3914325765934218,0.576935950216876
American_Redstart_0120_103089.jpg,0.6271597096507177,0.5212953892748156,0.7113731149215443
American_Redstart_0126_103091.jpg,0.6385785463137497,0.5559953844071743,0.8243769409113539
American_Redstart_0122_103102.jpg,0.6590612081078258,0.5990089353361253,0.7356144119452191
American_Redstart_0119_104057.jpg,0.5785118553180731,0.410176117610214,0.6255083703625443
American_Redstart_0041_103717.jpg,0.6180109432266551,0.5152320442717185,0.8171237018485894
American_Redstart_0002_103723.jpg,0.6760084030188755,0.6354967162437608,0.7782767326830041
American_Redstart_0026_103729.jpg,0.6858767555501615,0.6609138965239949,0.8166465664983957
American_Redstart_0097_103238.jpg,0.6392827693528689,0.5739359071916013,0.8536697119590159
American_Redstart_0038_103278.jpg,0.6423412007070539,0.5546226575799731,0.7964637995089401
American_Redstart_0059_103402.jpg,0.665668752203997,0.6161547257764417,0.8245486403480397
American_Redstart_0037_102818.jpg,0.6187445489184498,0.5077352028593864,0.7485536803654155
American_Redstart_0055_103750.jpg,0.5798385502062229,0.4132960783014711,0.7380992072073512
American_Redstart_0137_102848.jpg,0.617176265047645,0.5005163551610017,0.657813438387648
American_Redstart_0047_102860.jpg,0.6216815991645821,0.5225126363339692,0.799568311121762
American_Redstart_0034_102866.jpg,0.6317396753558948,0.5503589554820505,0.816029715009634
American_Redstart_0088_103892.jpg,0.5804426815107908,0.4113776697557794,0.6744137787530872
American_Redstart_0012_103385.jpg,0.6251388044720764,0.5210822923959222,0.8005991801471493
American_Redstart_0086_102876.jpg,0.5406853291649253,0.3091143829545958,0.6172833384966383
American_Redstart_0107_102888.jpg,0.6680141256737344,0.6219649128615656,0.7193435996447477
American_Redstart_0110_103924.jpg,0.6720200494738295,0.6299101735156651,0.8027787345038674
Geococcyx_0050_104506.jpg,0.6620472010385254,0.615811041196453,0.8194458647796086
Geococcyx_0040_104507.jpg,0.5695617518092451,0.3591541697813798,0.6379133987024201
Geococcyx_0067_104537.jpg,0.7100288772297756,0.6938640908717439,0.8279083534656537
Geococcyx_0024_104243.jpg,0.6047704683537758,0.48538234278877823,0.7260325400232464
Geococcyx_0118_104131.jpg,0.6107294490666172,0.4927683339663014,0.7394352767342075
Geococcyx_0099_104134.jpg,0.7085196872448647,0.7169218587063151,0.8819028286129501
Geococcyx_0056_104142.jpg,0.60081230808206,0.4587506366130324,0.6205392482327424
Geococcyx_0136_104144.jpg,0.6191869100320544,0.5135295677590355,0.7531218602644678
Geococcyx_0020_104164.jpg,0.6633780607612203,0.6030515413929067,0.7730806653517994
Geococcyx_0045_104166.jpg,0.5732277139743391,0.4009807205203414,0.7564499829848066
Geococcyx_0120_104176.jpg,0.5772586062973633,0.4171694960985014,0.6874661180339436
Geococcyx_0137_104693.jpg,0.7347307671292613,0.7536586388723663,0.8437477087101126
Geococcyx_0077_104185.jpg,0.5326222898524171,0.32132919853158237,0.6014101424486794
Geococcyx_0033_104195.jpg,0.7473169570747381,0.7637832272723458,0.7843814664490082
Geococcyx_0134_104196.jpg,0.6573783684743761,0.5905785767137447,0.8390117487105473
Geococcyx_0135_104716.jpg,0.6872505849812498,0.6521912428048526,0.8206289309989047
Geococcyx_0101_104230.jpg,0.6015040043336325,0.4607949085677575,0.6732417076569511
Geococcyx_0062_104743.jpg,0.6114644840166258,0.49212683811481905,0.7824449181866988
Geococcyx_0116_104240.jpg,0.599226288810129,0.4706995503427057,0.7656980410789082
Geococcyx_0079_104249.jpg,0.6926015990508709,0.6744892645462139,0.8164220666176937
Geococcyx_0063_104250.jpg,0.49265594980214766,0.16389249954231244,0.7095144305973546
Geococcyx_0059_104258.jpg,0.5460306948666658,0.3297955716015475,0.7707507602285312
Geococcyx_0133_104267.jpg,0.6479979537088388,0.5728279677110848,0.7598696276405446
Geococcyx_0139_104277.jpg,0.5158832389538354,0.21862789754571732,0.6256354468514536
Geococcyx_0015_104792.jpg,0.6670159910574986,0.6264010217487255,0.7689011540987324
Geococcyx_0027_104291.jpg,0.6702834913700411,0.6371565923813847,0.866734747700019
Geococcyx_0048_104817.jpg,0.6251665688520952,0.5148440818563209,0.6786890386294377
Geococcyx_0108_104350.jpg,0.598333006667932,0.46034897248241646,0.6573673212503575
Geococcyx_0012_104352.jpg,0.666687841869919,0.6225865163601456,0.7830269603131597
Geococcyx_0011_104779.jpg,0.6531516936048445,0.5922371136755534,0.7504055848509699
Loggerhead_Shrike_0022_105501.jpg,0.7035506178896778,0.6874442439037411,0.8006543222348504
Loggerhead_Shrike_0086_105005.jpg,0.65204382027676,0.5814850773750272,0.7775954609771322
Loggerhead_Shrike_0108_105023.jpg,0.6761105929960156,0.6335641937011859,0.7445035372060568
Loggerhead_Shrike_0089_106055.jpg,0.5740911761330718,0.39030596245528437,0.7069276952340494
Loggerhead_Shrike_0059_106086.jpg,0.6294077817261163,0.5352798049681051,0.7915632602101335
Loggerhead_Shrike_0115_105575.jpg,0.574861699994047,0.38959647779146633,0.5590110498655604
Loggerhead_Shrike_0091_105076.jpg,0.6533346212648723,0.5953206215729288,0.8161051879818103
Loggerhead_Shrike_0125_105594.jpg,0.699523902963767,0.6751842149425895,0.7354739524009105
Loggerhead_Shrike_0075_106153.jpg,0.677668946922617,0.6226197039941634,0.735572348537432
Loggerhead_Shrike_0069_73908.jpg,0.5220014557048143,0.241271969941389,0.4315564005935104
Loggerhead_Shrike_0088_105663.jpg,0.6403196648885415,0.5432423159024966,0.6202027378399413
Loggerhead_Shrike_0118_105157.jpg,0.6764242250748633,0.6386326744647095,0.708920760320554
Loggerhead_Shrike_0106_105437.jpg,0.6601776706957625,0.5996251498252523,0.7455966675270085
Loggerhead_Shrike_0025_104828.jpg,0.6487671860640646,0.5777870115270881,0.8539681052355808
Loggerhead_Shrike_0002_105195.jpg,0.673724121827503,0.6341086236082096,0.8333052905531971
Loggerhead_Shrike_0028_106221.jpg,0.6632689166028092,0.6120003159337432,0.7072298654248895
Loggerhead_Shrike_0064_106225.jpg,0.6899179891828039,0.6641324716671269,0.698142488787518
Loggerhead_Shrike_0120_105777.jpg,0.6361592449172864,0.5386470173644146,0.6313104233098675
Loggerhead_Shrike_0126_106316.jpg,0.6796311178220599,0.6387191285367948,0.7047126489926273
Loggerhead_Shrike_0123_105849.jpg,0.594876736323941,0.4629054834095443,0.7016806578623467
Loggerhead_Shrike_0039_106367.jpg,0.683319853625713,0.6462722614203715,0.6884675572880475
Loggerhead_Shrike_0101_105392.jpg,0.6840993878528144,0.6423705235776431,0.7099583010621401
Loggerhead_Shrike_0010_104866.jpg,0.614894150305735,0.5020456224278376,0.7503180854424701
Loggerhead_Shrike_0023_105892.jpg,0.6744004763623901,0.6365659409276704,0.7845168734792202
Loggerhead_Shrike_0021_104885.jpg,0.6738355071379296,0.6353084309764596,0.7659572907449604
Loggerhead_Shrike_0068_105400.jpg,0.6503108332786529,0.5929924225446199,0.787196100742912
Loggerhead_Shrike_0017_104864.jpg,0.6029976181061296,0.45796582343467274,0.5562137716222181
Loggerhead_Shrike_0026_104898.jpg,0.6119195031127097,0.47968226204276476,0.6118521324333559
Loggerhead_Shrike_0110_105947.jpg,0.6535178560322155,0.5896338837555233,0.7630383781964921
Loggerhead_Shrike_0030_104930.jpg,0.6065676700860821,0.4848356486627793,0.7368819372772872
Great_Grey_Shrike_0048_106754.jpg,0.6377897451837514,0.5452227815497557,0.7748623310738375
Great_Grey_Shrike_0066_106759.jpg,0.6611327795456332,0.6101870358962915,0.7622255533408224
Great_Grey_Shrike_0068_797060.jpg,0.6895628814384269,0.6638699377113638,0.8022642335387603
Great_Grey_Shrike_0086_106533.jpg,0.6081548370100945,0.480303748975643,0.6928109154637296
Great_Grey_Shrike_0053_106792.jpg,0.6287913198616031,0.5339339808577236,0.7305396765367211
Great_Grey_Shrike_0094_106576.jpg,0.6322124985327292,0.5346089274310741,0.7577994363055565
Great_Grey_Shrike_0027_797009.jpg,0.6630259475458287,0.6107212240018507,0.8323626367327362
Great_Grey_Shrike_0039_797015.jpg,0.7082014072623282,0.6993467976513676,0.7881512393133984
Great_Grey_Shrike_0075_797022.jpg,0.662670645248516,0.6038005876930772,0.6933870013436108
Great_Grey_Shrike_0010_797023.jpg,0.5683191538091075,0.36818157904660853,0.538423491458383
Great_Grey_Shrike_0080_106850.jpg,0.5894645449100584,0.409051844267881,0.4551094460182156
Great_Grey_Shrike_0065_797027.jpg,0.6240495082681028,0.5256148717787446,0.7513296922576848
Great_Grey_Shrike_0011_106852.jpg,0.6684831764947743,0.6298075822749077,0.7856409007969491
Great_Grey_Shrike_0015_797031.jpg,0.6144983444724412,0.4947030081954773,0.7033362049833201
Great_Grey_Shrike_0055_106858.jpg,0.630450492750936,0.551587271302328,0.7540762412188249
Great_Grey_Shrike_0085_797037.jpg,0.6641445054525841,0.6305913970884998,0.8676546576555533
Great_Grey_Shrike_0038_106617.jpg,0.5286671626866215,0.2826488422244279,0.7477464620049364
Great_Grey_Shrike_0025_106622.jpg,0.676511616694914,0.6281772756011927,0.7281034876467092
Great_Grey_Shrike_0005_797055.jpg,0.6840836137472144,0.66239774562145,0.7607419640070939
Great_Grey_Shrike_0062_106628.jpg,0.6260161798457156,0.5169816753115339,0.6343506300575731
Great_Grey_Shrike_0071_106861.jpg,0.6228709070739304,0.5157978681248319,0.7281973748436517
Great_Grey_Shrike_0082_106650.jpg,0.6136605138664835,0.47516473669785797,0.5857357886333605
Great_Grey_Shrike_0012_106661.jpg,0.6238273529839089,0.5325999614873993,0.7858706857778324
Great_Grey_Shrike_0044_106851.jpg,0.49340989493127485,0.1423557636918823,0.37076200406327764
Great_Grey_Shrike_0023_106670.jpg,0.6687969827506247,0.620029511258047,0.7075796781195829
Great_Grey_Shrike_0028_106678.jpg,0.6813038589920082,0.6488210607250668,0.8039491593137831
Great_Grey_Shrike_0074_106689.jpg,0.6142871551157814,0.5085597301596668,0.7661355655795897
Great_Grey_Shrike_0019_797049.jpg,0.7164012099760872,0.7139251680994497,0.8271189578671423
Great_Grey_Shrike_0060_797008.jpg,0.7083107173760528,0.7105995767039224,0.8808483506452663
Great_Grey_Shrike_0091_797054.jpg,0.5962303669238539,0.45163555141541767,0.6469805848299512
Baird_Sparrow_0012_794552.jpg,0.6917389381263398,0.6638612099327654,0.8453432127217421
Baird_Sparrow_0044_794554.jpg,0.6376558215029866,0.554379818716313,0.7620351814268346
Baird_Sparrow_0003_794558.jpg,0.6260701298620637,0.536388602856169,0.7354985775447949
Baird_Sparrow_0023_794559.jpg,0.7013378805632656,0.6874187644805101,0.8071084231705117
Baird_Sparrow_0042_794560.jpg,0.6296065157178543,0.5364339441896809,0.7095662577188131
Baird_Sparrow_0037_794562.jpg,0.6876781616367448,0.6547368544668934,0.8001649710260516
Baird_Sparrow_0007_794563.jpg,0.6763708741327925,0.6297061446422612,0.8097543164165567
Baird_Sparrow_0005_794565.jpg,0.6619801907842174,0.6060861978897025,0.7214197986476923
Baird_Sparrow_0033_794566.jpg,0.6898661402153892,0.6639387396921959,0.8039385937961789
Baird_Sparrow_0019_794567.jpg,0.611823216739434,0.4849439380772729,0.7528928828691462
Baird_Sparrow_0004_794568.jpg,0.6811860046055899,0.6465490419314905,0.8311483647075354
Baird_Sparrow_0015_794573.jpg,0.7331891700417932,0.7410547362643333,0.7512664365947807
Baird_Sparrow_0011_794577.jpg,0.6850370251086648,0.6488022081965403,0.7950073815745925
Baird_Sparrow_0001_794578.jpg,0.6595898372810819,0.599383373017691,0.8324727541403383
Baird_Sparrow_0006_794579.jpg,0.6682947288468795,0.6220466855494675,0.8131139098898057
Baird_Sparrow_0031_794580.jpg,0.6678003997804243,0.6058599058683414,0.817695488743292
Baird_Sparrow_0017_794586.jpg,0.630554434873188,0.549194350855907,0.8508857710780743
Baird_Sparrow_0013_794587.jpg,0.7171584838727986,0.7181321614806426,0.8597308932672215
Baird_Sparrow_0020_106863.jpg,0.6753302332284565,0.6322839643109057,0.7461041894631619
Baird_Sparrow_0050_787316.jpg,0.6001615350968177,0.47459645278342233,0.7754615263112455
Black_Throated_Sparrow_0056_107010.jpg,0.6355321732325894,0.5623467079332942,0.8048996121953254
Black_Throated_Sparrow_0044_107270.jpg,0.642771424873007,0.5706260406754148,0.812556268022323
Black_Throated_Sparrow_0021_107021.jpg,0.6581649742814439,0.598162416012181,0.8320977654780656
Black_Throated_Sparrow_0054_107026.jpg,0.5987010213298509,0.46120154428362825,0.738724881167822
Black_Throated_Sparrow_0050_107033.jpg,0.6714208952978404,0.6275950253503277,0.8001498275933786
Black_Throated_Sparrow_0003_107035.jpg,0.6408784823708791,0.5809727483932696,0.8261665855665596
Black_Throated_Sparrow_0057_107036.jpg,0.5479822684141085,0.32453202140078863,0.6882354044680898
Black_Throated_Sparrow_0080_107050.jpg,0.6388356140119453,0.5604127084963545,0.8094247003499132
Black_Throated_Sparrow_0059_107060.jpg,0.6233460322805606,0.5403164521096988,0.847057439386075
Black_Throated_Sparrow_0084_107066.jpg,0.6492014497439345,0.5864125430422036,0.8591953014607528
Black_Throated_Sparrow_0015_107079.jpg,0.6271253994360197,0.5356219830875232,0.7489280905909879
Black_Throated_Sparrow_0094_107085.jpg,0.5549848406193927,0.35118448764612165,0.7137860816627813
Black_Throated_Sparrow_0074_107113.jpg,0.6839703352124675,0.6652994135792739,0.8574128951566385
Black_Throated_Sparrow_0053_107282.jpg,0.5327204801466636,0.2629403688642591,0.6161978883169177
Black_Throated_Sparrow_0098_107138.jpg,0.6682416482772177,0.6340502188348285,0.8413546839814864
Black_Throated_Sparrow_0005_107150.jpg,0.6039827620086139,0.4836412880741069,0.7942139258273335
Black_Throated_Sparrow_0040_107172.jpg,0.6546000610659956,0.609594324730754,0.8487901374099083
Black_Throated_Sparrow_0060_107177.jpg,0.5965319212051229,0.46470866950031475,0.787235839583885
Black_Throated_Sparrow_0076_106995.jpg,0.6337923255296163,0.5448773035254273,0.8267486089459102
Black_Throated_Sparrow_0070_107196.jpg,0.6144084316413083,0.5106870259381591,0.7940417408006062
Black_Throated_Sparrow_0099_106944.jpg,0.7376867434423493,0.7665151191017635,0.9112866699224696
Black_Throated_Sparrow_0007_106999.jpg,0.60447334550502,0.5045372756456064,0.802750519237447
Black_Throated_Sparrow_0068_106960.jpg,0.6276158292002431,0.5199937089142705,0.6237323139614374
Black_Throated_Sparrow_0051_107217.jpg,0.5397291373656372,0.31068793768714864,0.7266823263730083
Black_Throated_Sparrow_0002_106962.jpg,0.6535508368303145,0.5975290548691847,0.8160646925529389
Black_Throated_Sparrow_0061_106967.jpg,0.6650837939211056,0.615130632735841,0.8000915341279357
Black_Throated_Sparrow_0043_107236.jpg,0.6090611035021805,0.48767085774532903,0.6441983779659682
Black_Throated_Sparrow_0008_107000.jpg,0.6763833802373524,0.6478745251129917,0.811718610873673
Black_Throated_Sparrow_0039_107259.jpg,0.6886748151327903,0.6628911586402726,0.7998208382763157
Black_Throated_Sparrow_0013_107005.jpg,0.6329708350570209,0.5507518392232935,0.7454480460705667
Brewer_Sparrow_0034_796693.jpg,0.7114759564961446,0.7134391149483513,0.8374228447170898
Brewer_Sparrow_0044_796698.jpg,0.6620176707029848,0.6055923093215134,0.7838219364271258
Brewer_Sparrow_0007_796700.jpg,0.6030637193361637,0.46550189485795057,0.706828670436083
Brewer_Sparrow_0011_796708.jpg,0.6656707310130058,0.6163427424837677,0.7815779064397752
Brewer_Sparrow_0031_796712.jpg,0.6810742972652679,0.6537410821721134,0.8076040797163359
Brewer_Sparrow_0027_796713.jpg,0.717636476010046,0.7191428159320155,0.8628914101835197
Brewer_Sparrow_0072_796715.jpg,0.689956452984583,0.6700512770419247,0.8423272488880659
Brewer_Sparrow_0010_796716.jpg,0.6936366682995131,0.6694798625194296,0.6969178418248454
Brewer_Sparrow_0070_796717.jpg,0.6362122060399742,0.5525957063627813,0.7394243169700134
Brewer_Sparrow_0055_796720.jpg,0.6636697853660329,0.6204976580510295,0.7989752671730872
Brewer_Sparrow_0042_796721.jpg,0.6971375845845597,0.6757688314605266,0.8336168421777833
Brewer_Sparrow_0065_107419.jpg,0.6682421496279927,0.6182298984937531,0.7873839526689492
Brewer_Sparrow_0047_107428.jpg,0.6484387109943287,0.5900409749309647,0.8572371496444938
Brewer_Sparrow_0039_107431.jpg,0.6768689735905093,0.6355746924140456,0.696007304575072
Brewer_Sparrow_0018_107437.jpg,0.6221043241712899,0.5282084782139118,0.7970848562377753
Brewer_Sparrow_0061_107438.jpg,0.5823612643821487,0.4332212179641396,0.7269754609136876
Brewer_Sparrow_0024_107439.jpg,0.6277136352029404,0.5275115599299676,0.6038146083375067
Brewer_Sparrow_0037_107442.jpg,0.6707160515716208,0.6255215446751591,0.7815690309792133
Brewer_Sparrow_0005_107443.jpg,0.5488359941036773,0.3275485272929428,0.6076585627857991
Brewer_Sparrow_0071_107446.jpg,0.6686634080741027,0.6228388511727727,0.8383312042307869
Brewer_Sparrow_0062_107456.jpg,0.6163829841889543,0.5076328391957106,0.7658871309287533
Brewer_Sparrow_0056_107458.jpg,0.6336847682994492,0.5565712369301294,0.7081685332269034
Brewer_Sparrow_0003_107459.jpg,0.6012113264767411,0.4709698896930402,0.7793198442121992
Brewer_Sparrow_0050_107460.jpg,0.6789634236129375,0.6382056450451621,0.7550673918024093
Brewer_Sparrow_0006_107463.jpg,0.6731688045347703,0.636164745544684,0.8380082397377479
Brewer_Sparrow_0052_107478.jpg,0.6534999315408292,0.5889264977543379,0.7343808248157965
Brewer_Sparrow_0043_107479.jpg,0.6476283623810006,0.5802071683633392,0.7504603724839887
Brewer_Sparrow_0067_107480.jpg,0.6185380648342429,0.5243895608993268,0.7933963576685287
Brewer_Sparrow_0073_107518.jpg,0.6840169763267618,0.6507777827003327,0.8172912549203927
Chipping_Sparrow_0089_107535.jpg,0.5892624939821727,0.4538779094872435,0.7457128365003519
Chipping_Sparrow_0021_109588.jpg,0.5759396956839236,0.4035291367305046,0.795744143538347
Chipping_Sparrow_0096_109853.jpg,0.6968569555401416,0.6901419280274379,0.8336365588434343
Chipping_Sparrow_0017_107552.jpg,0.6542183347337174,0.5790472715147347,0.6650558734413259
Chipping_Sparrow_0022_107825.jpg,0.6490900567319278,0.5903593720685985,0.8156474505560055
Chipping_Sparrow_0018_108295.jpg,0.6624383886627515,0.6300536239103691,0.8575672725996485
Chipping_Sparrow_0052_109874.jpg,0.7397862889421917,0.7720146663633485,0.8580264048122815
Chipping_Sparrow_0061_109113.jpg,0.6247574612174942,0.5338718703049415,0.7459811571454805
Chipping_Sparrow_0035_110138.jpg,0.6017995857546325,0.4447467392592883,0.5098110765261887
Chipping_Sparrow_0075_108348.jpg,0.7331364080545366,0.7439541972309107,0.7700931161849482
Chipping_Sparrow_0006_107849.jpg,0.6207993345835756,0.5166120414166342,0.8344140491675017
Chipping_Sparrow_0041_108370.jpg,0.5555946799214053,0.34159247492485156,0.5380720385121356
Chipping_Sparrow_0062_110187.jpg,0.6399768976574566,0.5734985727100013,0.774788963231483
Chipping_Sparrow_0091_108308.jpg,0.6586717953086013,0.6130865749396404,0.8003769395845555
Chipping_Sparrow_0090_14718.jpg,0.6192213780492231,0.5008455278505023,0.6588396583064039
Chipping_Sparrow_0109_108162.jpg,0.6356538689994542,0.5507384354298124,0.7196092367548014
Chipping_Sparrow_0024_109445.jpg,0.6458478707906679,0.570071406037876,0.7624057329427862
Chipping_Sparrow_0004_108430.jpg,0.6314055033520294,0.5546329305087954,0.7236255431568576
Chipping_Sparrow_0050_108441.jpg,0.7074235721422688,0.707307646965218,0.8292489133025417
Chipping_Sparrow_0097_107678.jpg,0.679534904400358,0.645346128003764,0.7899915544909627
Chipping_Sparrow_0074_108401.jpg,0.624220403845551,0.5071493244164129,0.5662934092473431
Chipping_Sparrow_0085_109506.jpg,0.6646274555914657,0.6222265857333737,0.8462056992923718
Chipping_Sparrow_0043_109509.jpg,0.5886767010235714,0.4395727877590049,0.787399672247788
Chipping_Sparrow_0103_109529.jpg,0.616359055868177,0.4957683953744424,0.6700425658961133
Chipping_Sparrow_0086_109022.jpg,0.6009301239764839,0.4778550500171038,0.8106979003135012
Chipping_Sparrow_0111_108515.jpg,0.6349300480020774,0.5534285452890702,0.7599668586902653
Chipping_Sparrow_0026_109010.jpg,0.6428063150221015,0.5721492269480462,0.7942669222631131
Chipping_Sparrow_0067_107508.jpg,0.5640728668868478,0.36584691804511815,0.7442057953722843
Chipping_Sparrow_0070_108281.jpg,0.6006485371783177,0.4693765157465217,0.7619631373973612
Chipping_Sparrow_0016_109051.jpg,0.6167328460280916,0.516826433791624,0.8103381187854444
Clay_Colored_Sparrow_0072_110851.jpg,0.6680025338604559,0.6251670556796318,0.8213256785432125
Clay_Colored_Sparrow_0020_110609.jpg,0.6370561316149761,0.5541694297424952,0.7165723573574324
Clay_Colored_Sparrow_0001_110632.jpg,0.6885296580132536,0.6620836309791746,0.8235364415152182
Clay_Colored_Sparrow_0055_110647.jpg,0.6400924554303583,0.5634191569480358,0.7751006895729259
Clay_Colored_Sparrow_0028_797241.jpg,0.6585536591028387,0.6092840740347782,0.8096517531931854
Clay_Colored_Sparrow_0042_797243.jpg,0.6117621735917089,0.48146825671920734,0.6789570875347977
Clay_Colored_Sparrow_0048_110653.jpg,0.5934538932226613,0.45729567746388233,0.7827021236486619
Clay_Colored_Sparrow_0094_797250.jpg,0.6875421685287768,0.6499585053812401,0.6554027200947334
Clay_Colored_Sparrow_0075_797251.jpg,0.5913842745649325,0.4244398922359043,0.5918871162979881
Clay_Colored_Sparrow_0034_797252.jpg,0.6762585185369024,0.6400563874037845,0.8214915837852503
Clay_Colored_Sparrow_0085_797260.jpg,0.7059672816914664,0.6909210246655118,0.7724736836022728
Clay_Colored_Sparrow_0090_110669.jpg,0.6601402474616689,0.6064474924255261,0.7617521098300151
Clay_Colored_Sparrow_0010_797262.jpg,0.7025650499990808,0.6915856856746717,0.8112868453849087
Clay_Colored_Sparrow_0093_110677.jpg,0.629573125251398,0.5372619864511221,0.7585104240990315
Clay_Colored_Sparrow_0068_110706.jpg,0.6713527493396283,0.6298736273436522,0.8214087841550135
Clay_Colored_Sparrow_0040_110717.jpg,0.6740573001005636,0.6237400965801159,0.7616949025446276
Clay_Colored_Sparrow_0073_110718.jpg,0.6936989922906602,0.6705542915489828,0.7373549211687921
Clay_Colored_Sparrow_0046_110728.jpg,0.5621166459375634,0.3463552173095058,0.5908721503241922
Clay_Colored_Sparrow_0083_110734.jpg,0.6132188203736002,0.5066804027413478,0.8096704560874727
Clay_Colored_Sparrow_0049_110736.jpg,0.6471502866803345,0.5898520304351893,0.875118846811952
Clay_Colored_Sparrow_0031_110769.jpg,0.6366803500901738,0.5521987038608467,0.7378153669530271
Clay_Colored_Sparrow_0097_110516.jpg,0.5735790993974633,0.36710845089333555,0.4475460363751019
Clay_Colored_Sparrow_0009_797256.jpg,0.6384089150993281,0.5521519616581614,0.7132370620148303
Clay_Colored_Sparrow_0038_110799.jpg,0.6870136460651783,0.6542790824173059,0.7423810802934435
Clay_Colored_Sparrow_0100_110545.jpg,0.7174654541996043,0.7200045548871967,0.8107324704703125
Clay_Colored_Sparrow_0022_110518.jpg,0.6275402140161874,0.5266619008728233,0.7301420636443524
Clay_Colored_Sparrow_0014_797248.jpg,0.7088320815237605,0.6996553707372185,0.801609828155127
Clay_Colored_Sparrow_0107_110825.jpg,0.45605340240427206,0.06554752708571931,0.6290050049245758
Clay_Colored_Sparrow_0008_110536.jpg,0.629424742010303,0.5335071840497427,0.7399004137947435
House_Sparrow_0134_112644.jpg,0.662802100394934,0.6123621743501962,0.7477484697302844
House_Sparrow_0019_112645.jpg,0.659005561760336,0.6003457303745072,0.7285732253365828
House_Sparrow_0125_111130.jpg,0.661689769217046,0.6217306005106655,0.8165455438660566
House_Sparrow_0010_112678.jpg,0.7024197113904425,0.6940306337728244,0.806654858266171
House_Sparrow_0025_111669.jpg,0.6764787967474541,0.6421306955832815,0.7601629021764191
House_Sparrow_0028_113217.jpg,0.74195343307268,0.7582546568396842,0.7538371512296087
House_Sparrow_0041_112706.jpg,0.7196742670773439,0.7234478799682085,0.8586786824088126
House_Sparrow_0068_113247.jpg,0.6751979855126384,0.6440248838266165,0.8239381753381971
House_Sparrow_0052_112252.jpg,0.5140756168644558,0.23048777088066597,0.7174000703068939
House_Sparrow_0094_112773.jpg,0.7110233008460147,0.7111472480963819,0.7894274912531848
House_Sparrow_0079_113288.jpg,0.673901351055877,0.6399493839244952,0.8516858706348106
House_Sparrow_0084_111300.jpg,0.6945274162922894,0.6905554449708932,0.8490374987086626
House_Sparrow_0036_112847.jpg,0.6985278008194526,0.6855336812094022,0.8374865887941774
House_Sparrow_0002_112905.jpg,0.7364024023299731,0.7483429202707259,0.8036409719324665
House_Sparrow_0143_111400.jpg,0.6890403522015592,0.6634938126511126,0.8190493421357591
House_Sparrow_0014_112947.jpg,0.7106812096065651,0.7037278090171375,0.7698733583354551
House_Sparrow_0015_111085.jpg,0.6831886851267552,0.6569335954277362,0.8023451587418732
House_Sparrow_0127_111935.jpg,0.7034206792944273,0.6969513532828889,0.8661520139415769
House_Sparrow_0005_111967.jpg,0.7162407103894688,0.7150317298088418,0.781297441098877
House_Sparrow_0063_111460.jpg,0.5773676233233134,0.3949202508792923,0.6603479892260009
House_Sparrow_0120_113001.jpg,0.7013710763368085,0.6861458383519462,0.7701646967743966
House_Sparrow_0126_110959.jpg,0.6847487089671329,0.663458553504378,0.8319902173914056
House_Sparrow_0004_111989.jpg,0.6811360869955809,0.6490073469247937,0.8177853824898792
House_Sparrow_0049_110976.jpg,0.6947981679562281,0.6744709201135289,0.8363539943190899
House_Sparrow_0096_111519.jpg,0.667414899219558,0.6415661233268557,0.8486172561387909
House_Sparrow_0061_112795.jpg,0.7018048467498563,0.6922459573932758,0.7977524522452757
House_Sparrow_0007_111029.jpg,0.6930141086856068,0.6791041467119392,0.8363599335288328
House_Sparrow_0033_112590.jpg,0.6718030640596911,0.6434823110109085,0.8577294460744268
House_Sparrow_0098_111073.jpg,0.5492335921474878,0.32914431345798456,0.7421646565040115
House_Sparrow_0050_111087.jpg,0.6238165346304061,0.5245741305113548,0.7849657056196621
Field_Sparrow_0063_113667.jpg,0.658330963480455,0.5939896925417731,0.765904775602037
Field_Sparrow_0060_114177.jpg,0.5980253391728311,0.47745458018165177,0.7644205132945747
Field_Sparrow_0118_113416.jpg,0.5879960973675692,0.45206294910078404,0.6341284774792013
Field_Sparrow_0131_113582.jpg,0.6265322844428733,0.5398313623587949,0.6975780303648121
Field_Sparrow_0120_113953.jpg,0.5471982613041682,0.34052163353697473,0.7295732227160269
Field_Sparrow_0067_113448.jpg,0.5381422526744917,0.3165859534356721,0.6997558193806845
Field_Sparrow_0008_113459.jpg,0.6131525849967285,0.5031943154580343,0.8104660309138234
Field_Sparrow_0021_113461.jpg,0.6293783862324845,0.5352447030345484,0.6998855557090604
Field_Sparrow_0035_113479.jpg,0.6124284490973544,0.4770584158174176,0.7556348263687825
Field_Sparrow_0071_113747.jpg,0.608659485211845,0.4897820961547219,0.756862532956119
Field_Sparrow_0129_113748.jpg,0.6185961016697161,0.5056992911686449,0.6982530362643221
Field_Sparrow_0104_113524.jpg,0.6169612709540523,0.5019295382719109,0.6100736293836309
Field_Sparrow_0047_113801.jpg,0.673657880983719,0.6301854092672465,0.7544127140354865
Field_Sparrow_0080_113811.jpg,0.6657685956733321,0.618424642609955,0.612341679486989
Field_Sparrow_0124_113868.jpg,0.6109178727320657,0.4855509266186966,0.642755150761541
Field_Sparrow_0042_113815.jpg,0.5439660337917426,0.32869121839926496,0.6629224411802592
Field_Sparrow_0092_113580.jpg,0.6600527760379221,0.6209692482932523,0.831927465125555
Field_Sparrow_0022_113838.jpg,0.6372114370598527,0.5494586146510457,0.7603560972691656
Field_Sparrow_0006_113839.jpg,0.613804687814167,0.49901268605579485,0.7219278378022653
Field_Sparrow_0128_113587.jpg,0.6621678867791857,0.606779497513935,0.6444969860997128
Field_Sparrow_0123_113847.jpg,0.5772593952981373,0.4345281615707528,0.7295880898392063
Field_Sparrow_0051_114107.jpg,0.6656868615827293,0.6131933142887391,0.7521636435088264
Field_Sparrow_0009_113860.jpg,0.642217041691939,0.5649395288179674,0.7505927074268465
Field_Sparrow_0038_113356.jpg,0.6204602781071993,0.5265385695889816,0.7955905707494035
Field_Sparrow_0016_110297.jpg,0.6786617866573297,0.6527152400579868,0.7688215695674284
Field_Sparrow_0109_113375.jpg,0.609574157061789,0.49717854150804097,0.8184908357812363
Field_Sparrow_0090_113613.jpg,0.6695858454147473,0.6281532893155068,0.7826589730532866
Field_Sparrow_0048_113387.jpg,0.722356681452782,0.7383429633728733,0.8249420600811447
Field_Sparrow_0112_114159.jpg,0.6083545283032261,0.4834402886299667,0.7340373759244965
Fox_Sparrow_0065_114945.jpg,0.6554096227232552,0.5937657159866556,0.6773941806879883
Fox_Sparrow_0106_114720.jpg,0.6499196699191963,0.5930104445675455,0.8328402656677618
Fox_Sparrow_0016_114213.jpg,0.6931305600491279,0.6758845652153407,0.8421797587222584
Fox_Sparrow_0022_115248.jpg,0.5661110270354552,0.39139016073754884,0.630761543099962
Fox_Sparrow_0135_115251.jpg,0.6370894435286569,0.5553218027360234,0.7511591837177399
Fox_Sparrow_0103_115038.jpg,0.6259985104878718,0.5100218986405713,0.6894141557259222
Fox_Sparrow_0020_114744.jpg,0.6437327700713177,0.5685176724251939,0.8192860842111886
Fox_Sparrow_0136_115278.jpg,0.6478015459441928,0.5852291815202406,0.8115680476840126
Fox_Sparrow_0026_115281.jpg,0.6832074656371909,0.6463307880025749,0.7720962458587712
Fox_Sparrow_0115_114855.jpg,0.6994271355053167,0.6869832305678478,0.7848110573671717
Fox_Sparrow_0013_114344.jpg,0.7037153561903492,0.7005227229888301,0.7799695105928068
Fox_Sparrow_0057_114355.jpg,0.644083875369874,0.56863857844124,0.7031585132460376
Fox_Sparrow_0052_114878.jpg,0.6818883955778843,0.6545237784472431,0.7954969856233308
Fox_Sparrow_0121_114886.jpg,0.5075764095439844,0.21041782322578617,0.4750351314376206
Fox_Sparrow_0099_115399.jpg,0.6584128728140344,0.591275782557728,0.7307455895498988
Fox_Sparrow_0125_114557.jpg,0.5139999065141265,0.214409807641614,0.48034374519539796
Fox_Sparrow_0068_114967.jpg,0.6222874818284411,0.5195231421904178,0.7026839139614548
Fox_Sparrow_0018_114468.jpg,0.5832329579253273,0.4267239859027855,0.8030769746491099
Fox_Sparrow_0114_114481.jpg,0.633534226422356,0.5556585808795979,0.7342995795949171
Fox_Sparrow_0123_114488.jpg,0.6976379734534846,0.6797528378148747,0.850435053153108
Fox_Sparrow_0083_114496.jpg,0.622732870575112,0.5239112197469531,0.7479480326011985
Fox_Sparrow_0047_115022.jpg,0.611232840058545,0.4883171925942599,0.7132712928927668
Fox_Sparrow_0040_115034.jpg,0.5474503721594162,0.3278326092256054,0.7033902905293277
Fox_Sparrow_0111_114527.jpg,0.6148853421490409,0.5006355670376926,0.750995407431466
Fox_Sparrow_0067_114528.jpg,0.6386267866284192,0.5598133793456419,0.8032816025601871
Fox_Sparrow_0054_114541.jpg,0.6560344914309566,0.6023037105574165,0.8051405686870673
Fox_Sparrow_0062_115056.jpg,0.6012752720599366,0.4813978236358747,0.6905741640940283
Fox_Sparrow_0081_115630.jpg,0.5850140685906315,0.42424934756738364,0.740580724845857
Fox_Sparrow_0094_114634.jpg,0.6608971028604008,0.6325475479530279,0.8084992861650894
Fox_Sparrow_0015_114650.jpg,0.7221472161798881,0.7296663591162359,0.7972809990783298
Grasshopper_Sparrow_0067_115979.jpg,0.6144009666265892,0.5055512671451637,0.7862377987748354
Grasshopper_Sparrow_0117_115983.jpg,0.7128442720013666,0.7024594835806571,0.7025124007872153
Grasshopper_Sparrow_0009_115984.jpg,0.6588669089493068,0.6114758498130612,0.8271414848531117
Grasshopper_Sparrow_0053_115991.jpg,0.5743420036758885,0.3951721361100793,0.7669503573137006
Grasshopper_Sparrow_0075_116260.jpg,0.6214790742457237,0.5197556952150448,0.7653250365836548
Grasshopper_Sparrow_0109_115750.jpg,0.5805403200680657,0.41814123600687636,0.6998081040245979
Grasshopper_Sparrow_0120_116021.jpg,0.6037743919932902,0.4956869442330686,0.7428672394914417
Grasshopper_Sparrow_0060_15159.jpg,0.6887023947797627,0.6652234697439994,0.7985040350515992
Grasshopper_Sparrow_0107_116286.jpg,0.6961115070091514,0.6793950351682844,0.7981165345419868
Grasshopper_Sparrow_0044_115681.jpg,0.6484488305633883,0.5886483246229683,0.8191959768893382
Grasshopper_Sparrow_0082_116300.jpg,0.6781651399353695,0.6463712882036102,0.8406714183256293
Grasshopper_Sparrow_0078_116052.jpg,0.5908320547109653,0.4420660014462703,0.6999120021597877
Grasshopper_Sparrow_0116_116066.jpg,0.6177770898088184,0.5165789046870153,0.7136635764563685
Grasshopper_Sparrow_0099_116069.jpg,0.6181215775368138,0.5102263752073521,0.6197505613928294
Grasshopper_Sparrow_0069_116332.jpg,0.6801470442962552,0.6395476031369468,0.7839924754487748
Grasshopper_Sparrow_0015_116352.jpg,0.5852216710485705,0.4311082216445503,0.7953089478999832
Grasshopper_Sparrow_0106_116028.jpg,0.6487970528107667,0.5980913643482946,0.8256302246895656
Grasshopper_Sparrow_0012_115849.jpg,0.6687790471532575,0.6268661391344964,0.796780461006371
Grasshopper_Sparrow_0021_116107.jpg,0.7119210577225454,0.716803082475811,0.8743089030724166
Grasshopper_Sparrow_0121_116110.jpg,0.6673674608412209,0.6249566135157472,0.5991309966699248
Grasshopper_Sparrow_0006_115864.jpg,0.6866051986229189,0.6624095425248577,0.8156217145176775
Grasshopper_Sparrow_0016_115695.jpg,0.6437279450736428,0.5715171494680591,0.7388770063353358
Grasshopper_Sparrow_0077_116127.jpg,0.6277316004285816,0.5335267398597995,0.8052784359106393
Grasshopper_Sparrow_0043_115880.jpg,0.616455720366095,0.5202663663210169,0.8187642399640664
Grasshopper_Sparrow_0108_115894.jpg,0.583768119009731,0.41541461198052754,0.7224341840721008
Grasshopper_Sparrow_0102_116101.jpg,0.663446156835044,0.6133724084090745,0.7852332742484014
Grasshopper_Sparrow_0049_115918.jpg,0.6531671052080059,0.5826509376791217,0.6549352931136954
Grasshopper_Sparrow_0051_115923.jpg,0.6843709220086224,0.674488733780656,0.8946917791288774
Grasshopper_Sparrow_0011_115937.jpg,0.6613437552647672,0.598942707057456,0.6861241132622182
Grasshopper_Sparrow_0101_116094.jpg,0.6036656922090131,0.4872154506923785,0.8150170286413019
Harris_Sparrow_0007_116484.jpg,0.6018257832466783,0.46787239100088773,0.7180555025484845
Harris_Sparrow_0087_116490.jpg,0.6211859820480474,0.5216605542169337,0.7595356559626284
Harris_Sparrow_0014_116494.jpg,0.6916737120526658,0.6631330391224561,0.7846668628680501
Harris_Sparrow_0042_116499.jpg,0.684949023252585,0.6631473177146622,0.852543478696009
Harris_Sparrow_0076_116509.jpg,0.6233230334738031,0.5137153196112703,0.6681751514614656
Harris_Sparrow_0084_116519.jpg,0.6781154757608173,0.636624134337938,0.8088263602720223
Harris_Sparrow_0089_116531.jpg,0.6993372638682186,0.6926449899835372,0.8679319473309575
Harris_Sparrow_0085_116534.jpg,0.7146837462166824,0.7219622384104563,0.8458674444220748
Harris_Sparrow_0082_116660.jpg,0.6206449422854924,0.5034851619804026,0.7746257791273709
Harris_Sparrow_0090_116664.jpg,0.6296695837806996,0.5437770908442288,0.8065862446818309
Harris_Sparrow_0060_116576.jpg,0.5932676506645991,0.4407520148733566,0.7314876917443316
Harris_Sparrow_0004_116581.jpg,0.5845045981336092,0.4238772256958646,0.7684169352379168
Harris_Sparrow_0083_116588.jpg,0.6508244197984632,0.5853698636860887,0.7771599553721655
Harris_Sparrow_0045_116603.jpg,0.6492487960431617,0.5754406547717725,0.706622826224413
Harris_Sparrow_0059_116608.jpg,0.6801076270573967,0.6510388055884573,0.795563781295389
Harris_Sparrow_0002_116356.jpg,0.649039308565694,0.5723107275608794,0.7310927317285543
Harris_Sparrow_0066_116362.jpg,0.647200919528667,0.584115465260804,0.7972501597052769
Harris_Sparrow_0050_116369.jpg,0.6842440708763151,0.6479125583814713,0.7975892714762155
Harris_Sparrow_0086_116373.jpg,0.6846041337344437,0.6616874591305554,0.8340717997032502
Harris_Sparrow_0010_116376.jpg,0.639038999432372,0.5723884307180356,0.8128886165254184
Harris_Sparrow_0033_116380.jpg,0.6370070101804922,0.539285590483926,0.8297330754628909
Harris_Sparrow_0063_116383.jpg,0.535883011851029,0.2968119944238359,0.714199614064068
Harris_Sparrow_0001_116398.jpg,0.5468319688872383,0.3273442850603461,0.7650731065073765
Harris_Sparrow_0021_116399.jpg,0.6302703123383702,0.5418049936295034,0.7849481233634581
Harris_Sparrow_0070_116400.jpg,0.694335835014663,0.6751760350452027,0.7540005377141309
Harris_Sparrow_0075_116404.jpg,0.6580429670502501,0.6112036290266207,0.8415477035614553
Harris_Sparrow_0048_116405.jpg,0.6490141600116504,0.5797654202903761,0.7890308759474336
Harris_Sparrow_0017_116636.jpg,0.6457747648764629,0.5753773826071472,0.7766251078326996
Harris_Sparrow_0067_116707.jpg,0.6256021182599756,0.5192928852877035,0.6236086595230443
Harris_Sparrow_0071_116476.jpg,0.6595411876211522,0.6022118087374349,0.8378427490623109
Henslow_Sparrow_0046_116740.jpg,0.6162720760402826,0.497040046580178,0.8060925786259844
Henslow_Sparrow_0043_116756.jpg,0.6325658744908097,0.5319792529964571,0.7586848203268106
Henslow_Sparrow_0017_796591.jpg,0.7358349969248601,0.7518355102930938,0.8659405376928097
Henslow_Sparrow_0073_116803.jpg,0.6320997560028434,0.5363793570473252,0.7959941357870575
Henslow_Sparrow_0075_116805.jpg,0.6316100182027262,0.55234702011816,0.8607539697675043
Henslow_Sparrow_0080_11360.jpg,0.6173023275457854,0.5140902348752734,0.8029839323827658
Henslow_Sparrow_0022_116835.jpg,0.6115776073540917,0.493003370036164,0.7860303925488545
Henslow_Sparrow_0112_116845.jpg,0.6725343971051847,0.6297623681456317,0.8500244976070652
Henslow_Sparrow_0104_796541.jpg,0.6753525627618199,0.6453246453243499,0.8562227236578196
Henslow_Sparrow_0026_796542.jpg,0.6717941081855585,0.6346582349958844,0.7928454645535024
Henslow_Sparrow_0086_796545.jpg,0.7301097558404449,0.740508986596045,0.8188503642489061
Henslow_Sparrow_0055_796557.jpg,0.6766446664455912,0.6415816352630501,0.7315738801835782
Henslow_Sparrow_0040_116882.jpg,0.6840213315474588,0.6706755555222501,0.8798607279864733
Henslow_Sparrow_0100_796565.jpg,0.6895371957012563,0.6664772276945636,0.7600614396356631
Henslow_Sparrow_0099_796567.jpg,0.6407774070778831,0.5653878419520368,0.8402090863302338
Henslow_Sparrow_0011_796568.jpg,0.6586974842011286,0.5937846988084559,0.8302634794769276
Henslow_Sparrow_0041_796572.jpg,0.67504396765643,0.6244581767258457,0.8133352229593879
Henslow_Sparrow_0028_796570.jpg,0.7487261540654329,0.7646505299300911,0.7946484687791973
Henslow_Sparrow_0109_796577.jpg,0.70262486222461,0.6960101921029791,0.8630980075486225
Henslow_Sparrow_0013_796578.jpg,0.717502172310488,0.711573608323339,0.7201173557593288
Henslow_Sparrow_0084_796587.jpg,0.7461909414466273,0.7745462110662085,0.8801648162707033
Henslow_Sparrow_0039_796589.jpg,0.7115425109429666,0.7107406366758284,0.8439203883436668
Henslow_Sparrow_0108_796592.jpg,0.6212782079762353,0.5292785160896539,0.8271823219455039
Henslow_Sparrow_0015_796593.jpg,0.6688750997945652,0.6160190777852045,0.8031733745616242
Henslow_Sparrow_0010_796600.jpg,0.7313900346168623,0.7410565077553954,0.8793621324517148
Henslow_Sparrow_0034_796602.jpg,0.6847771820941619,0.6518051423495925,0.8334934083905176
Henslow_Sparrow_0033_796605.jpg,0.6670457526243985,0.6171199286231261,0.7379764117578723
Henslow_Sparrow_0068_796615.jpg,0.6630942422449763,0.6167024087315673,0.7620707118383584
Henslow_Sparrow_0060_796619.jpg,0.5859535165182518,0.4229778846476554,0.7300084737233155
Henslow_Sparrow_0056_796585.jpg,0.6840440816741351,0.6634885726252749,0.8567963987924857
Le_Conte_Sparrow_0005_795137.jpg,0.6082154185852098,0.49638228767224135,0.7190984353387251
Le_Conte_Sparrow_0050_795143.jpg,0.627420413450194,0.5278341110844658,0.637012545177429
Le_Conte_Sparrow_0006_795146.jpg,0.6662562841332067,0.6310254668108963,0.8330069858588727
Le_Conte_Sparrow_0023_795156.jpg,0.6806549127602587,0.6474470290909399,0.835523388663367
Le_Conte_Sparrow_0083_795163.jpg,0.6483775984109543,0.5745138124704943,0.7252449559874383
Le_Conte_Sparrow_0010_795166.jpg,0.652215580592101,0.6037869874244552,0.8506148744179547
Le_Conte_Sparrow_0085_795167.jpg,0.6421434920647167,0.5512699452582999,0.6665219706200458
Le_Conte_Sparrow_0088_117040.jpg,0.6399946859453962,0.5732904887008756,0.8326244927093952
Le_Conte_Sparrow_0086_795170.jpg,0.6830920712074842,0.6342325672996818,0.6611615954166297
Le_Conte_Sparrow_0013_795176.jpg,0.6803596639970786,0.6658502405741806,0.8603249405912019
Le_Conte_Sparrow_0097_795183.jpg,0.6490580066831771,0.5784220038163055,0.7512629109532597
Le_Conte_Sparrow_0053_795187.jpg,0.6325933230570125,0.5612950840065787,0.7780172062184529
Le_Conte_Sparrow_0025_795188.jpg,0.6878508264596913,0.6504837366072841,0.6705925325653821
Le_Conte_Sparrow_0024_795190.jpg,0.6196695675377613,0.4845411591974982,0.648530426425707
Le_Conte_Sparrow_0047_795192.jpg,0.6663120193197226,0.6013596407045152,0.5579692915066571
Le_Conte_Sparrow_0061_795194.jpg,0.698323787092104,0.6904419757976799,0.860788591828546
Le_Conte_Sparrow_0102_795195.jpg,0.6609733248873026,0.5978003173053782,0.7611881464464164
Le_Conte_Sparrow_0087_795198.jpg,0.6495999238182428,0.5784870622031104,0.7299028203694315
Le_Conte_Sparrow_0066_795206.jpg,0.6572371400992734,0.5913966444846586,0.8007541720113729
Le_Conte_Sparrow_0012_795211.jpg,0.652535729890525,0.5803120666567297,0.8022959387970706
Le_Conte_Sparrow_0035_795214.jpg,0.6428790037043621,0.5686371852094863,0.7603828523154809
Le_Conte_Sparrow_0041_795218.jpg,0.6721009568180283,0.6379057028334355,0.8726174298171432
Le_Conte_Sparrow_0049_795220.jpg,0.5718841871101321,0.38472461113489864,0.7762911928403508
Le_Conte_Sparrow_0092_795221.jpg,0.638264490130954,0.5606970379709395,0.8224183895097122
Le_Conte_Sparrow_0046_795227.jpg,0.6399323318578294,0.5767741621524174,0.8411655705440243
Le_Conte_Sparrow_0098_795231.jpg,0.7228657539453348,0.7390518665944845,0.861267941377177
Le_Conte_Sparrow_0039_117054.jpg,0.6647247831652712,0.614683698420045,0.8084613749569434
Le_Conte_Sparrow_0044_117116.jpg,0.6244061839308779,0.5238788564353508,0.7628921029666806
Le_Conte_Sparrow_0011_117038.jpg,0.6485652539450297,0.5784699641505779,0.7877478629682212
Lincoln_Sparrow_0094_117762.jpg,0.5816093650449743,0.4211378202100916,0.7631296712789694
Lincoln_Sparrow_0010_117263.jpg,0.7134046961578429,0.7148004415940505,0.8819022936627731
Lincoln_Sparrow_0049_117265.jpg,0.6748260440939409,0.6439887710176402,0.8414311257976577
Lincoln_Sparrow_0131_117277.jpg,0.6183537078284409,0.5136762108936379,0.7612018841243386
Lincoln_Sparrow_0092_117294.jpg,0.6503360881604778,0.5926135381347551,0.8326089114686948
Lincoln_Sparrow_0069_117812.jpg,0.7023769909762481,0.6858286153395199,0.7808094387426262
Lincoln_Sparrow_0033_117303.jpg,0.6666573220730212,0.6268443376680335,0.8122296593234845
Lincoln_Sparrow_0100_117835.jpg,0.6880585841031611,0.6675031081824152,0.8593767564235337
Lincoln_Sparrow_0037_117837.jpg,0.6550832136762246,0.5969033118815129,0.770701818384331
Lincoln_Sparrow_0113_117603.jpg,0.6895000285921491,0.6742582238362939,0.8626856032451452
Lincoln_Sparrow_0066_117875.jpg,0.6698941160538147,0.6263973527551843,0.8469189622492038
Lincoln_Sparrow_0116_117372.jpg,0.6784577299524939,0.6477539253865238,0.770649357111669
Lincoln_Sparrow_0035_117383.jpg,0.5743788532806445,0.3960696694721545,0.7720620851534674
Lincoln_Sparrow_0129_117898.jpg,0.5677443738422593,0.38018682650089286,0.7797829824942256
Lincoln_Sparrow_0017_117432.jpg,0.6355278491443452,0.5669358648287341,0.8255937446385243
Lincoln_Sparrow_0047_117442.jpg,0.7111532318670108,0.7119311738551388,0.8266311180718051
Lincoln_Sparrow_0099_117482.jpg,0.660029192697275,0.5964059174703664,0.7747930672011566
Lincoln_Sparrow_0078_117483.jpg,0.6579158926252517,0.5924301947787316,0.7717686372456031
Lincoln_Sparrow_0055_117506.jpg,0.6386907855509933,0.5624374479985,0.7800734895172227
Lincoln_Sparrow_0052_117521.jpg,0.6850304604288863,0.6702154590655782,0.8790577443300799
Lincoln_Sparrow_0089_117527.jpg,0.6187046765152986,0.508152622091963,0.8062195423691181
Lincoln_Sparrow_0061_117529.jpg,0.6572429453925632,0.6076712128075803,0.8257214820330933
Lincoln_Sparrow_0020_117542.jpg,0.6912693685870077,0.6646025071473834,0.8419934286447452
Lincoln_Sparrow_0045_117547.jpg,0.6668732739514951,0.6200184264310764,0.8308996779487103
Lincoln_Sparrow_0074_117584.jpg,0.6492106882777618,0.5854637828699029,0.8411831682930546
Lincoln_Sparrow_0112_117631.jpg,0.6690034224073911,0.610554689716308,0.8278227697054873
Lincoln_Sparrow_0041_117636.jpg,0.6012070239053907,0.47610316768578587,0.8083300852032533
Lincoln_Sparrow_0013_117202.jpg,0.6564260170643657,0.5921730719030867,0.7827175952683634
Lincoln_Sparrow_0026_117754.jpg,0.6463697392721628,0.5762431893611426,0.7954123193377688
Nelson_Sharp_Tailed_Sparrow_0001_796931.jpg,0.6869900243224389,0.6536885073837895,0.788104691431142
Nelson_Sharp_Tailed_Sparrow_0044_796932.jpg,0.691256720872582,0.657731812114456,0.7496424942244654
Nelson_Sharp_Tailed_Sparrow_0065_796933.jpg,0.653677576955688,0.5889402917405255,0.7406289697207789
Nelson_Sharp_Tailed_Sparrow_0027_118028.jpg,0.6534902786941308,0.5734308755510711,0.6626033097570498
Nelson_Sharp_Tailed_Sparrow_0046_118032.jpg,0.6387594901569484,0.5516591750449817,0.741574469620214
Nelson_Sharp_Tailed_Sparrow_0032_118036.jpg,0.5702555610542199,0.4052771668727484,0.7221420377251349
Nelson_Sharp_Tailed_Sparrow_0057_796949.jpg,0.6461691308935011,0.5681588925278875,0.734881704313996
Nelson_Sharp_Tailed_Sparrow_0034_796950.jpg,0.7042836127387309,0.7022630787020598,0.8208675715316653
Nelson_Sharp_Tailed_Sparrow_0054_796936.jpg,0.6594097838829949,0.6196725628129023,0.8360556361577197
Nelson_Sharp_Tailed_Sparrow_0072_118012.jpg,0.5767624869412344,0.41192688928852805,0.767718683911073
Nelson_Sharp_Tailed_Sparrow_0053_118069.jpg,0.6412658727023925,0.550324466662115,0.7407564577512409
Nelson_Sharp_Tailed_Sparrow_0039_118074.jpg,0.5329216361232012,0.2963413349015669,0.7309753978760615
Nelson_Sharp_Tailed_Sparrow_0036_118075.jpg,0.6625718165382875,0.6032570772840462,0.7646687131669554
Nelson_Sharp_Tailed_Sparrow_0016_118077.jpg,0.601646577714704,0.47617958626024315,0.6156414025536918
Nelson_Sharp_Tailed_Sparrow_0005_118078.jpg,0.6472763767683165,0.553390731169146,0.7169328803753151
Nelson_Sharp_Tailed_Sparrow_0009_796940.jpg,0.6519448751997352,0.5876590049698411,0.7816950925874578
Nelson_Sharp_Tailed_Sparrow_0024_118010.jpg,0.6500009217705056,0.5823540839940025,0.7578494074953993
Nelson_Sharp_Tailed_Sparrow_0008_796944.jpg,0.6613418718991004,0.6237560429271889,0.8376908760501534
Nelson_Sharp_Tailed_Sparrow_0025_796945.jpg,0.6249990639410232,0.5308413894676696,0.769128945361246
Nelson_Sharp_Tailed_Sparrow_0052_796903.jpg,0.5870517470793923,0.4072787170327572,0.6563239291326819
Nelson_Sharp_Tailed_Sparrow_0076_117964.jpg,0.6444202334584758,0.5768120867880486,0.7925900694608575
Nelson_Sharp_Tailed_Sparrow_0037_117986.jpg,0.6834406739189405,0.6512126009955852,0.8114271264127532
Nelson_Sharp_Tailed_Sparrow_0047_117991.jpg,0.5938005054578832,0.45167174253270603,0.7137705721112283
Nelson_Sharp_Tailed_Sparrow_0061_796907.jpg,0.6153872992862417,0.5163229561137817,0.7823764528910659
Nelson_Sharp_Tailed_Sparrow_0006_796909.jpg,0.653643747037997,0.5964895239002936,0.800144468608694
Nelson_Sharp_Tailed_Sparrow_0003_796917.jpg,0.7210165222503209,0.7225912496047839,0.8575347019766673
Nelson_Sharp_Tailed_Sparrow_0029_796923.jpg,0.5985791565447391,0.49180216474913785,0.8546131946964202
Nelson_Sharp_Tailed_Sparrow_0035_796924.jpg,0.6550139002454978,0.5833210142936622,0.6961973840439468
Nelson_Sharp_Tailed_Sparrow_0070_796925.jpg,0.674400970622614,0.6381193170259258,0.7967476848615318
Nelson_Sharp_Tailed_Sparrow_0041_796926.jpg,0.6276343082185987,0.5382128764842846,0.7459832798439712
Savannah_Sparrow_0048_120321.jpg,0.5880339399126155,0.4186044473393187,0.5873667437368029
Savannah_Sparrow_0023_120326.jpg,0.5849387378416185,0.42873259278548903,0.634833752272779
Savannah_Sparrow_0059_119810.jpg,0.6279052999722001,0.5351967039061686,0.7896932611216745
Savannah_Sparrow_0106_118294.jpg,0.639973739788193,0.5675283612928214,0.7231383694645857
Savannah_Sparrow_0058_118323.jpg,0.6555673772403456,0.5999018442235667,0.7885063857617873
Savannah_Sparrow_0096_120376.jpg,0.5483512524169689,0.3371778832310768,0.7246289696064565
Savannah_Sparrow_0043_119362.jpg,0.6183134066152292,0.522914648458922,0.7894575175943092
Savannah_Sparrow_0075_116305.jpg,0.5995345434178625,0.4624606524551471,0.773395442806491
Savannah_Sparrow_0115_118882.jpg,0.6682598348952515,0.6104804928331361,0.6923195168540247
Savannah_Sparrow_0117_119917.jpg,0.6022995976851593,0.46871543139642313,0.7449024652265694
Savannah_Sparrow_0015_118910.jpg,0.6027512531359476,0.49639261366859166,0.7963744622655203
Savannah_Sparrow_0131_119946.jpg,0.6417093520772166,0.5636233187403805,0.7416442408829392
Savannah_Sparrow_0139_119444.jpg,0.5729801997462263,0.4085212725018291,0.7612454692943057
Savannah_Sparrow_0132_119962.jpg,0.6352508747452915,0.5524347331784962,0.7931513921089859
Savannah_Sparrow_0028_119982.jpg,0.5956135294575282,0.4420686789913799,0.7081509707451639
Savannah_Sparrow_0057_120016.jpg,0.6673741963433216,0.6360998247906935,0.8409349381848953
Savannah_Sparrow_0084_120063.jpg,0.574642583017769,0.40946501429109583,0.7475609712248867
Savannah_Sparrow_0136_119581.jpg,0.5583836343320039,0.3696825820659251,0.5641122576886441
Savannah_Sparrow_0035_120099.jpg,0.6002778878216274,0.4665732980486825,0.6717295815332764
Savannah_Sparrow_0032_120109.jpg,0.5575915007661172,0.3678563318892272,0.624822697716817
Savannah_Sparrow_0051_118574.jpg,0.6653036125712676,0.6157624552860238,0.8632667516979572
Savannah_Sparrow_0135_119620.jpg,0.5478878573185526,0.3325519006185139,0.6993726802370821
Savannah_Sparrow_0025_119124.jpg,0.624109541684919,0.5227200606011478,0.6745975539459781
Savannah_Sparrow_0095_119670.jpg,0.6085913540565048,0.4882433356152416,0.7486200521460118
Savannah_Sparrow_0062_120185.jpg,0.5675443639838129,0.38289602754959273,0.7479914355980771
Savannah_Sparrow_0005_119735.jpg,0.621975996884785,0.51142429919866,0.616350670746762
Savannah_Sparrow_0019_118200.jpg,0.6729671363309819,0.6393372361899434,0.8364199215269248
Savannah_Sparrow_0114_119750.jpg,0.6225247717078751,0.5327783284325758,0.8179882067601711
Savannah_Sparrow_0076_120267.jpg,0.5999088882239545,0.4623884404899431,0.7002437161351395
Savannah_Sparrow_0093_118267.jpg,0.6615263058988342,0.600996879684004,0.7207759016514442
Seaside_Sparrow_0052_796498.jpg,0.6417910558063517,0.5632110681925618,0.7694769796376796
Seaside_Sparrow_0062_796503.jpg,0.5322885297200468,0.28217098712518895,0.5309838997463218
Seaside_Sparrow_0065_796504.jpg,0.6554264621316959,0.5893932246148125,0.8208596964035453
Seaside_Sparrow_0033_796506.jpg,0.6300679415732947,0.523514531540811,0.7001052203607007
Seaside_Sparrow_0054_796507.jpg,0.6477818707598104,0.5671587691008126,0.7191868602293162
Seaside_Sparrow_0043_796510.jpg,0.6144845793426756,0.49500851679609503,0.7032669430635418
Seaside_Sparrow_0004_796514.jpg,0.6372350641874771,0.5580658969135395,0.700394067665863
Seaside_Sparrow_0068_796515.jpg,0.5583918093858233,0.34957909593415903,0.7082824136146006
Seaside_Sparrow_0034_796521.jpg,0.5074259611074394,0.21504808063185032,0.5795210497991481
Seaside_Sparrow_0031_796526.jpg,0.6664520147865509,0.6109662430039089,0.6943759198912195
Seaside_Sparrow_0037_796531.jpg,0.6543022139809929,0.578597746948442,0.6058465044925109
Seaside_Sparrow_0013_796535.jpg,0.5502657112595146,0.3221563050654136,0.63086972629174
Seaside_Sparrow_0008_796538.jpg,0.6143215038586849,0.49949918337183574,0.6317782241872153
Seaside_Sparrow_0003_796539.jpg,0.6437197142644566,0.558967268809621,0.7417264736308057
Seaside_Sparrow_0070_796540.jpg,0.6237589784977908,0.5236413113807199,0.624140342017903
Seaside_Sparrow_0063_120707.jpg,0.613007216296464,0.4868584892441278,0.7246605049012732
Seaside_Sparrow_0056_120710.jpg,0.5347447070309168,0.3054341160005246,0.7528491744205138
Seaside_Sparrow_0018_120716.jpg,0.6928755892178289,0.6729740818102095,0.8040523250662539
Seaside_Sparrow_0022_120721.jpg,0.5952404126968587,0.43983719884262595,0.763837616408484
Seaside_Sparrow_0020_120743.jpg,0.5698470031470411,0.399078286814771,0.7105146368040115
Seaside_Sparrow_0058_120744.jpg,0.572317518254807,0.40632725320100094,0.743148987275876
Seaside_Sparrow_0007_120690.jpg,0.5582270593522541,0.3439415060178205,0.755532273701886
Seaside_Sparrow_0032_120767.jpg,0.6377045776341803,0.5712344582755436,0.8694651875293188
Seaside_Sparrow_0030_120780.jpg,0.4507269781973813,0.04665177261185394,0.29740761950558514
Seaside_Sparrow_0059_120794.jpg,0.6443662178273423,0.5600442225289052,0.461877795228461
Seaside_Sparrow_0026_120798.jpg,0.4452876624536781,0.004551773688926342,0.5593703526616942
Seaside_Sparrow_0069_120700.jpg,0.56377263950219,0.3525941450094602,0.6643720477798502
Seaside_Sparrow_0038_120819.jpg,0.5691229205056516,0.3662516187840238,0.7828791785847643
Seaside_Sparrow_0019_120826.jpg,0.6985747182816922,0.6646698393830073,0.7054007405246828
Seaside_Sparrow_0029_120828.jpg,0.5335065690423879,0.25947335133655847,0.5136619635333949
Song_Sparrow_0060_122371.jpg,0.6710241889139823,0.6340673828768839,0.7893807606113488
Song_Sparrow_0118_121905.jpg,0.6562758941683545,0.6118061705231053,0.8702263287824888
Song_Sparrow_0059_120885.jpg,0.6975891565019555,0.6742009445605959,0.7655136403487286
Song_Sparrow_0067_122424.jpg,0.7092688937295496,0.7064072207769547,0.8158714142283019
Song_Sparrow_0003_122425.jpg,0.639345374672589,0.5529483767807766,0.7845145349195543
Song_Sparrow_0126_120901.jpg,0.6815225469771131,0.6429847675558954,0.7110192795031505
Song_Sparrow_0071_122446.jpg,0.6360837951045668,0.551735673466086,0.790900912592548
Song_Sparrow_0097_121438.jpg,0.7122475954113011,0.7108166580423214,0.7727840701568168
Song_Sparrow_0045_121951.jpg,0.7104484025318871,0.7067047267117434,0.8548916921181081
Song_Sparrow_0009_121025.jpg,0.699109834055836,0.6783196104760989,0.7692042673573127
Song_Sparrow_0035_120986.jpg,0.6384513151449396,0.5609259995364997,0.8444365066990308
Song_Sparrow_0050_121514.jpg,0.6914649614678167,0.6760638483635554,0.842936704891998
Song_Sparrow_0080_121033.jpg,0.560495361233813,0.37045425773342844,0.6900539846726066
Song_Sparrow_0069_122065.jpg,0.6962673705923255,0.6857006747052025,0.8523110033024738
Song_Sparrow_0053_121554.jpg,0.6896636624173019,0.6634742598964912,0.8287277966243481
Song_Sparrow_0102_122090.jpg,0.583769961844724,0.44058127438416195,0.7716117499591008
Song_Sparrow_0130_121583.jpg,0.6568115555717999,0.6038588087565953,0.8101433523350621
Song_Sparrow_0037_121078.jpg,0.6237605147438081,0.5193382117836534,0.7075579657314662
Song_Sparrow_0057_121090.jpg,0.6487071370153166,0.5808637026768542,0.767987718522886
Song_Sparrow_0001_122169.jpg,0.5535485419150743,0.32766838675895815,0.7259764623815408
Song_Sparrow_0038_121666.jpg,0.765462077196757,0.7983939014727419,0.8382366321408999
Song_Sparrow_0015_122081.jpg,0.5983394956102461,0.47139744279153284,0.7866656904480032
Song_Sparrow_0113_121683.jpg,0.6580960289886185,0.6144350477680662,0.8083869164976384
Song_Sparrow_0099_121193.jpg,0.6194137040000769,0.5064924756839309,0.7867073201604639
Song_Sparrow_0106_121154.jpg,0.6731065735800745,0.6422357531334826,0.8500075000342179
Song_Sparrow_0114_121233.jpg,0.6385736508475536,0.5559354702153144,0.7844473558917114
Song_Sparrow_0123_121249.jpg,0.7281778159295553,0.7466929201784904,0.8757405664317142
Song_Sparrow_0034_121255.jpg,0.6839040832568444,0.6679643691446823,0.86185592496753
Song_Sparrow_0096_121313.jpg,0.6176772433187463,0.49932380323215275,0.7649056261904174
Song_Sparrow_0108_121327.jpg,0.642978953331929,0.5627346593870839,0.7078557740536426
Tree_Sparrow_0066_123569.jpg,0.6512907306219127,0.6022848584445231,0.8214318242341314
Tree_Sparrow_0053_122933.jpg,0.6838117156797807,0.6554150595368238,0.750460079635222
Tree_Sparrow_0044_122946.jpg,0.6559385077400786,0.6056216321162757,0.8291781767481358
Tree_Sparrow_0005_122949.jpg,0.6238045893951516,0.5387974203996394,0.8201672913183274
Tree_Sparrow_0011_122964.jpg,0.6165040866757696,0.5095810871570878,0.7945821352703127
Tree_Sparrow_0112_125014.jpg,0.6769659960617228,0.6639067488139762,0.8865735768983124
Tree_Sparrow_0072_123991.jpg,0.6383176771319936,0.5648771398442642,0.8409292442427674
Tree_Sparrow_0042_124512.jpg,0.62917443692679,0.5229136962568489,0.6842422653697171
Tree_Sparrow_0062_123000.jpg,0.7194711546667445,0.7348558209683915,0.8823712380708579
Tree_Sparrow_0076_123669.jpg,0.6944722374226396,0.6787675466486267,0.7749141436452354
Tree_Sparrow_0043_124034.jpg,0.7047132801170679,0.7010681575548596,0.8282422959550803
Tree_Sparrow_0015_125105.jpg,0.680831893761151,0.6492977019115518,0.7776867687580585
Tree_Sparrow_0095_124090.jpg,0.6834345528541406,0.6640286008442919,0.8679437430645288
Tree_Sparrow_0058_123591.jpg,0.6266264052394619,0.5343408809815421,0.744506888145378
Tree_Sparrow_0080_124120.jpg,0.726194427088246,0.7309286248490887,0.7722655829886643
Tree_Sparrow_0113_123613.jpg,0.7018878426526229,0.688079589119645,0.7788085946227618
Tree_Sparrow_0068_125230.jpg,0.7145800424539714,0.7226744939947438,0.8399828729696724
Tree_Sparrow_0025_124233.jpg,0.6958757411471623,0.6864855276664807,0.8429031379948095
Tree_Sparrow_0105_123227.jpg,0.7070788045573133,0.7064338558922718,0.8116572146745938
Tree_Sparrow_0088_125305.jpg,0.5747846907510906,0.4015800617620451,0.6830497357510297
Tree_Sparrow_0090_110145.jpg,0.6579646212363152,0.6260157596947014,0.8597691197633541
Tree_Sparrow_0127_125322.jpg,0.6345167646412992,0.5475789659515296,0.7392829939034768
Tree_Sparrow_0036_122772.jpg,0.6766074206190523,0.6461680832629936,0.7932038607164479
Tree_Sparrow_0109_123802.jpg,0.5033136325698249,0.20245614529167388,0.5632582666998055
Tree_Sparrow_0024_123805.jpg,0.6445051468198653,0.5741115175560157,0.7279130602265276
Tree_Sparrow_0009_123294.jpg,0.6955381710434363,0.6834381740085229,0.8418097703214222
Tree_Sparrow_0028_122829.jpg,0.6210285534868287,0.5151681945524751,0.7967091783310688
Tree_Sparrow_0073_123871.jpg,0.6738331300560987,0.6548783593111999,0.8600036409321926
Tree_Sparrow_0030_122850.jpg,0.701089444913867,0.7046076174839634,0.8750561217283647
Tree_Sparrow_0128_123979.jpg,0.71699380840911,0.7294858456325398,0.9031907997754801
Vesper_Sparrow_0052_125444.jpg,0.6672601398164917,0.6185957702376779,0.792110583472586
Vesper_Sparrow_0065_125446.jpg,0.6596159877179603,0.6043324312885281,0.7455496447733049
Vesper_Sparrow_0043_125703.jpg,0.6542320850778887,0.5844428340682437,0.7865164825410806
Vesper_Sparrow_0095_125459.jpg,0.6772917010488744,0.6434225726353788,0.8280003145431655
Vesper_Sparrow_0083_125718.jpg,0.665266278309401,0.6113989928975991,0.7817241831831192
Vesper_Sparrow_0023_125465.jpg,0.5885469594847553,0.46341781899398227,0.8011997182625168
Vesper_Sparrow_0047_125788.jpg,0.6996398362900118,0.6892059071413188,0.8637335445737692
Vesper_Sparrow_0089_125705.jpg,0.6172833318507116,0.5082557985057903,0.7446835043920096
Vesper_Sparrow_0082_125503.jpg,0.6012505743090242,0.4633515571298008,0.7579178994675876
Vesper_Sparrow_0086_125776.jpg,0.5424860735163636,0.3469423447611867,0.7525461784998398
Vesper_Sparrow_0004_125787.jpg,0.6432402243770137,0.5648965278087508,0.756745110375542
Vesper_Sparrow_0081_125541.jpg,0.398853329147415,-0.13186149111674572,0.314525146132
Vesper_Sparrow_0049_125806.jpg,0.7098546773254686,0.7069248831243534,0.8217912242350561
Vesper_Sparrow_0032_125564.jpg,0.6733373482084635,0.6440322547875379,0.8748936968046324
Vesper_Sparrow_0051_125587.jpg,0.6323625384922391,0.5372766020592763,0.721273647401528
Vesper_Sparrow_0077_125597.jpg,0.6336032855286875,0.5605931170139893,0.8188775919290696
Vesper_Sparrow_0091_125598.jpg,0.656591571103484,0.5897778525508757,0.7255814686316375
Vesper_Sparrow_0068_125601.jpg,0.5661046564357024,0.3746682466176299,0.6947476899276994
Vesper_Sparrow_0011_125608.jpg,0.5847779262091013,0.4037675260045207,0.6309417949924214
Vesper_Sparrow_0055_125611.jpg,0.5999835678704686,0.4554994727507734,0.7209516043021176
Vesper_Sparrow_0016_125615.jpg,0.6751671219304662,0.635805581622734,0.8109799214794815
Vesper_Sparrow_0028_118217.jpg,0.5933808065069284,0.45756218976966767,0.7789844057313864
Vesper_Sparrow_0031_125631.jpg,0.6271199621414312,0.5296174094328826,0.8055851515633781
Vesper_Sparrow_0045_125643.jpg,0.6725438100468748,0.6271752308569953,0.7816874498376677
Vesper_Sparrow_0037_125648.jpg,0.6376435714816615,0.5449789133731507,0.7003714687381395
Vesper_Sparrow_0056_125657.jpg,0.6927081284172016,0.6648262425051987,0.8430121094790105
Vesper_Sparrow_0058_125661.jpg,0.6746443426715123,0.634850166866415,0.803840521166535
Vesper_Sparrow_0030_125663.jpg,0.5734455705294863,0.4026078891089887,0.7655773497800817
Vesper_Sparrow_0003_125427.jpg,0.5637925440183302,0.36267183479261755,0.7159265353074803
Vesper_Sparrow_0067_125429.jpg,0.6554584639404563,0.5922754601445023,0.8199784512220644
White_Crowned_Sparrow_0047_127575.jpg,0.7019957953981613,0.6818472104903578,0.7624579030434815
White_Crowned_Sparrow_0116_127512.jpg,0.5966426260991591,0.4502963391725019,0.6853011106083783
White_Crowned_Sparrow_0098_127019.jpg,0.6859607326630832,0.67321122496045,0.8266647132586444
White_Crowned_Sparrow_0093_126531.jpg,0.6141286226172958,0.5105421056500886,0.7931845272796366
White_Crowned_Sparrow_0109_128529.jpg,0.6172351082174783,0.5189229592995536,0.7823492341023649
White_Crowned_Sparrow_0043_127096.jpg,0.6036083603330725,0.47253462352553255,0.6607896616985054
White_Crowned_Sparrow_0019_127652.jpg,0.6534903375989775,0.5960564986839865,0.7668323542320822
White_Crowned_Sparrow_0009_127658.jpg,0.547688346463539,0.3319891858343904,0.5638130986864209
White_Crowned_Sparrow_0076_127604.jpg,0.6240938616638069,0.5251639508067987,0.7267928127600208
White_Crowned_Sparrow_0085_127194.jpg,0.6572598605157978,0.5923771366680076,0.582996515784182
White_Crowned_Sparrow_0102_127708.jpg,0.5526435310796822,0.34390884446407244,0.708327993558988
White_Crowned_Sparrow_0054_126068.jpg,0.6584946709371897,0.6057877425018139,0.7154780258385846
White_Crowned_Sparrow_0083_128777.jpg,0.6246825575644461,0.5407525096327128,0.7724060952723011
White_Crowned_Sparrow_0141_127766.jpg,0.7004705574577228,0.6970937125798484,0.8509567222904183
White_Crowned_Sparrow_0002_127774.jpg,0.6115532547679274,0.48171358810972686,0.6194107781217326
White_Crowned_Sparrow_0017_125829.jpg,0.6445580727984828,0.5682165070611811,0.7659143754419973
White_Crowned_Sparrow_0089_127778.jpg,0.5552473610378947,0.34168818477530294,0.6777672947348636
White_Crowned_Sparrow_0049_128311.jpg,0.6793440958200707,0.6556043367909385,0.8385382981417897
White_Crowned_Sparrow_0040_127313.jpg,0.6974928308443948,0.6925135434208065,0.869179974144477
White_Crowned_Sparrow_0012_127853.jpg,0.630679457549199,0.5223024230328948,0.6231713089099143
White_Crowned_Sparrow_0042_128395.jpg,0.6428801604824175,0.5758156318110113,0.8496546910801173
White_Crowned_Sparrow_0142_128237.jpg,0.6246123769880711,0.5339049944729665,0.7952564360648317
White_Crowned_Sparrow_0044_127386.jpg,0.5994113035268832,0.46274341204177194,0.6065752828328256
White_Crowned_Sparrow_0090_125864.jpg,0.588099421436693,0.45486902544550945,0.7585788643214849
White_Crowned_Sparrow_0111_127404.jpg,0.6062087277492727,0.4879916661851792,0.7245689178296371
White_Crowned_Sparrow_0118_127919.jpg,0.6005500991270568,0.46022803341719787,0.651153513413754
White_Crowned_Sparrow_0071_127922.jpg,0.6591710789454791,0.6089762652679396,0.8018026840350999
White_Crowned_Sparrow_0037_126969.jpg,0.5883206948586731,0.4309611815884289,0.6068908667303847
White_Crowned_Sparrow_0092_125934.jpg,0.6256585122266345,0.52450567187921,0.6500503012426453
White_Crowned_Sparrow_0031_126457.jpg,0.6611864843735937,0.610763862975441,0.7952754172352209
White_Throated_Sparrow_0078_129041.jpg,0.6826355290037269,0.6425843609070838,0.6352608342796886
White_Throated_Sparrow_0107_129046.jpg,0.623330135851146,0.5189791971688061,0.6632907295762821
White_Throated_Sparrow_0082_129048.jpg,0.7197976678532241,0.7284328485326492,0.8301037453699632
White_Throated_Sparrow_0109_129066.jpg,0.6175003258883668,0.512104699938283,0.6876985644278002
White_Throated_Sparrow_0030_129076.jpg,0.5992070457233836,0.4676866323900267,0.7252949732977684
White_Throated_Sparrow_0076_129088.jpg,0.456480826554162,0.08218518321156221,0.4500748523220269
White_Throated_Sparrow_0098_129089.jpg,0.6492886202564898,0.5896947569576738,0.8098843839800841
White_Throated_Sparrow_0014_129148.jpg,0.6555246025775701,0.598314078302774,0.6853374561359609
White_Throated_Sparrow_0121_129201.jpg,0.5883261558906204,0.4488749284244222,0.7615807127865959
White_Throated_Sparrow_0072_129203.jpg,0.6525711668540695,0.5795209337622118,0.6410916837450223
White_Throated_Sparrow_0060_128802.jpg,0.6172397113966052,0.5186036778365831,0.7377232686474067
White_Throated_Sparrow_0063_128803.jpg,0.6640349061844127,0.6281949671662255,0.8175072255342856
White_Throated_Sparrow_0105_128814.jpg,0.6293659722989284,0.525657789229317,0.6195863475067862
White_Throated_Sparrow_0106_128815.jpg,0.698843785485062,0.6806713866204128,0.729646083795273
White_Throated_Sparrow_0043_128818.jpg,0.6522482862479488,0.5932136812230211,0.7333247413456907
White_Throated_Sparrow_0135_128819.jpg,0.6349994692066055,0.5476177223819214,0.7533667386756083
White_Throated_Sparrow_0132_128833.jpg,0.6051661686326025,0.49711360653610703,0.7377552813595298
White_Throated_Sparrow_0110_128838.jpg,0.665514070507116,0.6258044512115466,0.7964498161547657
White_Throated_Sparrow_0026_128843.jpg,0.6114733043677878,0.5082935759078665,0.7839285953720162
White_Throated_Sparrow_0038_128853.jpg,0.5686436171436127,0.38208933253459154,0.6933794784009263
White_Throated_Sparrow_0039_128859.jpg,0.5865801356299252,0.4186190859372322,0.6748674899613909
White_Throated_Sparrow_0032_128866.jpg,0.6374878498188599,0.5493753409542732,0.6599540737490438
White_Throated_Sparrow_0007_128918.jpg,0.6476422727225186,0.5696820598240169,0.7765981318674924
White_Throated_Sparrow_0052_128923.jpg,0.6129067267787291,0.48823221450630616,0.5899205965558131
White_Throated_Sparrow_0004_128944.jpg,0.636247093706156,0.5440517459011441,0.6807990901430023
White_Throated_Sparrow_0059_128964.jpg,0.6485969895092754,0.5867439005828362,0.7952750350154898
White_Throated_Sparrow_0017_128982.jpg,0.6327828492444383,0.5238259170130877,0.6743997001536275
White_Throated_Sparrow_0075_128990.jpg,0.6256514400479596,0.5203136303091703,0.6796088386778455
White_Throated_Sparrow_0047_129014.jpg,0.6683967721284445,0.6254427028919232,0.8167528163241417
White_Throated_Sparrow_0033_129016.jpg,0.6906797224364463,0.6649634055449322,0.7863878543992151
Cape_Glossy_Starling_0027_129282.jpg,0.6791044097405131,0.6372269261856405,0.7905934272984005
Cape_Glossy_Starling_0026_129288.jpg,0.6123979632387567,0.49831374469411127,0.6281852301914352
Cape_Glossy_Starling_0074_129294.jpg,0.6196631518037845,0.5230961469400588,0.7881815399021869
Cape_Glossy_Starling_0038_129301.jpg,0.6052737077574752,0.4924581137810562,0.759465373530262
Cape_Glossy_Starling_0097_129303.jpg,0.65263195556287,0.5931868974776824,0.8088711544764509
Cape_Glossy_Starling_0002_129310.jpg,0.6850085790117995,0.6523174081592333,0.8252577955000265
Cape_Glossy_Starling_0025_129341.jpg,0.6767896997982723,0.6365759383264452,0.7940131262992007
Cape_Glossy_Starling_0007_129345.jpg,0.6370925195599906,0.5549857796718825,0.7427382311403594
Cape_Glossy_Starling_0047_129348.jpg,0.6390680782094178,0.5652997433787317,0.8384536293927973
Cape_Glossy_Starling_0018_129356.jpg,0.6578704179681325,0.5976808193296599,0.699007607484665
Cape_Glossy_Starling_0098_129365.jpg,0.6579293785243752,0.6043958699540514,0.7506805271836156
Cape_Glossy_Starling_0094_129368.jpg,0.6132550779905701,0.5027811505461848,0.784724457913167
Cape_Glossy_Starling_0072_129386.jpg,0.66835839448347,0.6154358532062415,0.7974501625792216
Cape_Glossy_Starling_0079_129399.jpg,0.6717296316715574,0.6289823258872913,0.8060525320944073
Cape_Glossy_Starling_0099_129412.jpg,0.6487080966404293,0.5874628552709504,0.7794203463867623
Cape_Glossy_Starling_0022_129414.jpg,0.6255750890161976,0.5296238756166726,0.8165224072639911
Cape_Glossy_Starling_0068_129446.jpg,0.625116664473885,0.5273529418150453,0.7422513031962561
Cape_Glossy_Starling_0087_129481.jpg,0.7023404052825765,0.6917555004991998,0.8020417183810172
Cape_Glossy_Starling_0016_129464.jpg,0.6119874925343436,0.4915120210890035,0.5787766215129553
Cape_Glossy_Starling_0073_129465.jpg,0.6354941469105322,0.5541471806013996,0.6830437765543804
Cape_Glossy_Starling_0082_129216.jpg,0.6341991728465027,0.5623839950500353,0.8271508784645558
Cape_Glossy_Starling_0069_129218.jpg,0.6436589272674405,0.5808963785182233,0.8139256788294772
Cape_Glossy_Starling_0053_129219.jpg,0.7294123112328479,0.7377970610519538,0.7739325969640054
Cape_Glossy_Starling_0081_129220.jpg,0.6440877854141707,0.5747853650281507,0.7572478904647167
Cape_Glossy_Starling_0060_129222.jpg,0.6571269493322043,0.5985798273195291,0.776791948381635
Cape_Glossy_Starling_0013_129244.jpg,0.6512645363695184,0.5821140889047909,0.734341135137577
Cape_Glossy_Starling_0062_129254.jpg,0.6001369340585297,0.4630552077812511,0.7406995227394041
Cape_Glossy_Starling_0005_129262.jpg,0.6814171532418962,0.6411861366483831,0.6910730900864545
Cape_Glossy_Starling_0015_129266.jpg,0.6777816158310999,0.6404435034337713,0.7215547310449782
Cape_Glossy_Starling_0050_129274.jpg,0.6764903869967811,0.6469568422319414,0.8051329641045873
Bank_Swallow_0013_129563.jpg,0.5719654399156967,0.3879479559143255,0.6971220780288055
Bank_Swallow_0038_129830.jpg,0.6942053536273448,0.6755742262454469,0.8079315524474634
Bank_Swallow_0008_129590.jpg,0.5117277830679199,0.2039443424940085,0.5321103148343032
Bank_Swallow_0039_129599.jpg,0.542742605585191,0.3216208569685629,0.7226409130120938
Bank_Swallow_0026_129870.jpg,0.6236766057269104,0.5308992300505279,0.8137987396411904
Bank_Swallow_0041_129625.jpg,0.6028573185916004,0.48004919181731587,0.73489608004585
Bank_Swallow_0018_129891.jpg,0.5709085422721827,0.40002164359579195,0.71209749196254
Bank_Swallow_0059_129896.jpg,0.6665097614264555,0.6145969885878577,0.8069510969358158
Bank_Swallow_0006_129652.jpg,0.6788058664876726,0.6373455774250377,0.6106898314582545
Bank_Swallow_0022_129923.jpg,0.6284706066445152,0.5384879323448633,0.7444843930402335
Bank_Swallow_0014_129668.jpg,0.5878937697776487,0.4268045014987335,0.6304484527554343
Bank_Swallow_0040_129674.jpg,0.5350859071454335,0.28520257491220025,0.6935429169799384
Bank_Swallow_0043_129685.jpg,0.6167028415905284,0.521898747251676,0.8045929998281843
Bank_Swallow_0012_129518.jpg,0.5287481209588369,0.27816613750462404,0.636826446026924
Bank_Swallow_0061_129484.jpg,0.6795795859608824,0.6460446468343899,0.8539979976206062
Bank_Swallow_0046_129742.jpg,0.6525401444977033,0.5759035635004985,0.7803645194890055
Bank_Swallow_0032_129491.jpg,0.6387616017126816,0.544414668366346,0.5964587775615408
Bank_Swallow_0029_129751.jpg,0.6999520944271307,0.696017322663625,0.8471781966519765
Bank_Swallow_0034_129496.jpg,0.5784734929643935,0.4266913757469777,0.7430799287086576
Bank_Swallow_0028_129754.jpg,0.5642982276372904,0.3850540624869555,0.755347309342085
Bank_Swallow_0027_129503.jpg,0.7049905672857013,0.7006114000949966,0.8443092972247663
Bank_Swallow_0033_129509.jpg,0.6493348588958613,0.5852266695760047,0.8106446002476851
Bank_Swallow_0001_129516.jpg,0.6020286905771246,0.4512607468573453,0.6809412638803667
Bank_Swallow_0063_129774.jpg,0.5417155704983854,0.31207532072935806,0.65658812100044
Bank_Swallow_0047_129520.jpg,0.5454846844437122,0.3347704277429331,0.5953426239443821
Bank_Swallow_0025_129521.jpg,0.5498723099881114,0.323992641372019,0.7244358007264075
Bank_Swallow_0050_129780.jpg,0.5321238516736742,0.2870486345054766,0.6241204629861814
Bank_Swallow_0035_129528.jpg,0.3193495410666023,-0.4184865488968126,-0.12093238508263407
Bank_Swallow_0019_129788.jpg,0.6747209438741003,0.6413159392679817,0.8647557888913388
Bank_Swallow_0016_129791.jpg,0.7123020663727868,0.7135955052304246,0.8545379359017938
Barn_Swallow_0038_132780.jpg,0.6732097302877561,0.6328682307966755,0.818125603987217
Barn_Swallow_0041_131860.jpg,0.6481677710473615,0.5813990088551355,0.7966182145506118
Barn_Swallow_0053_130585.jpg,0.6515667482517643,0.5955341140825172,0.8187184511551173
Barn_Swallow_0003_130086.jpg,0.6324084827465632,0.536527789186666,0.7839521695564792
Barn_Swallow_0050_130095.jpg,0.6481829129978869,0.5939014232269996,0.8312377836761877
Barn_Swallow_0034_130099.jpg,0.6823745337681253,0.6583979016919905,0.8467516093733801
Barn_Swallow_0022_130631.jpg,0.7165796284872772,0.7076495621823866,0.712357934846952
Barn_Swallow_0054_131146.jpg,0.6435470554530383,0.5667192686909689,0.74577756040661
Barn_Swallow_0085_132939.jpg,0.6628636080362742,0.6102748627849052,0.8334215451240247
Barn_Swallow_0083_132949.jpg,0.6783368837107442,0.6506066732079201,0.8306496620600768
Barn_Swallow_0055_131933.jpg,0.730455830924216,0.7520291226029527,0.8651505974468799
Barn_Swallow_0089_131934.jpg,0.6271693527963174,0.5226433577249396,0.7338134195486031
Barn_Swallow_0014_130403.jpg,0.6426833276743233,0.5774984008344598,0.8110354104451984
Barn_Swallow_0062_132755.jpg,0.5279907603642413,0.2446949437945819,0.5885123760743723
Barn_Swallow_0044_132542.jpg,0.7251741753726054,0.7405644754219705,0.8275939636192795
Barn_Swallow_0086_132477.jpg,0.6598539408927686,0.5982726110121215,0.7577109825827637
Barn_Swallow_0023_130325.jpg,0.6184803520107427,0.49921958881946205,0.7252172641752335
Barn_Swallow_0072_130474.jpg,0.6353910050035122,0.5420947220498826,0.6619728552077705
Barn_Swallow_0093_130121.jpg,0.7283547671479851,0.7361626445287492,0.8011188795803145
Barn_Swallow_0027_129978.jpg,0.7457469867957582,0.774301069141751,0.8832536715392856
Barn_Swallow_0052_131539.jpg,0.6761379283941307,0.6429536680660819,0.8448428932197529
Barn_Swallow_0007_131030.jpg,0.5832532565056354,0.4135790147620444,0.6752508473504245
Barn_Swallow_0063_132572.jpg,0.6857102615753783,0.6640673916685147,0.8649321835283829
Barn_Swallow_0020_132317.jpg,0.6539518715273714,0.6024500883621746,0.8566530059315256
Barn_Swallow_0029_132832.jpg,0.700813613795148,0.6855936924330566,0.7784586202487331
Barn_Swallow_0013_131812.jpg,0.6336370471927251,0.5462284671992232,0.7873964188279928
Barn_Swallow_0006_131315.jpg,0.7010171820161937,0.6948199993003827,0.8754324809747933
Barn_Swallow_0080_131829.jpg,0.6041609281532694,0.4810562267016789,0.8058295338036654
Barn_Swallow_0019_130555.jpg,0.6301311309227333,0.5373314488359614,0.807540081423441
Barn_Swallow_0074_132094.jpg,0.6688734086882933,0.622224037196144,0.845843799947525
Cliff_Swallow_0012_133527.jpg,0.6663298334720569,0.6078818785878588,0.6853884883622295
Cliff_Swallow_0084_133974.jpg,0.565548829787119,0.37780328180939005,0.7472839795777823
Cliff_Swallow_0098_133130.jpg,0.611808603019518,0.49405230131711386,0.7661411784053545
Cliff_Swallow_0039_133645.jpg,0.7243200043152129,0.7344003712729797,0.862241088391562
Cliff_Swallow_0042_133646.jpg,0.6944591853649603,0.6733787651237719,0.8010047262043856
Cliff_Swallow_0100_133665.jpg,0.6638388367123818,0.620842614515418,0.772868817662736
Cliff_Swallow_0031_133164.jpg,0.6095248697769374,0.49437600440920915,0.7388677650820576
Cliff_Swallow_0036_133168.jpg,0.6752260740259766,0.6176096898795134,0.7782521570547613
Cliff_Swallow_0013_133169.jpg,0.7388745350414747,0.7638908561432769,0.8779697631891913
Cliff_Swallow_0038_133701.jpg,0.6589029187590605,0.6162418615832335,0.8300386900025255
Cliff_Swallow_0027_133203.jpg,0.628129030745441,0.5237150527142378,0.6848506963008749
Cliff_Swallow_0068_134236.jpg,0.6326624165088768,0.5300083933221493,0.7237020436189621
Cliff_Swallow_0099_133948.jpg,0.578570685571349,0.42705563324418594,0.7485288974580477
Cliff_Swallow_0006_133489.jpg,0.6269451970772144,0.5493038091153608,0.7869852582836057
Cliff_Swallow_0003_133496.jpg,0.6621479271525409,0.6105684294416206,0.7740419752903598
Cliff_Swallow_0061_133259.jpg,0.715974586335485,0.7099255286823231,0.8075799896929843
Cliff_Swallow_0060_133280.jpg,0.7232428947649938,0.7376842692574584,0.7952792606451248
Cliff_Swallow_0083_133771.jpg,0.7086020222703233,0.7037743743666505,0.7499779672177863
Cliff_Swallow_0089_133545.jpg,0.6842581201170397,0.6619291012989637,0.8398184465564825
Cliff_Swallow_0017_133806.jpg,0.6449762415529683,0.5972918666800102,0.5596530937708694
Cliff_Swallow_0093_133052.jpg,0.6263504589571642,0.5208781974522904,0.7454256459945693
Cliff_Swallow_0052_133055.jpg,0.7095894233716605,0.6957621641706098,0.7891123905108735
Cliff_Swallow_0085_134338.jpg,0.685603043270703,0.6543924326985681,0.7972671216320748
Cliff_Swallow_0056_133921.jpg,0.6612489378229478,0.6147612264479083,0.7681749837456738
Cliff_Swallow_0033_133836.jpg,0.6816676676625681,0.652037820198929,0.7985874878116841
Cliff_Swallow_0063_133852.jpg,0.6574922009598914,0.5957197607472131,0.8281581865181415
Cliff_Swallow_0041_134111.jpg,0.6645163881900207,0.6138093899164948,0.7978805749772298
Cliff_Swallow_0081_134119.jpg,0.6643923801936402,0.615936594354343,0.8064801802715841
Cliff_Swallow_0035_133097.jpg,0.6106707299370587,0.5123167464240925,0.8140413969641723
Cliff_Swallow_0073_133116.jpg,0.6639074517936718,0.6190915476387515,0.8760824498389659
Tree_Swallow_0100_137493.jpg,0.6621108946242222,0.624397695536408,0.8598544677471462
Tree_Swallow_0032_136216.jpg,0.5831029784382922,0.41461482051933507,0.688672790859664
Tree_Swallow_0098_134916.jpg,0.6435642011011815,0.5738455627677737,0.7766692895456367
Tree_Swallow_0107_136223.jpg,0.5980335213696002,0.46873124086118245,0.7373086343719952
Tree_Swallow_0092_136236.jpg,0.6476996007037594,0.5749742875963721,0.7672309625191887
Tree_Swallow_0044_135984.jpg,0.6972529370864833,0.6802965869360891,0.7865486867680767
Tree_Swallow_0074_135219.jpg,0.6555897110683786,0.5819141244032704,0.7230895599093345
Tree_Swallow_0061_134712.jpg,0.6264098600577466,0.5429501385650383,0.7861723732555106
Tree_Swallow_0008_135352.jpg,0.6398970880447403,0.5717399925791542,0.7508077430087212
Tree_Swallow_0082_135006.jpg,0.6220993965833397,0.5075508965988633,0.6803174341348845
Tree_Swallow_0083_136800.jpg,0.6265493800297974,0.5263577805785077,0.6193446289143568
Tree_Swallow_0066_135788.jpg,0.7046367847415933,0.7001643711583779,0.84183256359064
Tree_Swallow_0016_135549.jpg,0.670886813846811,0.6171764987844726,0.7106182406028808
Tree_Swallow_0039_135038.jpg,0.627262029498801,0.5359446917778588,0.7355711366094707
Tree_Swallow_0037_134647.jpg,0.648777323547864,0.5879786079654306,0.7824138120801568
Tree_Swallow_0020_136587.jpg,0.6861807348432976,0.6602654114073534,0.79694712996102
Tree_Swallow_0035_136589.jpg,0.5661021415812242,0.3894379586516328,0.6967120060141102
Tree_Swallow_0113_136849.jpg,0.7049581350451108,0.7085051921171579,0.8837658848142943
Tree_Swallow_0095_135829.jpg,0.5265653662167304,0.2854586111589166,0.7280234499605323
Tree_Swallow_0115_135832.jpg,0.704130056215611,0.6994908907711019,0.862653537767492
Tree_Swallow_0090_135325.jpg,0.6595462338403764,0.6089430627724961,0.8187155984714692
Tree_Swallow_0075_136081.jpg,0.6822992712899967,0.651965643714376,0.8307926899625455
Tree_Swallow_0091_136870.jpg,0.7098917804461009,0.7039562927374245,0.8081959593883697
Tree_Swallow_0023_135345.jpg,0.6142381593139605,0.4956435876052965,0.6968502911939376
Tree_Swallow_0050_135104.jpg,0.7058451248765604,0.6986860545687013,0.8150361973696617
Tree_Swallow_0042_136401.jpg,0.6747040514472901,0.6426725666524934,0.7986290212983044
Tree_Swallow_0110_136921.jpg,0.6852400177619662,0.6556855956281853,0.7906339302466217
Tree_Swallow_0029_134882.jpg,0.685545053449659,0.6498196035604336,0.8347617509172037
Tree_Swallow_0056_135079.jpg,0.6179422710697506,0.4958328991257386,0.6335857813050829
Tree_Swallow_0073_134997.jpg,0.6380218096465528,0.551432667675989,0.7502758496768166
Scarlet_Tanager_0116_138242.jpg,0.6630090202513237,0.6088264035145701,0.8371303473089207
Scarlet_Tanager_0121_138255.jpg,0.576075411544787,0.40938068212030276,0.7125475945275597
Scarlet_Tanager_0129_137745.jpg,0.6803244371287941,0.6412583493830685,0.8153698864466823
Scarlet_Tanager_0068_137758.jpg,0.6511403791102429,0.5865454223282093,0.8152248122661486
Scarlet_Tanager_0099_137783.jpg,0.709431816589349,0.7021547852673673,0.8112052253699504
Scarlet_Tanager_0014_138298.jpg,0.6619515149906645,0.6221900538058432,0.8387620225739161
Scarlet_Tanager_0050_137874.jpg,0.6224415432508458,0.5039157855695121,0.7298030459074399
Scarlet_Tanager_0012_138410.jpg,0.584953365005844,0.4181236228070524,0.581747803234925
Scarlet_Tanager_0087_137937.jpg,0.6605767619627958,0.5898687579153591,0.7178033796458493
Scarlet_Tanager_0082_137978.jpg,0.6671707352338216,0.629267285370579,0.8032336051953566
Scarlet_Tanager_0021_138199.jpg,0.6194625766905241,0.5255040543486648,0.836656235734378
Scarlet_Tanager_0039_138010.jpg,0.6421116698231175,0.5654843751975428,0.6038840504506681
Scarlet_Tanager_0096_138022.jpg,0.6398174901008462,0.5595590166330187,0.6917894861463998
Scarlet_Tanager_0022_138049.jpg,0.6258365868151632,0.5189550697723537,0.7424617435119664
Scarlet_Tanager_0054_138210.jpg,0.6801882946594711,0.6452438765342609,0.8184009372535455
Scarlet_Tanager_0009_138076.jpg,0.6276307013915554,0.5271535366652982,0.738704415422594
Scarlet_Tanager_0073_138108.jpg,0.7016209070576351,0.6915446991542931,0.8049406380117429
Scarlet_Tanager_0008_137607.jpg,0.6944750557472921,0.6850608419038987,0.7883976954885854
Scarlet_Tanager_0065_138683.jpg,0.6220871728855198,0.5140789653182032,0.7587573219308557
Scarlet_Tanager_0092_138688.jpg,0.7072376007716666,0.7085374499763684,0.8381498911054521
Scarlet_Tanager_0112_138695.jpg,0.6630186164747869,0.6170790265671582,0.7116740410345743
Scarlet_Tanager_0038_138198.jpg,0.6550348212880819,0.611865518923649,0.8131323609752302
Scarlet_Tanager_0025_138712.jpg,0.6375507420927209,0.5399374310860615,0.7805081123256574
Scarlet_Tanager_0109_137698.jpg,0.5918785644934961,0.45151187031617424,0.7614772495840229
Scarlet_Tanager_0135_137699.jpg,0.6475378688992572,0.5693904145806744,0.7806166211965282
Scarlet_Tanager_0076_137702.jpg,0.6698518021011131,0.626077186486169,0.8259871605758138
Scarlet_Tanager_0043_138236.jpg,0.6542149265707188,0.5989183409465839,0.7912182786238016
Scarlet_Tanager_0063_138227.jpg,0.6844929491695719,0.6539415523295015,0.8418471619096647
Scarlet_Tanager_0097_137717.jpg,0.6557394238130627,0.5860547983341609,0.7508247601555438
Scarlet_Tanager_0003_137724.jpg,0.6143546005271241,0.5152735813434947,0.849290330161254
Summer_Tanager_0103_139267.jpg,0.6416423752489633,0.5591592730073918,0.7655521005212571
Summer_Tanager_0071_140289.jpg,0.6307812083054369,0.5332454461736773,0.8012951680750214
Summer_Tanager_0106_139801.jpg,0.6625009580044577,0.6243463805027338,0.8547769844679733
Summer_Tanager_0052_139804.jpg,0.6003077401553247,0.48107876830201945,0.7789738616178753
Summer_Tanager_0127_139297.jpg,0.6074787312471731,0.4785511528922348,0.7889108008597692
Summer_Tanager_0059_140582.jpg,0.6511504440517237,0.563217196818151,0.6319300200942656
Summer_Tanager_0101_139441.jpg,0.6576244447636921,0.5949127688893081,0.8094488878668185
Summer_Tanager_0117_140812.jpg,0.7110906679953912,0.6965984905883624,0.7082184382368673
Summer_Tanager_0080_140110.jpg,0.640496969345089,0.5525838819396771,0.6798178938757299
Summer_Tanager_0075_139858.jpg,0.6923573119368058,0.6731114166592483,0.8346715427729694
Summer_Tanager_0023_139859.jpg,0.6358517798430772,0.5609462140929142,0.7564941947425186
Summer_Tanager_0094_139351.jpg,0.6706268965612645,0.6312588068665914,0.7993399935972253
Summer_Tanager_0062_140633.jpg,0.5998829146352513,0.4665930507103243,0.6412247878991474
Summer_Tanager_0050_139358.jpg,0.6256523780277132,0.5264963792352615,0.7782158485825498
Summer_Tanager_0038_139371.jpg,0.6326272257621336,0.5481863763360568,0.7649014195729757
Summer_Tanager_0043_139884.jpg,0.6143541350406281,0.48532371649397654,0.689298202569359
Summer_Tanager_0073_139379.jpg,0.6220304843548179,0.5280680274079355,0.7760956767896041
Summer_Tanager_0041_139902.jpg,0.5561275243162171,0.3575974130843047,0.7272345184633094
Summer_Tanager_0074_139592.jpg,0.6495023439106511,0.5711576169861072,0.6621397019916183
Summer_Tanager_0017_140173.jpg,0.6807931752659484,0.6567373717014897,0.8436516718267926
Summer_Tanager_0047_140164.jpg,0.6414641416192279,0.5712749779175114,0.8202164946672872
Summer_Tanager_0069_139941.jpg,0.6028164969658915,0.4690644930914454,0.7592191018807476
Summer_Tanager_0064_140725.jpg,0.5976211738717025,0.47500596718246235,0.795160541437169
Summer_Tanager_0124_139963.jpg,0.5727280341328775,0.4154033402400551,0.7307705731395399
Summer_Tanager_0044_140611.jpg,0.6899775740264417,0.6759762261591605,0.8693375948914035
Summer_Tanager_0107_139488.jpg,0.6198936633360339,0.513634312135429,0.780603319090074
Summer_Tanager_0091_139602.jpg,0.6798081842361323,0.6493764521075969,0.7940633530315756
Summer_Tanager_0070_137714.jpg,0.5105118751890169,0.19038278236689044,0.3684398361202939
Summer_Tanager_0115_139253.jpg,0.6205107390877133,0.5270585606657299,0.7685725667813671
Summer_Tanager_0093_139517.jpg,0.6457038987023591,0.5819723778408415,0.8016683170769765
Artic_Tern_0015_141829.jpg,0.5925060713599912,0.4330089305738375,0.6237595166663896
Artic_Tern_0035_143366.jpg,0.5852491902376061,0.41520747311205974,0.6198822931084926
Artic_Tern_0048_142372.jpg,0.5290875616954502,0.2715010178496087,0.5770765845457465
Artic_Tern_0059_141876.jpg,0.6663523311050923,0.5980739118835354,0.5742107112495443
Artic_Tern_0093_141880.jpg,0.5666313187750576,0.3429925091643564,0.3561147167982137
Artic_Tern_0129_141395.jpg,0.6046349977954437,0.46265087877947064,0.5773173117207006
Artic_Tern_0019_141922.jpg,0.6026507937695125,0.46852547897994934,0.5570935744737625
Artic_Tern_0127_142440.jpg,0.6623290631208014,0.5984046292414352,0.7895992878436603
Artic_Tern_0036_142447.jpg,0.5678828258830264,0.3573311371355029,0.5947356407781078
Artic_Tern_0102_141453.jpg,0.5792465036699976,0.41406032661266645,0.6634747532820933
Artic_Tern_0060_141955.jpg,0.6457754110009268,0.5832858228045869,0.6456337483404013
Artic_Tern_0023_140898.jpg,0.612842474615839,0.4919577582476877,0.7571393936815739
Artic_Tern_0138_142527.jpg,0.5851104240835245,0.4205283716088818,0.6298971269397968
Artic_Tern_0034_142022.jpg,0.6147145721695513,0.48761060691468605,0.5842081320012263
Artic_Tern_0117_143394.jpg,0.6839139024294569,0.6439722526887295,0.7552770734320207
Artic_Tern_0115_142570.jpg,0.5934604824592312,0.4468829221140074,0.6938059002518016
Artic_Tern_0142_142078.jpg,0.6028373486971897,0.45510277385124476,0.5857578630767895
Artic_Tern_0041_142079.jpg,0.6280524283022186,0.5223872569523967,0.751103313860909
Artic_Tern_0083_141579.jpg,0.6775416909795586,0.6214384925161005,0.7076028469501185
Artic_Tern_0027_141617.jpg,0.5586585618173964,0.3444958825507628,0.5751823118856834
Artic_Tern_0082_142127.jpg,0.6644648798597664,0.6014425207358028,0.6559244088193069
Artic_Tern_0044_142151.jpg,0.6375423338673998,0.5379064794485513,0.570350738028388
Artic_Tern_0037_141141.jpg,0.5894856285854262,0.4265268203513941,0.63216124117495
Artic_Tern_0119_142682.jpg,0.6789016080992102,0.6376359829811586,0.7381361895254194
Artic_Tern_0014_141716.jpg,0.6680048925993843,0.6065974762767995,0.7632611351750633
Artic_Tern_0029_142220.jpg,0.6530119176340501,0.5708080965684204,0.6446838184476068
Artic_Tern_0024_143268.jpg,0.5743862573960634,0.4029200749906692,0.5661102670808098
Artic_Tern_0030_141816.jpg,0.600953071218445,0.453546178017189,0.638345584835323
Artic_Tern_0011_143355.jpg,0.5999146352008444,0.45542965704581306,0.5794690580807321
Black_Tern_0017_143876.jpg,0.6321816367013504,0.5244761750123916,0.6279541790886247
Black_Tern_0006_144646.jpg,0.551883276757497,0.3368550767462708,0.5754957736004152
Black_Tern_0056_143906.jpg,0.613897415422656,0.4958737366643359,0.6633341565976837
Black_Tern_0096_143917.jpg,0.6244283060280649,0.5368247249227673,0.8254042526448941
Black_Tern_0014_143939.jpg,0.5903304609650318,0.44570502670336487,0.7675383738090104
Black_Tern_0094_144466.jpg,0.6086220178284094,0.471020939634589,0.6822143572080717
Black_Tern_0008_143965.jpg,0.6102391455351968,0.4843756420982659,0.7677271736500795
Black_Tern_0058_143981.jpg,0.5599304125700169,0.35502671045159384,0.6215051549593222
Black_Tern_0023_143985.jpg,0.5605907531859341,0.34787796601859,0.5946417223717573
Black_Tern_0064_143990.jpg,0.6314181301932489,0.5433118824403431,0.7733187125649068
Black_Tern_0025_144503.jpg,0.5951582738612717,0.4416105722254027,0.572865300429436
Black_Tern_0107_144661.jpg,0.667260646414751,0.6083654122779596,0.7580599373173837
Black_Tern_0050_144000.jpg,0.7287793596332873,0.7390389472814529,0.8545639346908138
Black_Tern_0048_144001.jpg,0.5911593053937323,0.4372161404297309,0.5932857344717133
Black_Tern_0044_144021.jpg,0.5307266534612121,0.28023021442413876,0.7545096038099265
Black_Tern_0032_144029.jpg,0.5072428897331946,0.21828615163667764,0.6156198958801348
Black_Tern_0070_144292.jpg,0.6139808481318632,0.4953131565822646,0.6541529845164444
Black_Tern_0104_144038.jpg,0.6329946471654648,0.5329161893467549,0.6319671282765333
Black_Tern_0024_144039.jpg,0.6162590544331484,0.48975186110138214,0.7073665089646859
Black_Tern_0091_144063.jpg,0.6952548834789547,0.6648997314031122,0.7444273829487111
Black_Tern_0033_144328.jpg,0.5776654465331866,0.41104978961527916,0.6658844593140221
Black_Tern_0065_144076.jpg,0.4759535401507803,0.12180990946881842,0.5707822864874984
Black_Tern_0101_144331.jpg,0.6552085755534202,0.5934586179184334,0.7151270236305413
Black_Tern_0073_144638.jpg,0.6831450603019531,0.6337651275207428,0.7609339620458688
Black_Tern_0100_144597.jpg,0.6366753388470012,0.5516305506181745,0.7604515036343674
Black_Tern_0102_144344.jpg,0.6566085121018942,0.5920094931890197,0.7575702053849477
Black_Tern_0098_144089.jpg,0.618694180068224,0.5145279547301482,0.7813920886818385
Black_Tern_0012_144091.jpg,0.6109145332197075,0.47366597461237014,0.5149284779313481
Black_Tern_0034_144106.jpg,0.6215843408786266,0.5001288666831947,0.47345382474700815
Black_Tern_0105_144380.jpg,0.5989971315987817,0.4498683612638965,0.5915461330042129
Caspian_Tern_0024_146033.jpg,0.5869324135022904,0.43493405822760856,0.6539203979213004
Caspian_Tern_0097_145923.jpg,0.5330527695256044,0.29889650866653594,0.6195652639303716
Caspian_Tern_0115_145927.jpg,0.5492991521650556,0.3346631302877201,0.6570887506366351
Caspian_Tern_0102_145928.jpg,0.5901377354623055,0.4373002352132642,0.688720018055901
Caspian_Tern_0005_145929.jpg,0.6590137064516892,0.6011609849862554,0.7578604073402722
Caspian_Tern_0069_145931.jpg,0.6132921622147323,0.4778654121819914,0.6133700880047853
Caspian_Tern_0079_145777.jpg,0.6265121608023856,0.5195434029147215,0.6493459712384292
Caspian_Tern_0099_145939.jpg,0.5613853021732427,0.370785724147347,0.6387933961032101
Caspian_Tern_0010_145667.jpg,0.6157234472820576,0.5026672167397788,0.7707962701295922
Caspian_Tern_0074_145964.jpg,0.6321240428421162,0.5452533345576693,0.6803463046861492
Caspian_Tern_0062_145981.jpg,0.6528152020416057,0.5783489453760289,0.6359007013933275
Caspian_Tern_0041_144964.jpg,0.6130135801890195,0.499070112958069,0.6979595544184372
Caspian_Tern_0111_145995.jpg,0.6504712218108563,0.5826379532819246,0.7565630788424943
Caspian_Tern_0119_145492.jpg,0.6097689795495373,0.49507854131224693,0.6293289654615306
Caspian_Tern_0060_146007.jpg,0.5790739560767774,0.3936463070814099,0.6248177327632924
Caspian_Tern_0018_146010.jpg,0.6400880445335153,0.5564490682224223,0.6161544852881123
Caspian_Tern_0108_145278.jpg,0.6273286943385823,0.5265104428632028,0.6336101071346102
Caspian_Tern_0113_146828.jpg,0.6180470817027957,0.48417080689550407,0.6693544910743587
Caspian_Tern_0063_146082.jpg,0.5401192071066316,0.3009264291880931,0.5653207383493211
Caspian_Tern_0012_147632.jpg,0.6364241134354387,0.5554396972683691,0.7710581579667405
Caspian_Tern_0068_146615.jpg,0.5847957372640014,0.4203566297086716,0.610583775498745
Caspian_Tern_0106_147645.jpg,0.49230103055025065,0.16486526299105797,0.44382949937207367
Caspian_Tern_0048_145672.jpg,0.6438402172967548,0.5671486027088654,0.753025916049228
Caspian_Tern_0016_145314.jpg,0.6520690558021742,0.5826443973197819,0.6854976328843537
Caspian_Tern_0022_144922.jpg,0.5251704146004119,0.2715987343422852,0.5571960934932976
Caspian_Tern_0067_145107.jpg,0.613834445851317,0.4924319772472201,0.7450847258874701
Caspian_Tern_0058_145886.jpg,0.6517721305509125,0.5920789631183838,0.7494315460833304
Caspian_Tern_0054_145890.jpg,0.6502457768930183,0.5843378509447166,0.6934272070647246
Caspian_Tern_0026_145125.jpg,0.6737218963141749,0.6280093401030841,0.7815264083648853
Caspian_Tern_0014_145640.jpg,0.5804120964043027,0.4095845566302916,0.6868497216328561
Common_Tern_0040_147973.jpg,0.5399686766686469,0.2969991410775149,0.5037779027025822
Common_Tern_0075_148528.jpg,0.5181205470322343,0.2174811039474338,0.4202485188449135
Common_Tern_0045_150067.jpg,0.6234281959978527,0.4976116520601752,0.63599764236103
Common_Tern_0056_148549.jpg,0.555479619210427,0.34292262196899914,0.6503777880828014
Common_Tern_0063_147789.jpg,0.5363345422895519,0.2856763479597165,0.6677867478237237
Common_Tern_0037_148048.jpg,0.5320934672988913,0.27574181641150675,0.6760869312079683
Common_Tern_0105_149841.jpg,0.5065672233200434,0.20035354437121844,0.5563285954989043
Common_Tern_0088_147941.jpg,0.5684143794693302,0.3680157773308472,0.4857364555379604
Common_Tern_0027_150113.jpg,0.6299047539088442,0.5427122742120176,0.7560189708245254
Common_Tern_0028_150117.jpg,0.6615800615006941,0.5926163887549971,0.7207019556210716
Common_Tern_0009_149609.jpg,0.6316033881501358,0.5375800094996128,0.6790254458812877
Common_Tern_0087_147945.jpg,0.6338557751852539,0.5486033030240871,0.7272054621714262
Common_Tern_0097_148874.jpg,0.5734987436381478,0.3997414212645717,0.6802722327766055
Common_Tern_0092_147779.jpg,0.623899766873318,0.5136188629810369,0.6359126018311488
Common_Tern_0055_149486.jpg,0.5466312091023438,0.33801466483533293,0.6193869828699182
Common_Tern_0108_149672.jpg,0.604098877994424,0.47796127337942684,0.7401688248446967
Common_Tern_0078_149161.jpg,0.5854489661137012,0.43652241874947106,0.5894574469484064
Common_Tern_0106_149345.jpg,0.634586811088584,0.5344172448173895,0.6230761950461261
Common_Tern_0042_147897.jpg,0.5658691872740873,0.3767049955871339,0.6603373167479887
Common_Tern_0120_148670.jpg,0.5520986023079828,0.3353104430222781,0.6312826332445067
Common_Tern_0050_148928.jpg,0.5566702462495601,0.3641733737778555,0.6103218947959272
Common_Tern_0051_150469.jpg,0.5608573721221319,0.36425685529680263,0.5163818942125513
Common_Tern_0044_148680.jpg,0.5316069516832282,0.27956619742070243,0.33792278235635237
Common_Tern_0047_149195.jpg,0.6466697329672945,0.5635568991013136,0.6667421832618482
Common_Tern_0004_148977.jpg,0.6434972052629784,0.5519871513014698,0.6801335006985614
Common_Tern_0103_149733.jpg,0.59714756905062,0.45903946265158646,0.7419741522722488
Common_Tern_0014_149194.jpg,0.5923296520571657,0.4309990001081968,0.5510312806970212
Common_Tern_0115_149482.jpg,0.6303726763356512,0.523793789054682,0.6435175040830219
Common_Tern_0057_149749.jpg,0.5954381114117431,0.4432003893012574,0.6964229842786069
Common_Tern_0012_148477.jpg,0.5874134546945651,0.4262719059933907,0.6197067833295061
Elegant_Tern_0093_150534.jpg,0.6316509051694617,0.5350492228020891,0.6759813220511911
Elegant_Tern_0080_150538.jpg,0.592510252619874,0.43686134252951125,0.6380986692730153
Elegant_Tern_0077_150548.jpg,0.6572367491548419,0.5902744301103497,0.7352485850873994
Elegant_Tern_0030_151067.jpg,0.5831637465783557,0.40482163869433196,0.5715330098588617
Elegant_Tern_0096_151068.jpg,0.6155471016540246,0.4937665849130325,0.6537778458357865
Elegant_Tern_0085_151091.jpg,0.6187405285980401,0.4926353909197988,0.6713381249830248
Elegant_Tern_0060_150837.jpg,0.6482670872830958,0.5733648232411164,0.7510676168971685
Elegant_Tern_0024_150852.jpg,0.6531219790457878,0.5844430513543526,0.702189881404573
Elegant_Tern_0058_150853.jpg,0.7235892557097302,0.7223915266925511,0.768731499255309
Elegant_Tern_0089_150854.jpg,0.627406023843373,0.5284991542844539,0.6238920598793666
Elegant_Tern_0106_150872.jpg,0.6569766604113271,0.6064363552892471,0.7542668370847907
Elegant_Tern_0090_45924.jpg,0.655329241186023,0.6000953816354808,0.7821006016792342
Elegant_Tern_0023_150654.jpg,0.6452251853037045,0.5668455173655249,0.6802703726106579
Elegant_Tern_0072_150911.jpg,0.6007780680726149,0.4653783289319797,0.6776959893414966
Elegant_Tern_0053_150507.jpg,0.6391176114660178,0.5541224064482063,0.6906529292437165
Elegant_Tern_0084_150922.jpg,0.6252429988740331,0.5232871814004805,0.6682692361646211
Elegant_Tern_0067_151185.jpg,0.6228069635754383,0.5060845356373878,0.7310114477364738
Elegant_Tern_0042_150851.jpg,0.6582247442537801,0.5998915299689831,0.7076580886440286
Elegant_Tern_0099_150682.jpg,0.6606503430558218,0.5956365168479021,0.6317495725775677
Elegant_Tern_0033_150687.jpg,0.6157741747003831,0.489210542052422,0.7520471360261696
Elegant_Tern_0079_150953.jpg,0.6530323157963963,0.5994808128652354,0.7922945393966752
Elegant_Tern_0107_150960.jpg,0.5339786118728529,0.2984120769280305,0.5078519654794565
Elegant_Tern_0006_150963.jpg,0.5173059535906807,0.254415194029291,0.6509303201052025
Elegant_Tern_0005_150708.jpg,0.6275009239516196,0.5301405274537453,0.637554673015923
Elegant_Tern_0101_150715.jpg,0.6377023579590932,0.5552989714617926,0.727933030421066
Elegant_Tern_0036_150972.jpg,0.6691496915691568,0.616175038963918,0.6569222896569704
Elegant_Tern_0039_150944.jpg,0.6184873867152498,0.5007008248063602,0.7458963810709818
Elegant_Tern_0044_150946.jpg,0.6338033741054917,0.5452326627857331,0.6717124169700698
Elegant_Tern_0035_150744.jpg,0.6617144314793875,0.6091375901588405,0.7779759350799854
Elegant_Tern_0082_150517.jpg,0.6195380639826922,0.5302778441417657,0.6833275878749389
Forsters_Tern_0012_151558.jpg,0.6087363615300292,0.4862168712492606,0.6428807252004295
Forsters_Tern_0098_151258.jpg,0.6219374681296539,0.5069825680082045,0.7099867369793833
Forsters_Tern_0057_151570.jpg,0.5655579259402161,0.3652206143781118,0.5717704366277662
Forsters_Tern_0109_152094.jpg,0.6769110964636182,0.637587205709795,0.6801167828857885
Forsters_Tern_0076_151330.jpg,0.6347519365619478,0.5513155800934542,0.7112655029233785
Forsters_Tern_0043_151332.jpg,0.5719790989780735,0.3900877986368867,0.5489802391517608
Forsters_Tern_0092_152119.jpg,0.6040267657749971,0.480595036039123,0.7776331364514211
Forsters_Tern_0071_152142.jpg,0.647222785475405,0.579943846684651,0.7174732184874087
Forsters_Tern_0049_151631.jpg,0.6173961410098333,0.4865211098602136,0.5701768114260131
Forsters_Tern_0041_149586.jpg,0.6081662762481816,0.4797479388178725,0.6574789069592424
Forsters_Tern_0091_151895.jpg,0.5679149535675264,0.3842973136250476,0.549955798375625
Forsters_Tern_0032_151384.jpg,0.5966459737022386,0.44230442255134206,0.594807352860348
Forsters_Tern_0042_151644.jpg,0.49753977494347823,0.2090478273286105,0.5222186235202757
Forsters_Tern_0021_144734.jpg,0.6127147794020587,0.48391775812197824,0.6575632510558697
Forsters_Tern_0082_151937.jpg,0.6340765213688386,0.5299111089197714,0.7176128098345227
Forsters_Tern_0116_151688.jpg,0.6502431251655982,0.5718059632208039,0.6722149436035681
Forsters_Tern_0065_152206.jpg,0.6373147037622197,0.5501295904267287,0.7139955129942578
Forsters_Tern_0064_152047.jpg,0.5565472719364168,0.3626323501740508,0.6549982954329955
Forsters_Tern_0086_152738.jpg,0.5736979355432563,0.3955896064286154,0.5964079166706502
Forsters_Tern_0097_151731.jpg,0.6204837042239867,0.528164945885617,0.781362814260071
Forsters_Tern_0087_151226.jpg,0.605302669170112,0.46659445933108645,0.6204078711452261
Forsters_Tern_0029_151228.jpg,0.5967959681155861,0.4507931246979857,0.6534466489540568
Forsters_Tern_0010_151243.jpg,0.6381825150066378,0.5526903125318334,0.657707324602984
Forsters_Tern_0126_151257.jpg,0.5924102289972626,0.438051738830892,0.5902096811671234
Forsters_Tern_0003_151547.jpg,0.6888312534498529,0.6588022895937551,0.805491771711456
Forsters_Tern_0059_151269.jpg,0.645561450751226,0.5496947198174467,0.6154031829146555
Forsters_Tern_0099_152529.jpg,0.6195688909227884,0.501852422128112,0.6787274351804898
Forsters_Tern_0095_152067.jpg,0.5920164561977328,0.43713828080337125,0.673529866923594
Forsters_Tern_0083_151282.jpg,0.6027499014480492,0.459569154149015,0.6411476841835669
Forsters_Tern_0004_152358.jpg,0.6081358063600328,0.4765996557103249,0.686262625649754
Least_Tern_0127_154141.jpg,0.5644497870541962,0.3859992153734252,0.7021053351973471
Least_Tern_0007_153661.jpg,0.587027847836005,0.407120004326345,0.4973136602024401
Least_Tern_0025_153678.jpg,0.5932990260103601,0.4457020919348841,0.5917618361143038
Least_Tern_0026_153702.jpg,0.6108400196970987,0.4841501207760798,0.5935468156674869
Least_Tern_0116_153715.jpg,0.5818720406220259,0.40677515096540984,0.6079534903176252
Least_Tern_0011_153722.jpg,0.6358680045829761,0.5460242132533741,0.6280997895133481
Least_Tern_0128_153732.jpg,0.6159753457396919,0.5074981988567722,0.7348170985573397
Least_Tern_0058_153747.jpg,0.6503563985023362,0.5747835997116381,0.6807437457700964
Least_Tern_0014_153757.jpg,0.593867024340279,0.4524360501492992,0.6145414975035727
Least_Tern_0028_153781.jpg,0.5889501493204152,0.44045708486826685,0.6494038374165907
Least_Tern_0098_153820.jpg,0.5875634216333951,0.42703237875923394,0.5845269958171183
Least_Tern_0008_153313.jpg,0.6209586777449093,0.49562789178985933,0.5428593040424727
Least_Tern_0024_153317.jpg,0.6206367932874,0.4969525398121124,0.6300101084450324
Least_Tern_0096_153868.jpg,0.5811747374597822,0.42578009775935965,0.6532264022026252
Least_Tern_0111_153308.jpg,0.5802019676766941,0.4018543168799177,0.4435054690071294
Least_Tern_0132_154149.jpg,0.5847932594369011,0.4267794439188022,0.6456686344672297
Least_Tern_0113_153415.jpg,0.6197008048231133,0.519834769244225,0.7087414310020219
Least_Tern_0089_152912.jpg,0.6278003822747716,0.5331492677000206,0.6420040707550894
Least_Tern_0035_152932.jpg,0.6272726375804505,0.5217918939362249,0.6226902083623816
Least_Tern_0129_153449.jpg,0.6721216197825164,0.614455438472974,0.6735947395023317
Least_Tern_0034_153963.jpg,0.641558397936594,0.5584312100176116,0.6823772107011467
Least_Tern_0100_153461.jpg,0.6227342276714638,0.5130048010725716,0.7619684551147651
Least_Tern_0104_152950.jpg,0.5318803706083379,0.29049365915280867,0.6160578715858482
Least_Tern_0021_153979.jpg,0.5331269005588364,0.28131145776781985,0.6381591447167185
Least_Tern_0041_153470.jpg,0.6044181379125788,0.47387424858440297,0.6609936962223857
Least_Tern_0131_153983.jpg,0.5834837055534579,0.4241446590017277,0.7107730433301372
Least_Tern_0125_153996.jpg,0.5015888490223452,0.1633473839599484,0.38995608525516107
Least_Tern_0107_154015.jpg,0.5877229194570976,0.4271714534045774,0.7327980563121694
Least_Tern_0040_153039.jpg,0.49165802093320576,0.1732294145095008,0.5080487869086092
Least_Tern_0029_154064.jpg,0.5452728480000547,0.31285992945366536,0.5090208463674262
Green_Tailed_Towhee_0109_797440.jpg,0.6704002601116091,0.6372225102528999,0.8506651319276428
Green_Tailed_Towhee_0061_154880.jpg,0.5730538759295183,0.4055430933710301,0.6809502009345856
Green_Tailed_Towhee_0035_154888.jpg,0.6382922953567938,0.5521797781665873,0.7145940369476758
Green_Tailed_Towhee_0050_154898.jpg,0.678077233196432,0.6352409710145784,0.6770356295233758
Green_Tailed_Towhee_0101_154907.jpg,0.587646044682631,0.4302436770191649,0.5410777063205916
Green_Tailed_Towhee_0021_797404.jpg,0.5321965944345303,0.28039456376440686,0.606635919419759
Green_Tailed_Towhee_0044_154934.jpg,0.6304867649155057,0.5203222429381698,0.5049645532411834
Green_Tailed_Towhee_0072_154946.jpg,0.5434013832373785,0.3072207214072725,0.6095965835537418
Green_Tailed_Towhee_0004_154951.jpg,0.5981996035478925,0.45205307817917206,0.7324402712622826
Green_Tailed_Towhee_0100_154966.jpg,0.7347028568448493,0.7545077688273636,0.8380215206461252
Green_Tailed_Towhee_0079_154764.jpg,0.6526112558648633,0.6037982296181479,0.8293595274219064
Green_Tailed_Towhee_0051_154768.jpg,0.5219731351957031,0.23738292630035007,0.6196011324757966
Green_Tailed_Towhee_0047_154776.jpg,0.6665890912193956,0.6223228012039765,0.821475578724347
Green_Tailed_Towhee_0005_154784.jpg,0.5569510021520545,0.3406190783760592,0.5782990310294752
Green_Tailed_Towhee_0053_154921.jpg,0.6427744866374031,0.555482510085487,0.8237680841304875
Green_Tailed_Towhee_0085_154822.jpg,0.6288666337128717,0.5482859032205875,0.7254980201596837
Green_Tailed_Towhee_0082_797395.jpg,0.6630494720859759,0.6037310734584045,0.669451705940445
Green_Tailed_Towhee_0092_797397.jpg,0.6306585866357057,0.5424486832498554,0.7188247007251252
Green_Tailed_Towhee_0017_797400.jpg,0.6529437885162599,0.581921920861595,0.7364328202267568
Green_Tailed_Towhee_0104_797403.jpg,0.587153676304681,0.4343577173706006,0.5602509791462553
Green_Tailed_Towhee_0037_797405.jpg,0.7183006690295303,0.7151584083742506,0.7626002877249297
Green_Tailed_Towhee_0003_797414.jpg,0.633915901742568,0.5526732323608032,0.632940150340532
Green_Tailed_Towhee_0014_797415.jpg,0.6718603985291558,0.6231069548598425,0.7523836981602725
Green_Tailed_Towhee_0030_797417.jpg,0.6174731384349198,0.5001142420293023,0.491399415330272
Green_Tailed_Towhee_0102_797420.jpg,0.6669711153399878,0.6408875224813115,0.8256952207037382
Green_Tailed_Towhee_0062_797424.jpg,0.6432549149090556,0.5676732964738357,0.7410315441866409
Green_Tailed_Towhee_0015_797425.jpg,0.6719652994080408,0.6279270578154933,0.7858268621921645
Green_Tailed_Towhee_0067_797426.jpg,0.6175495603009034,0.528184548455463,0.7091438606505075
Green_Tailed_Towhee_0110_154868.jpg,0.6046586531389271,0.48379347504781056,0.8087689854092451
Green_Tailed_Towhee_0010_797431.jpg,0.6536579249228021,0.5983802556006548,0.806787890306405
Brown_Thrasher_0061_155140.jpg,0.6387153508387091,0.5576959344939324,0.7315497993794832
Brown_Thrasher_0054_155145.jpg,0.6295981382276532,0.5326148797896696,0.8461384680362518
Brown_Thrasher_0046_155154.jpg,0.6226657933602073,0.4961680764583948,0.5855039047283017
Brown_Thrasher_0057_155164.jpg,0.6688210939306836,0.6169081290045566,0.7747961561256447
Brown_Thrasher_0015_155165.jpg,0.6324786943955342,0.5408489156564367,0.7815283090547737
Brown_Thrasher_0005_155176.jpg,0.711187227823709,0.7146080137367459,0.8692749976856166
Brown_Thrasher_0084_155189.jpg,0.6455840891347162,0.5777086832025682,0.8609638853251707
Brown_Thrasher_0127_155193.jpg,0.6294233510509876,0.5266779275341462,0.7447930737603505
Brown_Thrasher_0080_155200.jpg,0.5454544880538499,0.3346767658087949,0.61120132021076
Brown_Thrasher_0042_155213.jpg,0.6378739895304866,0.5550033474513876,0.7261617413307637
Brown_Thrasher_0020_155223.jpg,0.6641241382975496,0.6240428465348754,0.8043245617403949
Brown_Thrasher_0065_155229.jpg,0.6902963495475967,0.669514753271643,0.8402322727539318
Brown_Thrasher_0038_155246.jpg,0.6015344808865228,0.4590929341188489,0.7598081716854757
Brown_Thrasher_0132_155337.jpg,0.5997320317089472,0.4619552431612851,0.6982220177264847
Brown_Thrasher_0070_155343.jpg,0.6023211916438543,0.46914305955875635,0.6864552790246812
Brown_Thrasher_0130_155350.jpg,0.6798670540362722,0.6478804949339074,0.843082113198555
Brown_Thrasher_0024_155363.jpg,0.6552150330605497,0.5955014976242486,0.7299888596040437
Brown_Thrasher_0135_155366.jpg,0.6238619592390025,0.5188975550944502,0.7863145266813595
Brown_Thrasher_0011_155370.jpg,0.7126558618705496,0.7069071734809298,0.8158172850596993
Brown_Thrasher_0073_155376.jpg,0.5581756461164284,0.3654549900129147,0.5668817158942889
Brown_Thrasher_0096_155412.jpg,0.7345335471649337,0.7470938241993919,0.8740930935041392
Brown_Thrasher_0092_155415.jpg,0.6175891311703317,0.5278487450870666,0.8164094217311261
Brown_Thrasher_0014_155421.jpg,0.6023697223637106,0.48616481765117714,0.7638006175673867
Brown_Thrasher_0056_155048.jpg,0.6773965372927894,0.6427235013668652,0.748094560782512
Brown_Thrasher_0124_155052.jpg,0.6371614498486311,0.5572870310106111,0.7707866606833582
Brown_Thrasher_0049_155110.jpg,0.59904190374967,0.454664098408168,0.7277697774610346
Brown_Thrasher_0113_155111.jpg,0.684398743466013,0.6442078071062366,0.7279229688201264
Brown_Thrasher_0063_155127.jpg,0.7076446161081407,0.7135617896723043,0.8683043578627905
Brown_Thrasher_0120_155133.jpg,0.6873036420351673,0.6685904850941787,0.9036468157674528
Sage_Thrasher_0097_155564.jpg,0.6288808495895268,0.5242627821860488,0.6838761440070601
Sage_Thrasher_0036_796444.jpg,0.5888317652948905,0.4320349613194501,0.609483992157198
Sage_Thrasher_0098_796448.jpg,0.6416866917689508,0.5533487800820105,0.7752243154595367
Sage_Thrasher_0056_796457.jpg,0.6102383777476579,0.4897348878666711,0.6805852027842382
Sage_Thrasher_0029_796459.jpg,0.5916668726073162,0.4513212554204621,0.7556453045843986
Sage_Thrasher_0062_796462.jpg,0.6308153118980758,0.5409968223765715,0.7361424589663703
Sage_Thrasher_0024_796463.jpg,0.5461127234566847,0.3047480368986599,0.5710755602513623
Sage_Thrasher_0003_155479.jpg,0.5321506510009528,0.28488461978450796,0.7635585144902286
Sage_Thrasher_0022_155447.jpg,0.5963071823326926,0.43598468465208373,0.4868340400273029
Sage_Thrasher_0068_155452.jpg,0.6063874432510226,0.47850531314187605,0.6757384866806577
Sage_Thrasher_0002_155455.jpg,0.6979347303963459,0.6794676227113294,0.7884469298781592
Sage_Thrasher_0090_155713.jpg,0.6468337347288995,0.5780064501863649,0.7309678578711833
Sage_Thrasher_0055_155467.jpg,0.6235945870788615,0.5187040365621876,0.8256737004431411
Sage_Thrasher_0081_155724.jpg,0.578743575158154,0.3801212720472953,0.4726393376364119
Sage_Thrasher_0050_155475.jpg,0.6608402256506439,0.6164196212232426,0.792817595095888
Sage_Thrasher_0006_155478.jpg,0.6333485094682951,0.5515683617926082,0.7833818865112352
Sage_Thrasher_0057_155488.jpg,0.7426090810213402,0.7594316805450181,0.8543552581820469
Sage_Thrasher_0084_155490.jpg,0.6421935321608192,0.5634088997048758,0.7645694690249788
Sage_Thrasher_0038_155498.jpg,0.5818897398648333,0.4324209835252537,0.8097713680824974
Sage_Thrasher_0064_155531.jpg,0.6985489098568154,0.67464533512602,0.8226006457216053
Sage_Thrasher_0072_155539.jpg,0.6637111226111043,0.6254095429805193,0.8038974259606978
Sage_Thrasher_0061_155462.jpg,0.6895342343953677,0.6722056815699249,0.8750751729532706
Sage_Thrasher_0085_155562.jpg,0.5839139026779059,0.42850848892034665,0.7948333812826699
Sage_Thrasher_0009_155463.jpg,0.6211025965984716,0.5230345142419475,0.7812131800484752
Sage_Thrasher_0016_155566.jpg,0.6498883073943382,0.5758306207453703,0.8000902572746723
Sage_Thrasher_0005_155569.jpg,0.5925742686984569,0.4511625785702644,0.7979039842282579
Sage_Thrasher_0044_155610.jpg,0.5943842682140279,0.45716435368771613,0.7623303076996792
Sage_Thrasher_0073_155614.jpg,0.6493516366474534,0.5829112382441014,0.821059355322143
Sage_Thrasher_0023_796458.jpg,0.6699969168806383,0.6240480886209954,0.7925594850274932
Sage_Thrasher_0026_155646.jpg,0.6290688938417354,0.5350969682024367,0.7241134350228967
Black_Capped_Vireo_0031_797446.jpg,0.5969788571624756,0.45963093425737733,0.7152049129487027
Black_Capped_Vireo_0034_797448.jpg,0.7505169169106881,0.7752619119569499,0.8512610071712442
Black_Capped_Vireo_0048_797449.jpg,0.7630499892629345,0.7988818637445956,0.8884006542249219
Black_Capped_Vireo_0051_797456.jpg,0.696757041213219,0.6830634371586988,0.7768250656068529
Black_Capped_Vireo_0045_797464.jpg,0.6885816137879034,0.6569682197818618,0.7820118581647784
Black_Capped_Vireo_0038_797465.jpg,0.6109743079416283,0.493343134997391,0.6832736300695547
Black_Capped_Vireo_0049_797468.jpg,0.6369162168324137,0.5635958833005733,0.767659535276573
Black_Capped_Vireo_0032_797470.jpg,0.5581445099499422,0.3545035767564453,0.6816120216964954
Black_Capped_Vireo_0033_797474.jpg,0.5841158459119038,0.41946405244162344,0.718624942341762
Black_Capped_Vireo_0036_797475.jpg,0.5967275617734945,0.46229104336628457,0.7644952821826413
Black_Capped_Vireo_0021_797480.jpg,0.5704848605702937,0.3894245508934183,0.6977624458031285
Black_Capped_Vireo_0042_797483.jpg,0.6574499097524287,0.6146967540079067,0.8710320540580025
Black_Capped_Vireo_0023_797486.jpg,0.6537404983829871,0.5884553347898123,0.7663427647964537
Black_Capped_Vireo_0052_797487.jpg,0.6703252001345599,0.6147641851118311,0.7172893987266
Black_Capped_Vireo_0011_797488.jpg,0.674348137289001,0.6407828790974484,0.7944164257155747
Black_Capped_Vireo_0017_797492.jpg,0.6287059872359593,0.5355845367157432,0.74803938454485
Black_Capped_Vireo_0046_797494.jpg,0.6328669919072712,0.5483414389449295,0.7588018586827793
Black_Capped_Vireo_0037_797495.jpg,0.6345769673067903,0.5670778955511779,0.800905340548271
Black_Capped_Vireo_0050_155836.jpg,0.5522980431773039,0.3508020306280405,0.7249311792970706
Black_Capped_Vireo_0026_155745.jpg,0.6069470630331122,0.47308194039448637,0.7142658404938199
Black_Capped_Vireo_0019_797479.jpg,0.559190334531402,0.36694663854783605,0.5842753727381693
Blue_Headed_Vireo_0088_156416.jpg,0.6034164574141326,0.4648879025332051,0.6385197190762669
Blue_Headed_Vireo_0012_156434.jpg,0.6137646204639085,0.5077739741122522,0.7900682892960825
Blue_Headed_Vireo_0022_156184.jpg,0.644109765855215,0.5896764334453468,0.7555363140880371
Blue_Headed_Vireo_0123_156443.jpg,0.5661337922850822,0.38040109556675983,0.7362466202510941
Blue_Headed_Vireo_0091_155934.jpg,0.43641000678005515,-0.0159922029499322,0.4846424591860386
Blue_Headed_Vireo_0118_156193.jpg,0.652304416446932,0.5867899383860129,0.7926598651942023
Blue_Headed_Vireo_0087_156461.jpg,0.5903037872527488,0.44230790099668504,0.6978610825982599
Blue_Headed_Vireo_0008_155950.jpg,0.6560402342293528,0.6043222567207043,0.7995580987078021
Blue_Headed_Vireo_0076_156209.jpg,0.6613551427136204,0.612847034534618,0.7865346388359135
Blue_Headed_Vireo_0037_155955.jpg,0.6365057275309761,0.5590412669962332,0.7493828111039976
Blue_Headed_Vireo_0028_156217.jpg,0.6144691810247571,0.4875246729198288,0.7059882815048717
Blue_Headed_Vireo_0105_156229.jpg,0.5986266909954212,0.4870235930401544,0.787758909478045
Blue_Headed_Vireo_0032_156239.jpg,0.6600993240146915,0.5976109874386031,0.7768383120428686
Blue_Headed_Vireo_0002_156241.jpg,0.6535336586989752,0.6044935844028627,0.8031401290964362
Blue_Headed_Vireo_0072_155987.jpg,0.6617594265931067,0.6248042888572822,0.8322523469322922
Blue_Headed_Vireo_0086_156244.jpg,0.5775854088092311,0.4296964948950204,0.7089247410580971
Blue_Headed_Vireo_0117_156026.jpg,0.6682781686937271,0.6296559201124639,0.801228696695622
Blue_Headed_Vireo_0027_155999.jpg,0.6117393090760839,0.5049286441478367,0.7565300714017841
Blue_Headed_Vireo_0111_156258.jpg,0.6046456530391765,0.4839430773734439,0.756813545814831
Blue_Headed_Vireo_0058_156261.jpg,0.6043041211135147,0.47247075536180383,0.6799406256598838
Blue_Headed_Vireo_0005_156007.jpg,0.5570198443143219,0.36846966152525185,0.5562474140935357
Blue_Headed_Vireo_0017_156063.jpg,0.6277851591935425,0.5396716319715243,0.80121968184342
Blue_Headed_Vireo_0113_156332.jpg,0.6347829574361932,0.56688734961774,0.8441851559375271
Blue_Headed_Vireo_0044_156080.jpg,0.7077621176428508,0.7048554695664813,0.8417802114783511
Blue_Headed_Vireo_0049_156082.jpg,0.6323786168553505,0.5548282290254177,0.8065041171570753
Blue_Headed_Vireo_0079_156086.jpg,0.5651126114826464,0.37719597279703876,0.5672605366387931
Blue_Headed_Vireo_0115_156099.jpg,0.6580152838236416,0.5988334341143192,0.7367047296745372
Blue_Headed_Vireo_0107_156111.jpg,0.6223415041588691,0.5228452021116012,0.6620514562433573
Blue_Headed_Vireo_0103_156382.jpg,0.6642001683343396,0.6157530367772465,0.7971717593759273
Blue_Headed_Vireo_0116_156049.jpg,0.5091764887894494,0.2208915466156538,0.6612486862502229
Philadelphia_Vireo_0044_156548.jpg,0.5954702266234749,0.4538027478297241,0.7310819265329104
Philadelphia_Vireo_0008_156551.jpg,0.6818677681915795,0.6650165489211376,0.8512687958668664
Philadelphia_Vireo_0060_156555.jpg,0.6582985913717048,0.601875501239839,0.748991211679708
Philadelphia_Vireo_0056_156502.jpg,0.6429440671804107,0.5784400515058349,0.7099398442783162
Philadelphia_Vireo_0028_156510.jpg,0.6882377423128825,0.6597180314146901,0.7740143566618132
Philadelphia_Vireo_0057_156525.jpg,0.5923461358748657,0.4326436398641993,0.6851808287851685
Philadelphia_Vireo_0050_156538.jpg,0.5979469611496436,0.47673400994558923,0.7852441963737575
Philadelphia_Vireo_0022_156546.jpg,0.6207150933882415,0.5174159767092139,0.7430915507065453
Philadelphia_Vireo_0038_794759.jpg,0.7107624825074679,0.7118768859653353,0.8533615870957385
Philadelphia_Vireo_0083_794761.jpg,0.6541194470222766,0.6135631861167103,0.8836970103426348
Philadelphia_Vireo_0021_794765.jpg,0.6842107938285964,0.6546071645515767,0.7886990245952977
Philadelphia_Vireo_0010_794769.jpg,0.6773422440333854,0.6365566618085892,0.7302189881489722
Philadelphia_Vireo_0037_794770.jpg,0.7097342233089319,0.6914594592855385,0.7244321164187556
Philadelphia_Vireo_0062_794777.jpg,0.6101377907485284,0.48521720880694974,0.7010799821530378
Philadelphia_Vireo_0063_794781.jpg,0.5994401720785343,0.45315836560311995,0.7631769561528587
Philadelphia_Vireo_0082_156574.jpg,0.5355093027159263,0.3057950455796935,0.7216767128100141
Philadelphia_Vireo_0055_156575.jpg,0.595958671314123,0.46918574292435256,0.8185870220735298
Philadelphia_Vireo_0084_794790.jpg,0.669348357828932,0.6281101161516534,0.7581059825495289
Philadelphia_Vireo_0027_156585.jpg,0.7022417122775733,0.6836309665215847,0.7127931281579403
Philadelphia_Vireo_0023_794797.jpg,0.61650226478536,0.5257864279870839,0.8254772292088246
Philadelphia_Vireo_0059_794799.jpg,0.6713729301578027,0.6382820860681899,0.8053046141586463
Philadelphia_Vireo_0035_156596.jpg,0.6417324311375047,0.5434861312760869,0.656129183499429
Philadelphia_Vireo_0016_156598.jpg,0.5398671454479667,0.3098358173760515,0.7024378477638649
Philadelphia_Vireo_0005_156599.jpg,0.5732587731175762,0.4071804565588564,0.7359138906520656
Philadelphia_Vireo_0058_156558.jpg,0.6106948849716136,0.4935073686622016,0.7510037590071192
Philadelphia_Vireo_0031_156632.jpg,0.7169174948657154,0.707707708099061,0.8013053864880522
Philadelphia_Vireo_0041_156642.jpg,0.6696797531606457,0.617339026586897,0.7225758017272156
Philadelphia_Vireo_0072_156655.jpg,0.7161154394811587,0.7242357782045256,0.9022209357067296
Philadelphia_Vireo_0020_156663.jpg,0.5473062095545769,0.3315204953034,0.7586791956184515
Red_Eyed_Vireo_0052_157185.jpg,0.6207712018712099,0.501774832854512,0.7384576514690037
Red_Eyed_Vireo_0132_156686.jpg,0.7297758117024042,0.7444990286983464,0.8120939429525654
Red_Eyed_Vireo_0061_157202.jpg,0.6574048080989379,0.588282049006695,0.6791638803364143
Red_Eyed_Vireo_0141_157205.jpg,0.6060247382989119,0.4767623939014419,0.6820968991879164
Red_Eyed_Vireo_0044_156708.jpg,0.6128915434737183,0.5029780977203826,0.7949710955624343
Red_Eyed_Vireo_0004_157224.jpg,0.5784863228395843,0.39550581421096087,0.6688235625482002
Red_Eyed_Vireo_0036_156727.jpg,0.7290841618533157,0.7347727481519863,0.8294006172146221
Red_Eyed_Vireo_0026_156751.jpg,0.5747331832755378,0.3943446688064747,0.6834589187669834
Red_Eyed_Vireo_0046_157265.jpg,0.5818303065753754,0.4265690090717613,0.5693794965814499
Red_Eyed_Vireo_0123_156780.jpg,0.7236445070616064,0.741017352612362,0.8611293340795031
Red_Eyed_Vireo_0129_156781.jpg,0.6209989239752529,0.5318052419359143,0.7267897088281421
Red_Eyed_Vireo_0049_156785.jpg,0.7030950288404028,0.6832009354285802,0.6499845289083414
Red_Eyed_Vireo_0138_156798.jpg,0.5580542493128879,0.3505382867690604,0.6095464900686978
Red_Eyed_Vireo_0023_156800.jpg,0.6965854155409346,0.6810998710004772,0.7744862936080829
Red_Eyed_Vireo_0020_156875.jpg,0.655482369513574,0.5837295552273544,0.7166080786505417
Red_Eyed_Vireo_0032_156897.jpg,0.505085612909687,0.2039444611410498,0.6568131058341938
Red_Eyed_Vireo_0134_156919.jpg,0.7025850099243452,0.6796633803693939,0.7601061341431268
Red_Eyed_Vireo_0016_156971.jpg,0.6699996506361997,0.6337278303167199,0.8286443797757433
Red_Eyed_Vireo_0059_156974.jpg,0.7195011730396934,0.7235247481614082,0.7735579488509295
Red_Eyed_Vireo_0096_157013.jpg,0.6769573809910747,0.6338771050724906,0.7628267784123969
Red_Eyed_Vireo_0065_157019.jpg,0.665569990377078,0.6076083372433203,0.7766525933482028
Red_Eyed_Vireo_0014_157062.jpg,0.5735700383817586,0.4054900774807233,0.6919347040763977
Red_Eyed_Vireo_0075_158151.jpg,0.6103584891188287,0.4915280610455113,0.7983041426636325
Red_Eyed_Vireo_0054_157158.jpg,0.6486868827818578,0.5784185655306404,0.7327456554122002
Red_Eyed_Vireo_0133_156668.jpg,0.6859333437763265,0.6577872859526325,0.7559823104509903
Red_Eyed_Vireo_0043_157162.jpg,0.690966884692192,0.6618199447954984,0.8051491025808905
Red_Eyed_Vireo_0074_157170.jpg,0.6688847824515641,0.6344907370684785,0.8175279997293576
Red_Eyed_Vireo_0025_157173.jpg,0.6761392988998829,0.636477638867827,0.8107338413818034
Red_Eyed_Vireo_0079_158198.jpg,0.6372537058936708,0.5529032487075851,0.7363837968343334
Red_Eyed_Vireo_0126_157179.jpg,0.654658494738698,0.5771278646106266,0.7460557638735202
Warbling_Vireo_0009_158721.jpg,0.5677659916338885,0.3574953858768881,0.5855483415305986
Warbling_Vireo_0105_158727.jpg,0.6582217057601039,0.5934646001523867,0.7417107350892105
Warbling_Vireo_0047_158250.jpg,0.6476465248621774,0.5702934957384631,0.7494611464702945
Warbling_Vireo_0036_158268.jpg,0.7277020694460202,0.7317408325089947,0.7689326960920666
Warbling_Vireo_0083_158284.jpg,0.4671153138865657,0.08380099460366863,0.55099050972396
Warbling_Vireo_0018_158304.jpg,0.6150228470913796,0.49777159120528425,0.6815594304204382
Warbling_Vireo_0019_158313.jpg,0.6813842381192072,0.6326723178900433,0.5989633423009374
Warbling_Vireo_0054_158321.jpg,0.6831593425541926,0.636971432969187,0.7072466854240097
Warbling_Vireo_0081_158344.jpg,0.5644756502935231,0.37111840471379076,0.7327112133500181
Warbling_Vireo_0099_158744.jpg,0.5612366786436511,0.3739944945693452,0.7670920976011678
Warbling_Vireo_0087_158355.jpg,0.6278599112693428,0.526976777261193,0.7584970828023173
Warbling_Vireo_0001_158397.jpg,0.6085458853027333,0.4871902551109164,0.6657128763716571
Warbling_Vireo_0090_158403.jpg,0.7111214905370935,0.7229843313030533,0.8896420901443195
Warbling_Vireo_0091_158419.jpg,0.6340348066587007,0.5394716502812402,0.6658224034641959
Warbling_Vireo_0072_158422.jpg,0.6227853122890414,0.5045823419319966,0.6938515676689355
Warbling_Vireo_0111_158423.jpg,0.6573422964132094,0.611550315477946,0.8375232274340729
Warbling_Vireo_0064_158437.jpg,0.5638747220749734,0.3692321361513614,0.6525329036749213
Warbling_Vireo_0088_158452.jpg,0.6726776532517138,0.640608188496857,0.8170581973020327
Warbling_Vireo_0006_158467.jpg,0.6717854601903359,0.6150647176814494,0.6874026431609249
Warbling_Vireo_0089_158519.jpg,0.6491278858197296,0.5819296279960442,0.725807281543296
Warbling_Vireo_0131_158522.jpg,0.5993340709050528,0.47368516067352917,0.7322359246666678
Warbling_Vireo_0052_158534.jpg,0.5734489360881353,0.38813026801459916,0.6711917122473967
Warbling_Vireo_0058_158539.jpg,0.6223482022755518,0.5308060474377021,0.7943834506141347
Warbling_Vireo_0086_158564.jpg,0.662743981469382,0.6200452023248366,0.8532714605215473
Warbling_Vireo_0113_158588.jpg,0.6389362136158745,0.5528249304820004,0.7671268836999526
Warbling_Vireo_0127_158601.jpg,0.6563025264324283,0.5944066637934933,0.7099222189903294
Warbling_Vireo_0068_158684.jpg,0.6027948215406469,0.4645482853136108,0.672620315193948
Warbling_Vireo_0092_158688.jpg,0.7027730056421746,0.6910595227458141,0.8277966586036515
Warbling_Vireo_0126_158696.jpg,0.6402706486747984,0.5686793400367609,0.7811637507491783
Warbling_Vireo_0102_158704.jpg,0.6437695866207339,0.574753014904104,0.819964537792238
White_Eyed_Vireo_0045_159232.jpg,0.5893349561905983,0.44531479589030154,0.740473874922175
White_Eyed_Vireo_0001_159237.jpg,0.6448484154315428,0.5925157812799635,0.8732210008137266
White_Eyed_Vireo_0120_158991.jpg,0.6662079911576746,0.6152383763974631,0.7597113392659252
White_Eyed_Vireo_0132_158908.jpg,0.5799346491012001,0.4144073075672672,0.7302729506830038
White_Eyed_Vireo_0049_158835.jpg,0.6078720583972498,0.4726871978345909,0.7146867569860009
White_Eyed_Vireo_0046_158849.jpg,0.5157800239801165,0.23221071906378898,0.6312314943069378
White_Eyed_Vireo_0111_158864.jpg,0.6479020606284289,0.573430472467708,0.7039524586652243
White_Eyed_Vireo_0078_159382.jpg,0.5999196944665475,0.466901688746991,0.5821205372107857
White_Eyed_Vireo_0095_158886.jpg,0.5415157199855329,0.2920044518099857,0.5226240850367645
White_Eyed_Vireo_0134_158889.jpg,0.6219403608612211,0.5220579820557912,0.8074017546034661
White_Eyed_Vireo_0115_158932.jpg,0.6246950720532983,0.5297092880971812,0.7429521892263997
White_Eyed_Vireo_0099_158933.jpg,0.5386865523708851,0.2846419926869115,0.5889525381273266
White_Eyed_Vireo_0018_159450.jpg,0.6951033699704904,0.6786651901748664,0.8470687357287067
White_Eyed_Vireo_0135_158955.jpg,0.581469942292337,0.41611127136211157,0.6439513827919514
White_Eyed_Vireo_0090_158958.jpg,0.6225718712494328,0.5115202250039195,0.7297553696912411
White_Eyed_Vireo_0026_158963.jpg,0.6104558244953587,0.48877582242268525,0.6555842011483748
White_Eyed_Vireo_0116_159028.jpg,0.6492496554157592,0.5784328776941723,0.7468579928838003
White_Eyed_Vireo_0041_159032.jpg,0.6722480810884868,0.6352521254228952,0.7710489137338278
White_Eyed_Vireo_0051_159033.jpg,0.6025207812250073,0.4692528254406607,0.6570650606107472
White_Eyed_Vireo_0022_159037.jpg,0.5953657952919211,0.4516429778336962,0.6646565582787824
White_Eyed_Vireo_0061_159042.jpg,0.5918726786992027,0.4516274606357219,0.7284529308849974
White_Eyed_Vireo_0091_159045.jpg,0.6541862612658831,0.5798642359605481,0.7052741298848338
White_Eyed_Vireo_0130_159075.jpg,0.6705843413318451,0.6281798011436197,0.7503839971923508
White_Eyed_Vireo_0088_159084.jpg,0.6106565271572559,0.49017128269630506,0.7146382051391444
White_Eyed_Vireo_0112_159147.jpg,0.6220329549049674,0.5133747013020209,0.73662894538684
White_Eyed_Vireo_0024_159193.jpg,0.5853864049822533,0.43816051201820094,0.654140082593576
White_Eyed_Vireo_0086_159202.jpg,0.5536722326388798,0.3399707140221362,0.6362191310408489
White_Eyed_Vireo_0083_159203.jpg,0.667756038974375,0.6247747276468373,0.7741508957046812
White_Eyed_Vireo_0114_159206.jpg,0.47951166220682384,0.12065446597840368,0.6261792784312602
White_Eyed_Vireo_0059_159225.jpg,0.5093562152645759,0.211243777446545,0.6475802817123262
Yellow_Throated_Vireo_0072_794969.jpg,0.5801832141150043,0.42410945512646814,0.7194573213766956
Yellow_Throated_Vireo_0022_795012.jpg,0.6753428299316309,0.657293306724352,0.8466055651672184
Yellow_Throated_Vireo_0085_159580.jpg,0.6293137313756745,0.5572995242577359,0.8293797609791496
Yellow_Throated_Vireo_0013_159531.jpg,0.6851597080147527,0.6582813409956283,0.8364380989122252
Yellow_Throated_Vireo_0055_159532.jpg,0.6078383811236616,0.4971543381644554,0.7763543366803138
Yellow_Throated_Vireo_0005_159588.jpg,0.6449778258176881,0.5703929899423997,0.7127504594045551
Yellow_Throated_Vireo_0023_159584.jpg,0.5826792260787755,0.4279451279312253,0.7748462248366065
Yellow_Throated_Vireo_0076_794984.jpg,0.6838278694910155,0.6536869099764389,0.7850292570226566
Yellow_Throated_Vireo_0057_159570.jpg,0.5895014118615758,0.4422088426584456,0.7219927594391768
Yellow_Throated_Vireo_0074_159571.jpg,0.5779601085296735,0.4265850940992594,0.7524498289788035
Yellow_Throated_Vireo_0059_794970.jpg,0.5979791927922848,0.4758992123075878,0.811586456030398
Yellow_Throated_Vireo_0021_794971.jpg,0.5934531424249783,0.4606700785566531,0.6613959061737394
Yellow_Throated_Vireo_0007_794972.jpg,0.6372392897126411,0.5799546420087992,0.8755004617118451
Yellow_Throated_Vireo_0050_794979.jpg,0.6442714605093163,0.5794118986543357,0.7613408254833872
Yellow_Throated_Vireo_0016_794981.jpg,0.6781292245149708,0.6315124185881067,0.7674366998400883
Yellow_Throated_Vireo_0048_794982.jpg,0.616073383758572,0.5043676411813736,0.7701351276835398
Yellow_Throated_Vireo_0011_794986.jpg,0.6514024138330803,0.586169428509355,0.7240351878830955
Yellow_Throated_Vireo_0027_794989.jpg,0.6466455253582841,0.5766149061577468,0.6798160383862817
Yellow_Throated_Vireo_0034_794993.jpg,0.6217424313412073,0.5127467561022152,0.6435861670145382
Yellow_Throated_Vireo_0010_795000.jpg,0.6633313301743481,0.6193339042047425,0.8058712401631362
Yellow_Throated_Vireo_0068_159620.jpg,0.6555080964668065,0.5981069318305873,0.7284804870134904
Yellow_Throated_Vireo_0002_159625.jpg,0.5520579718100674,0.3453903535722149,0.6289760811364092
Yellow_Throated_Vireo_0043_159628.jpg,0.5835967894238381,0.4316694632299548,0.6798383216978432
Yellow_Throated_Vireo_0082_159597.jpg,0.5846037032294156,0.44095165498896494,0.7611875858768671
Yellow_Throated_Vireo_0020_159634.jpg,0.6329360745780641,0.5357422022706316,0.7196433192345394
Yellow_Throated_Vireo_0042_159655.jpg,0.6851431325778996,0.6601916172758235,0.8212913923605651
Yellow_Throated_Vireo_0071_159707.jpg,0.6160500549905349,0.5086381587685926,0.7863433983081455
Yellow_Throated_Vireo_0014_159709.jpg,0.6757131415752078,0.6365529769337139,0.7670442624425724
Yellow_Throated_Vireo_0031_159712.jpg,0.5489538825384006,0.35431651302547174,0.7418644934127706
Bay_Breasted_Warbler_0080_159749.jpg,0.6234355036994919,0.5207786921651261,0.7107007576737064
Bay_Breasted_Warbler_0013_159787.jpg,0.6805565321417104,0.6514592588918384,0.835613219012967
Bay_Breasted_Warbler_0032_797150.jpg,0.6220697812621612,0.5172868366083043,0.705723966521656
Bay_Breasted_Warbler_0057_159818.jpg,0.7221239095890624,0.7348914839190341,0.8748929909052623
Bay_Breasted_Warbler_0034_159861.jpg,0.61019519478943,0.49155996012157854,0.7619312718914941
Bay_Breasted_Warbler_0065_159722.jpg,0.7174159233634112,0.7193946848627293,0.8503213059052983
Bay_Breasted_Warbler_0019_159871.jpg,0.736091831802126,0.7579084234111949,0.8831137402551693
Bay_Breasted_Warbler_0102_159887.jpg,0.5784633598894152,0.4033890703586136,0.7481385888917931
Bay_Breasted_Warbler_0067_159895.jpg,0.5059784974274899,0.19595953705704094,0.6519758628618214
Bay_Breasted_Warbler_0018_159897.jpg,0.7030141730505584,0.6957482366398152,0.8566797807407537
Bay_Breasted_Warbler_0085_797107.jpg,0.5980789349691564,0.43478168801890005,0.5817372737904674
Bay_Breasted_Warbler_0064_797109.jpg,0.6825338010638945,0.6428830575082578,0.7596385156336168
Bay_Breasted_Warbler_0008_797115.jpg,0.7008134390897902,0.6971658619555825,0.8466101658136954
Bay_Breasted_Warbler_0007_797118.jpg,0.4957143165867164,0.16478644328183445,0.5343145803720583
Bay_Breasted_Warbler_0028_797119.jpg,0.7026260361546526,0.6862748810003547,0.7632539411553743
Bay_Breasted_Warbler_0082_797121.jpg,0.722672487328966,0.7307542224990087,0.7771985677399111
Bay_Breasted_Warbler_0054_797124.jpg,0.7269418338101747,0.7376091106230631,0.8263001269524913
Bay_Breasted_Warbler_0090_797128.jpg,0.6925677941615882,0.6818872841209467,0.8550308168215944
Bay_Breasted_Warbler_0051_797132.jpg,0.6848691662036139,0.6459964738431516,0.7664999032469273
Bay_Breasted_Warbler_0068_797133.jpg,0.6186713138950652,0.5181826939450437,0.7204627950279018
Bay_Breasted_Warbler_0016_797134.jpg,0.5950017488306844,0.45435593686246034,0.7737740446085883
Bay_Breasted_Warbler_0031_797137.jpg,0.6090809951413441,0.4857162131368634,0.735450120890904
Bay_Breasted_Warbler_0025_159957.jpg,0.6949581009574519,0.6685005502388803,0.8422334160671662
Bay_Breasted_Warbler_0101_797146.jpg,0.6392498523134971,0.5611889319883225,0.7708660528339363
Bay_Breasted_Warbler_0039_797152.jpg,0.6708631049512808,0.6128941912107158,0.7157058139879588
Bay_Breasted_Warbler_0043_797154.jpg,0.6406117796926518,0.5703274162011871,0.7078603122081033
Bay_Breasted_Warbler_0053_797157.jpg,0.6591298330625366,0.5894146427675433,0.7219370566167835
Bay_Breasted_Warbler_0042_797160.jpg,0.6456327780709226,0.5799697254432707,0.8306305499994355
Bay_Breasted_Warbler_0110_159735.jpg,0.6433852628393961,0.5645270254354198,0.7850539295357875
Bay_Breasted_Warbler_0076_159996.jpg,0.6529085158505198,0.590707108485737,0.7849036593971844
Black_And_White_Warbler_0128_160803.jpg,0.649975884577586,0.5826233975663633,0.7048101030290613
Black_And_White_Warbler_0071_160308.jpg,0.6920938202595639,0.6658282557070915,0.8122912557304245
Black_And_White_Warbler_0135_160334.jpg,0.6827362945406461,0.6585152668292191,0.8742227190659752
Black_And_White_Warbler_0111_160342.jpg,0.6512337657327163,0.5753353239999662,0.7828501043392391
Black_And_White_Warbler_0070_160354.jpg,0.694293822757805,0.681484054031827,0.8299300638538816
Black_And_White_Warbler_0118_160363.jpg,0.7333658341041123,0.7541900342561965,0.8821397238867121
Black_And_White_Warbler_0089_160370.jpg,0.6082249541820024,0.4568745186443679,0.48563626697910983
Black_And_White_Warbler_0002_160376.jpg,0.58709125614235,0.43166593567140843,0.7585341769586648
Black_And_White_Warbler_0091_160896.jpg,0.6817546185228538,0.6450012455181817,0.8176583001775747
Black_And_White_Warbler_0061_160404.jpg,0.5763977528483883,0.4119376791066013,0.7510604770906528
Black_And_White_Warbler_0125_160482.jpg,0.7410366887696928,0.7593769443603695,0.8484911441988576
Black_And_White_Warbler_0106_160014.jpg,0.6951783395023587,0.6799238494715807,0.8575598242007901
Black_And_White_Warbler_0114_160537.jpg,0.6741510639914958,0.6430761714524978,0.8027989633032817
Black_And_White_Warbler_0073_160539.jpg,0.6276626964898552,0.5227838302573793,0.6391469197285434
Black_And_White_Warbler_0047_160547.jpg,0.6926136954305973,0.6793854622245237,0.8389920086716633
Black_And_White_Warbler_0024_160057.jpg,0.6302558401533588,0.5366947847313098,0.7451019122536177
Black_And_White_Warbler_0025_160584.jpg,0.7151087953430325,0.7176441515362456,0.8531596444750661
Black_And_White_Warbler_0030_160592.jpg,0.6039064851351165,0.48143439144376166,0.7072130027848591
Black_And_White_Warbler_0032_160569.jpg,0.6251738145751116,0.5327675319973807,0.8145882806910224
Black_And_White_Warbler_0122_160106.jpg,0.6752591191923414,0.6374454247554076,0.7760056391423453
Black_And_White_Warbler_0085_160110.jpg,0.7345932290355774,0.7536119726538639,0.8401548590959631
Black_And_White_Warbler_0083_160237.jpg,0.7008471191941886,0.7004423457698856,0.8903612411279479
Black_And_White_Warbler_0088_160668.jpg,0.5844938444616298,0.4250319629645828,0.7865564294235583
Black_And_White_Warbler_0076_160173.jpg,0.677207237088485,0.6420229169207614,0.8043350313453784
Black_And_White_Warbler_0034_160695.jpg,0.5581558455692273,0.3449431263949879,0.6450029858981262
Black_And_White_Warbler_0010_160200.jpg,0.6503026669485704,0.5882308174847872,0.7866133300607105
Black_And_White_Warbler_0090_160247.jpg,0.6426460583123867,0.581591027315453,0.7986748219459431
Black_And_White_Warbler_0003_160228.jpg,0.6562831575858488,0.5879682326839291,0.6781119944072797
Black_And_White_Warbler_0049_160749.jpg,0.5865085868230326,0.44539617402999654,0.7962789387481519
Black_And_White_Warbler_0109_160245.jpg,0.7075559749970342,0.6930318833637141,0.4652420540817019
Black_Throated_Blue_Warbler_0129_161399.jpg,0.6470016480853569,0.5676948712626806,0.7120113965120046
Black_Throated_Blue_Warbler_0136_161400.jpg,0.6738749568027307,0.6336479631425429,0.7987125344057489
Black_Throated_Blue_Warbler_0113_161407.jpg,0.6860346878533254,0.6606748650513614,0.84713001646186
Black_Throated_Blue_Warbler_0119_161416.jpg,0.600713960679374,0.47419510466901116,0.8004517969854971
Black_Throated_Blue_Warbler_0101_161510.jpg,0.6928943432375869,0.6773503186413279,0.8156434041541839
Black_Throated_Blue_Warbler_0047_161511.jpg,0.6206668724163925,0.5190802176852463,0.6599106148499034
Black_Throated_Blue_Warbler_0022_161520.jpg,0.7057946138091458,0.7007569336891399,0.7988681623621812
Black_Throated_Blue_Warbler_0099_161524.jpg,0.6500820820286821,0.5849074970173984,0.8209577408859353
Black_Throated_Blue_Warbler_0009_161534.jpg,0.5878297498993784,0.423037603347163,0.744274252871736
Black_Throated_Blue_Warbler_0111_161615.jpg,0.6819682306570203,0.638133793061865,0.7353373944010907
Black_Throated_Blue_Warbler_0085_161621.jpg,0.6868074007521761,0.6500862475585257,0.7705465267161791
Black_Throated_Blue_Warbler_0100_161622.jpg,0.6534170873253127,0.591321109964495,0.7877913282566901
Black_Throated_Blue_Warbler_0109_161635.jpg,0.7083937110988239,0.6934611890565122,0.5790589576748064
Black_Throated_Blue_Warbler_0072_161636.jpg,0.5392752620790199,0.3018220611582032,0.6371277856557515
Black_Throated_Blue_Warbler_0096_161654.jpg,0.7166507125843942,0.7079166345204713,0.8046301083812805
Black_Throated_Blue_Warbler_0064_161656.jpg,0.7026879528722156,0.6771403314058707,0.7141400141214492
Black_Throated_Blue_Warbler_0048_161665.jpg,0.6481778788519388,0.5709763494017421,0.7520560891723056
Black_Throated_Blue_Warbler_0102_161161.jpg,0.5819016257738012,0.4298483844173866,0.7388918719554659
Black_Throated_Blue_Warbler_0076_161162.jpg,0.7056597312937584,0.6973794281821791,0.7962232190555225
Black_Throated_Blue_Warbler_0080_161681.jpg,0.6392772286537493,0.5440708927425,0.7141825726459384
Black_Throated_Blue_Warbler_0104_161686.jpg,0.6191841481193511,0.5180778032773459,0.7721054366411756
Black_Throated_Blue_Warbler_0127_161176.jpg,0.5742651522281452,0.4074630850528176,0.6272270794927872
Black_Throated_Blue_Warbler_0027_104004.jpg,0.5763510142102972,0.40581155878949515,0.6728031994824536
Black_Throated_Blue_Warbler_0001_161189.jpg,0.6709556652296219,0.6198969289061642,0.7470563662592146
Black_Throated_Blue_Warbler_0079_161194.jpg,0.6845193596275936,0.6575794964701096,0.8322395631485304
Black_Throated_Blue_Warbler_0128_161708.jpg,0.6889646871263004,0.6664097956489512,0.7985875600596231
Black_Throated_Blue_Warbler_0086_161716.jpg,0.649145421379463,0.5799309884758423,0.79385234325124
Black_Throated_Blue_Warbler_0110_161726.jpg,0.6450646135859014,0.5759986629036633,0.7568968557577849
Black_Throated_Blue_Warbler_0107_161214.jpg,0.6191502690330267,0.5240565293640184,0.8134643781300689
Blue_Winged_Warbler_0050_162057.jpg,0.6620596962060727,0.6149656474199678,0.795512593147103
Blue_Winged_Warbler_0041_161802.jpg,0.5471884363358844,0.3280411654430333,0.6889884456763151
Blue_Winged_Warbler_0063_161810.jpg,0.6425589674560102,0.5709381618519223,0.7552598071493873
Blue_Winged_Warbler_0026_161813.jpg,0.5567254182419437,0.371344059009048,0.5131272339603241
Blue_Winged_Warbler_0013_161816.jpg,0.6117425409186221,0.5053747771568471,0.7676910356671826
Blue_Winged_Warbler_0057_162085.jpg,0.48337559712546285,0.14697187966226521,0.5905167390115128
Blue_Winged_Warbler_0030_162088.jpg,0.5814288467627263,0.42437697717388756,0.6907613324432412
Blue_Winged_Warbler_0049_161856.jpg,0.6352954282161842,0.5534301263557033,0.7845216151738805
Blue_Winged_Warbler_0067_161860.jpg,0.7037911190735118,0.6913342194097748,0.7367211242333984
Blue_Winged_Warbler_0042_161869.jpg,0.6502415951025875,0.5822743765512066,0.7737943729713183
Blue_Winged_Warbler_0025_161873.jpg,0.649117187534125,0.576637179210705,0.6851652646544403
Blue_Winged_Warbler_0066_162062.jpg,0.6425857679656227,0.579345480985191,0.7740910981257163
Blue_Winged_Warbler_0017_161878.jpg,0.6767194936223808,0.6500241617491633,0.8642636808569186
Blue_Winged_Warbler_0060_161888.jpg,0.6797482496150231,0.6476254697792823,0.6405621566775594
Blue_Winged_Warbler_0078_161889.jpg,0.5528256079116103,0.3510252309512534,0.6513966817372787
Blue_Winged_Warbler_0053_161896.jpg,0.6083277356870358,0.4891879145802901,0.7100025864778796
Blue_Winged_Warbler_0061_161984.jpg,0.6325144652654423,0.5466879818778523,0.8231530531993085
Blue_Winged_Warbler_0072_161991.jpg,0.5730542640357486,0.38262099012409245,0.8007724601053451
Blue_Winged_Warbler_0052_161739.jpg,0.6006751429992851,0.4599002711209631,0.6905069439338063
Blue_Winged_Warbler_0055_161996.jpg,0.7699515987898967,0.8051383995861562,0.8010981427705
Blue_Winged_Warbler_0045_161997.jpg,0.5628525639620987,0.37881032622394073,0.762103843723987
Blue_Winged_Warbler_0004_162005.jpg,0.6882976509662456,0.6698910167676317,0.8166923170435013
Blue_Winged_Warbler_0056_162013.jpg,0.5754786613562544,0.4114635909947931,0.7524583153569591
Blue_Winged_Warbler_0093_162014.jpg,0.6267765102272397,0.5440838954971647,0.8807884689238298
Blue_Winged_Warbler_0088_162018.jpg,0.6704768930274636,0.6242465808092132,0.8522771708635568
Blue_Winged_Warbler_0089_162026.jpg,0.6944438619662625,0.6766303217749139,0.8387443601787605
Blue_Winged_Warbler_0086_162027.jpg,0.6680790405852568,0.6263632378241885,0.7304924773202502
Blue_Winged_Warbler_0065_162030.jpg,0.6064091062958639,0.4728624046452511,0.7618559038403858
Blue_Winged_Warbler_0007_161785.jpg,0.6762926110964396,0.6275257175841219,0.6819033137215145
Blue_Winged_Warbler_0094_161790.jpg,0.6832357458633465,0.6483630849472228,0.7727137434174478
Canada_Warbler_0094_26880.jpg,0.6385207762375709,0.5600401021090805,0.7443539892627091
Canada_Warbler_0119_162307.jpg,0.7065918724780702,0.706369180942143,0.867844774680215
Canada_Warbler_0115_162309.jpg,0.6451782954407856,0.5934841215366264,0.8380453558754688
Canada_Warbler_0067_162314.jpg,0.6191763990938683,0.504362736879828,0.7171064150019995
Canada_Warbler_0063_162324.jpg,0.6083446456556678,0.5044675830255605,0.7930241614528197
Canada_Warbler_0006_103959.jpg,0.6415516776827421,0.5786235026970991,0.8433223041571293
Canada_Warbler_0103_162339.jpg,0.6544436309591084,0.5893392963534931,0.738492227437842
Canada_Warbler_0104_162345.jpg,0.7215472510487864,0.7317020905289677,0.8433147111802681
Canada_Warbler_0022_157106.jpg,0.437661009966403,-0.0016644607091993446,0.3312227957321145
Canada_Warbler_0020_162354.jpg,0.6631316220648779,0.61262108496509,0.8766880320744985
Canada_Warbler_0093_162356.jpg,0.5361219851153296,0.30654838725636113,0.7801291831984888
Canada_Warbler_0074_162366.jpg,0.6803132026448145,0.6606232669232592,0.8547386146614608
Canada_Warbler_0105_162372.jpg,0.6134420644318039,0.5044332038888217,0.7523714951256812
Canada_Warbler_0013_162375.jpg,0.5654154001378011,0.3797351910346962,0.7632863301128323
Canada_Warbler_0035_162377.jpg,0.642822576890506,0.5597389489437248,0.6635062543576539
Canada_Warbler_0023_162383.jpg,0.6744369677285733,0.6481304131470341,0.8908690753361405
Canada_Warbler_0015_162388.jpg,0.63272456575757,0.5461304341669497,0.8174347272512904
Canada_Warbler_0117_162394.jpg,0.6698065780935281,0.6315214307795899,0.8199926386915898
Canada_Warbler_0114_162396.jpg,0.7180750460079852,0.7262821132334454,0.8542431178160249
Canada_Warbler_0095_162401.jpg,0.593499559547032,0.43947335464657156,0.7472525730602299
Canada_Warbler_0037_162405.jpg,0.6518664924237716,0.5962792907544598,0.844552871178874
Canada_Warbler_0056_162407.jpg,0.6646980391824471,0.6220061461742532,0.8485238140561682
Canada_Warbler_0008_162416.jpg,0.740204452224402,0.759932016763739,0.8154185792526135
Canada_Warbler_0002_162426.jpg,0.6548117162194391,0.6013436363545699,0.8511706210053565
Canada_Warbler_0090_162432.jpg,0.6354417756059506,0.5526713677961906,0.7564604958737751
Canada_Warbler_0107_162440.jpg,0.619280786027375,0.5109460065547156,0.7336677279539926
Canada_Warbler_0051_162447.jpg,0.6386769201188068,0.5550860365445538,0.7340492257597849
Canada_Warbler_0122_162219.jpg,0.5386476375558111,0.30000267411597614,0.6845349663912947
Canada_Warbler_0027_162223.jpg,0.5865391775492009,0.4448069621053746,0.8077148445742455
Canada_Warbler_0109_93363.jpg,0.7058534446231711,0.7015398926754794,0.8288251006651941
Cape_May_Warbler_0117_163079.jpg,0.5910059178775123,0.44876305269472616,0.7753350724777012
Cape_May_Warbler_0093_163089.jpg,0.6025000568751827,0.47490972510614493,0.8059528386647966
Cape_May_Warbler_0096_163093.jpg,0.719114911444564,0.7278708693318836,0.776104204808328
Cape_May_Warbler_0115_163121.jpg,0.5753799969490881,0.42126788732012965,0.7506716676760172
Cape_May_Warbler_0122_163131.jpg,0.7079259164607385,0.6950404590800299,0.8056226670116485
Cape_May_Warbler_0033_162657.jpg,0.6369271286219953,0.5516794119653905,0.831316749037909
Cape_May_Warbler_0085_162628.jpg,0.6512280449512732,0.5983779059121015,0.8192739305993543
Cape_May_Warbler_0048_162915.jpg,0.5520527855060029,0.3621013288323963,0.742270673143074
Cape_May_Warbler_0129_163157.jpg,0.6274206446673434,0.520064622973553,0.740138901096801
Cape_May_Warbler_0015_163159.jpg,0.6462028726230433,0.5561387987905442,0.7329190355042492
Cape_May_Warbler_0007_163087.jpg,0.5576490441717608,0.3520619072351153,0.707145166025474
Cape_May_Warbler_0046_163167.jpg,0.6257871698677111,0.5397563366082789,0.8038368181323065
Cape_May_Warbler_0026_162913.jpg,0.5783366974400497,0.41249717400055685,0.7479120048547102
Cape_May_Warbler_0035_162658.jpg,0.6505918197169172,0.5769529981846604,0.6655223189395248
Cape_May_Warbler_0055_163171.jpg,0.6778702462473669,0.6376224782362099,0.7175669516061803
Cape_May_Warbler_0003_162920.jpg,0.6391803676889805,0.5664430854189741,0.6878103674644047
Cape_May_Warbler_0100_162923.jpg,0.6250046657435675,0.5335048916093219,0.7945957113805515
Cape_May_Warbler_0004_162928.jpg,0.6581802859436526,0.5969732883818715,0.8198780516338032
Cape_May_Warbler_0107_162941.jpg,0.6986226316700124,0.6907884873862538,0.8573186752902545
Cape_May_Warbler_0060_162949.jpg,0.6066977762591181,0.4947178610027205,0.8129587408106501
Cape_May_Warbler_0053_162950.jpg,0.6062468819154314,0.470933805922094,0.6473236795507045
Cape_May_Warbler_0062_162955.jpg,0.6250627984958148,0.5342973076885351,0.8168931522294046
Cape_May_Warbler_0104_162958.jpg,0.708749352734318,0.7088736818225423,0.8356872971169167
Cape_May_Warbler_0095_162965.jpg,0.6628287933284067,0.5897238764783955,0.653493876664169
Cape_May_Warbler_0119_162976.jpg,0.6762108426117337,0.6355019028713353,0.7078660671093999
Cape_May_Warbler_0092_163057.jpg,0.6790183950462381,0.6390630119064413,0.6905471282710217
Cape_May_Warbler_0008_163062.jpg,0.6511553668307593,0.5890942016237566,0.7574184419322256
Cape_May_Warbler_0124_163037.jpg,0.5083045903424314,0.22215047256298048,0.7516784069655575
Cape_May_Warbler_0067_162539.jpg,0.6359736551525283,0.5429049346414803,0.7233328045019315
Cape_May_Warbler_0044_163055.jpg,0.598892954247042,0.47231081475288483,0.771868353228795
Cerulean_Warbler_0019_797186.jpg,0.6682435411990351,0.6260578069588387,0.8096654178403879
Cerulean_Warbler_0022_797189.jpg,0.7056831101148461,0.6979042984026171,0.8067088204316059
Cerulean_Warbler_0088_797194.jpg,0.7508508135411192,0.7789605287143784,0.875201925003159
Cerulean_Warbler_0093_797196.jpg,0.7221684555562413,0.730946067222606,0.8573849175227037
Cerulean_Warbler_0053_797197.jpg,0.6618012888745591,0.6084788008386379,0.6716688247829226
Cerulean_Warbler_0017_797198.jpg,0.6869371498970249,0.662461373567166,0.8789421105096771
Cerulean_Warbler_0004_797199.jpg,0.6983963495745598,0.6771065419162658,0.8153795514252915
Cerulean_Warbler_0009_797201.jpg,0.6925653374251808,0.6624227902111537,0.756459991350333
Cerulean_Warbler_0043_797203.jpg,0.722962107904402,0.7261905164087099,0.8422673464663013
Cerulean_Warbler_0005_797206.jpg,0.6647369171136291,0.6173348629286943,0.8163464442483657
Cerulean_Warbler_0037_797212.jpg,0.6629635320667765,0.6085864413409512,0.830239669451776
Cerulean_Warbler_0007_797215.jpg,0.6326024229839615,0.5438043854542172,0.7710171659222097
Cerulean_Warbler_0067_797220.jpg,0.6286155912775782,0.5152273438546193,0.6063234990723716
Cerulean_Warbler_0046_797222.jpg,0.6643461779619331,0.6169299283674803,0.8029609928451387
Cerulean_Warbler_0042_797223.jpg,0.6676771517109034,0.6196665277269443,0.8119396551435576
Cerulean_Warbler_0075_797233.jpg,0.6612827812279409,0.5965682373000734,0.6493962902466073
Cerulean_Warbler_0054_797235.jpg,0.679809436968111,0.6320278997074721,0.6622441655238109
Cerulean_Warbler_0024_163406.jpg,0.6938107344458397,0.668847188096664,0.7971612263315593
Cerulean_Warbler_0092_163455.jpg,0.6269953667804657,0.5365868632674495,0.8118063082255703
Cerulean_Warbler_0040_163219.jpg,0.7011088627261192,0.6937031068188391,0.8417867723408046
Cerulean_Warbler_0057_163227.jpg,0.7064620343371466,0.6996320071967241,0.7898144060988478
Cerulean_Warbler_0051_163244.jpg,0.6864106375220635,0.6686461868526172,0.8488490968010355
Cerulean_Warbler_0016_163265.jpg,0.6937289359121135,0.6813964465863072,0.8410411433659982
Cerulean_Warbler_0055_163524.jpg,0.5867801618698048,0.4490583017367835,0.7716389200797247
Cerulean_Warbler_0041_163535.jpg,0.6430182343863016,0.5819006758806324,0.8338462792930093
Cerulean_Warbler_0002_797219.jpg,0.6908752535956737,0.6802159351323822,0.8725436798055736
Cerulean_Warbler_0028_163302.jpg,0.628099577378048,0.5331517890065749,0.7976330178981733
Cerulean_Warbler_0025_797232.jpg,0.6821405813775108,0.6497677481948634,0.7457631493991407
Cerulean_Warbler_0081_797179.jpg,0.6760166409534782,0.6325782533987365,0.7483239568586788
Cerulean_Warbler_0082_797180.jpg,0.670393525683037,0.6194499331782202,0.7206526588823969
Chestnut_Sided_Warbler_0038_164354.jpg,0.6423397768983863,0.5574650112337001,0.7728405239281975
Chestnut_Sided_Warbler_0108_164356.jpg,0.6557193754661359,0.5896634108529188,0.7035070415809918
Chestnut_Sided_Warbler_0030_163847.jpg,0.6532417996344545,0.5741160639129703,0.638801611607046
Chestnut_Sided_Warbler_0046_163856.jpg,0.632437437999862,0.5578614028035728,0.7919411845939267
Chestnut_Sided_Warbler_0096_163672.jpg,0.6459525634557529,0.5847893467719315,0.7063517185050902
Chestnut_Sided_Warbler_0062_163859.jpg,0.5742759883759587,0.42296756093253507,0.7818381703623926
Chestnut_Sided_Warbler_0127_163860.jpg,0.6587773815755026,0.5925916685496038,0.7151684370490791
Chestnut_Sided_Warbler_0033_163607.jpg,0.5321643969929715,0.29808503645929463,0.6949940833666884
Chestnut_Sided_Warbler_0084_163872.jpg,0.5465003400733821,0.33226023800425264,0.5772888310484157
Chestnut_Sided_Warbler_0036_163622.jpg,0.6246727173451838,0.5300559333800141,0.7618680689941147
Chestnut_Sided_Warbler_0090_163629.jpg,0.6175173357725918,0.5110745129228731,0.725750384214037
Chestnut_Sided_Warbler_0034_163911.jpg,0.6736068764032768,0.6469190443152344,0.8575866124812929
Chestnut_Sided_Warbler_0103_163669.jpg,0.65486187043827,0.5974042181474504,0.7696755570045746
Chestnut_Sided_Warbler_0068_164184.jpg,0.6687025508902296,0.6198675153825395,0.7177468488455335
Chestnut_Sided_Warbler_0057_163957.jpg,0.6003041797257622,0.4696397078399369,0.7321490468615623
Chestnut_Sided_Warbler_0087_164221.jpg,0.6583078895090904,0.5846698979775402,0.6758461184700264
Chestnut_Sided_Warbler_0037_164233.jpg,0.6448234112007094,0.5765260269776896,0.8051222636869344
Chestnut_Sided_Warbler_0061_163978.jpg,0.6552298414438475,0.5908654187285132,0.7308227212042016
Chestnut_Sided_Warbler_0052_163728.jpg,0.665089740517113,0.6095348342074766,0.6713766682547908
Chestnut_Sided_Warbler_0058_163990.jpg,0.6387035546177349,0.5356209825253311,0.5605158068512347
Chestnut_Sided_Warbler_0049_163735.jpg,0.6046604499570709,0.4711032115728968,0.6369648705914229
Chestnut_Sided_Warbler_0008_164001.jpg,0.6594279736475458,0.6133566844126498,0.803202356552086
Chestnut_Sided_Warbler_0004_164279.jpg,0.7068378891521083,0.6993567193268004,0.8033762997524662
Chestnut_Sided_Warbler_0086_164024.jpg,0.5915712418244731,0.45376380671704997,0.7435255583909034
Chestnut_Sided_Warbler_0089_163776.jpg,0.5537016494595941,0.3551654876020872,0.3749091272867073
Chestnut_Sided_Warbler_0125_164247.jpg,0.6187332775330274,0.5202286062005352,0.6635849193852789
Chestnut_Sided_Warbler_0083_164056.jpg,0.7289904801643949,0.7411385717387315,0.7158888926263033
Chestnut_Sided_Warbler_0005_164061.jpg,0.6729140598763257,0.6272825616374786,0.7674286104546606
Chestnut_Sided_Warbler_0117_164066.jpg,0.6170119074072935,0.5048612302196684,0.6113656861904343
Chestnut_Sided_Warbler_0001_163813.jpg,0.6035094255661884,0.49460383751461734,0.8243475743306611
Golden_Winged_Warbler_0035_164362.jpg,0.49762392021160506,0.20243080427452353,0.7352693740191963
Golden_Winged_Warbler_0041_164379.jpg,0.6343978278991766,0.563623655706888,0.808190024097586
Golden_Winged_Warbler_0075_794848.jpg,0.6434475679987025,0.5556231068375937,0.6022384789104172
Golden_Winged_Warbler_0077_164432.jpg,0.6652252810221119,0.6206377050222573,0.7940260109063846
Golden_Winged_Warbler_0042_164437.jpg,0.5858739248969845,0.43641861854535036,0.7675853464765041
Golden_Winged_Warbler_0070_164460.jpg,0.6857824555941826,0.6650794021865354,0.7966943952055111
Golden_Winged_Warbler_0084_164541.jpg,0.6588497216734537,0.6027083903820308,0.7577463532214112
Golden_Winged_Warbler_0043_164476.jpg,0.6725188898436975,0.6203135091745859,0.7822448345338587
Golden_Winged_Warbler_0081_164487.jpg,0.6729798940005751,0.6313270008723115,0.8173451447780024
Golden_Winged_Warbler_0049_164509.jpg,0.5796039883003001,0.4019958552872447,0.5966164963592838
Golden_Winged_Warbler_0034_794800.jpg,0.6672763992262705,0.6170825990021023,0.7017027733734561
Golden_Winged_Warbler_0052_164529.jpg,0.6402333392292925,0.5597550498078936,0.8281585232484789
Golden_Winged_Warbler_0091_794808.jpg,0.7064759818706909,0.7081125592405215,0.8718223788293775
Golden_Winged_Warbler_0095_794809.jpg,0.6139037864024051,0.5067231123398033,0.7253380587467496
Golden_Winged_Warbler_0087_794810.jpg,0.6125836904428148,0.5004033309153149,0.5914226070516149
Golden_Winged_Warbler_0082_164544.jpg,0.577322022916551,0.4162588304505115,0.7796505552731955
Golden_Winged_Warbler_0036_794817.jpg,0.6378013560236413,0.5699764227860553,0.7876070386996207
Golden_Winged_Warbler_0039_794818.jpg,0.6653608430130351,0.6236785719442164,0.8155580427917957
Golden_Winged_Warbler_0022_794833.jpg,0.7040895548287154,0.6953113939243079,0.7776507537182341
Golden_Winged_Warbler_0090_794830.jpg,0.691722608405426,0.6830487289029539,0.8845312781146875
Golden_Winged_Warbler_0037_794839.jpg,0.6244543409186825,0.5343166391866079,0.7863007046377932
Golden_Winged_Warbler_0031_794840.jpg,0.6008814995629642,0.48788744871667566,0.8298413561527281
Golden_Winged_Warbler_0065_794842.jpg,0.6916506283941166,0.6737824792833202,0.8263558199401159
Golden_Winged_Warbler_0086_794844.jpg,0.6651711083310017,0.6336270571770453,0.8519936564590281
Golden_Winged_Warbler_0067_794846.jpg,0.6944663192174116,0.6835337233408008,0.8664089659913611
Golden_Winged_Warbler_0032_794849.jpg,0.7175266291476848,0.7230056100064886,0.8401444860509046
Golden_Winged_Warbler_0050_164589.jpg,0.6918141849320665,0.6763360836028478,0.8360896175643213
Golden_Winged_Warbler_0076_164591.jpg,0.4911898592789202,0.16807209137177903,0.5699227081681473
Golden_Winged_Warbler_0040_164605.jpg,0.6447470425400516,0.5804228145661064,0.7960473949646697
Hooded_Warbler_0106_164869.jpg,0.619624931200377,0.5087630765155116,0.6766723887316453
Hooded_Warbler_0068_164872.jpg,0.6347143041336595,0.545191511961752,0.8006789227721005
Hooded_Warbler_0028_164883.jpg,0.637973192050709,0.5653599229013255,0.6979211578721379
Hooded_Warbler_0051_164892.jpg,0.6566392144231741,0.5922329289774027,0.745721674856291
Hooded_Warbler_0042_164895.jpg,0.6552032802913661,0.5871263263586011,0.8030275479110165
Hooded_Warbler_0030_164897.jpg,0.6788575575902127,0.6504060729828824,0.8041843310618718
Hooded_Warbler_0017_164911.jpg,0.6301090653516679,0.5501952656907081,0.8749484065378703
Hooded_Warbler_0125_164925.jpg,0.6316500813786421,0.5423605086449601,0.7819619369626214
Hooded_Warbler_0128_164620.jpg,0.6960209712961184,0.6837717293103498,0.8354939593251646
Hooded_Warbler_0072_22097.jpg,0.6158461611331489,0.5182452574838361,0.789244272414354
Hooded_Warbler_0118_164991.jpg,0.5704471488527003,0.3904841562738103,0.7002852364290786
Hooded_Warbler_0133_165016.jpg,0.6803682778711422,0.6635476403178442,0.8702328263714922
Hooded_Warbler_0035_165040.jpg,0.6763112077579161,0.6465806723609135,0.8281706064880786
Hooded_Warbler_0105_165095.jpg,0.602114138734448,0.48318759689226964,0.7905377267077442
Hooded_Warbler_0117_165106.jpg,0.6535553341316696,0.5933757503580223,0.8350071531659287
Hooded_Warbler_0048_164622.jpg,0.5810057573179526,0.423602887729271,0.7752463704072337
Hooded_Warbler_0116_164630.jpg,0.6474632972747726,0.5881548113623047,0.772717323871744
Hooded_Warbler_0007_164633.jpg,0.569703819112169,0.3997353159538033,0.7902880595881299
Hooded_Warbler_0122_164635.jpg,0.7025268605583372,0.6886117371091187,0.801759454542602
Hooded_Warbler_0089_164640.jpg,0.6560708755393736,0.6038933158897597,0.7277360087398871
Hooded_Warbler_0112_164650.jpg,0.670587478242677,0.6293639445529098,0.7559613660871141
Hooded_Warbler_0050_164662.jpg,0.6352154661418703,0.5321786421951628,0.6744895288118851
Hooded_Warbler_0033_165213.jpg,0.603074727787491,0.47486343665950437,0.777602916803905
Hooded_Warbler_0095_164709.jpg,0.6632885355988241,0.6180821127533209,0.8369545006036099
Hooded_Warbler_0019_164710.jpg,0.6527612286287026,0.6004579497491969,0.8107065076562084
Hooded_Warbler_0096_164739.jpg,0.7233202649057273,0.7389320799222366,0.8596505120329649
Hooded_Warbler_0067_164743.jpg,0.6406611251201201,0.5539026736064894,0.7297807804819286
Hooded_Warbler_0036_164779.jpg,0.7064641192458603,0.6998495061798351,0.8488262370993835
Hooded_Warbler_0090_164794.jpg,0.5838322414343353,0.4323815362206219,0.7795230940354636
Hooded_Warbler_0101_164806.jpg,0.6548848191401118,0.6052381273091021,0.7620315171240458
Kentucky_Warbler_0063_795904.jpg,0.6316332879277602,0.5139933105102472,0.401519239457575
Kentucky_Warbler_0076_795907.jpg,0.5909715831793028,0.4560084990458362,0.7356548659799731
Kentucky_Warbler_0019_165389.jpg,0.6165019522519002,0.49942112618987666,0.7893208210791496
Kentucky_Warbler_0005_795919.jpg,0.6208242550101422,0.524730963869946,0.6707974242429805
Kentucky_Warbler_0014_165336.jpg,0.45525821188110505,0.04918928326800809,0.5682441179773678
Kentucky_Warbler_0067_165404.jpg,0.6064312991137993,0.4969833007685328,0.8066637260658052
Kentucky_Warbler_0044_165436.jpg,0.6525905916269121,0.5948085459508754,0.8428887669558772
Kentucky_Warbler_0058_165441.jpg,0.6537969985819503,0.6057499609547085,0.7998948651752875
Kentucky_Warbler_0002_795886.jpg,0.5827058227298976,0.41374274112037235,0.5740184448212409
Kentucky_Warbler_0021_165230.jpg,0.6650662709284884,0.6184428093801453,0.7848363666241894
Kentucky_Warbler_0043_165240.jpg,0.6795973607893768,0.647577794939292,0.7187741488870532
Kentucky_Warbler_0023_165247.jpg,0.6134573973324717,0.5112887789038478,0.8002490761937237
Kentucky_Warbler_0074_165269.jpg,0.676547934701235,0.6383145743271756,0.6265582401269217
Kentucky_Warbler_0048_165360.jpg,0.6111717385454671,0.4771215344107169,0.5847008288923233
Kentucky_Warbler_0047_165298.jpg,0.6656533792548379,0.6186924459348463,0.8038670524129201
Kentucky_Warbler_0049_165313.jpg,0.644799068751831,0.5832891346394875,0.8054059775931637
Kentucky_Warbler_0053_165332.jpg,0.6194237250921988,0.508160278925734,0.7472596944644032
Kentucky_Warbler_0009_795865.jpg,0.6355329784563902,0.5606581754225566,0.7798148797111644
Kentucky_Warbler_0015_795867.jpg,0.5980736353805536,0.4600811301746468,0.6752314373061408
Kentucky_Warbler_0082_795869.jpg,0.6788128484347971,0.6526221900313331,0.8097630441774877
Kentucky_Warbler_0036_795872.jpg,0.5884327787617357,0.416216236496709,0.4672153788321058
Kentucky_Warbler_0012_795875.jpg,0.6044840877753364,0.4611565064422054,0.45681243534725774
Kentucky_Warbler_0057_165349.jpg,0.5560247329938461,0.3453625649227344,0.5519410057145603
Kentucky_Warbler_0022_795882.jpg,0.6583399810364083,0.5900021186265063,0.7070154949303521
Kentucky_Warbler_0083_795883.jpg,0.64122923137293,0.5714858370386897,0.7358249473054617
Kentucky_Warbler_0030_795885.jpg,0.6387578368195664,0.5744049726176983,0.766687126970916
Kentucky_Warbler_0003_795892.jpg,0.6095454049286304,0.4842791312008242,0.7069497621875316
Kentucky_Warbler_0073_795895.jpg,0.6224985782214618,0.5205446513987402,0.6818022600955634
Kentucky_Warbler_0065_795899.jpg,0.6283112676172615,0.5239689286467173,0.5670358827687086
Magnolia_Warbler_0113_166401.jpg,0.6456235181448817,0.5844926224628819,0.7602572429109727
Magnolia_Warbler_0047_165900.jpg,0.6754518453131149,0.6424207749214215,0.7798320978029064
Magnolia_Warbler_0021_165919.jpg,0.6437002455587602,0.5798833135400046,0.7827193888533245
Magnolia_Warbler_0122_165940.jpg,0.6268224661485159,0.5267286213717883,0.766845071779387
Magnolia_Warbler_0045_165448.jpg,0.6674490908511548,0.6069720497804528,0.6427378399805725
Magnolia_Warbler_0120_165462.jpg,0.6675378327121833,0.6328387837229728,0.8505863199365656
Magnolia_Warbler_0111_165478.jpg,0.6768181378008086,0.643569589047934,0.7793129734736152
Magnolia_Warbler_0067_165484.jpg,0.7431082270541836,0.7692209861422035,0.7924375880255362
Magnolia_Warbler_0026_165498.jpg,0.6442675233959183,0.5742304531009692,0.7977909570384553
Magnolia_Warbler_0039_165532.jpg,0.6627641001538651,0.6196654413828344,0.8363302794989288
Magnolia_Warbler_0072_165534.jpg,0.6569324284260574,0.6135781096618582,0.8463247572436552
Magnolia_Warbler_0139_166081.jpg,0.6460770859577998,0.5746890899998323,0.7862849855398316
Magnolia_Warbler_0034_166097.jpg,0.7022474569893609,0.6787592802410443,0.7945348191357683
Magnolia_Warbler_0095_166098.jpg,0.5224254916492677,0.2798813893014921,0.7652841368665652
Magnolia_Warbler_0044_165599.jpg,0.6166382166216624,0.5282196086684776,0.8183438283395895
Magnolia_Warbler_0046_166150.jpg,0.6187307243853061,0.5140070353094472,0.7633083443148282
Magnolia_Warbler_0051_165646.jpg,0.6460551617413649,0.5759012352183457,0.7840931461964658
Magnolia_Warbler_0103_165647.jpg,0.6507685465136903,0.5875334551424098,0.7429022346070188
Magnolia_Warbler_0105_165661.jpg,0.6064685513187676,0.4805365771859983,0.7285270906072352
Magnolia_Warbler_0066_166184.jpg,0.5959334183779381,0.4581852997461321,0.7818830160563708
Magnolia_Warbler_0057_165673.jpg,0.7092325044740957,0.7126939254653181,0.8886515689971962
Magnolia_Warbler_0131_166197.jpg,0.686903026943074,0.6543531797948863,0.8142542800698198
Magnolia_Warbler_0022_165693.jpg,0.7055142311761282,0.6965793984172087,0.8478972614455982
Magnolia_Warbler_0043_165774.jpg,0.643663371152233,0.5812287717384073,0.8432276876209648
Magnolia_Warbler_0020_166211.jpg,0.6350065392909914,0.5531649290373586,0.7998910957857498
Magnolia_Warbler_0079_165783.jpg,0.6840624504623657,0.6628590891885995,0.8284464159732248
Magnolia_Warbler_0048_165862.jpg,0.6785595345578237,0.6411915734234177,0.8058481053460539
Magnolia_Warbler_0140_165543.jpg,0.5978081522196534,0.4584262667383584,0.7058349711994456
Magnolia_Warbler_0136_166388.jpg,0.6006634670978407,0.4705403555087255,0.8011319420562706
Mourning_Warbler_0009_166429.jpg,0.6481736187629206,0.5931119425916438,0.818073564313912
Mourning_Warbler_0055_166436.jpg,0.63762229276775,0.555988623579075,0.7794746732039907
Mourning_Warbler_0056_166476.jpg,0.674383865526063,0.6330104079880273,0.8072457987937878
Mourning_Warbler_0033_166489.jpg,0.6605846561991946,0.6143381172671576,0.8416885532064644
Mourning_Warbler_0066_166491.jpg,0.6096855213842551,0.48212487564700346,0.7772165278051025
Mourning_Warbler_0031_166494.jpg,0.6990162483086803,0.6809954218741063,0.8080324219524814
Mourning_Warbler_0039_166546.jpg,0.6700629357436534,0.6138036226317706,0.5854438717426953
Mourning_Warbler_0038_166549.jpg,0.5726000039702095,0.4020081582325886,0.8147839115962336
Mourning_Warbler_0077_166567.jpg,0.7200111302800267,0.7320694389621745,0.8720448586608457
Mourning_Warbler_0045_166575.jpg,0.6089743772853611,0.47348778214632403,0.7511609236526845
Mourning_Warbler_0006_166595.jpg,0.5575442692470935,0.36026139522933165,0.7542996286904111
Mourning_Warbler_0048_166596.jpg,0.6886012889372572,0.6612641563581281,0.8201524744212912
Mourning_Warbler_0061_166598.jpg,0.5920621278879301,0.44616092800937224,0.7446090066603175
Mourning_Warbler_0057_795342.jpg,0.685005828954242,0.6599076943813702,0.8738919622316965
Mourning_Warbler_0050_795343.jpg,0.6162966302551867,0.5071325862185339,0.6899484826472221
Mourning_Warbler_0025_166608.jpg,0.6323630940244128,0.5366282842459738,0.751071344537775
Mourning_Warbler_0053_795345.jpg,0.6863933678498502,0.6659850355277785,0.8302198329095835
Mourning_Warbler_0019_795347.jpg,0.6883699423500369,0.6616205624444621,0.6879068769956855
Mourning_Warbler_0067_795353.jpg,0.6074373169160279,0.46979120260677387,0.5782472104361311
Mourning_Warbler_0060_795355.jpg,0.7191825162631273,0.7151430546984504,0.831515720116807
Mourning_Warbler_0041_795358.jpg,0.6633718273241569,0.6232493980954747,0.8574464182356771
Mourning_Warbler_0023_795362.jpg,0.6819437342292511,0.654781749118851,0.825898117434975
Mourning_Warbler_0024_795363.jpg,0.6124311373649164,0.4800713690273195,0.7048043892649946
Mourning_Warbler_0040_795370.jpg,0.5722193488664978,0.4052761245789456,0.7191279228447935
Mourning_Warbler_0005_795372.jpg,0.6600907231726445,0.6053500582840188,0.7348659080540585
Mourning_Warbler_0047_795373.jpg,0.6753264331338575,0.6310826433550174,0.7772280813508239
Mourning_Warbler_0065_795374.jpg,0.705186302715737,0.6908076510015534,0.7919129309417317
Mourning_Warbler_0083_795376.jpg,0.6768699888613179,0.6315412147735248,0.6856036860316664
Mourning_Warbler_0018_795386.jpg,0.5531510683010773,0.35231506679173386,0.6242436241474337
Mourning_Warbler_0054_795387.jpg,0.7128741781614347,0.7076303849614646,0.812050820344666
Myrtle_Warbler_0094_166922.jpg,0.515892135207098,0.24770279157997377,0.6594923800309148
Myrtle_Warbler_0086_166926.jpg,0.6277071881514102,0.5304289638169264,0.5984231126649383
Myrtle_Warbler_0071_166692.jpg,0.5795946603086544,0.4132122342117269,0.579348572854178
Myrtle_Warbler_0039_166709.jpg,0.6044754645562919,0.465951878331489,0.6440082839285713
Myrtle_Warbler_0045_166710.jpg,0.5728817926494979,0.39119411542209703,0.6266927678906467
Myrtle_Warbler_0034_166720.jpg,0.5478847380286513,0.3321427925031182,0.7200702482160953
Myrtle_Warbler_0054_166985.jpg,0.6325964255508092,0.5614702477199776,0.8542379308657966
Myrtle_Warbler_0093_166986.jpg,0.59376021605444,0.45688954592987163,0.6027942836066219
Myrtle_Warbler_0047_166987.jpg,0.6625897411465747,0.6062088181643901,0.7257537688803225
Myrtle_Warbler_0016_166736.jpg,0.604776652224549,0.4861741021220105,0.6052732928242789
Myrtle_Warbler_0083_166738.jpg,0.6121167238269427,0.5021271902330526,0.7271158125456672
Myrtle_Warbler_0020_166997.jpg,0.6227030916919697,0.5243065576376826,0.708342087157107
Myrtle_Warbler_0097_167001.jpg,0.5324861105509342,0.28145116360213607,0.49993816943993397
Myrtle_Warbler_0077_166749.jpg,0.6080411214774324,0.48571925209683287,0.7100139121483993
Myrtle_Warbler_0091_166762.jpg,0.5453211693187148,0.32997530858893054,0.36252968313670875
Myrtle_Warbler_0001_166770.jpg,0.5761766070915968,0.3926440423028542,0.6133765178729145
Myrtle_Warbler_0087_166783.jpg,0.5033097491029965,0.18882202505364198,0.3848773374688201
Myrtle_Warbler_0068_166892.jpg,0.646713402308488,0.5712527631673568,0.7289892956450184
Myrtle_Warbler_0028_166905.jpg,0.5119822751512062,0.21345692508244296,0.39593851533057767
Myrtle_Warbler_0061_166816.jpg,0.5648056476643457,0.378582960926401,0.6267736132829848
Myrtle_Warbler_0014_166831.jpg,0.6185097103480113,0.5022375494079971,0.6365236075959754
Myrtle_Warbler_0113_166834.jpg,0.5903526795255483,0.4310742026290829,0.6287385146052729
Myrtle_Warbler_0032_166847.jpg,0.5259332602516694,0.27728763063275474,0.5032452916501438
Myrtle_Warbler_0063_93378.jpg,0.558489286462194,0.3760873037514234,0.6940700281666952
Myrtle_Warbler_0044_166852.jpg,0.5042454178147431,0.1961209434839385,0.5712056988828295
Myrtle_Warbler_0005_166853.jpg,0.34685238703871646,-0.3387180953731259,0.2613355729480238
Myrtle_Warbler_0030_166732.jpg,0.6606778275954202,0.6079409628728876,0.7210605917515103
Myrtle_Warbler_0078_166875.jpg,0.4979954844854837,0.1768924103946703,0.4384258861290148
Myrtle_Warbler_0074_166637.jpg,0.6356459916030472,0.5424530996028527,0.7946497108596914
Myrtle_Warbler_0088_166639.jpg,0.6524336506429649,0.5890222815783246,0.7054774461541371
Nashville_Warbler_0109_167428.jpg,0.6052327081853516,0.47137652265506613,0.7149830080918986
Nashville_Warbler_0015_167429.jpg,0.6189656882544021,0.5156210720027972,0.7418416013754996
Nashville_Warbler_0105_167452.jpg,0.6363265744043971,0.5397187246344288,0.7188452079723915
Nashville_Warbler_0127_167494.jpg,0.5822743549880455,0.44176665279811345,0.7667551078244993
Nashville_Warbler_0057_167008.jpg,0.6038745063524569,0.4884344592200238,0.7716382060286157
Nashville_Warbler_0115_167039.jpg,0.5930164131687558,0.4452453832609071,0.7617026190073192
Nashville_Warbler_0029_167044.jpg,0.5602067269634772,0.355087364255138,0.7307991533468248
Nashville_Warbler_0086_167045.jpg,0.6296983386349202,0.5372066692665949,0.7556082928579226
Nashville_Warbler_0041_167534.jpg,0.48790055107954355,0.13683078762956935,0.5906070739990658
Nashville_Warbler_0130_167101.jpg,0.6089529813026091,0.481510103501131,0.7360296396526281
Nashville_Warbler_0005_167103.jpg,0.6272948156570917,0.539121612581525,0.797319938126909
Nashville_Warbler_0001_167117.jpg,0.6336049852260377,0.5610305895195621,0.8026464361048101
Nashville_Warbler_0056_167123.jpg,0.6710109256509045,0.6294693349723623,0.8200804078102963
Nashville_Warbler_0004_167146.jpg,0.5204318014517044,0.24250711448879847,0.6085322722603755
Nashville_Warbler_0120_167149.jpg,0.6885856870391815,0.6555479406118732,0.6286100491820338
Nashville_Warbler_0107_167186.jpg,0.49635876068704154,0.19704573927479807,0.7162537068604373
Nashville_Warbler_0014_167190.jpg,0.5828774605112903,0.43051173891876116,0.6821789990987307
Nashville_Warbler_0018_167191.jpg,0.6350745904694413,0.5730931863447304,0.874441753702073
Nashville_Warbler_0020_167198.jpg,0.6704719224940894,0.6388568801513631,0.8322538097361438
Nashville_Warbler_0027_167224.jpg,0.5971981999533588,0.4518059047222841,0.7153195584650577
Nashville_Warbler_0054_167258.jpg,0.6582637377920681,0.5941520469681023,0.6757739817690852
Nashville_Warbler_0126_167274.jpg,0.5865856775136248,0.4220896027536316,0.7190850831746434
Nashville_Warbler_0037_167280.jpg,0.5862885733844259,0.4488874711503821,0.7338143618946373
Nashville_Warbler_0124_167285.jpg,0.6156239087016607,0.4918425113662568,0.7162468360776869
Nashville_Warbler_0123_167324.jpg,0.5746042897011128,0.41382020221126325,0.699044690127858
Nashville_Warbler_0013_167326.jpg,0.6758298579123359,0.6446678347090489,0.824955967861804
Nashville_Warbler_0042_167346.jpg,0.5805041802559604,0.403842599684463,0.658550279934101
Nashville_Warbler_0061_167355.jpg,0.6082984832910705,0.4920552720995224,0.7330979522551583
Nashville_Warbler_0044_167357.jpg,0.6566837455759194,0.6161372893812324,0.8370193285210554
Nashville_Warbler_0075_167419.jpg,0.6055225782652383,0.4919720671002985,0.7373855943967061
Orange_Crowned_Warbler_0065_167952.jpg,0.6446516259308772,0.5716911180446871,0.7649103318900763
Orange_Crowned_Warbler_0064_166929.jpg,0.732092854142059,0.7564146678566938,0.8632410779216468
Orange_Crowned_Warbler_0078_167964.jpg,0.496490190504542,0.18170904846345803,0.41830463501222637
Orange_Crowned_Warbler_0037_167687.jpg,0.6474230193834658,0.5968859584195716,0.8166516344071996
Orange_Crowned_Warbler_0113_167984.jpg,0.6073151477600436,0.4753306114605099,0.7498441918540886
Orange_Crowned_Warbler_0117_167987.jpg,0.6781882700745574,0.6397801074343379,0.7714626996666478
Orange_Crowned_Warbler_0033_167991.jpg,0.5388228194046314,0.30195491106649963,0.7261303359243462
Orange_Crowned_Warbler_0006_167998.jpg,0.5916394085728867,0.4502479363282387,0.7436150559336473
Orange_Crowned_Warbler_0097_168004.jpg,0.6941960107635037,0.6779475018984096,0.8334366424826353
Orange_Crowned_Warbler_0090_167607.jpg,0.6139244244149229,0.4806170680690852,0.7136160532308087
Orange_Crowned_Warbler_0040_168029.jpg,0.6222268590932889,0.5256437053978491,0.8069430593220215
Orange_Crowned_Warbler_0088_168052.jpg,0.5980576484264142,0.4662032335790569,0.7774451812425442
Orange_Crowned_Warbler_0007_167545.jpg,0.6154423505943948,0.4904452692449388,0.5886664523572589
Orange_Crowned_Warbler_0016_168082.jpg,0.68315628063918,0.6464292065439572,0.8138138858031057
Orange_Crowned_Warbler_0094_167584.jpg,0.61093529761422,0.49084864252002025,0.6360840626869328
Orange_Crowned_Warbler_0048_167610.jpg,0.6556559979862673,0.5913692194670588,0.8401732249774563
Orange_Crowned_Warbler_0011_167615.jpg,0.6549771156844924,0.5955134289628152,0.7757933776338488
Orange_Crowned_Warbler_0019_167626.jpg,0.6969429271697717,0.6800289038140439,0.7893720162040889
Orange_Crowned_Warbler_0081_167647.jpg,0.6049548257973362,0.4607679033922061,0.6212410306568615
Orange_Crowned_Warbler_0102_168189.jpg,0.618039187657687,0.4987016061313848,0.7509092183323587
Orange_Crowned_Warbler_0015_168196.jpg,0.6801306344277791,0.6515743196585289,0.7925886170700011
Orange_Crowned_Warbler_0009_168228.jpg,0.6815762992991108,0.6527039972481936,0.8125943497943353
Orange_Crowned_Warbler_0114_167732.jpg,0.6152114795930114,0.49370095881569187,0.6797611898935386
Orange_Crowned_Warbler_0059_168259.jpg,0.6780514417337475,0.636067682732923,0.6926920806979158
Orange_Crowned_Warbler_0021_168263.jpg,0.5625951661247799,0.35501320133629755,0.6690899616870304
Orange_Crowned_Warbler_0005_168314.jpg,0.5916688209083,0.45922285471943913,0.7047495389620951
Orange_Crowned_Warbler_0027_168381.jpg,0.6270580953717533,0.5274047064308562,0.7551935907836721
Orange_Crowned_Warbler_0038_168384.jpg,0.6616233462115877,0.606228633471566,0.7598226293337184
Orange_Crowned_Warbler_0112_168437.jpg,0.7121881931417466,0.7042156766843619,0.8497298632459914
Orange_Crowned_Warbler_0126_168445.jpg,0.6378818076763199,0.5570616513769673,0.7904242148080668
Palm_Warbler_0007_169473.jpg,0.6559578765039888,0.6014715626662293,0.6610543816268524
Palm_Warbler_0051_169487.jpg,0.5710009882457225,0.4038763565082739,0.7244154914294416
Palm_Warbler_0110_169490.jpg,0.666813439685529,0.6210727028674486,0.8147681146707985
Palm_Warbler_0002_169527.jpg,0.646350273633163,0.573250570806818,0.6419098094267143
Palm_Warbler_0050_170042.jpg,0.6518270395697583,0.5857823303279767,0.7665900019117359
Palm_Warbler_0077_169042.jpg,0.5847772437528037,0.4285143156152835,0.6643210973308721
Palm_Warbler_0106_169571.jpg,0.5300845745023348,0.28601459970608745,0.6175900742967555
Palm_Warbler_0107_170620.jpg,0.689351067883667,0.6681270719204331,0.7785250348648416
Palm_Warbler_0046_169837.jpg,0.6204633809866682,0.5150929079506421,0.7322713085461469
Palm_Warbler_0111_169663.jpg,0.6421509868660381,0.5621365938137849,0.7008495278785627
Palm_Warbler_0086_169676.jpg,0.6163083157148854,0.5048702319737403,0.7655679511636323
Palm_Warbler_0068_170243.jpg,0.6269526216267278,0.5324592431065966,0.7609687855502199
Palm_Warbler_0082_168709.jpg,0.6023737870115933,0.4771865117039449,0.5988920854548966
Palm_Warbler_0100_168725.jpg,0.6418782455269938,0.5606663980385422,0.7429126196708149
Palm_Warbler_0081_169256.jpg,0.5957856809847161,0.4682969162895142,0.7194634909387881
Palm_Warbler_0075_168751.jpg,0.6232269171904451,0.5434797457314404,0.7624668064406975
Palm_Warbler_0073_169781.jpg,0.6656058173581736,0.6122567103697831,0.6673326729287279
Palm_Warbler_0066_169284.jpg,0.5747319529208761,0.39391854302988527,0.7204962949865371
Palm_Warbler_0116_170319.jpg,0.6012030198202958,0.46450215672389916,0.6299184524550611
Palm_Warbler_0067_169318.jpg,0.6750159323880573,0.6433565099888326,0.8475778159102773
Palm_Warbler_0044_169319.jpg,0.6387728086011366,0.5487979646856835,0.7571946823638696
Palm_Warbler_0034_170352.jpg,0.6470484152679993,0.5690929099182978,0.8348852249674268
Palm_Warbler_0096_170867.jpg,0.6389772748317171,0.5548892776376834,0.6839159026620292
Palm_Warbler_0102_168829.jpg,0.6428856558047057,0.5820188790176335,0.8165361029104425
Palm_Warbler_0047_169354.jpg,0.49781914025572416,0.18103989494184736,0.6704581717443847
Palm_Warbler_0039_170894.jpg,0.6007492975576829,0.45756759631414157,0.6967793068932179
Palm_Warbler_0105_170429.jpg,0.6523869165766318,0.5884870627910573,0.7836659500110461
Palm_Warbler_0005_169918.jpg,0.5962970253227469,0.4637217643095697,0.7109369669988517
Palm_Warbler_0013_169411.jpg,0.6439895946304378,0.5683888297581177,0.7008461265160824
Palm_Warbler_0108_169426.jpg,0.627939372599768,0.5346328798575951,0.7702367587870247
Pine_Warbler_0005_171548.jpg,0.688877080551412,0.6801508490126202,0.866118220428734
Pine_Warbler_0119_171551.jpg,0.6904097684731876,0.6632907641830438,0.8640648055567255
Pine_Warbler_0111_171040.jpg,0.6683199834398275,0.6298577829387493,0.7877947327081458
Pine_Warbler_0095_171588.jpg,0.610947837237822,0.5036333379344045,0.8197645483854643
Pine_Warbler_0076_172104.jpg,0.623346088618803,0.5204875986182649,0.7749848591965073
Pine_Warbler_0065_172119.jpg,0.7124618662892104,0.7136670316100384,0.8324745892584562
Pine_Warbler_0035_98396.jpg,0.4476800810078805,0.046087733434643674,0.5782499653174602
Pine_Warbler_0044_171104.jpg,0.5965093946079378,0.4722218484492918,0.8099753106162431
Pine_Warbler_0133_171641.jpg,0.6898053971837035,0.6710559657002024,0.8401326630144634
Pine_Warbler_0045_171150.jpg,0.6996031717118607,0.6999795852336448,0.8548515675492238
Pine_Warbler_0104_171668.jpg,0.5638814692164066,0.37781217871234674,0.770829978668699
Pine_Warbler_0097_171671.jpg,0.6502418020816297,0.5975149033312293,0.8031167155746458
Pine_Warbler_0002_171176.jpg,0.6349612236043012,0.5480579147222755,0.7319402094462091
Pine_Warbler_0050_159442.jpg,0.5820275746084721,0.42310894023533085,0.7920043294986427
Pine_Warbler_0141_171263.jpg,0.6137639900862766,0.4878750524736818,0.6825770717138171
Pine_Warbler_0122_171274.jpg,0.6411271686830107,0.5629172322960976,0.7885453467774224
Pine_Warbler_0054_171287.jpg,0.6849579058918536,0.6631324695565668,0.7874984812800425
Pine_Warbler_0120_172340.jpg,0.6115738183697401,0.5187404126821473,0.8320121622325584
Pine_Warbler_0008_171330.jpg,0.6979223955847657,0.6901406919934576,0.7999010061077081
Pine_Warbler_0052_171380.jpg,0.625553097992516,0.5269294493336405,0.6757771186755888
Pine_Warbler_0136_171382.jpg,0.693662229557255,0.6770604437307656,0.7611717487707086
Pine_Warbler_0084_172409.jpg,0.6582729843523936,0.594092168053714,0.6882912731904517
Pine_Warbler_0038_171386.jpg,0.7366145289356136,0.7593685172899094,0.8271479810974856
Pine_Warbler_0103_171922.jpg,0.660423619803971,0.5971062276068233,0.7323833727918984
Pine_Warbler_0075_171933.jpg,0.6620446555456206,0.5862459620800813,0.6170703033908225
Pine_Warbler_0132_171936.jpg,0.5712022678718245,0.40206697027684046,0.7626823445855554
Pine_Warbler_0113_172456.jpg,0.6505924826075077,0.5959805146929754,0.7967428405122883
Pine_Warbler_0080_171975.jpg,0.5615655099851896,0.36588759152925776,0.556358548565843
Pine_Warbler_0020_171989.jpg,0.6855932913335383,0.6538120704926271,0.7898975296058398
Pine_Warbler_0101_171501.jpg,0.6887012434161701,0.6688699327358646,0.8049803834595397
Prairie_Warbler_0113_172544.jpg,0.6150830271721297,0.5113658474161145,0.8201336399678965
Prairie_Warbler_0010_172547.jpg,0.6964472180288401,0.6867366401533914,0.859602322402742
Prairie_Warbler_0037_172550.jpg,0.6385861533023649,0.5662361344064992,0.7920057631111842
Prairie_Warbler_0108_172559.jpg,0.6750660980539458,0.6531860029233731,0.8795010147875298
Prairie_Warbler_0058_172573.jpg,0.6430933212862204,0.5836262068829374,0.8551958520672546
Prairie_Warbler_0096_172577.jpg,0.6283851286190156,0.5300504446990724,0.6441936207256694
Prairie_Warbler_0048_173095.jpg,0.5661543514316584,0.3848803285972249,0.7621876782039875
Prairie_Warbler_0091_172597.jpg,0.6325856948745173,0.5623296734005829,0.8210207710881868
Prairie_Warbler_0130_172609.jpg,0.6108262252926742,0.4965960696635795,0.7966277140094336
Prairie_Warbler_0028_173123.jpg,0.6845217359964316,0.6570262427484685,0.7689214915075165
Prairie_Warbler_0029_172618.jpg,0.6570984735256683,0.6026586070628013,0.7720590884238093
Prairie_Warbler_0071_173140.jpg,0.6116738568265109,0.5058982542212304,0.8350557759392387
Prairie_Warbler_0138_172695.jpg,0.7255408995551487,0.7459305118568098,0.8517149879617237
Prairie_Warbler_0132_172705.jpg,0.6220747430942674,0.5211223524660504,0.7679728568130851
Prairie_Warbler_0078_172729.jpg,0.6330598872507971,0.5493377745695379,0.8153341103543509
Prairie_Warbler_0079_172735.jpg,0.6384771120371263,0.5475486690536924,0.7667961871870161
Prairie_Warbler_0011_172744.jpg,0.712501673341007,0.7077233020145517,0.8389011968033633
Prairie_Warbler_0118_173261.jpg,0.6093113925658902,0.4779977102941618,0.7825752398904335
Prairie_Warbler_0062_172755.jpg,0.6451706554173631,0.582009319510089,0.7617847680861743
Prairie_Warbler_0133_173279.jpg,0.6398282326305491,0.5675533925557601,0.8478286854368922
Prairie_Warbler_0066_173350.jpg,0.6678673957991135,0.6311615710542983,0.8542089275853892
Prairie_Warbler_0094_91950.jpg,0.6747947859307133,0.633619271040146,0.7338843613921076
Prairie_Warbler_0052_173400.jpg,0.6534252397798137,0.5895839185630714,0.7389100064254475
Prairie_Warbler_0021_172902.jpg,0.625607661168331,0.5241306164898187,0.7395574337837453
Prairie_Warbler_0127_172913.jpg,0.6178410232509649,0.5160768373748277,0.7858798017914724
Prairie_Warbler_0126_172931.jpg,0.5625619579647307,0.36182584906660276,0.7420688500672321
Prairie_Warbler_0027_172465.jpg,0.6441796960876147,0.5705057058956642,0.8323952344596405
Prairie_Warbler_0009_173022.jpg,0.6338918276578511,0.5555257984693491,0.8324023034793993
Prairie_Warbler_0125_172536.jpg,0.6515193911807025,0.5846749867313252,0.7219555904502409
Prairie_Warbler_0014_172542.jpg,0.641310440346676,0.5666345658814138,0.799581080214153
Prothonotary_Warbler_0102_174595.jpg,0.6523053636376419,0.5820913779928643,0.679729252501592
Prothonotary_Warbler_0105_174097.jpg,0.6999067279347422,0.6837426390523358,0.7640840906988232
Prothonotary_Warbler_0117_174622.jpg,0.6185528527243263,0.5006400416759755,0.7858517606004034
Prothonotary_Warbler_0094_173607.jpg,0.6991438042890692,0.6914184236165137,0.8438796623246553
Prothonotary_Warbler_0033_174123.jpg,0.6696966752599798,0.6368223209490418,0.8128567525436806
Prothonotary_Warbler_0089_174636.jpg,0.6335744912751149,0.5596446373561876,0.8362260640813656
Prothonotary_Warbler_0121_174643.jpg,0.5662215998884088,0.36624987083161553,0.5951694208612839
Prothonotary_Warbler_0022_174138.jpg,0.6067230658397538,0.47709410127119356,0.7552249110496746
Prothonotary_Warbler_0127_174149.jpg,0.6338600949974345,0.5299849224257317,0.6446739115638357
Prothonotary_Warbler_0090_174183.jpg,0.7285905148371821,0.7430605972348436,0.8541497155732422
Prothonotary_Warbler_0018_174196.jpg,0.6098761087944611,0.49417536586149646,0.8144876209064054
Prothonotary_Warbler_0071_173690.jpg,0.6413317763914499,0.5564303994242048,0.6898167372705686
Prothonotary_Warbler_0069_174210.jpg,0.673040692856987,0.631471793664829,0.7929258748580147
Prothonotary_Warbler_0049_174213.jpg,0.6664658150387502,0.5980385692348792,0.6304437316194422
Prothonotary_Warbler_0106_174221.jpg,0.6160006862445373,0.5116383414391443,0.7626173646787183
Prothonotary_Warbler_0023_173788.jpg,0.5651588485713883,0.36621424627679133,0.5694546322733282
Prothonotary_Warbler_0057_173865.jpg,0.6093774673909588,0.48925086017451525,0.7514787230475388
Prothonotary_Warbler_0047_174340.jpg,0.6496596683400853,0.5633325759416293,0.6575797005335557
Prothonotary_Warbler_0085_173829.jpg,0.7011386474444146,0.6831959389121918,0.7798445827109229
Prothonotary_Warbler_0019_173838.jpg,0.7263642348649841,0.7375069501007865,0.8585730780155896
Prothonotary_Warbler_0107_173921.jpg,0.6627146378196787,0.6089277235645477,0.8350568805112213
Prothonotary_Warbler_0065_173422.jpg,0.7178368697922012,0.7106708582975745,0.692097433945913
Prothonotary_Warbler_0059_173434.jpg,0.6349414506461739,0.5314549821548148,0.7732728949660969
Prothonotary_Warbler_0074_173443.jpg,0.6095638405405601,0.4881488574756657,0.570914015800501
Prothonotary_Warbler_0040_173447.jpg,0.5832583537373655,0.39754792034700204,0.5804247037914719
Prothonotary_Warbler_0004_173475.jpg,0.7056090414965454,0.6867689344401713,0.719213967878529
Prothonotary_Warbler_0081_173510.jpg,0.6662689942852029,0.6186797535117105,0.7737347035650526
Prothonotary_Warbler_0100_174539.jpg,0.5952518679325145,0.458912904087061,0.6982095185806253
Prothonotary_Warbler_0054_174556.jpg,0.6763714290950658,0.6340821077706176,0.80012005983268
Prothonotary_Warbler_0031_174578.jpg,0.6478654602575076,0.5870876954735406,0.82720303600731
Swainson_Warbler_0029_794883.jpg,0.6052164669939863,0.45685043305937545,0.3603835751277108
Swainson_Warbler_0010_174724.jpg,0.5811600643846508,0.4309829123749912,0.7985418931489372
Swainson_Warbler_0008_794886.jpg,0.6235575493670502,0.5310106599899107,0.7919170177240789
Swainson_Warbler_0015_794891.jpg,0.6803160804331704,0.6477035583581345,0.7386651924939976
Swainson_Warbler_0013_794892.jpg,0.690703469440591,0.6617894682830361,0.6650911160459566
Swainson_Warbler_0042_794895.jpg,0.6996304952820556,0.6897839021930224,0.8297876144258713
Swainson_Warbler_0028_794896.jpg,0.652162918571326,0.5820694270789097,0.7503890084114644
Swainson_Warbler_0012_174739.jpg,0.6563799801392481,0.5963971682886873,0.7198524861753995
Swainson_Warbler_0035_174741.jpg,0.5957975888162714,0.4577563640728487,0.7268468675719131
Swainson_Warbler_0026_794884.jpg,0.6993197607354238,0.6829574812742367,0.8714874269611605
Swainson_Warbler_0009_174746.jpg,0.5764788529814032,0.3893949916586623,0.7308158849046283
Swainson_Warbler_0005_794888.jpg,0.6369688386757473,0.5521222715785468,0.7533286144215859
Swainson_Warbler_0033_794856.jpg,0.628552446342103,0.560259973688028,0.8152940713567851
Swainson_Warbler_0053_174678.jpg,0.5986724158507171,0.48483561241434836,0.858983947818255
Swainson_Warbler_0031_174696.jpg,0.5420298399772909,0.32919721751352726,0.6892059814096337
Swainson_Warbler_0006_794857.jpg,0.700615037792316,0.6826863304902777,0.8062928077933291
Swainson_Warbler_0014_794858.jpg,0.7310549127461804,0.7339305747364748,0.701478583069516
Swainson_Warbler_0050_794861.jpg,0.7099735757458183,0.6984259824231314,0.7488209176419822
Swainson_Warbler_0016_174705.jpg,0.5609005911088077,0.3762308118977967,0.7095087726168486
Swainson_Warbler_0003_794866.jpg,0.6711083766097874,0.6441547814164845,0.8488016739153146
Swainson_Warbler_0055_794899.jpg,0.6910945500383148,0.672831972684659,0.7943762226995403
Swainson_Warbler_0001_794869.jpg,0.6891773765605695,0.6544061675016113,0.7752407618395247
Swainson_Warbler_0056_794871.jpg,0.6580094986837811,0.6017278069164166,0.7870122264962426
Swainson_Warbler_0046_794872.jpg,0.7304212619114547,0.7300306736153783,0.6730169280539554
Swainson_Warbler_0052_794875.jpg,0.6165427030422037,0.5120435887328767,0.7005043677815336
Swainson_Warbler_0027_794877.jpg,0.7228695974144606,0.7206184236710065,0.7237023976647187
Tennessee_Warbler_0050_174851.jpg,0.5732805448909113,0.39898152004344734,0.7849701925511318
Tennessee_Warbler_0014_175126.jpg,0.7303428416411564,0.7382978643924754,0.83382237944814
Tennessee_Warbler_0039_174883.jpg,0.5416118280569984,0.31583474228723674,0.7094926201378549
Tennessee_Warbler_0002_174884.jpg,0.6663721634205553,0.6124512578509369,0.7150422554009721
Tennessee_Warbler_0003_175154.jpg,0.6352802321438817,0.5388183815368326,0.691003999231885
Tennessee_Warbler_0041_174900.jpg,0.536708534328761,0.26672593522316357,0.6327651986336417
Tennessee_Warbler_0088_175163.jpg,0.5354473191656939,0.28845692985426596,0.6537733768389695
Tennessee_Warbler_0054_174914.jpg,0.5372018957238032,0.2899239698181828,0.6370422398695376
Tennessee_Warbler_0040_174933.jpg,0.5667535781815436,0.3769129870079079,0.7470785654443551
Tennessee_Warbler_0009_174937.jpg,0.654351988919375,0.5922726499996511,0.7430163651004167
Tennessee_Warbler_0085_156530.jpg,0.578307686246732,0.40792171794445187,0.6935912664186551
Tennessee_Warbler_0087_174968.jpg,0.536211916486222,0.30929636283366235,0.7296470245456098
Tennessee_Warbler_0025_174973.jpg,0.622430509428429,0.5150503006400553,0.675547180312
Tennessee_Warbler_0049_175006.jpg,0.5858413419940443,0.3980778051410051,0.5734824437402518
Tennessee_Warbler_0065_174757.jpg,0.6505778310757262,0.5810482194246911,0.7120190933014717
Tennessee_Warbler_0038_174760.jpg,0.6206888305986463,0.5080616792892594,0.7448655780534494
Tennessee_Warbler_0075_174763.jpg,0.6181014919188661,0.49850130356342615,0.6511072404926522
Tennessee_Warbler_0089_174764.jpg,0.6361382388147341,0.5336269245159269,0.7731305456434119
Tennessee_Warbler_0070_174962.jpg,0.6705488256994415,0.6094545587817479,0.6053419159053145
Tennessee_Warbler_0081_174771.jpg,0.6269309208848477,0.5298110059782872,0.6996764160588258
Tennessee_Warbler_0042_175092.jpg,0.5927350748448128,0.4617868767124703,0.8305084996494265
Tennessee_Warbler_0007_174796.jpg,0.6113705965743221,0.49291858445104697,0.7050341109744274
Tennessee_Warbler_0080_167714.jpg,0.4452115811967773,0.00988658658613717,0.6752281967768977
Tennessee_Warbler_0098_174800.jpg,0.7032301400745385,0.6913886117949282,0.7791965278586501
Tennessee_Warbler_0027_174805.jpg,0.6158839586691791,0.49728834941895517,0.6710473626524567
Tennessee_Warbler_0076_174807.jpg,0.4989096914866721,0.16019575079635828,0.46714974747129806
Tennessee_Warbler_0092_174810.jpg,0.6603244431011265,0.5895775047473312,0.6819023883210023
Tennessee_Warbler_0013_163552.jpg,0.59717392016882,0.4631069351070719,0.7526833493553429
Tennessee_Warbler_0048_175079.jpg,0.5943038434177583,0.455200926703895,0.7838410669145612
Wilson_Warbler_0007_175618.jpg,0.5900290245748128,0.4141725285476805,0.6655214180632786
Wilson_Warbler_0133_175626.jpg,0.6086077970543112,0.4870759526213868,0.7856332206741103
Wilson_Warbler_0127_175637.jpg,0.6977483411319862,0.6783650598594912,0.8413315113764079
Wilson_Warbler_0074_175645.jpg,0.448392061616926,0.0712348196796776,0.6371257363003859
Wilson_Warbler_0066_117820.jpg,0.6185819942924746,0.5110640854631878,0.7530146441249324
Wilson_Warbler_0019_175175.jpg,0.6437276356496698,0.5664507724273453,0.6854816917598296
Wilson_Warbler_0055_175183.jpg,0.6148963328745722,0.4910196476715605,0.8068511634973815
Wilson_Warbler_0075_175234.jpg,0.6023938864629348,0.4397345518522089,0.47332179272978525
Wilson_Warbler_0080_175770.jpg,0.6555332835411425,0.5905633009334618,0.8099827584053683
Wilson_Warbler_0067_175261.jpg,0.5995649305438011,0.4726137111735351,0.720206858976424
Wilson_Warbler_0118_175779.jpg,0.6816954220644558,0.6665405192518606,0.83359367031358
Wilson_Warbler_0131_175268.jpg,0.5769067835550712,0.4041683479843614,0.717663136072721
Wilson_Warbler_0056_175269.jpg,0.6704285261491223,0.6360251153963955,0.8352391688248602
Wilson_Warbler_0024_175278.jpg,0.6234910953486108,0.5145540769337255,0.6558810347275312
Wilson_Warbler_0027_175290.jpg,0.6571150312541147,0.6137353908672218,0.8659946124454883
Wilson_Warbler_0012_175328.jpg,0.6161401059975464,0.49927914866455003,0.7430482476984038
Wilson_Warbler_0040_175347.jpg,0.5846063297180638,0.42275394681738454,0.7821149069258495
Wilson_Warbler_0064_175361.jpg,0.6761111604118305,0.6371506311854869,0.7312908459517333
Wilson_Warbler_0134_175374.jpg,0.5891412341863067,0.442128487905737,0.7646181369004814
Wilson_Warbler_0029_175417.jpg,0.6387006224239615,0.5604984820892136,0.773183604949225
Wilson_Warbler_0060_175420.jpg,0.6530481167518475,0.596782183237065,0.7885233435534366
Wilson_Warbler_0034_175443.jpg,0.6527609833525407,0.5925626759862781,0.7678155640536736
Wilson_Warbler_0072_175958.jpg,0.5275745949837266,0.2829478733214362,0.6405045620396557
Wilson_Warbler_0092_175676.jpg,0.5818656598156764,0.41766044939029323,0.6678254974789888
Wilson_Warbler_0043_175491.jpg,0.6050454304546631,0.49022233525831704,0.7918806380167912
Wilson_Warbler_0016_175532.jpg,0.5743910231376239,0.41520273365265314,0.5086739858960605
Wilson_Warbler_0099_175559.jpg,0.5932062098205733,0.4432160458000636,0.8094209162862795
Wilson_Warbler_0002_175571.jpg,0.6301600904692862,0.5453995160808032,0.7662166810141676
Wilson_Warbler_0109_175578.jpg,0.6083291338977836,0.48836642402268815,0.7217740556707917
Wilson_Warbler_0095_175595.jpg,0.6669226179167995,0.6326057509508853,0.8402386945605378
Worm_Eating_Warbler_0075_176045.jpg,0.6124692045227551,0.49382215699971166,0.7034127331607526
Worm_Eating_Warbler_0066_92460.jpg,0.623341272306579,0.5305982506684547,0.7701320239062559
Worm_Eating_Warbler_0046_176053.jpg,0.6191055517307678,0.5229309704185017,0.8006756105564617
Worm_Eating_Warbler_0069_176055.jpg,0.6078905382627477,0.47275807012169524,0.6811104693877512
Worm_Eating_Warbler_0005_175977.jpg,0.6131402072015999,0.48575925909194473,0.656097440460238
Worm_Eating_Warbler_0087_175978.jpg,0.600547012723482,0.4565602747433304,0.5858764873644733
Worm_Eating_Warbler_0045_795518.jpg,0.6646689798801956,0.6176787617818207,0.7513718689592371
Worm_Eating_Warbler_0067_795520.jpg,0.6290804582071219,0.5338922681143585,0.7380837831691062
Worm_Eating_Warbler_0090_795523.jpg,0.7087795735804626,0.7073183914233746,0.8195339553763991
Worm_Eating_Warbler_0016_795528.jpg,0.6181346188121004,0.5178704765601516,0.774149496690766
Worm_Eating_Warbler_0002_795533.jpg,0.5815831350629859,0.39958183434443795,0.5710109388690494
Worm_Eating_Warbler_0061_795537.jpg,0.6550250411096372,0.5851862998195216,0.7380376816381238
Worm_Eating_Warbler_0021_795545.jpg,0.6707827899797598,0.6359546583283464,0.7833432473417978
Worm_Eating_Warbler_0056_795547.jpg,0.6407203679576642,0.5608801180137584,0.7079526521070938
Worm_Eating_Warbler_0019_795554.jpg,0.6624246255429562,0.6060218322877094,0.6738414719870524
Worm_Eating_Warbler_0079_176036.jpg,0.667754415309983,0.6234410156902807,0.7890510419010661
Worm_Eating_Warbler_0072_795559.jpg,0.6423917682954137,0.5587768944342456,0.7886357074604258
Worm_Eating_Warbler_0014_176042.jpg,0.6089184668676735,0.4756918810751284,0.6544653984476277
Worm_Eating_Warbler_0098_795565.jpg,0.6115440172545862,0.49919220508150786,0.7199965780952062
Worm_Eating_Warbler_0062_795568.jpg,0.6492040740552436,0.5714050978564758,0.7663660338760667
Worm_Eating_Warbler_0042_795571.jpg,0.6388451872379595,0.5555643177568566,0.7294699328904938
Worm_Eating_Warbler_0036_795573.jpg,0.6131713371161671,0.49136638373427455,0.6768760275502
Worm_Eating_Warbler_0027_176062.jpg,0.5377125160640102,0.2778300810619083,0.4920607331330714
Worm_Eating_Warbler_0051_176068.jpg,0.577950180926768,0.40889596459939725,0.7080504596673628
Worm_Eating_Warbler_0086_176073.jpg,0.6208920461739045,0.5254215613483092,0.7666294992722458
Worm_Eating_Warbler_0031_176075.jpg,0.6270702049183414,0.5333763419328684,0.754723267709219
Worm_Eating_Warbler_0053_176079.jpg,0.5496144387157597,0.3260249922709847,0.5912530468133481
Worm_Eating_Warbler_0076_176086.jpg,0.6110667784053396,0.49971153751589714,0.7898659401773624
Worm_Eating_Warbler_0039_176120.jpg,0.6441649336776072,0.580046652061202,0.8176585382325073
Yellow_Warbler_0038_176388.jpg,0.6585079285911926,0.6078862336734445,0.7693611858803944
Yellow_Warbler_0071_176655.jpg,0.6688450904486611,0.6343435301095559,0.7967806454695183
Yellow_Warbler_0061_176559.jpg,0.6099487914905873,0.49670339060974633,0.7897165082531563
Yellow_Warbler_0080_176542.jpg,0.6876686459753528,0.6594946341227512,0.7924075211406294
Yellow_Warbler_0118_176409.jpg,0.6496614192694012,0.5773739234452189,0.7782291463558163
Yellow_Warbler_0014_176414.jpg,0.6452893828758489,0.5599006986290035,0.7135296886770137
Yellow_Warbler_0057_176675.jpg,0.5516257270885241,0.34698613889791663,0.7671073657040117
Yellow_Warbler_0011_176676.jpg,0.5590776902845416,0.340818657869127,0.6425812362161465
Yellow_Warbler_0003_176429.jpg,0.627650613235253,0.5347605565456486,0.748320625583319
Yellow_Warbler_0122_176182.jpg,0.7308523183444826,0.7498774042912637,0.7701523254472691
Yellow_Warbler_0016_176452.jpg,0.5822339308148543,0.4396399659636936,0.8078775826436758
Yellow_Warbler_0047_176456.jpg,0.6330742352571055,0.5546473000744758,0.7678040942786861
Yellow_Warbler_0114_176201.jpg,0.6478506460522886,0.587026493734529,0.7711995283041622
Yellow_Warbler_0123_176471.jpg,0.5950547842076397,0.4474742353410279,0.6094206289211878
Yellow_Warbler_0073_176218.jpg,0.6718491083387168,0.6354539252113836,0.8383805549817879
Yellow_Warbler_0093_176490.jpg,0.5964036665583001,0.45536937359582774,0.7855965055629376
Yellow_Warbler_0040_176954.jpg,0.6244197222754984,0.5154027174528502,0.6467918741209157
Yellow_Warbler_0031_176282.jpg,0.5121389037972375,0.23251586867134744,0.7539421634249462
Yellow_Warbler_0063_176800.jpg,0.6366082798105126,0.5474147655339457,0.8118540543279807
Yellow_Warbler_0112_176301.jpg,0.6666300973924184,0.6090639183377798,0.7376633871464324
Yellow_Warbler_0042_176460.jpg,0.7270290618549848,0.7411377939262567,0.8857655689989608
Yellow_Warbler_0088_176336.jpg,0.5216763972335061,0.29242636014330525,0.784839553948251
Yellow_Warbler_0026_176337.jpg,0.6460863781634291,0.5724574307348931,0.7575714326650522
Yellow_Warbler_0029_176855.jpg,0.49632031599717974,0.17320746403284404,0.6387488851817474
Yellow_Warbler_0101_176864.jpg,0.6740478109281249,0.636846897091253,0.7865874088553887
Yellow_Warbler_0105_176849.jpg,0.6265281351293435,0.5394421804743459,0.8162119286899137
Yellow_Warbler_0035_176360.jpg,0.6214741197174654,0.5267082771274575,0.8108113596596637
Yellow_Warbler_0017_176888.jpg,0.6607951064903463,0.6077801064605484,0.8192073250385823
Yellow_Warbler_0058_176891.jpg,0.6585573920470895,0.6023728721148296,0.7645763966352527
Yellow_Warbler_0106_176383.jpg,0.6545688130073746,0.58112555532944,0.6776115152210347
Northern_Waterthrush_0077_177152.jpg,0.6025683104040949,0.4696039871143278,0.7773719390426822
Northern_Waterthrush_0046_176984.jpg,0.7009511635751933,0.6884467446297612,0.8423065045472717
Northern_Waterthrush_0038_177027.jpg,0.6087667923643296,0.4858378155032389,0.7145927732787226
Northern_Waterthrush_0021_177187.jpg,0.6660683226927557,0.6050327617970597,0.8059614726316354
Northern_Waterthrush_0041_177199.jpg,0.6698409626845632,0.6288319200741175,0.8536732963600244
Northern_Waterthrush_0060_177213.jpg,0.6098783145064499,0.48131026231292595,0.7305128817317722
Northern_Waterthrush_0033_177214.jpg,0.6170724461676664,0.5212249088907425,0.806648771391061
Northern_Waterthrush_0081_176972.jpg,0.6364921703567061,0.5648304669728654,0.813508139130321
Northern_Waterthrush_0075_176978.jpg,0.5741268038543732,0.40012419773652796,0.7611945337375978
Northern_Waterthrush_0082_177243.jpg,0.6397800905330017,0.5682564162826502,0.7928658041721615
Northern_Waterthrush_0023_177002.jpg,0.6806216630438255,0.656253483651586,0.8162298424936153
Northern_Waterthrush_0096_177007.jpg,0.6593589028519815,0.6086167108228435,0.8267936235614557
Northern_Waterthrush_0079_177008.jpg,0.6627951751016059,0.6154446049615188,0.8164179186960422
Northern_Waterthrush_0042_177272.jpg,0.5880560691197868,0.4380251072975041,0.774825845338175
Northern_Waterthrush_0036_177274.jpg,0.6457832309426881,0.5820417262871977,0.6896177207073845
Northern_Waterthrush_0005_177023.jpg,0.6358607964259005,0.5536553282623486,0.8236204222892808
Northern_Waterthrush_0027_177286.jpg,0.563056431458813,0.3551544136102063,0.6519014415851584
Northern_Waterthrush_0057_177291.jpg,0.6021186243547889,0.4820067597785084,0.805935077756218
Northern_Waterthrush_0097_177045.jpg,0.6342882705764248,0.5506418438732937,0.8211103524207183
Northern_Waterthrush_0047_177304.jpg,0.6433809339888353,0.5720065198909264,0.8070222008966224
Northern_Waterthrush_0073_177063.jpg,0.6542428954443051,0.5851515877158875,0.7836386809253104
Northern_Waterthrush_0110_177074.jpg,0.6757466971381558,0.6323990360998626,0.824652602289052
Northern_Waterthrush_0063_177346.jpg,0.668238129495427,0.6259648250226271,0.8121212236543629
Northern_Waterthrush_0086_177358.jpg,0.6271953794391281,0.5364793462009245,0.8267491560760744
Northern_Waterthrush_0062_177364.jpg,0.6773529524653015,0.647119279368235,0.8272575460946121
Northern_Waterthrush_0098_177116.jpg,0.6658358570326884,0.6205853366244299,0.7534111471710895
Northern_Waterthrush_0072_177121.jpg,0.6578751350476908,0.6164382009138345,0.8645782503173436
Northern_Waterthrush_0093_177141.jpg,0.6026754836290052,0.46738298280590806,0.7813499312261046
Northern_Waterthrush_0058_177143.jpg,0.6213018132681232,0.5128821994772512,0.7651992341475998
Northern_Waterthrush_0087_177148.jpg,0.6956654969682483,0.6842665152440927,0.8243868407132746
Louisiana_Waterthrush_0027_177539.jpg,0.6289463095818449,0.5394887572033418,0.8119429007748546
Louisiana_Waterthrush_0078_177444.jpg,0.6204643163320869,0.5011208964223499,0.6955491442288312
Louisiana_Waterthrush_0059_177449.jpg,0.6640957884080932,0.6184958065464063,0.8324968365495722
Louisiana_Waterthrush_0047_177523.jpg,0.5455051267267292,0.3262134534987078,0.7223017593326526
Louisiana_Waterthrush_0054_176977.jpg,0.686054628626195,0.6541989012283955,0.8174097353550434
Louisiana_Waterthrush_0016_795240.jpg,0.6643985995099144,0.5887634225746885,0.6521564347122973
Louisiana_Waterthrush_0053_795241.jpg,0.6834037977827274,0.6644351059155067,0.8371415896955481
Louisiana_Waterthrush_0030_795248.jpg,0.6266517461817178,0.5106071917606949,0.6357204249826959
Louisiana_Waterthrush_0040_795251.jpg,0.7152748889046632,0.7153422020563345,0.8066931744652276
Louisiana_Waterthrush_0079_795252.jpg,0.6830127727533801,0.6345309108220389,0.7959828272514774
Louisiana_Waterthrush_0010_795255.jpg,0.6702012615716537,0.6087496763390745,0.7049762613619807
Louisiana_Waterthrush_0076_795257.jpg,0.6583015583727089,0.5912062602537155,0.7046254421932767
Louisiana_Waterthrush_0007_795258.jpg,0.714265452294089,0.7177021545101723,0.898388848801683
Louisiana_Waterthrush_0066_795259.jpg,0.7115673140432361,0.7104232439436808,0.79927707048909
Louisiana_Waterthrush_0086_795263.jpg,0.6657139837630695,0.6142252153890118,0.8176993893454969
Louisiana_Waterthrush_0094_795264.jpg,0.6399164532816698,0.5411944286017266,0.7821441646072119
Louisiana_Waterthrush_0057_795270.jpg,0.6298966786942389,0.5423009293002103,0.8361584448258174
Louisiana_Waterthrush_0055_795280.jpg,0.6436854207994562,0.5532017627389527,0.705134736822695
Louisiana_Waterthrush_0033_795281.jpg,0.6877595562490807,0.6675550950122634,0.8552287467310481
Louisiana_Waterthrush_0081_795283.jpg,0.6862024933119624,0.6589756830363833,0.7861846322712933
Louisiana_Waterthrush_0088_795284.jpg,0.70310272681645,0.6924186683543951,0.8454863208179273
Louisiana_Waterthrush_0002_795285.jpg,0.6487249745816258,0.568916377690837,0.7374047707045213
Louisiana_Waterthrush_0073_177558.jpg,0.6805495890314273,0.6476399199494542,0.8507273163271962
Louisiana_Waterthrush_0019_177062.jpg,0.6209253704895153,0.5108394990747278,0.7647832739431865
Louisiana_Waterthrush_0052_177519.jpg,0.6406015250025389,0.555525180264862,0.7761192738350049
Louisiana_Waterthrush_0046_177604.jpg,0.7486225041476039,0.7824193829915427,0.892291158484723
Louisiana_Waterthrush_0064_177380.jpg,0.5656934714972355,0.39550607981452124,0.7281548316666315
Louisiana_Waterthrush_0032_177385.jpg,0.6440359513187666,0.5622608704530916,0.6864903351712239
Louisiana_Waterthrush_0058_177388.jpg,0.6650744547428027,0.6191510346701758,0.8194241606279506
Louisiana_Waterthrush_0022_177397.jpg,0.6028204251338627,0.4876020469276996,0.7177882881627682
Bohemian_Waxwing_0001_796680.jpg,0.7251858214892815,0.7309116763569288,0.8065552717409565
Bohemian_Waxwing_0068_796682.jpg,0.7039410045101769,0.6941322526253034,0.786749159430078
Bohemian_Waxwing_0062_796683.jpg,0.6519576852694777,0.5798506084718862,0.6985231146678464
Bohemian_Waxwing_0104_177676.jpg,0.6567069928570166,0.5955625238791238,0.678604193156132
Bohemian_Waxwing_0079_796687.jpg,0.629300536786283,0.5343800170327606,0.6711821634903345
Bohemian_Waxwing_0037_796638.jpg,0.7324172286749087,0.7548534441417974,0.8445632867513302
Bohemian_Waxwing_0084_796639.jpg,0.654097522462177,0.5853563551257862,0.7526642219272758
Bohemian_Waxwing_0115_177724.jpg,0.7021628567271161,0.6900495856096197,0.8208788401845646
Bohemian_Waxwing_0099_177747.jpg,0.5324222932485629,0.2897880456462847,0.5045957860474432
Bohemian_Waxwing_0098_178009.jpg,0.6967733355997315,0.6718312495548813,0.7563406099417299
Bohemian_Waxwing_0101_796653.jpg,0.7208060787673644,0.7347874022231539,0.8214653649386956
Bohemian_Waxwing_0078_796649.jpg,0.6960855857938963,0.6901513242516566,0.7950254342571561
Bohemian_Waxwing_0057_177784.jpg,0.6760854227033539,0.6218871271968478,0.6109352684334299
Bohemian_Waxwing_0102_796692.jpg,0.7274270909229503,0.7277233694731426,0.8057245785542289
Bohemian_Waxwing_0119_177942.jpg,0.6993963967123193,0.6762637088698069,0.6559818671860235
Bohemian_Waxwing_0004_796652.jpg,0.7122875159360437,0.7109804817221401,0.7773287870558877
Bohemian_Waxwing_0082_796655.jpg,0.6086504939787207,0.48175726752330217,0.5609465074294431
Bohemian_Waxwing_0121_796658.jpg,0.6335644150157382,0.5351915349647351,0.5788039016741847
Bohemian_Waxwing_0026_177845.jpg,0.6830295586977617,0.6503493950947443,0.8289718833337846
Bohemian_Waxwing_0054_796623.jpg,0.6919421066220903,0.6581585503942196,0.7194354730126367
Bohemian_Waxwing_0100_796627.jpg,0.701821072380578,0.6904764034657894,0.79954444277894
Bohemian_Waxwing_0050_796630.jpg,0.7021623356701159,0.6787700054407877,0.8171159486348266
Bohemian_Waxwing_0038_796632.jpg,0.578085960518249,0.39844158947504793,0.6519939494873381
Bohemian_Waxwing_0081_796636.jpg,0.6261484992763708,0.5255030957168927,0.6979769973581955
Bohemian_Waxwing_0041_177630.jpg,0.6791260372260552,0.6468148659877331,0.7956976824472213
Bohemian_Waxwing_0060_796642.jpg,0.6500517965831085,0.5810423942664885,0.5920280542698441
Bohemian_Waxwing_0056_796645.jpg,0.6596961652119575,0.6006343897621845,0.6582536415757168
Bohemian_Waxwing_0034_796646.jpg,0.7341962207671144,0.7512041345091458,0.8388769458965191
Bohemian_Waxwing_0036_796661.jpg,0.6873955325908087,0.675897364914508,0.850507131276332
Bohemian_Waxwing_0029_177915.jpg,0.7253064513451712,0.7452131360487159,0.883270683283971
Cedar_Waxwing_0034_179715.jpg,0.6058955982301057,0.4760895320121378,0.7324219613770767
Cedar_Waxwing_0028_179724.jpg,0.644330308747026,0.5681731300718964,0.7696476636237743
Cedar_Waxwing_0030_178202.jpg,0.6154671923166375,0.49852495156368726,0.7621069627925422
Cedar_Waxwing_0049_178723.jpg,0.6692694358392113,0.619187734338906,0.7684869646497443
Cedar_Waxwing_0033_178737.jpg,0.6238857641765196,0.5247952803062199,0.7883360304327929
Cedar_Waxwing_0024_178230.jpg,0.7157328670857644,0.7153632381283639,0.825520841353346
Cedar_Waxwing_0083_178743.jpg,0.6882670491831127,0.6610744425068709,0.7245457080491455
Cedar_Waxwing_0061_179305.jpg,0.6298606317859162,0.5389223948743422,0.6878119455393696
Cedar_Waxwing_0058_178795.jpg,0.6797327825419018,0.65107590921284,0.8476955392530272
Cedar_Waxwing_0015_178818.jpg,0.677710672776288,0.631216949184668,0.6546126778262538
Cedar_Waxwing_0057_178370.jpg,0.7188598362314959,0.722802867019019,0.8686213104270329
Cedar_Waxwing_0043_178321.jpg,0.6867171490111501,0.665578104237834,0.8312704333201352
Cedar_Waxwing_0069_179310.jpg,0.6505644511720154,0.5835670940277229,0.728188101000102
Cedar_Waxwing_0124_178857.jpg,0.6371553412091169,0.5442984616528523,0.7114150768837929
Cedar_Waxwing_0042_179391.jpg,0.6453589369239696,0.5782279690221803,0.74843764622036
Cedar_Waxwing_0074_178888.jpg,0.685187397897553,0.6548936541177239,0.8128926973195449
Cedar_Waxwing_0010_178891.jpg,0.5354503546466849,0.28637925692967314,0.6239970169277405
Cedar_Waxwing_0053_178892.jpg,0.6236881722765464,0.5297899525434977,0.6989027391534951
Cedar_Waxwing_0051_178385.jpg,0.6599804388792097,0.5924228299357437,0.6639041622452239
Cedar_Waxwing_0019_178654.jpg,0.7138876725597281,0.7161880054672454,0.8714044459916935
Cedar_Waxwing_0072_178058.jpg,0.7054312083076602,0.6943696321857558,0.7673257225965394
Cedar_Waxwing_0070_179007.jpg,0.6049106995725575,0.482362396351954,0.7473938842471033
Cedar_Waxwing_0059_178500.jpg,0.5339659996842103,0.29328799619091395,0.6939576207851316
Cedar_Waxwing_0002_179071.jpg,0.6086312595920872,0.4984806887821547,0.8228513601534383
Cedar_Waxwing_0107_179098.jpg,0.6967659935633606,0.6775649748374573,0.7714323661428122
Cedar_Waxwing_0075_179114.jpg,0.6426630544126058,0.5727514484989068,0.8302917566948669
Cedar_Waxwing_0113_178627.jpg,0.6581603848932949,0.6086960598625833,0.7503740546187356
Cedar_Waxwing_0011_179149.jpg,0.6607373355579388,0.5934858158791552,0.6785651948219414
Cedar_Waxwing_0100_178643.jpg,0.7350177880185919,0.74107918143609,0.7626070522314161
Cedar_Waxwing_0001_179170.jpg,0.673241601706769,0.6290466398107836,0.8162596886812652
American_Three_Toed_Woodpecker_0048_796163.jpg,0.6663242735161375,0.6066446721590302,0.46173809390292675
American_Three_Toed_Woodpecker_0034_796165.jpg,0.7313859773407005,0.7397860599183443,0.7818828090698365
American_Three_Toed_Woodpecker_0028_796175.jpg,0.7108099796027028,0.7052815801039198,0.8082531465511688
American_Three_Toed_Woodpecker_0040_796180.jpg,0.7152798508655791,0.7147759929999098,0.8218599535229524
American_Three_Toed_Woodpecker_0047_796185.jpg,0.7267259629329543,0.7358060686687204,0.7817949445003116
American_Three_Toed_Woodpecker_0050_796186.jpg,0.641521041380511,0.555722645025468,0.729098348382051
American_Three_Toed_Woodpecker_0019_179870.jpg,0.6814421758739511,0.6601937170572931,0.8703395118119099
American_Three_Toed_Woodpecker_0014_179882.jpg,0.7017604100360311,0.6883272373880231,0.8610882699635781
American_Three_Toed_Woodpecker_0003_179891.jpg,0.7208663124975122,0.7211599159173491,0.7508966666840496
American_Three_Toed_Woodpecker_0020_179828.jpg,0.6448610847695757,0.563516237031922,0.4318010185530662
American_Three_Toed_Woodpecker_0032_796170.jpg,0.6628249581006065,0.6045695282572531,0.6912539103057093
American_Three_Toed_Woodpecker_0005_179902.jpg,0.607872399735691,0.4713925012444977,0.7466796358870096
American_Three_Toed_Woodpecker_0023_179909.jpg,0.6510507098534516,0.5825706597114318,0.7234881663991842
American_Three_Toed_Woodpecker_0017_179830.jpg,0.7403752435015365,0.7547835368942793,0.7934289426084576
American_Three_Toed_Woodpecker_0022_179933.jpg,0.7242262566201483,0.7328201944159889,0.8975876450419936
American_Three_Toed_Woodpecker_0036_796146.jpg,0.7194133020189326,0.7153991871394247,0.7119690651734839
American_Three_Toed_Woodpecker_0045_796148.jpg,0.7277601180435351,0.7307473150145622,0.7377778380113756
American_Three_Toed_Woodpecker_0042_796149.jpg,0.7782144211230745,0.8159495110530016,0.8682094900067472
American_Three_Toed_Woodpecker_0026_796157.jpg,0.678527809703466,0.6445540358287674,0.7578864440622819
American_Three_Toed_Woodpecker_0035_796158.jpg,0.7257588550793135,0.7345315527617777,0.8069906613146824
Pileated_Woodpecker_0075_180480.jpg,0.5625982679464689,0.36726730221755355,0.7044777242630134
Pileated_Woodpecker_0012_179976.jpg,0.7038357243668563,0.6868546743648024,0.7820654262851361
Pileated_Woodpecker_0013_180746.jpg,0.5760473801525737,0.392386688186653,0.6409351367889914
Pileated_Woodpecker_0082_180523.jpg,0.5748420663699639,0.3959375767412483,0.7373047730783897
Pileated_Woodpecker_0039_180012.jpg,0.6309956227214466,0.538723955592632,0.7241575409160181
Pileated_Woodpecker_0002_180024.jpg,0.703207814936663,0.6866182718794418,0.76224240302517
Pileated_Woodpecker_0121_180026.jpg,0.6759062695260396,0.634816982803861,0.7512436069001227
Pileated_Woodpecker_0070_180034.jpg,0.6033815627692212,0.46654649222824895,0.6804575347928504
Pileated_Woodpecker_0067_179979.jpg,0.6722730821268972,0.6440222315668978,0.7987360087829979
Pileated_Woodpecker_0083_180038.jpg,0.6325492183330015,0.5369843199298562,0.7975607316609086
Pileated_Woodpecker_0074_180306.jpg,0.6034313326031635,0.46056346179251717,0.6830122229334964
Pileated_Woodpecker_0015_180072.jpg,0.6662740727846941,0.620268786728637,0.8168979532952424
Pileated_Woodpecker_0123_180076.jpg,0.6536978194096066,0.6022631775370557,0.7988771047407147
Pileated_Woodpecker_0080_180589.jpg,0.5817693303434767,0.415106185642958,0.6872295713272086
Pileated_Woodpecker_0091_180343.jpg,0.5356080069447744,0.2656506501061453,0.5029553229471577
Pileated_Woodpecker_0073_180345.jpg,0.5961873472704158,0.4436984456027513,0.7349033830031728
Pileated_Woodpecker_0009_180460.jpg,0.6154663500611177,0.49460145445377446,0.7754622642929281
Pileated_Woodpecker_0093_180205.jpg,0.6663056821774521,0.6289152353930987,0.8334419176753824
Pileated_Woodpecker_0026_180078.jpg,0.6576800682201165,0.6037351684163819,0.8021528551472221
Pileated_Woodpecker_0097_180392.jpg,0.6442349971777139,0.5785670664442732,0.7773487093036174
Pileated_Woodpecker_0118_180138.jpg,0.6351246237996366,0.5392837162705345,0.6582772130045793
Pileated_Woodpecker_0050_180398.jpg,0.661060515167299,0.594211054675346,0.7065473536904783
Pileated_Woodpecker_0086_180096.jpg,0.6913341147252386,0.660771331847738,0.7673641731013521
Pileated_Woodpecker_0098_180170.jpg,0.7086802342015226,0.6966735028417128,0.7657899607004691
Pileated_Woodpecker_0060_180443.jpg,0.6306838900094804,0.5428517068335033,0.7468043117905463
Pileated_Woodpecker_0106_180446.jpg,0.5673434850108584,0.36404663471945375,0.6606479188651089
Pileated_Woodpecker_0114_180455.jpg,0.5792328572669373,0.41289119402881946,0.7213327918907617
Pileated_Woodpecker_0041_180461.jpg,0.6926553971364258,0.6664908959081279,0.7658682925318222
Pileated_Woodpecker_0027_179956.jpg,0.6239549681812788,0.5289600232858005,0.6554015167264853
Pileated_Woodpecker_0053_179960.jpg,0.6064343303001531,0.4621650978962897,0.6043966188178497
Red_Bellied_Woodpecker_0079_181010.jpg,0.6670456213658074,0.6216682054492375,0.72618338688684
Red_Bellied_Woodpecker_0049_180755.jpg,0.6877375913804383,0.6538321418720413,0.689103462215091
Red_Bellied_Woodpecker_0025_180756.jpg,0.6385064440553707,0.552616488485145,0.7804205915333119
Red_Bellied_Woodpecker_0106_180757.jpg,0.6125318580036208,0.515311649960098,0.8352172548888086
Red_Bellied_Woodpecker_0016_180760.jpg,0.6776192253075345,0.6544500354375484,0.8590702296218846
Red_Bellied_Woodpecker_0015_182320.jpg,0.6663992859614201,0.6186704363813189,0.7755520669025918
Red_Bellied_Woodpecker_0075_180788.jpg,0.6763188484686782,0.6329275042872764,0.7549179886517526
Red_Bellied_Woodpecker_0081_182336.jpg,0.6627067215336626,0.610861262442527,0.7386640845739478
Red_Bellied_Woodpecker_0039_180814.jpg,0.6165889267554776,0.4989024807636163,0.7324638099272839
Red_Bellied_Woodpecker_0032_181587.jpg,0.5973624758865896,0.4566590659928932,0.7008735493972473
Red_Bellied_Woodpecker_0044_181122.jpg,0.6881672291038727,0.6621280220605592,0.6562597095921192
Red_Bellied_Woodpecker_0097_181363.jpg,0.6949005582142559,0.6823533609151754,0.8592821112608331
Red_Bellied_Woodpecker_0008_180858.jpg,0.6220812083809792,0.5222639153861769,0.6098045792414724
Red_Bellied_Woodpecker_0078_181887.jpg,0.6278838874240655,0.5440522332673021,0.7536575803492679
Red_Bellied_Woodpecker_0071_180866.jpg,0.6115098927606042,0.5043227859133519,0.8018971824014551
Red_Bellied_Woodpecker_0089_181907.jpg,0.6783283482036789,0.6480560445971667,0.8603698918098289
Red_Bellied_Woodpecker_0035_181913.jpg,0.6962456685788144,0.6879653366394236,0.8259525398853
Red_Bellied_Woodpecker_0054_182031.jpg,0.7000057216956976,0.6952544239414773,0.8845815830476392
Red_Bellied_Woodpecker_0070_181182.jpg,0.7040309324548556,0.698398634047597,0.8598098550346669
Red_Bellied_Woodpecker_0023_181958.jpg,0.6988651549945029,0.6917278130605532,0.8255773345536312
Red_Bellied_Woodpecker_0074_180936.jpg,0.6697257597243327,0.624640230341637,0.6776874655959416
Red_Bellied_Woodpecker_0091_180938.jpg,0.7206271198153509,0.7289897133795096,0.8134967741316114
Red_Bellied_Woodpecker_0056_180946.jpg,0.7190524990738293,0.7231352883783793,0.7992385626545577
Red_Bellied_Woodpecker_0095_180948.jpg,0.6762717450119671,0.6528012740871019,0.8410348434987576
Red_Bellied_Woodpecker_0068_180949.jpg,0.7337831359425016,0.7563260453162806,0.8825941930128972
Red_Bellied_Woodpecker_0092_182235.jpg,0.7171631824206456,0.7128538789150674,0.6848903525027118
Red_Bellied_Woodpecker_0108_180956.jpg,0.6918044351896251,0.6676679473675814,0.7751655309200713
Red_Bellied_Woodpecker_0007_182242.jpg,0.6938168024021993,0.6729560634411202,0.8147832803439548
Red_Bellied_Woodpecker_0031_180975.jpg,0.675459038405427,0.6400475443289824,0.6898835119270239
Red_Bellied_Woodpecker_0123_182116.jpg,0.6910971562849643,0.6811019593339738,0.8976495625474322
Red_Cockaded_Woodpecker_0008_794753.jpg,0.7122409764347214,0.7001922310152062,0.7707669907134613
Red_Cockaded_Woodpecker_0041_182408.jpg,0.6921679097668519,0.6805482122833334,0.8540052097722639
Red_Cockaded_Woodpecker_0009_182540.jpg,0.6281339818331371,0.5347999881101267,0.7611993880657615
Red_Cockaded_Woodpecker_0001_182541.jpg,0.5755981485587442,0.3938485990547276,0.7709236200792279
Red_Cockaded_Woodpecker_0042_182373.jpg,0.7630870919122898,0.7893303286310214,0.901660726880364
Red_Cockaded_Woodpecker_0035_182435.jpg,0.6592609888562957,0.6108852947887191,0.7996483823937545
Red_Cockaded_Woodpecker_0048_182599.jpg,0.6392044630633038,0.5635836704925044,0.8043601554573871
Red_Cockaded_Woodpecker_0049_182452.jpg,0.645225946873648,0.5622601471534383,0.6641271756900068
Red_Cockaded_Woodpecker_0061_794728.jpg,0.6716719761451891,0.6343598900926718,0.7965128598800788
Red_Cockaded_Woodpecker_0051_182347.jpg,0.7362042885486169,0.7629233446615645,0.8827832584985965
Red_Cockaded_Woodpecker_0003_794695.jpg,0.6921617638485296,0.6653530424962486,0.8364885720590339
Red_Cockaded_Woodpecker_0053_794707.jpg,0.6820922757285514,0.6451399417673377,0.7034210278181975
Red_Cockaded_Woodpecker_0024_794708.jpg,0.7018963136646748,0.696527540346377,0.8728678486142175
Red_Cockaded_Woodpecker_0025_794710.jpg,0.6937103246846281,0.6692338290994528,0.8337060397929277
Red_Cockaded_Woodpecker_0030_794711.jpg,0.7085215273640413,0.69961723556271,0.8105858989552241
Red_Cockaded_Woodpecker_0017_794712.jpg,0.6696068924566437,0.6268732213813023,0.7447763623599436
Red_Cockaded_Woodpecker_0016_182493.jpg,0.6541744337531175,0.5830393273612906,0.789918155434175
Red_Cockaded_Woodpecker_0014_794718.jpg,0.6531397486255639,0.5765769208487264,0.5729375389779813
Red_Cockaded_Woodpecker_0038_794719.jpg,0.6964433428241728,0.6768012765937694,0.792374073911841
Red_Cockaded_Woodpecker_0034_794720.jpg,0.6455927104358756,0.568263735629929,0.7108223604553888
Red_Cockaded_Woodpecker_0047_794704.jpg,0.6393733366600742,0.5561143075228767,0.6550566009464694
Red_Cockaded_Woodpecker_0046_794722.jpg,0.7159611459464179,0.7256018538053682,0.8556595592449117
Red_Cockaded_Woodpecker_0057_794725.jpg,0.6174452111944914,0.4859907862561199,0.4961045244638822
Red_Cockaded_Woodpecker_0044_182374.jpg,0.672385796803942,0.6378906642328481,0.7936116469357223
Red_Cockaded_Woodpecker_0045_794727.jpg,0.6414505335644018,0.5617705294507034,0.7941676983796441
Red_Cockaded_Woodpecker_0056_794734.jpg,0.7159057709385307,0.7041440216162057,0.7794643417763638
Red_Cockaded_Woodpecker_0031_794737.jpg,0.6850371773504296,0.6465658445293994,0.6685375647104664
Red_Cockaded_Woodpecker_0013_794740.jpg,0.7499214760623814,0.7762526143537091,0.8010835896708869
Red_Cockaded_Woodpecker_0050_794743.jpg,0.7583244706567653,0.7935179863066772,0.855656344030908
Red_Headed_Woodpecker_0073_182784.jpg,0.5673747285866935,0.38992406510144084,0.7350500866282149
Red_Headed_Woodpecker_0024_183297.jpg,0.6530111174511141,0.5935503299898942,0.7801115619160839
Red_Headed_Woodpecker_0092_182787.jpg,0.6585045264074059,0.5922562109771842,0.7410012811701797
Red_Headed_Woodpecker_0087_183271.jpg,0.7344042525032133,0.7453307917447376,0.8615723311781907
Red_Headed_Woodpecker_0034_182806.jpg,0.6907354563441883,0.6707986953347078,0.8478746138870219
Red_Headed_Woodpecker_0029_183337.jpg,0.6825894399405603,0.6503226249224702,0.7352604971987782
Red_Headed_Woodpecker_0058_183086.jpg,0.5477052756440821,0.33566267673219674,0.7248101153978517
Red_Headed_Woodpecker_0045_182832.jpg,0.6805587926543821,0.6490849652422278,0.7812499300460484
Red_Headed_Woodpecker_0042_182834.jpg,0.613349470932256,0.5047775202549065,0.7861414640096612
Red_Headed_Woodpecker_0031_183096.jpg,0.6606693677211442,0.6141080258124719,0.8067640082929408
Red_Headed_Woodpecker_0086_182715.jpg,0.6249499079973975,0.5196221397955196,0.7787816992655119
Red_Headed_Woodpecker_0065_182863.jpg,0.650425139412988,0.579230780193065,0.7629096324074397
Red_Headed_Woodpecker_0006_183383.jpg,0.6750493997948028,0.632916058448699,0.7257567128380411
Red_Headed_Woodpecker_0109_183385.jpg,0.673789153070401,0.6311736006525965,0.6426019212303105
Red_Headed_Woodpecker_0044_183141.jpg,0.6342390026290179,0.5537672683904193,0.7917002553159096
Red_Headed_Woodpecker_0091_183144.jpg,0.6576383973346756,0.5924622740945646,0.7386850034194813
Red_Headed_Woodpecker_0049_183229.jpg,0.7289500081090676,0.747680376129956,0.892917396913322
Red_Headed_Woodpecker_0089_183435.jpg,0.7267514131808019,0.7397474601917735,0.850763950481516
Red_Headed_Woodpecker_0093_182925.jpg,0.6940021929933122,0.6789098760004927,0.8116965273167456
Red_Headed_Woodpecker_0039_183446.jpg,0.5631107556415892,0.3757848364718325,0.7377805724778081
Red_Headed_Woodpecker_0018_183455.jpg,0.5905196662317445,0.42400766375700805,0.6681151407436822
Red_Headed_Woodpecker_0067_183710.jpg,0.6358615321994484,0.5367107586487743,0.7463179332845674
Red_Headed_Woodpecker_0032_182815.jpg,0.5927825580372091,0.45471005804599407,0.7276630699188703
Red_Headed_Woodpecker_0051_182724.jpg,0.6660401888981222,0.6130463329422826,0.7471335891381079
Red_Headed_Woodpecker_0085_182703.jpg,0.6346450454878814,0.5595880824589711,0.821251323568927
Red_Headed_Woodpecker_0084_183004.jpg,0.6914809530580228,0.6681335086494602,0.7592294502415124
Red_Headed_Woodpecker_0099_183524.jpg,0.6210415816455828,0.5259569892508684,0.7148038071282338
Red_Headed_Woodpecker_0038_183280.jpg,0.49866921138369036,0.16998971371812588,0.60267854755169
Red_Headed_Woodpecker_0027_183029.jpg,0.716735354592646,0.72008659437829,0.8165367074839618
Red_Headed_Woodpecker_0107_183290.jpg,0.6424631213251769,0.5727149907452573,0.8091802536235069
Downy_Woodpecker_0116_184326.jpg,0.6990843610949372,0.6903429842574331,0.8194650620831477
Downy_Woodpecker_0124_184364.jpg,0.664423531482891,0.6218825633161507,0.7900715670010866
Downy_Woodpecker_0078_184375.jpg,0.602721597916412,0.47900238808435347,0.8059171375852023
Downy_Woodpecker_0059_184396.jpg,0.6915944382555326,0.6565090288082911,0.5478517769194254
Downy_Woodpecker_0072_184401.jpg,0.7064089974564931,0.7029344617617115,0.8487928847375659
Downy_Woodpecker_0132_184408.jpg,0.7304799600527221,0.7525808603203453,0.8738856410349776
Downy_Woodpecker_0113_184413.jpg,0.6898982336357811,0.6788801334629522,0.8092794267675922
Downy_Woodpecker_0074_183907.jpg,0.6846624626963358,0.6529611185225056,0.8404179658045754
Downy_Woodpecker_0056_183913.jpg,0.6883584645036493,0.6740456491150948,0.8792779486827816
Downy_Woodpecker_0082_183922.jpg,0.6894927678095797,0.676492592526853,0.8672281525437507
Downy_Woodpecker_0120_183926.jpg,0.6784437021892813,0.6460991417549707,0.7854362508836413
Downy_Woodpecker_0027_183940.jpg,0.7028055014430326,0.6881200055886276,0.7943554682795185
Downy_Woodpecker_0094_184478.jpg,0.6736189091416714,0.6373379599195583,0.8504117578721225
Downy_Woodpecker_0037_183968.jpg,0.6889592546143055,0.6609555914888847,0.6658356754680564
Downy_Woodpecker_0001_184484.jpg,0.699567487240927,0.6826980980483759,0.7893763832301256
Downy_Woodpecker_0058_184520.jpg,0.7018482441885083,0.6839897023659097,0.8434802431101077
Downy_Woodpecker_0091_184537.jpg,0.6835251675072254,0.6608605171518336,0.8167815762479368
Downy_Woodpecker_0006_184538.jpg,0.7024675035336347,0.697936803413595,0.9021428201527699
Downy_Woodpecker_0029_184046.jpg,0.7085869704380962,0.7155787605127004,0.88579218653121
Downy_Woodpecker_0036_184048.jpg,0.6420925796055201,0.5799346166279551,0.8180478266046717
Downy_Woodpecker_0131_184446.jpg,0.6912554797704509,0.675964042118284,0.8134679691759407
Downy_Woodpecker_0098_184567.jpg,0.6589157709150604,0.5940137237476695,0.636417491442457
Downy_Woodpecker_0100_184584.jpg,0.5993905385781423,0.4619230462854521,0.7177536876927977
Downy_Woodpecker_0028_184131.jpg,0.7220968183115031,0.7396421505909669,0.8730336371282472
Downy_Woodpecker_0025_184545.jpg,0.7170178071229418,0.7131485734502849,0.6968591152053458
Downy_Woodpecker_0004_184648.jpg,0.6950350828150513,0.6861810292968631,0.8626683856548628
Downy_Woodpecker_0048_184164.jpg,0.7230753522292679,0.7322778058190071,0.7936172934612329
Downy_Woodpecker_0039_184243.jpg,0.7077145855143923,0.7035939053069691,0.7924213711322795
Downy_Woodpecker_0061_184285.jpg,0.6930048888395798,0.6762743594038894,0.8418882839592756
Downy_Woodpecker_0125_184656.jpg,0.7157969953120102,0.7154089940215331,0.7799042055158957
Bewick_Wren_0056_184834.jpg,0.6938690304902608,0.6685376478726179,0.7884128306489722
Bewick_Wren_0087_184918.jpg,0.6553860982778048,0.6058775595529879,0.848866335668936
Bewick_Wren_0139_184839.jpg,0.6392209913586284,0.5578498692358405,0.7698840312578596
Bewick_Wren_0060_185366.jpg,0.726333836392562,0.737643836604993,0.8427131075595026
Bewick_Wren_0032_184870.jpg,0.6103272893404498,0.49700438998497287,0.7908750232542672
Bewick_Wren_0070_184892.jpg,0.645755169103665,0.5680488940762295,0.7385701510763591
Bewick_Wren_0061_184898.jpg,0.6396865976806531,0.5476096057902495,0.634308631224597
Bewick_Wren_0092_184901.jpg,0.6710362040501942,0.6331733710074043,0.7758280596943901
Bewick_Wren_0051_185425.jpg,0.6719642877469154,0.6415471767679601,0.8288141018686518
Bewick_Wren_0066_184928.jpg,0.6294722618279256,0.5448459930176224,0.7743127957837124
Bewick_Wren_0121_184765.jpg,0.5569424942647784,0.36004619084889056,0.6996705986588484
Bewick_Wren_0085_185474.jpg,0.6560660172939838,0.5820517195849586,0.683266852597708
Bewick_Wren_0016_184999.jpg,0.6423372269953613,0.5817854795014894,0.8186116765151105
Bewick_Wren_0106_185013.jpg,0.6424879895363782,0.5803633373939407,0.8155085396162802
Bewick_Wren_0082_185021.jpg,0.6351347728678121,0.5633111275015843,0.8153926413134653
Bewick_Wren_0075_185046.jpg,0.6603249581125759,0.6025358227883457,0.7503160440861513
Bewick_Wren_0073_185049.jpg,0.4949149559855748,0.16624685685224205,0.60089518299099
Bewick_Wren_0123_185069.jpg,0.4057560089627409,-0.11893965825245756,0.14177954065111323
Bewick_Wren_0113_185113.jpg,0.6310461128829135,0.5450867681960063,0.8010507855995016
Bewick_Wren_0017_185127.jpg,0.6792053212304814,0.6449964054061144,0.797903637698558
Bewick_Wren_0096_185139.jpg,0.6792920242631488,0.6548404403098763,0.7864925890037112
Bewick_Wren_0118_185169.jpg,0.6379857519219332,0.5580163135345648,0.7502597909341504
Bewick_Wren_0109_185170.jpg,0.6080535381024217,0.4852467045630937,0.7588960576553406
Bewick_Wren_0005_184699.jpg,0.6595226962457466,0.6272197480052513,0.8185044106752599
Bewick_Wren_0027_185212.jpg,0.6202176191281474,0.5081557034117424,0.6406731893000892
Bewick_Wren_0055_185230.jpg,0.6530160648985752,0.5693039957727614,0.6170356510609489
Bewick_Wren_0127_184756.jpg,0.7216279548300082,0.7266148431007549,0.8357092188084653
Bewick_Wren_0052_184760.jpg,0.5949572235126128,0.44127736681183294,0.6352110241801695
Bewick_Wren_0014_184810.jpg,0.6058531469102669,0.47208936904106347,0.7533881390809188
Bewick_Wren_0037_185332.jpg,0.6266134575325524,0.5493863624168522,0.7899263366354857
Cactus_Wren_0040_185859.jpg,0.7374561443463883,0.7513695274490719,0.7266287202920194
Cactus_Wren_0009_185871.jpg,0.5890385281922539,0.4331194328060637,0.7562752223966023
Cactus_Wren_0088_185873.jpg,0.6650735970307093,0.6299616473806373,0.8702262512002731
Cactus_Wren_0056_185626.jpg,0.6665253169400167,0.6236292049648265,0.8361258842067301
Cactus_Wren_0101_185627.jpg,0.7027132709899366,0.6894302091041588,0.816571297519671
Cactus_Wren_0095_185633.jpg,0.6778503424034168,0.6385461648267197,0.7689453395055964
Cactus_Wren_0007_185634.jpg,0.6496328021654898,0.5748537487058365,0.8516610188483441
Cactus_Wren_0027_185893.jpg,0.6504144222285417,0.5800237603836198,0.8061037483090512
Cactus_Wren_0115_185895.jpg,0.6218303055273524,0.5304819622374672,0.8314440492271165
Cactus_Wren_0096_185898.jpg,0.6334174851067531,0.5418848403308754,0.7672110852979104
Cactus_Wren_0102_185902.jpg,0.6971259343410188,0.6835143453664347,0.7884934911761359
Cactus_Wren_0116_185927.jpg,0.6784513360548214,0.6338560623058223,0.728125190893581
Cactus_Wren_0002_185680.jpg,0.6820081239196222,0.6550590263616087,0.799146406130454
Cactus_Wren_0092_185951.jpg,0.6512320190794516,0.5636883306609507,0.5611948519393182
Cactus_Wren_0120_185956.jpg,0.7003402979643754,0.7002637702596582,0.8764437324236238
Cactus_Wren_0014_185993.jpg,0.7069053328715881,0.6932474062062949,0.7306600942282481
Cactus_Wren_0017_185745.jpg,0.5740918892289752,0.3988111870907176,0.7576011965118428
Cactus_Wren_0077_186003.jpg,0.7199842349402126,0.7293446659578418,0.8343525146497304
Cactus_Wren_0124_185501.jpg,0.7058616184147439,0.6970698492892902,0.8163900999597627
Cactus_Wren_0046_186017.jpg,0.6032480883113696,0.46486074251884735,0.7733490271099857
Cactus_Wren_0042_185514.jpg,0.6980921352418906,0.6897901247317286,0.8229067418111005
Cactus_Wren_0085_185515.jpg,0.6649201409027903,0.5974776683700498,0.5795502506844334
Cactus_Wren_0067_186034.jpg,0.7514339500034308,0.7794158309536582,0.8010029590706038
Cactus_Wren_0114_185532.jpg,0.7078411878735916,0.709359761155395,0.8441329868850277
Cactus_Wren_0004_185797.jpg,0.7089014306087088,0.7092563520010002,0.8503442842730428
Cactus_Wren_0076_186067.jpg,0.6747812203288395,0.6494785423334289,0.8486195088538206
Cactus_Wren_0045_185556.jpg,0.5495759712949042,0.3541786413419452,0.5829654182284427
Cactus_Wren_0079_185560.jpg,0.6834542550047805,0.6544663110478476,0.7666114259850921
Cactus_Wren_0036_185563.jpg,0.7179669057908018,0.7198768763430077,0.872420151779313
Cactus_Wren_0063_185589.jpg,0.5976033866028507,0.45500644116541844,0.6415324149256011
Carolina_Wren_0130_186369.jpg,0.6577133085719683,0.6090279831738172,0.8597088080737814
Carolina_Wren_0062_186390.jpg,0.585001129397877,0.4456019879991443,0.8063335599489972
Carolina_Wren_0080_186919.jpg,0.6905778231715979,0.6635815079824225,0.717914853936221
Carolina_Wren_0082_186421.jpg,0.7040738851327244,0.6956647616534282,0.8053607952718681
Carolina_Wren_0090_186942.jpg,0.6756094651926159,0.631721049344689,0.6873249483301341
Carolina_Wren_0001_186455.jpg,0.6461709431725127,0.5804905454433891,0.7985657957463783
Carolina_Wren_0125_187009.jpg,0.7329949238698337,0.7553605471757319,0.8634792749624889
Carolina_Wren_0002_186506.jpg,0.7332838369420964,0.7522048468968348,0.8310380768564741
Carolina_Wren_0028_186526.jpg,0.6968923819039106,0.6913874664919339,0.8097686817914175
Carolina_Wren_0019_186527.jpg,0.604735297228139,0.48313551270526955,0.6150192891528992
Carolina_Wren_0032_186566.jpg,0.7041952909030385,0.7051627924303161,0.8849473223384344
Carolina_Wren_0078_186570.jpg,0.6658363317924147,0.6253984258450465,0.8076913960204807
Carolina_Wren_0073_186587.jpg,0.649981677933573,0.5938611379620293,0.8338082090133969
Carolina_Wren_0108_186089.jpg,0.6556109044818599,0.6139796128760382,0.8823491759101902
Carolina_Wren_0005_186109.jpg,0.6695340047689609,0.6374083392601866,0.7807833779607096
Carolina_Wren_0044_186645.jpg,0.6166212205704849,0.5132057820144066,0.6964229897394075
Carolina_Wren_0126_186654.jpg,0.6870948929535909,0.6611004007303868,0.8064518660910257
Carolina_Wren_0119_186153.jpg,0.7014715863021052,0.6917433733560896,0.800616915414076
Carolina_Wren_0021_186683.jpg,0.6740431161589217,0.6476374422416191,0.8142678748321157
Carolina_Wren_0031_186713.jpg,0.672751420173704,0.6345543121118464,0.7772111909622368
Carolina_Wren_0036_186722.jpg,0.6374615631382567,0.56599200408082,0.8352044067666763
Carolina_Wren_0069_186230.jpg,0.6795926550550633,0.640644208069068,0.7351966698203009
Carolina_Wren_0077_186294.jpg,0.6923103070717529,0.6753096726947809,0.7962864293755717
Carolina_Wren_0060_186296.jpg,0.7331755857016968,0.7538489188872358,0.854155192433138
Carolina_Wren_0066_186818.jpg,0.6345580918618658,0.5664504892110036,0.8094650996173116
Carolina_Wren_0068_186830.jpg,0.655696948794837,0.6119952769785363,0.8335551482106088
Carolina_Wren_0083_186324.jpg,0.7399423737284181,0.767665009499594,0.8893543350532599
Carolina_Wren_0102_186332.jpg,0.689451669963782,0.6713675059872045,0.7953323377451866
Carolina_Wren_0006_186742.jpg,0.678555540186996,0.6599691027701191,0.854548431459461
Carolina_Wren_0011_186871.jpg,0.70425326031331,0.7029328889022122,0.8353315821568881
House_Wren_0061_187911.jpg,0.6945743711210269,0.6742196843002968,0.7198226104086458
House_Wren_0004_187448.jpg,0.6417511506492852,0.5776377272378039,0.8151616310364764
House_Wren_0012_187973.jpg,0.7178906696336518,0.7215998925511624,0.7860508883671427
House_Wren_0103_187466.jpg,0.6288438810824362,0.5418664734792422,0.716263299140438
House_Wren_0064_187489.jpg,0.5788247266956311,0.4167312417494953,0.7378588767553456
House_Wren_0005_187493.jpg,0.6388130887561018,0.5771069060482226,0.85348018617654
House_Wren_0016_188006.jpg,0.5981374174675129,0.4612643180966326,0.6505787544208989
House_Wren_0114_188016.jpg,0.7342591373295179,0.7546803891126984,0.8803935132987526
House_Wren_0057_187157.jpg,0.7192820361997305,0.7250104474335999,0.7926997021509715
House_Wren_0047_188036.jpg,0.6413350450009839,0.5622363368370207,0.7346215469674054
House_Wren_0123_187095.jpg,0.6626104563541513,0.6091080988107052,0.8152623462066217
House_Wren_0042_187098.jpg,0.6250297357084931,0.5343766965129197,0.7985837320041677
House_Wren_0092_187100.jpg,0.6203922424116461,0.521598886043162,0.7604985210385942
House_Wren_0110_187111.jpg,0.6941955089821643,0.6734241191728833,0.8116651862885987
House_Wren_0034_187120.jpg,0.5695722760456617,0.404667701488862,0.7930289934152742
House_Wren_0101_187133.jpg,0.6957545828384133,0.6934435410862807,0.8543457723462121
House_Wren_0025_187160.jpg,0.7137518976085434,0.7078864113046754,0.8089891222221288
House_Wren_0139_187177.jpg,0.7405289973973391,0.7603437204626435,0.8276453329579363
House_Wren_0137_187273.jpg,0.664227430902125,0.6194801942464648,0.8604528475232229
House_Wren_0023_187192.jpg,0.6315427618208165,0.5558329697117947,0.7931790687542841
House_Wren_0062_187194.jpg,0.6825948243050637,0.6508256170621096,0.8168651653903608
House_Wren_0043_187224.jpg,0.6657788742140236,0.6115330875777143,0.7155834702024205
House_Wren_0099_187240.jpg,0.6067212208311998,0.47826523745296323,0.7338384439966447
House_Wren_0090_187762.jpg,0.6265543993652631,0.544388624887447,0.8165816372757387
House_Wren_0125_187251.jpg,0.6580593039325606,0.60943114289708,0.7903851727338671
House_Wren_0086_187815.jpg,0.727059839676359,0.7342477984905258,0.8290456051217567
House_Wren_0017_187330.jpg,0.7192663337055918,0.7185646452534046,0.7690771486305608
House_Wren_0022_187848.jpg,0.682775507459251,0.656283649066832,0.8064488147889156
House_Wren_0098_187368.jpg,0.6376949062703812,0.5379271570360392,0.7098092392388277
House_Wren_0118_187383.jpg,0.5991544981787913,0.47233610216183586,0.7753357946814478
Marsh_Wren_0043_188426.jpg,0.6515383927171206,0.5909658032956759,0.7692465512030294
Marsh_Wren_0110_188434.jpg,0.5627907823081553,0.36947181612124325,0.6884091661912886
Marsh_Wren_0115_188443.jpg,0.7097722588362928,0.692983301344114,0.7998615218724869
Marsh_Wren_0049_188540.jpg,0.6783958723072344,0.6423387665869342,0.7936961582979746
Marsh_Wren_0106_188100.jpg,0.7032804933003662,0.6901394085455662,0.8600507361447861
Marsh_Wren_0099_188579.jpg,0.6203588424602522,0.5172374611634987,0.7590466084721195
Marsh_Wren_0053_188276.jpg,0.6832564057795707,0.6529979294702803,0.7433467816858582
Marsh_Wren_0076_188108.jpg,0.6660510359933356,0.6093725189306627,0.7580383491196095
Marsh_Wren_0071_188111.jpg,0.730129582559031,0.7358636146477184,0.8527126268430903
Marsh_Wren_0055_188123.jpg,0.7276724980633776,0.7431228942135234,0.8587676503123264
Marsh_Wren_0102_188654.jpg,0.6975618442529394,0.6753881859389177,0.7560355396548687
Marsh_Wren_0050_188657.jpg,0.611087029470101,0.5088564285646857,0.8013943752244177
Marsh_Wren_0117_188676.jpg,0.6643838077827595,0.6010349438946055,0.774608650906468
Marsh_Wren_0082_188699.jpg,0.6116407006432643,0.5031929194376962,0.7639324244250224
Marsh_Wren_0004_188188.jpg,0.7638487568871517,0.7970540855940542,0.9000085466890465
Marsh_Wren_0145_188193.jpg,0.6936322526662094,0.6797672154345269,0.8576119121715797
Marsh_Wren_0042_188195.jpg,0.7534411330383433,0.7877144326985234,0.8737608703931795
Marsh_Wren_0070_188205.jpg,0.7276593626217667,0.747990377426146,0.9022407590310302
Marsh_Wren_0134_188213.jpg,0.6443919030699417,0.5444526520448436,0.5984631426820336
Marsh_Wren_0072_188764.jpg,0.6767859193984154,0.6255606351149954,0.8143296386266501
Marsh_Wren_0051_188260.jpg,0.7237557377983339,0.7307170279683357,0.8555705910373081
Marsh_Wren_0069_188776.jpg,0.6929491253658696,0.6653772143618242,0.759927169213269
Marsh_Wren_0108_188788.jpg,0.6576322463913227,0.5997431874278488,0.762950182220683
Marsh_Wren_0022_188280.jpg,0.6458265661055689,0.5673452677607957,0.7193323300700795
Marsh_Wren_0028_188797.jpg,0.6877115498559994,0.6716748773247796,0.8490565871271459
Marsh_Wren_0080_188812.jpg,0.619772439199008,0.5095868426030904,0.6134188855345715
Marsh_Wren_0015_188852.jpg,0.696845337614338,0.6754350588059939,0.7905928292209947
Marsh_Wren_0147_188367.jpg,0.654657554075774,0.5961369128064948,0.8207048633810081
Marsh_Wren_0048_188370.jpg,0.6874583190248222,0.6490080580154098,0.7830553126823
Marsh_Wren_0119_188404.jpg,0.5504225443188223,0.3166010995700712,0.5149353294122685
Rock_Wren_0127_188931.jpg,0.5818825951687692,0.4202840077201324,0.7648632357638334
Rock_Wren_0034_187656.jpg,0.5805609315851248,0.4324567583437223,0.7725655166472161
Rock_Wren_0098_188947.jpg,0.6031217685144463,0.4683008120385215,0.5571600661411392
Rock_Wren_0073_188952.jpg,0.6141136093863024,0.4930552740324565,0.8143229948907679
Rock_Wren_0078_188960.jpg,0.7107861693531293,0.703923871175931,0.8193990758875905
Rock_Wren_0041_189227.jpg,0.6254882340088973,0.523461075272375,0.6900692788601757
Rock_Wren_0065_188995.jpg,0.6198947580873027,0.5250752251553356,0.776486713011746
Rock_Wren_0035_188998.jpg,0.733541450339368,0.7418932730505792,0.8190743400581009
Rock_Wren_0025_188897.jpg,0.48756669341864345,0.15189557328339742,0.7512292818136936
Rock_Wren_0037_189256.jpg,0.6987125924293804,0.6798270253654846,0.7625271758257325
Rock_Wren_0042_189006.jpg,0.6567194386940356,0.5928239517538971,0.6417225466729414
Rock_Wren_0066_189034.jpg,0.6490864581344447,0.5943346270070899,0.8609094456429446
Rock_Wren_0094_189037.jpg,0.653651280947787,0.606497526239721,0.8620597284098893
Rock_Wren_0036_189245.jpg,0.6747737151163927,0.6259776289300363,0.6947053716627314
Rock_Wren_0062_189045.jpg,0.7177692858822373,0.7240262493391769,0.8774234959143702
Rock_Wren_0050_189207.jpg,0.7206374336126218,0.7287771420963425,0.80957339431566
Rock_Wren_0038_189328.jpg,0.5996678455638333,0.4430738093174834,0.746282101269967
Rock_Wren_0023_189075.jpg,0.5474199313617534,0.32525579706562135,0.6491609490680581
Rock_Wren_0109_189094.jpg,0.6353319744327448,0.5549169040201274,0.7365331747916448
Rock_Wren_0116_189101.jpg,0.7243372201306288,0.7392030340303672,0.8630189076022261
Rock_Wren_0071_189213.jpg,0.703688517980302,0.6802585093512374,0.8180040341031112
Rock_Wren_0053_189112.jpg,0.6317127704400761,0.5331309406181528,0.7280163158949846
Rock_Wren_0044_189127.jpg,0.6661999925552865,0.623646165131069,0.7850567123512517
Rock_Wren_0058_189346.jpg,0.725338400638252,0.7355306502484504,0.9048689469181993
Rock_Wren_0029_189145.jpg,0.31756885601113305,-0.4425572825697668,-0.04737756339089294
Rock_Wren_0020_188895.jpg,0.5921510617659379,0.44579786595988335,0.7389852037724838
Rock_Wren_0067_189152.jpg,0.5637484356446814,0.38535795735895395,0.7511749373808378
Rock_Wren_0040_189159.jpg,0.6384037502846225,0.5515138724740667,0.7994478508706397
Rock_Wren_0104_189161.jpg,0.6033524943632325,0.48701972152254025,0.8167057489368079
Rock_Wren_0100_189426.jpg,0.6691025871468411,0.6107872336086289,0.7825556109873124
Winter_Wren_0122_189475.jpg,0.6989899073951091,0.6831303184157407,0.820559818169564
Winter_Wren_0013_189500.jpg,0.6988076359729931,0.6919927807987065,0.8869184302114983
Winter_Wren_0062_189501.jpg,0.7048498644096708,0.6938543564100274,0.7593504539212705
Winter_Wren_0049_189504.jpg,0.656369523125879,0.5968457603828674,0.8221755477225512
Winter_Wren_0112_189507.jpg,0.7233577143773147,0.7315339780746453,0.7905468704034141
Winter_Wren_0056_189508.jpg,0.6797278320063895,0.6516502322682542,0.8698836620794889
Winter_Wren_0038_189510.jpg,0.6910856010441839,0.6651404026175223,0.7139280215531667
Winter_Wren_0083_190025.jpg,0.6729042493794146,0.6434799594694027,0.826287963490099
Winter_Wren_0050_189514.jpg,0.6639298887111729,0.6027761862232883,0.6800132439763823
Winter_Wren_0073_190044.jpg,0.7081282347933535,0.6995057112227334,0.7832927586384655
Winter_Wren_0019_189533.jpg,0.6567213581338549,0.602955914555223,0.7212684996032978
Winter_Wren_0063_189543.jpg,0.6050677866313221,0.49843857078515996,0.8180372106587963
Winter_Wren_0082_189549.jpg,0.6494146051199903,0.5791058702395253,0.732497683211079
Winter_Wren_0102_189563.jpg,0.6279422447341958,0.5389555844104943,0.7905110600845676
Winter_Wren_0110_189569.jpg,0.7067712871509755,0.6945542422229862,0.7956843739085911
Winter_Wren_0127_190091.jpg,0.5973171982754512,0.4317931143537118,0.6174776512245755
Winter_Wren_0090_190104.jpg,0.6446184357796103,0.5612050364005389,0.7601414822976599
Winter_Wren_0111_189596.jpg,0.6717065112586094,0.6353456183621349,0.7838892192973954
Winter_Wren_0021_189597.jpg,0.6333149470075558,0.5284770777730157,0.6344813947431699
Winter_Wren_0097_190139.jpg,0.6936742338875342,0.6768510019122984,0.8630464651146288
Winter_Wren_0141_190152.jpg,0.6173053621106022,0.5133088407034888,0.7368681890619038
Winter_Wren_0004_189670.jpg,0.6885815520104219,0.6678991955490471,0.8185536196359774
Winter_Wren_0048_189683.jpg,0.7014659832431122,0.6921509473546799,0.8380934002061702
Winter_Wren_0093_189686.jpg,0.6768702224947556,0.6328115366897893,0.6721793192028256
Winter_Wren_0071_189689.jpg,0.6850981424569417,0.6486879935174066,0.812703071922207
Winter_Wren_0086_189692.jpg,0.6561709019066712,0.5944007943435119,0.7190338125470389
Winter_Wren_0003_189838.jpg,0.681871277943178,0.652727594492808,0.8010988269437924
Winter_Wren_0132_189861.jpg,0.6505295340701498,0.5884182809324094,0.7842432097795644
Winter_Wren_0142_190379.jpg,0.6613998361809886,0.6099450789070098,0.819096013102972
Winter_Wren_0047_190390.jpg,0.7162358369429871,0.712494443815828,0.817145755153091
Common_Yellowthroat_0020_190720.jpg,0.6534426825234768,0.6067846582406436,0.8259067226930105
Common_Yellowthroat_0016_190986.jpg,0.5817918374092725,0.4215659701368776,0.7265129014891085
Common_Yellowthroat_0114_190501.jpg,0.641274661628975,0.5597200395059218,0.7985397767533227
Common_Yellowthroat_0039_190513.jpg,0.7099309093351964,0.7145819397483206,0.8154950410212694
Common_Yellowthroat_0019_190524.jpg,0.570729380259154,0.40856556116674925,0.7564979406880992
Common_Yellowthroat_0099_190531.jpg,0.5830331542372645,0.4491307172552178,0.8542842220243968
Common_Yellowthroat_0125_190902.jpg,0.6660461333156611,0.6131062106012923,0.7535039612034418
Common_Yellowthroat_0050_190535.jpg,0.6600033420962204,0.610315873529903,0.7184121818713194
Common_Yellowthroat_0025_190547.jpg,0.6426032820210321,0.5740687317028218,0.7935254170285324
Common_Yellowthroat_0118_190805.jpg,0.5528641387097172,0.35691993553385193,0.7086902822468022
Common_Yellowthroat_0045_190563.jpg,0.612732003473212,0.47749983132274354,0.5090493119388066
Common_Yellowthroat_0111_190569.jpg,0.6624597315801015,0.6127772009154502,0.7728419011002733
Common_Yellowthroat_0112_190571.jpg,0.6123191541670413,0.5021907402159026,0.7307597370197587
Common_Yellowthroat_0031_190582.jpg,0.615745393940842,0.508563382067856,0.7820126328304129
Common_Yellowthroat_0059_190584.jpg,0.5747045933889817,0.38200134613855286,0.6090121990242391
Common_Yellowthroat_0046_190446.jpg,0.6792840673891619,0.6359882162667552,0.7433240446126118
Common_Yellowthroat_0027_190869.jpg,0.5722995770963988,0.4012672888471096,0.7177721768727054
Common_Yellowthroat_0086_190639.jpg,0.6066454369911591,0.4864792566070981,0.7073219371873991
Common_Yellowthroat_0066_190646.jpg,0.6048801411913869,0.48894737218130446,0.7416203004559478
Common_Yellowthroat_0018_190904.jpg,0.5400423920379698,0.2950432611878645,0.6237487298029375
Common_Yellowthroat_0021_190655.jpg,0.6176472680590714,0.5206345583384466,0.773582257355975
Common_Yellowthroat_0011_190401.jpg,0.6777181308211223,0.6496564509436974,0.7895620103196235
Common_Yellowthroat_0029_190403.jpg,0.6865205230968718,0.6615059214218921,0.8443587687081929
Common_Yellowthroat_0071_190665.jpg,0.638460185658905,0.560852229054748,0.7470058883349012
Common_Yellowthroat_0070_190678.jpg,0.6408514972133912,0.5683479216483991,0.8339934172236046
Common_Yellowthroat_0040_190427.jpg,0.6001332802052303,0.46748796143798754,0.6360005643666147
Common_Yellowthroat_0063_190440.jpg,0.6129878872462838,0.4977970121777282,0.688080230102987
Common_Yellowthroat_0058_190958.jpg,0.6073081214932254,0.48844574441793287,0.744551517978742
Common_Yellowthroat_0008_190703.jpg,0.6352746441029895,0.5509712137695855,0.735191006707942
Common_Yellowthroat_0055_190967.jpg,0.6431655588458682,0.5689415893744936,0.6960320421088204
