filename,JSS,Chi2,PCC
Black_Footed_Albatross_0046_18.jpg,0.5950598301426455,0.4296926922817983,0.23548647506212372
Black_Footed_Albatross_0002_55.jpg,0.6017082457388141,0.4325975559954284,0.2910066325476829
Black_Footed_Albatross_0085_92.jpg,0.5960255754912014,0.4400907226249595,0.3240823011641001
Black_Footed_Albatross_0025_796057.jpg,0.5040403938940905,0.19954686491667617,0.09800245516716836
Black_Footed_Albatross_0086_796062.jpg,0.5591891991962192,0.33869653165694436,0.09433446109932829
Black_Footed_Albatross_0049_796063.jpg,0.5289709344966571,0.2514880224180316,0.031933305780844606
Black_Footed_Albatross_0006_796065.jpg,0.544282650909421,0.2603303695712593,0.11602431674841092
Black_Footed_Albatross_0016_796067.jpg,0.5851529661457682,0.3841152995362902,-0.18431181038678754
Black_Footed_Albatross_0065_796068.jpg,0.5101500706727435,0.19590493340244464,0.3694844901642347
Black_Footed_Albatross_0042_796071.jpg,0.582542988513177,0.3715761767225242,0.11371800693228896
Black_Footed_Albatross_0090_796077.jpg,0.6568028757912671,0.583778161318969,-0.09194640758701467
Black_Footed_Albatross_0061_796082.jpg,0.6242413567715859,0.4892767111472779,-0.09977853452676781
Black_Footed_Albatross_0008_796083.jpg,0.5030382409850359,0.14533860662775921,-0.13990319099828522
Black_Footed_Albatross_0033_796086.jpg,0.5885674414549906,0.39647630563073766,0.11944110720095198
Black_Footed_Albatross_0024_796089.jpg,0.4795094505316264,0.10808724640394518,-0.18045769353539276
Black_Footed_Albatross_0005_796090.jpg,0.5895308575721785,0.40577983340795976,-0.13179810589902344
Black_Footed_Albatross_0026_796095.jpg,0.6167222193237256,0.4756566196953128,-0.3477568496876006
Black_Footed_Albatross_0064_796101.jpg,0.6176097235447247,0.4736398474710015,0.05338420979226488
Black_Footed_Albatross_0076_417.jpg,0.4923994222246296,0.14232158834072983,-0.1561097893056139
Black_Footed_Albatross_0053_796109.jpg,0.6889313272555273,0.6429335854385377,0.009458964273889493
Black_Footed_Albatross_0001_796111.jpg,0.552382529441563,0.29151570221474876,0.04859122528923407
Black_Footed_Albatross_0037_796120.jpg,0.5164080615318507,0.17799908360176886,-0.12483902023669362
Black_Footed_Albatross_0082_796121.jpg,0.5216359680294473,0.1983001110848457,0.28947969651202393
Black_Footed_Albatross_0050_796125.jpg,0.5176860300011139,0.22151723902624765,-0.08857747861165328
Black_Footed_Albatross_0078_796126.jpg,0.4694771878168359,0.10184442603638943,0.538293359197207
Black_Footed_Albatross_0045_796129.jpg,0.46538323707644724,0.04203035949185607,-0.06798818029562852
Black_Footed_Albatross_0088_796133.jpg,0.40573830834152713,-0.12250472852479377,0.05577685499824776
Black_Footed_Albatross_0003_796136.jpg,0.5993047027381143,0.42389865729597354,-0.19376633695128587
Black_Footed_Albatross_0035_796140.jpg,0.5463346814353036,0.2661577767503873,0.44637608835961384
Black_Footed_Albatross_0058_796074.jpg,0.5914673995553437,0.39879070896106883,0.37551917764308557
Laysan_Albatross_0002_1027.jpg,0.7058422558122157,0.6749188237717465,0.29604947836280837
Laysan_Albatross_0082_524.jpg,0.468748497163054,0.09573427999430972,0.39275538333917837
Laysan_Albatross_0070_788.jpg,0.5475985093152556,0.3077483347607147,0.08240637316394185
Laysan_Albatross_0053_543.jpg,0.37551015603242754,-0.25638033268945826,0.12519121133303526
Laysan_Albatross_0001_545.jpg,0.49396671963313343,0.09964763411104516,-0.025088468885743925
Laysan_Albatross_0023_1059.jpg,0.49962992665526207,0.1648174816198189,0.4363822221011186
Laysan_Albatross_0060_777.jpg,0.49068299530058335,0.13958215546307573,0.22137984738919475
Laysan_Albatross_0080_821.jpg,0.5490450727120659,0.2874496089969635,0.39931903329318963
Laysan_Albatross_0091_602.jpg,0.5236157262151815,0.2297490268436858,0.43221579921772973
Laysan_Albatross_0102_611.jpg,0.4586234252902046,0.04677211438240392,0.3424895618366722
Laysan_Albatross_0017_614.jpg,0.5270448930658393,0.262698775052175,-0.1380291673839855
Laysan_Albatross_0035_876.jpg,0.63040724198685,0.5263345000795556,-0.14213435480545628
Laysan_Albatross_0098_621.jpg,0.4868010124854002,0.1474037396619886,0.5819636929924931
Laysan_Albatross_0034_628.jpg,0.5271078172670642,0.22623889891899185,0.3930772070520677
Laysan_Albatross_0104_630.jpg,0.5248872257753743,0.2010028402386892,0.19713574485555446
Laysan_Albatross_0058_637.jpg,0.5968332833941754,0.44386368065543536,0.3788260568336696
Laysan_Albatross_0028_643.jpg,0.4821279401981192,0.09583196774782143,0.32814661878929635
Laysan_Albatross_0033_658.jpg,0.5143162289208747,0.2069243968346115,0.17599068525896835
Laysan_Albatross_0075_668.jpg,0.7292098458092358,0.7245786403252067,-0.07847739512415094
Laysan_Albatross_0064_674.jpg,0.5199063586129218,0.23088184618140528,0.4648261364016839
Laysan_Albatross_0049_918.jpg,0.5107439907858577,0.2136342868954746,0.5597481282325547
Laysan_Albatross_0012_696.jpg,0.5492361065598572,0.27400346135767184,0.355446188301669
Laysan_Albatross_0037_699.jpg,0.4949324814618088,0.12274513899901007,0.2999123566981366
Laysan_Albatross_0042_801.jpg,0.5048000529190546,0.19736939119563424,0.23811017539676643
Laysan_Albatross_0004_930.jpg,0.53406623808146,0.26612758821144933,0.32510739011114714
Laysan_Albatross_0093_725.jpg,0.5142112625241945,0.16722542668558937,0.08139713506107274
Laysan_Albatross_0021_737.jpg,0.5400305845273939,0.29209801728955953,0.3066496990509031
Laysan_Albatross_0059_488.jpg,0.48084083706602143,0.07818272320054265,0.3194457827571912
Laysan_Albatross_0103_504.jpg,0.41801212283115297,-0.08181051347280399,-0.11221927790692837
Laysan_Albatross_0079_506.jpg,0.5202152551219575,0.20329716713114998,0.3843177564434434
Sooty_Albatross_0003_1078.jpg,0.6602943077147398,0.575922112780102,3.011383860839628e-06
Sooty_Albatross_0044_1105.jpg,0.6239733990095755,0.49035583025492846,-0.02336197090879817
Sooty_Albatross_0071_1116.jpg,0.4728662277118877,0.06234162696709622,-0.2421330081459506
Sooty_Albatross_0030_1122.jpg,0.4805095851106205,0.1226343829694585,0.20461518822809735
Sooty_Albatross_0054_796347.jpg,0.4537791145320197,-0.0007825293225469654,-0.0706197760030016
Sooty_Albatross_0033_1128.jpg,0.49576474602598875,0.1253560548597441,-0.18201328172380116
Sooty_Albatross_0048_1130.jpg,0.4366327168145978,-0.03623339568943851,-0.2944611251106618
Sooty_Albatross_0024_1161.jpg,0.5432884900515951,0.26513977668725563,0.23742262754555207
Sooty_Albatross_0005_796342.jpg,0.5959574203337528,0.4338061618334976,-0.0008666912996195431
Sooty_Albatross_0042_1210.jpg,0.5738564405469455,0.3606684291316562,0.17525357040918177
Sooty_Albatross_0046_1211.jpg,0.5252053284880354,0.26400870093165274,-0.11896365065797099
Sooty_Albatross_0049_796350.jpg,0.5016157426481354,0.15803262583900834,-0.00657834095282918
Sooty_Albatross_0050_796351.jpg,0.4572662478839864,0.03563821360936492,-0.11437603880402787
Sooty_Albatross_0010_796355.jpg,0.5410994681390062,0.2635533152640338,-0.3787465146611572
Sooty_Albatross_0029_796357.jpg,0.5116594653535849,0.2211345110755314,0.41655128812620595
Sooty_Albatross_0069_796358.jpg,0.5045739733103025,0.15504405764515872,-0.2576578608501332
Sooty_Albatross_0020_796359.jpg,0.5330848121129013,0.2421503535066999,-0.05934277503774452
Sooty_Albatross_0076_796365.jpg,0.509653130659292,0.17244355858789806,-0.010425921951737378
Sooty_Albatross_0004_796366.jpg,0.566255548793801,0.32973744584606157,0.34449001094189907
Sooty_Albatross_0065_796367.jpg,0.5901736431869091,0.3947432773700804,-0.12354392485885986
Sooty_Albatross_0007_796372.jpg,0.6039203298919915,0.45254375452584483,0.48982424313627726
Sooty_Albatross_0051_796374.jpg,0.48709052572755407,0.11480346884003312,0.20700037350521344
Sooty_Albatross_0067_796376.jpg,0.4358231771590848,-0.03811214801116436,0.05417835730676029
Sooty_Albatross_0066_796382.jpg,0.44507497656738404,-0.009895610147423017,0.15900488609793925
Sooty_Albatross_0036_796387.jpg,0.4961988599322269,0.133813285829522,-0.10293138444281541
Sooty_Albatross_0006_796390.jpg,0.5624735957472204,0.32083719842495473,-0.5109151500751203
Sooty_Albatross_0002_796395.jpg,0.491229043638554,0.12589319737709648,0.0734901853929851
Sooty_Albatross_0013_796402.jpg,0.469666855909884,0.06849625971568285,-0.045347935516945034
Groove_Billed_Ani_0068_1538.jpg,0.5488338196955134,0.26342774283180204,0.2755478830683153
Groove_Billed_Ani_0094_1540.jpg,0.5483860868333804,0.2712047799968854,-0.020044585750911836
Groove_Billed_Ani_0080_1549.jpg,0.49117651693683917,0.1375579978582987,0.2365987293473063
Groove_Billed_Ani_0037_1560.jpg,0.35050585223915265,-0.34142347086617786,0.029575229992346
Groove_Billed_Ani_0017_1561.jpg,0.4643009371425397,0.03702537596191291,0.02965010271082435
Groove_Billed_Ani_0031_1588.jpg,0.4817736782460801,0.06625976541484435,0.46690434974592104
Groove_Billed_Ani_0107_1590.jpg,0.6314640539202325,0.5013482204267818,0.2908481095421601
Groove_Billed_Ani_0035_1591.jpg,0.5812929998821954,0.3748858229018711,0.5533118034469241
Groove_Billed_Ani_0109_1592.jpg,0.5765712574080747,0.35188954208309975,0.05788781727855839
Groove_Billed_Ani_0075_1617.jpg,0.5447539079237289,0.2691976209055089,-0.09224209105904535
Groove_Billed_Ani_0029_1620.jpg,0.5434708929429406,0.2592811254480799,0.2825875392999217
Groove_Billed_Ani_0108_1639.jpg,0.5558059413339737,0.2933101780792129,0.2415990127864935
Groove_Billed_Ani_0100_1646.jpg,0.3965391055205688,-0.19932586246195827,0.4136230396355623
Groove_Billed_Ani_0046_1663.jpg,0.429551273012465,-0.08148051726654293,-0.019825637190485225
Groove_Billed_Ani_0053_1672.jpg,0.39601814827545656,-0.17384443936654836,0.5222111053405946
Groove_Billed_Ani_0088_1678.jpg,0.49809022277437087,0.11867024634978318,0.45084234636668175
Groove_Billed_Ani_0082_1697.jpg,0.49895357468667534,0.1409296154224401,0.056525793765343536
Groove_Billed_Ani_0101_1700.jpg,0.51243850102878,0.18058961634703297,0.06491947886191786
Groove_Billed_Ani_0010_1704.jpg,0.5103585094949443,0.16110238975872138,0.5612693423467511
Groove_Billed_Ani_0040_1715.jpg,0.478889627902627,0.05163051018220666,0.053053204792688796
Groove_Billed_Ani_0074_1730.jpg,0.4343340034077591,-0.08165437629807837,0.38926681773635635
Groove_Billed_Ani_0059_1480.jpg,0.45916292256177726,0.018887448845260835,-0.018704779184828876
Groove_Billed_Ani_0005_1750.jpg,0.6045249949035574,0.43883685968964214,0.43443511720822553
Groove_Billed_Ani_0014_1755.jpg,0.4828096692077398,0.11770742415747215,0.391275901938566
Groove_Billed_Ani_0060_1505.jpg,0.5230484670953428,0.2285166436104964,-0.2717671848327113
Groove_Billed_Ani_0087_1765.jpg,0.4354880024603994,-0.04248191649856792,0.1343575090498153
Groove_Billed_Ani_0062_1767.jpg,0.5614055868216659,0.328269739265477,0.7594535148834115
Groove_Billed_Ani_0092_1516.jpg,0.5280629683389826,0.19775087177879958,0.24558498816347415
Groove_Billed_Ani_0009_1522.jpg,0.4760851285152188,0.08361314756192084,0.19781381629306027
Groove_Billed_Ani_0078_1780.jpg,0.44608327307905693,-0.05069973425232921,0.0032315959488224064
Crested_Auklet_0006_1813.jpg,0.44758184640812304,0.014563266962880794,-0.2862139235545487
Crested_Auklet_0042_794902.jpg,0.5274612580952203,0.26311872151369653,-0.12932306287021347
Crested_Auklet_0041_794910.jpg,0.6000622708294512,0.47270518380583526,-0.02654338316118371
Crested_Auklet_0044_1825.jpg,0.3872438684990349,-0.18365637044680483,-0.40051247826513453
Crested_Auklet_0011_794927.jpg,0.47172235272004504,0.10618360606622124,-0.23271314438755966
Crested_Auklet_0059_794929.jpg,0.4944398203367517,0.16307873460214506,-0.20830268967462187
Crested_Auklet_0021_794938.jpg,0.49996511593365445,0.1406809815469242,0.19146601365653124
Crested_Auklet_0074_794949.jpg,0.4858354634753168,0.12241195665580906,0.0726327176802041
Crested_Auklet_0028_794951.jpg,0.46892369075300255,0.052714428703765526,-0.32309493786100646
Crested_Auklet_0053_794966.jpg,0.5043993372798533,0.18447338984164063,-0.20705222207471188
Crested_Auklet_0068_785253.jpg,0.527828495281195,0.20239281596006575,-0.35707467184712793
Crested_Auklet_0070_785261.jpg,0.4751768202646858,0.11212657003619175,0.4921252902466303
Crested_Auklet_0036_794905.jpg,0.5119940439386514,0.2205373910625238,-0.3406551426153265
Crested_Auklet_0048_1791.jpg,0.48430667000545113,0.12870679073103042,-0.4247371884746048
Least_Auklet_0014_1901.jpg,0.49310559163353607,0.1494101887838858,0.15513859448350356
Least_Auklet_0032_795068.jpg,0.5021113287780207,0.16360323709173707,0.2566380071573182
Least_Auklet_0039_795081.jpg,0.4968659905451881,0.18733064594488347,0.4631992792999367
Least_Auklet_0025_795087.jpg,0.5119054824098448,0.17579980327727784,0.3908357091990714
Least_Auklet_0028_795094.jpg,0.5083321293842378,0.1795292067814871,-0.04305030490079311
Least_Auklet_0055_795106.jpg,0.5188950110736721,0.2044551033734392,-0.1304850315668574
Least_Auklet_0041_795107.jpg,0.5204297405884872,0.2177766762918123,0.388360015205527
Least_Auklet_0004_795112.jpg,0.40715600913547223,-0.1438903185926419,0.4248572881114568
Least_Auklet_0023_1898.jpg,0.514339105141841,0.21597694928305666,0.03950349893540272
Least_Auklet_0046_795118.jpg,0.41682431564728795,-0.10214299118607317,0.11027249671230334
Least_Auklet_0005_795119.jpg,0.4437008731594899,-0.009016215985246934,0.04896242499107373
Parakeet_Auklet_0017_795924.jpg,0.5540989007227779,0.32986951950913435,0.31459175070731193
Parakeet_Auklet_0072_795929.jpg,0.5423902417309372,0.2801964074054668,-0.13938167780858604
Parakeet_Auklet_0030_795930.jpg,0.5434446385301936,0.28651240225441477,0.2321991496671109
Parakeet_Auklet_0058_795942.jpg,0.46979685336293586,0.0774023732260275,0.1500956368316627
Parakeet_Auklet_0020_795947.jpg,0.5665461064915602,0.3505857720005101,0.3128780337109703
Parakeet_Auklet_0064_795954.jpg,0.5587281355722444,0.33058189312974884,0.3174454674913545
Parakeet_Auklet_0039_795955.jpg,0.5965671501801857,0.4319358330858344,-0.04219770214785006
Parakeet_Auklet_0050_795957.jpg,0.558272442450072,0.3423900410678856,0.23453136430420524
Parakeet_Auklet_0031_795960.jpg,0.48488451649711595,0.11237535403283772,0.19298752365041555
Parakeet_Auklet_0026_795962.jpg,0.5827135533008136,0.40461364109253717,0.01753480582850928
Parakeet_Auklet_0055_795963.jpg,0.5306494077367594,0.26038058319689594,0.3669241020426959
Parakeet_Auklet_0067_795964.jpg,0.47972071059406396,0.1016142385276323,0.033689245152602854
Parakeet_Auklet_0015_795966.jpg,0.3899729614158761,-0.1828103425610319,0.15912959570553495
Parakeet_Auklet_0013_795970.jpg,0.6098523193497176,0.46810364693402184,0.4067126296399528
Parakeet_Auklet_0051_795971.jpg,0.441263296763439,-0.004210868869153783,0.24484897594513896
Parakeet_Auklet_0040_795974.jpg,0.5473173183805435,0.3078516979467628,0.347764114501342
Parakeet_Auklet_0016_795977.jpg,0.5368300502306792,0.2636795584656507,-0.06310028391178234
Parakeet_Auklet_0075_795981.jpg,0.43709208145593403,-0.023286430970532956,0.13447348196293737
Parakeet_Auklet_0061_795990.jpg,0.5891287079815859,0.4097052380241262,0.31620701292442366
Parakeet_Auklet_0008_795992.jpg,0.5085814197241698,0.20243551047167763,0.23676578101666826
Parakeet_Auklet_0034_795994.jpg,0.44988068613439314,0.013554279649322098,0.24883664013408577
Parakeet_Auklet_0010_795995.jpg,0.38384927544952785,-0.20581834751576222,0.0784892621563687
Parakeet_Auklet_0070_795998.jpg,0.4955578477816921,0.1585994186646127,-0.027434120083968908
Rhinoceros_Auklet_0042_2101.jpg,0.5903960901059683,0.4505578096902296,0.11486848389844927
Rhinoceros_Auklet_0027_797496.jpg,0.5860512048570341,0.3809786268758477,0.16256471713775889
Rhinoceros_Auklet_0034_797497.jpg,0.5704118518184005,0.33390553427979164,0.32719981310400026
Rhinoceros_Auklet_0037_797499.jpg,0.6019792290274419,0.43798066678044856,0.08494341265234767
Rhinoceros_Auklet_0044_797502.jpg,0.6053564969744567,0.4453584798503888,-0.2376152564471196
Rhinoceros_Auklet_0040_797503.jpg,0.4839325695041977,0.10745756160830366,0.10782806570499216
Rhinoceros_Auklet_0025_797508.jpg,0.4748005672184573,0.042879458112572655,-0.37345663937153206
Rhinoceros_Auklet_0051_797510.jpg,0.6121433211313614,0.45560009253513434,-0.1810800859602791
Rhinoceros_Auklet_0041_797515.jpg,0.5914428482798288,0.41051142451607114,0.19309299315201353
Rhinoceros_Auklet_0046_797532.jpg,0.6128388937302066,0.4659753512093544,-0.14257097385604922
Rhinoceros_Auklet_0003_797535.jpg,0.6177143179623883,0.4735000886062143,-0.16067205481106112
Rhinoceros_Auklet_0045_797536.jpg,0.5304453951349182,0.22458315301756226,-0.0681452601632216
Rhinoceros_Auklet_0001_797538.jpg,0.6428371694029094,0.5278690361482962,-0.03492823306576617
Rhinoceros_Auklet_0004_797541.jpg,0.5501398516307382,0.3106820374436525,0.24432421620915115
Rhinoceros_Auklet_0048_2162.jpg,0.4755745059845812,0.07400172257281012,0.26381689427222743
Rhinoceros_Auklet_0035_2166.jpg,0.48508429470775005,0.1103164450734836,-0.30720534400724414
Rhinoceros_Auklet_0022_2170.jpg,0.49624994418720814,0.1200474733987843,0.4389041198479217
Rhinoceros_Auklet_0039_2174.jpg,0.4309745284312587,-0.08370835189772086,-0.3706719690894092
Brewer_Blackbird_0099_2560.jpg,0.5242093465574942,0.25589768836826254,-0.11893181227678548
Brewer_Blackbird_0106_2608.jpg,0.5002361330126353,0.11234795559425492,0.12181934835507557
Brewer_Blackbird_0009_2616.jpg,0.5507518992703523,0.2705571698002156,0.357855775775893
Brewer_Blackbird_0102_2620.jpg,0.5247970784537355,0.19033260736415214,0.10396860750574274
Brewer_Blackbird_0101_2630.jpg,0.505191923023369,0.16015772865344258,0.10227395402279246
Brewer_Blackbird_0054_2631.jpg,0.6130240063307697,0.4529228461444621,-0.013008076674809877
Brewer_Blackbird_0096_2634.jpg,0.5650096411634047,0.31834298205155764,0.2958098397415873
Brewer_Blackbird_0041_2653.jpg,0.4326751452609262,-0.08430693517884857,0.16303163507130772
Brewer_Blackbird_0090_2658.jpg,0.47238676853611383,0.05170464507564554,0.3731629096846612
Brewer_Blackbird_0017_2668.jpg,0.4573203870414516,0.003808660773794603,0.3491062957352406
Brewer_Blackbird_0137_2680.jpg,0.49477325809105066,0.1532682614937022,-0.38961966760803896
Brewer_Blackbird_0028_2682.jpg,0.5106636942187834,0.18493699831103316,0.24226612406394046
Brewer_Blackbird_0046_2688.jpg,0.5057531715680859,0.13136569379242025,-0.4322409916080474
Brewer_Blackbird_0012_2691.jpg,0.560365370658537,0.3032897597248031,0.007494433311573848
Brewer_Blackbird_0066_2693.jpg,0.4344982222628243,-0.06798720876194042,-0.12194008558816138
Brewer_Blackbird_0016_2225.jpg,0.4567284763859345,0.03664221259860223,0.4213575339626664
Brewer_Blackbird_0104_2230.jpg,0.4840537300763529,0.12260814226169603,-0.08765725275708236
Brewer_Blackbird_0025_2231.jpg,0.43897459877099343,-0.035429766369871496,-0.3517054785985056
Brewer_Blackbird_0080_2234.jpg,0.4189331480543407,-0.08978715760657252,0.16442481926505523
Brewer_Blackbird_0127_2235.jpg,0.43077103344145595,-0.0860209133570895,0.20772824457691008
Brewer_Blackbird_0049_2258.jpg,0.4895676462300246,0.10462363713988787,-0.09719516871700669
Brewer_Blackbird_0010_2269.jpg,0.550425966111413,0.29145590267651933,0.2906980942287346
Brewer_Blackbird_0061_2270.jpg,0.5199119300565084,0.20970244009508543,0.3633633569208233
Brewer_Blackbird_0015_2286.jpg,0.4436034229560807,-0.027535461340117084,-0.08769958840414521
Brewer_Blackbird_0038_2294.jpg,0.5158459575696609,0.2104224573518586,0.14316904602988548
Brewer_Blackbird_0042_2302.jpg,0.5524104529534772,0.3125446968880734,0.11416771778830948
Brewer_Blackbird_0065_2310.jpg,0.4754002415239653,0.07134451096321826,0.3931783994850896
Brewer_Blackbird_0027_2329.jpg,0.4549714270287558,0.021936456923097758,0.1351058330568989
Brewer_Blackbird_0004_2345.jpg,0.5329823188242139,0.25412098878356937,-0.16649535287320205
Red_Winged_Blackbird_0022_4483.jpg,0.40442613878774725,-0.16436709807816485,-0.2684552740195894
Red_Winged_Blackbird_0017_4116.jpg,0.5138414268659672,0.19680111878018403,-0.27490582711340633
Red_Winged_Blackbird_0058_4141.jpg,0.45426874504431025,-0.033599879194744275,-0.33477149345532214
Red_Winged_Blackbird_0074_4146.jpg,0.4092562052328127,-0.1727957267186504,0.08849556520338557
Red_Winged_Blackbird_0042_3635.jpg,0.4234262055629293,-0.09159112622359955,-0.23555223333999395
Red_Winged_Blackbird_0064_4936.jpg,0.4215032719855216,-0.10333340727655416,-0.142813585867416
Red_Winged_Blackbird_0104_3918.jpg,0.4933865265561366,0.1372612627474652,-0.18406394336463322
Red_Winged_Blackbird_0024_4180.jpg,0.5743106858685495,0.3941720318874016,-0.0669030368297324
Red_Winged_Blackbird_0089_4188.jpg,0.40561897669906644,-0.14874800103740027,-0.21336688456962197
Red_Winged_Blackbird_0109_4454.jpg,0.5093443402510673,0.19882037617584836,0.23367763345149875
Red_Winged_Blackbird_0053_4072.jpg,0.38639204038384845,-0.24131710960197705,-0.26508073961700396
Red_Winged_Blackbird_0006_6005.jpg,0.4530466280676456,0.023227768304619145,-0.06684415400974017
Red_Winged_Blackbird_0007_3706.jpg,0.4362291788259588,-0.03995762385278434,-0.12185188974379388
Red_Winged_Blackbird_0013_5762.jpg,0.47605559236637385,0.062418871093305905,-0.10908763070661241
Red_Winged_Blackbird_0062_4233.jpg,0.436858791137144,-0.03014324198209839,-0.34025403003318233
Red_Winged_Blackbird_0099_3985.jpg,0.4117023084522108,-0.12521225163827188,-0.38229096637668813
Red_Winged_Blackbird_0071_3988.jpg,0.4733866166054499,0.09568982647768165,0.10645944371868815
Red_Winged_Blackbird_0027_4123.jpg,0.4616074283044723,0.06018923302458545,-0.29932561891987003
Red_Winged_Blackbird_0088_4007.jpg,0.481329614536932,0.11064441582540108,-0.2780735257536224
Red_Winged_Blackbird_0010_6386.jpg,0.5405535435226483,0.30849143643353594,-0.21617986522580135
Red_Winged_Blackbird_0045_4526.jpg,0.42254161593044737,-0.10225471729713176,-0.43099669309033284
Red_Winged_Blackbird_0065_4026.jpg,0.3750141044097264,-0.25807611107060846,0.16900327058712822
Red_Winged_Blackbird_0039_4285.jpg,0.3960844121588647,-0.20904359198416644,-0.31422269358470045
Red_Winged_Blackbird_0029_4804.jpg,0.39030579420685496,-0.21121730878963207,0.03693826101150779
Red_Winged_Blackbird_0009_5841.jpg,0.41889216342665514,-0.09948792893660063,-0.21215779245384414
Red_Winged_Blackbird_0011_5845.jpg,0.4116767303907448,-0.17600230257848248,-0.17632631373056648
Red_Winged_Blackbird_0047_3802.jpg,0.41509573968904123,-0.1633128768426979,-0.3100646188882034
Red_Winged_Blackbird_0094_5856.jpg,0.383256431297329,-0.22429962875830078,-0.48052863890979913
Red_Winged_Blackbird_0072_4338.jpg,0.380880288147457,-0.2327468109633919,-0.465679462875391
Red_Winged_Blackbird_0078_5372.jpg,0.38743133388463535,-0.199682947464507,-0.28336260827839055
Rusty_Blackbird_0055_6923.jpg,0.4210082588244146,-0.07007240799805192,0.3109350052411884
Rusty_Blackbird_0020_6679.jpg,0.49859257677945124,0.12071364692772879,0.03552426459887215
Rusty_Blackbird_0104_6685.jpg,0.4061401883488892,-0.1546461388453806,0.5303983383343305
Rusty_Blackbird_0043_2597.jpg,0.4315019907410058,-0.025717729324125083,0.32256690036287367
Rusty_Blackbird_0109_6698.jpg,0.6024150245862148,0.4407257442852698,0.34501970053406883
Rusty_Blackbird_0081_6967.jpg,0.5692378741215537,0.330167157283511,0.5750560014125182
Rusty_Blackbird_0051_6715.jpg,0.4361582702721728,-0.023945730793063724,0.5714105319274554
Rusty_Blackbird_0075_6717.jpg,0.5239614866056862,0.21345908603549024,0.319029655259096
Rusty_Blackbird_0112_3415.jpg,0.3678777058069278,-0.26816628308523427,0.5838849999696293
Rusty_Blackbird_0003_6749.jpg,0.4793365612312883,0.11647390136706126,0.5672218632467928
Rusty_Blackbird_0047_7009.jpg,0.5250082028483081,0.21376620720819406,0.23801664273727227
Rusty_Blackbird_0060_6756.jpg,0.5172520224496397,0.1854900553632658,0.2618810818110736
Rusty_Blackbird_0120_6762.jpg,0.6167879382704295,0.4698721691233738,0.31736687894829596
Rusty_Blackbird_0026_6768.jpg,0.4024843441061673,-0.1411414410945122,0.48561199343590644
Rusty_Blackbird_0005_6771.jpg,0.4695113257570709,0.06266438569956823,0.08942045008440457
Rusty_Blackbird_0052_7035.jpg,0.46758221749099826,0.030766438242240013,0.49051134498954774
Rusty_Blackbird_0057_6935.jpg,0.4099371473286365,-0.12798996799376705,0.5285835031980399
Rusty_Blackbird_0111_3220.jpg,0.4536400259239243,0.02164079554685827,0.26096412697470067
Rusty_Blackbird_0105_6937.jpg,0.46397255827086226,0.02442950734824989,0.2340565620632226
Rusty_Blackbird_0022_6808.jpg,0.5251533895287271,0.22971814959999326,0.2263588097730085
Rusty_Blackbird_0100_6597.jpg,0.42789893564188985,-0.0880755062218459,0.4973829344099788
Rusty_Blackbird_0092_2727.jpg,0.5900202139642864,0.4139122670132803,0.3550624304797489
Rusty_Blackbird_0094_6582.jpg,0.472962390761714,0.06566572460552356,0.5387514923977528
Rusty_Blackbird_0096_6846.jpg,0.39714555178962485,-0.17837605139648272,0.12250106597701789
Rusty_Blackbird_0027_6593.jpg,0.44468683572551804,-0.016476764447620917,0.5261324315358011
Rusty_Blackbird_0056_6856.jpg,0.4469832633062726,-0.013837787324936457,0.6618568359435534
Rusty_Blackbird_0080_6877.jpg,0.3899088400685842,-0.21372259393406567,0.13251639876509672
Rusty_Blackbird_0015_6885.jpg,0.44102260024038853,-0.07359279594283574,0.333226362359362
Rusty_Blackbird_0013_6902.jpg,0.5174852762649447,0.19551578946284298,0.5964300961576811
Rusty_Blackbird_0082_6906.jpg,0.458558681171525,0.024279813842357223,0.23086727758339398
Yellow_Headed_Blackbird_0108_7937.jpg,0.4134430199200746,-0.1496894397251376,0.48499878142017955
Yellow_Headed_Blackbird_0015_8207.jpg,0.4276343566042313,-0.08718381411676712,0.38151844754999475
Yellow_Headed_Blackbird_0061_8208.jpg,0.46106529911210625,0.040814133659300866,0.24696572018233331
Yellow_Headed_Blackbird_0065_8481.jpg,0.478082025803783,0.07662629886024963,0.26860078584752617
Yellow_Headed_Blackbird_0009_8248.jpg,0.4288275499623916,-0.1127394341950303,0.3585811013292832
Yellow_Headed_Blackbird_0043_8250.jpg,0.41545174090486625,-0.10549340833658882,0.2454470952769642
Yellow_Headed_Blackbird_0088_8257.jpg,0.44395263673256935,-0.042780065400833234,0.4251412997698113
Yellow_Headed_Blackbird_0109_8271.jpg,0.42793259174567433,-0.07912071205078286,0.19924389921611482
Yellow_Headed_Blackbird_0034_7736.jpg,0.4345903510089254,-0.06565343401999946,-0.11775607554921819
Yellow_Headed_Blackbird_0079_8535.jpg,0.5059305452589217,0.14623657362050313,0.3177365219447146
Yellow_Headed_Blackbird_0049_8548.jpg,0.375211460189108,-0.25893648651710444,0.3124409384738985
Yellow_Headed_Blackbird_0042_8574.jpg,0.5500004637437763,0.3106366675534148,0.3134971651869601
Yellow_Headed_Blackbird_0024_8586.jpg,0.4973545485286115,0.11435684916077848,0.5221196041526739
Yellow_Headed_Blackbird_0080_8601.jpg,0.5243156757484111,0.19495142302902402,0.23104992072740083
Yellow_Headed_Blackbird_0023_7325.jpg,0.48526550280896186,0.09769218776747801,0.33043095197235123
Yellow_Headed_Blackbird_0055_8357.jpg,0.45386449333417733,-0.02287100142585352,0.42157796451967144
Yellow_Headed_Blackbird_0013_8362.jpg,0.4683105739606074,0.07233087128086901,0.38642989428989355
Yellow_Headed_Blackbird_0085_8363.jpg,0.43693481024702396,-0.06408119538288126,0.32175589092432244
Yellow_Headed_Blackbird_0098_8367.jpg,0.38695028773397067,-0.2014168667862004,0.31908330877862906
Yellow_Headed_Blackbird_0059_8079.jpg,0.4694987018412745,0.023280615016146644,-0.2712530462199024
Yellow_Headed_Blackbird_0100_8407.jpg,0.3994478182690411,-0.15489496906268574,0.17034299807952524
Yellow_Headed_Blackbird_0053_8410.jpg,0.41854011283835846,-0.0964523080882298,0.2870733829983217
Yellow_Headed_Blackbird_0102_8441.jpg,0.46100048337182575,0.012540044527708405,0.32085175986678566
Yellow_Headed_Blackbird_0047_7929.jpg,0.4819474776631959,0.09340683377507364,-0.46540892360283037
Yellow_Headed_Blackbird_0012_8443.jpg,0.4776521448394051,0.0702458414467142,0.3344080812438636
Yellow_Headed_Blackbird_0035_8447.jpg,0.3980784930824065,-0.17605326299440893,0.3279503210889528
Bobolink_0007_9246.jpg,0.4886274316793522,0.08186240455522376,0.6229517499680095
Bobolink_0115_9265.jpg,0.6908638525828583,0.6506340126643986,-0.09941043602870542
Bobolink_0039_9779.jpg,0.5218413146150804,0.20518570903754285,0.5960290617298039
Bobolink_0074_9311.jpg,0.48075485889909386,0.05811201099090346,0.3596098370062929
Bobolink_0120_10859.jpg,0.4125100391447495,-0.13768223550681236,0.29309994572418935
Bobolink_0097_10861.jpg,0.34434964952612457,-0.35043714786519353,0.41946146405085855
Bobolink_0109_9869.jpg,0.5351847629433644,0.2343385591755558,0.4255563147633866
Bobolink_0018_9402.jpg,0.6750678351988069,0.6407439041633118,0.3306656480798687
Bobolink_0126_11458.jpg,0.3490911471287631,-0.3387535939267785,0.35834150333894543
Bobolink_0081_9439.jpg,0.4278418079664472,-0.09344611688585047,0.4436467506625744
Bobolink_0048_9988.jpg,0.5271951219669804,0.23995580227425906,0.5069141571266828
Bobolink_0067_11533.jpg,0.42136678483517886,-0.10746068570913603,0.32449628835334926
Bobolink_0110_9496.jpg,0.3509567943113344,-0.3434413001864205,0.028953921321273904
Bobolink_0071_9503.jpg,0.45406758049169615,0.036990740588739635,0.441047596611823
Bobolink_0128_9947.jpg,0.4791325278665025,0.06918851450788333,0.564613843921774
Bobolink_0026_11057.jpg,0.6306366920741435,0.5143256582629043,0.11420219249687415
Bobolink_0112_11073.jpg,0.49808380888784687,0.17422943238705668,0.34024955152243413
Bobolink_0057_10051.jpg,0.5066688440480777,0.1858348878962941,0.48333788961444635
Bobolink_0049_9540.jpg,0.4625068579214294,0.04522242164719692,0.5221820265102819
Bobolink_0027_10569.jpg,0.4184102757361644,-0.10924932360202022,0.432951221035322
Bobolink_0076_11093.jpg,0.43126021508470946,-0.04551951595351311,0.3253258685049181
Bobolink_0035_11117.jpg,0.4827531489591793,0.11102837369307084,0.2666860309586194
Bobolink_0043_10607.jpg,0.4861407769156828,0.1435766982514568,0.6402516338257495
Bobolink_0056_9080.jpg,0.47546906484792895,0.05615207562579094,0.17826337422847668
Bobolink_0021_10623.jpg,0.5544148878500823,0.3098670520928246,0.6763920528069165
Bobolink_0070_10624.jpg,0.4264421093229308,-0.10064657734951798,0.26231020244257863
Bobolink_0114_10627.jpg,0.5836881647124282,0.3980567597469866,0.4537076963054346
Bobolink_0106_9126.jpg,0.42496080695499705,-0.08668156848637043,0.38624599813468863
Bobolink_0040_9681.jpg,0.5281095802139386,0.23083215686903602,0.4523985146555051
Bobolink_0079_10736.jpg,0.45489577166310224,-0.020752899393809532,0.5149043177652424
Indigo_Bunting_0014_14167.jpg,0.47178313336944755,0.039981820252937394,0.19578793925447874
Indigo_Bunting_0068_13081.jpg,0.5156101327721316,0.21174011906060242,0.2190742889607548
Indigo_Bunting_0040_11805.jpg,0.4502046613102022,-0.014452447770776589,0.46977067302685616
Indigo_Bunting_0063_11820.jpg,0.43035735355170945,-0.0898083131034062,0.25178238321732976
Indigo_Bunting_0037_14128.jpg,0.40694034518526,-0.16012199740254784,-0.4021704838990664
Indigo_Bunting_0027_11579.jpg,0.43932955446044675,-0.07019347155764266,0.5676922627141389
Indigo_Bunting_0053_13391.jpg,0.36635951587266646,-0.3137370108800084,0.32020293617853446
Indigo_Bunting_0015_12632.jpg,0.4648199196926682,0.01278802079318897,0.6919653544754716
Indigo_Bunting_0016_13661.jpg,0.49894475235024527,0.11279245707052732,0.12502109981965268
Indigo_Bunting_0073_13933.jpg,0.44149240303660076,-0.04230450379694628,0.3823907588375081
Indigo_Bunting_0072_14197.jpg,0.44632349583199016,-0.042693037577638426,0.29341946479969444
Indigo_Bunting_0071_11639.jpg,0.43302246837415936,-0.10027661761575168,0.49584198716739053
Indigo_Bunting_0036_13716.jpg,0.4984571833051876,0.13337059046644184,0.46867967581486936
Indigo_Bunting_0013_12949.jpg,0.46011198607149784,0.0007318046056828953,0.466820780089896
Indigo_Bunting_0021_13979.jpg,0.5070604025657919,0.1726424210755627,0.426708217030726
Indigo_Bunting_0060_14495.jpg,0.42998445436263577,-0.0973749950140268,-0.3625708550630338
Indigo_Bunting_0058_12207.jpg,0.46423488832246174,0.020728599166086492,0.10742322297984751
Indigo_Bunting_0054_12213.jpg,0.4218017485072415,-0.1277533166922693,0.46256617942266753
Indigo_Bunting_0025_12532.jpg,0.42992767241778695,-0.09249664857390094,-0.12091397091079076
Indigo_Bunting_0052_11893.jpg,0.4287115442224019,-0.10058486739097772,0.3416629103138609
Indigo_Bunting_0029_13761.jpg,0.4221592472318172,-0.11655276130888281,-0.06259336311067498
Indigo_Bunting_0010_13000.jpg,0.5283605578537012,0.2251335819393826,0.2191537227950322
Indigo_Bunting_0078_11852.jpg,0.44967735965224886,-0.026668569512895424,0.057134499961489615
Indigo_Bunting_0061_13259.jpg,0.4695029019083601,0.07647402022530192,0.3967666818442446
Indigo_Bunting_0065_14558.jpg,0.3586502125080605,-0.3293388889367552,0.32848582690365
Indigo_Bunting_0051_12837.jpg,0.4982041948108421,0.11312458112627943,0.5598900150893752
Indigo_Bunting_0033_12777.jpg,0.4351593523613395,-0.055983132921540335,0.353293808104368
Indigo_Bunting_0077_14060.jpg,0.5011107959919325,0.11496786525654512,0.4559855329534019
Indigo_Bunting_0031_13300.jpg,0.5668593741169206,0.3331044956496927,0.3648941249476434
Indigo_Bunting_0074_12829.jpg,0.5149406591551031,0.22786054080636753,0.4051313302137426
Lazuli_Bunting_0047_14863.jpg,0.438317493273219,-0.0640847871895347,0.16059036500970705
Lazuli_Bunting_0101_14873.jpg,0.4227393423258683,-0.0928119531192435,0.406893609099116
Lazuli_Bunting_0052_14618.jpg,0.3994495142583149,-0.18369686327828205,0.27758682324651357
Lazuli_Bunting_0085_14627.jpg,0.42312639934245433,-0.09804924599300802,-0.044460949055981774
Lazuli_Bunting_0078_15164.jpg,0.32510450573359506,-0.4347713998423939,0.14571574458292103
Lazuli_Bunting_0092_14656.jpg,0.41270787264354336,-0.1446918063593301,0.5593843522950082
Lazuli_Bunting_0066_14914.jpg,0.3864164837802959,-0.22653365672881365,-0.2824133102287533
Lazuli_Bunting_0001_14916.jpg,0.35770419228936745,-0.32625230748289336,-0.01066608710579175
Lazuli_Bunting_0076_14662.jpg,0.4340963502540962,-0.057256339510448395,0.5025331148287442
Lazuli_Bunting_0035_14920.jpg,0.3939898612599638,-0.2181614921720747,0.13928114617823306
Lazuli_Bunting_0070_14665.jpg,0.37575570710494477,-0.24542330627688091,0.026669726622218042
Lazuli_Bunting_0040_14923.jpg,0.43698328154025434,-0.02563746525895705,0.29193617950634776
Lazuli_Bunting_0026_14669.jpg,0.4796770664626062,0.05784105482107349,-0.020377880145640983
Lazuli_Bunting_0032_14778.jpg,0.4204291448557924,-0.13050841202152275,0.37631836647194833
Lazuli_Bunting_0021_14686.jpg,0.3797110359215814,-0.242161804601571,0.2072313252735297
Lazuli_Bunting_0028_14950.jpg,0.4147013808658785,-0.1252046941746745,0.27593348156840697
Lazuli_Bunting_0094_11894.jpg,0.4633963681351606,0.019916456972161045,0.05038925388232261
Lazuli_Bunting_0030_14986.jpg,0.385853788144054,-0.2321679358450861,0.008683861871970492
Lazuli_Bunting_0097_14617.jpg,0.40133308454513905,-0.1498239507512853,0.3631932194082589
Lazuli_Bunting_0059_14749.jpg,0.428878514116921,-0.06966694511377414,0.30171635860743173
Lazuli_Bunting_0037_15021.jpg,0.3785658389899683,-0.22717373488118509,0.28062131808708346
Lazuli_Bunting_0093_15030.jpg,0.341273458825065,-0.3664769328737154,0.2738945008916668
Lazuli_Bunting_0057_14775.jpg,0.4584310098749337,0.010938689700905169,0.19893628169498
Lazuli_Bunting_0056_15032.jpg,0.4651849811781611,0.07008448112507148,0.3720802656922566
Lazuli_Bunting_0084_14815.jpg,0.4006208132739696,-0.18981851570175312,0.39477024167033364
Lazuli_Bunting_0042_14820.jpg,0.49172368373843667,0.1487287977678149,0.18062226737585624
Lazuli_Bunting_0025_15079.jpg,0.4762465462201857,0.09971445869401818,0.1457113344385777
Lazuli_Bunting_0048_14844.jpg,0.41867954840017274,-0.09294711330642746,0.29147013577629666
Painted_Bunting_0102_16642.jpg,0.4283427267808274,-0.04133224548236991,0.48993790874994303
Painted_Bunting_0004_16641.jpg,0.4625643450481809,0.06154995909442729,0.5818081380078888
Painted_Bunting_0077_16819.jpg,0.39496956826539953,-0.20521325963958592,0.1538276264163526
Painted_Bunting_0053_16404.jpg,0.402684770547153,-0.1405442027931776,-0.14243400315702603
Painted_Bunting_0008_16416.jpg,0.4089135625429394,-0.15672349458193535,0.2131011818397344
Painted_Bunting_0011_16690.jpg,0.34373594123273143,-0.3570043496506998,0.5082114425733316
Painted_Bunting_0040_16691.jpg,0.4353081470838993,-0.03023982387901447,0.0770867459882508
Painted_Bunting_0010_16948.jpg,0.44236104713788915,-0.01768291619039508,0.0704723807943645
Painted_Bunting_0072_16697.jpg,0.3011944673007392,-0.5173580275475467,-0.2969547481001976
Painted_Bunting_0054_16711.jpg,0.43896034891159785,-0.053770725616903325,0.37296573843435615
Painted_Bunting_0069_16462.jpg,0.440070360967029,-0.06934767781007811,0.592694306868188
Painted_Bunting_0058_16719.jpg,0.3730833918563906,-0.27470435979758556,0.5267365999746486
Painted_Bunting_0094_16467.jpg,0.47331216922243835,0.09185269688852438,0.14125391093704823
Painted_Bunting_0016_15200.jpg,0.43031622156651195,-0.06258169753369502,0.6681359728841872
Painted_Bunting_0098_15226.jpg,0.46185670918926536,0.04860912042043697,0.5187845382196716
Painted_Bunting_0081_15230.jpg,0.5471758193229763,0.29232669310543546,0.635630708094777
Painted_Bunting_0019_15231.jpg,0.49213443780550115,0.14492690238074557,0.49305919266996495
Painted_Bunting_0029_16530.jpg,0.4757169708918536,0.09111973494285075,0.4631915209843459
Painted_Bunting_0080_16534.jpg,0.36314736503871414,-0.2861113330205476,0.6383634540699568
Painted_Bunting_0027_16536.jpg,0.42618574877644155,-0.09086584743982606,0.2936305012967006
Painted_Bunting_0044_16557.jpg,0.4452972032003224,-0.0005217830657413547,-0.13363299815912216
Painted_Bunting_0085_15282.jpg,0.45404174567401223,0.03995572160274219,0.04630705172444012
Painted_Bunting_0078_16565.jpg,0.4251684120964526,-0.09466580057463858,0.4919995806780635
Painted_Bunting_0013_15294.jpg,0.4231788379517384,-0.08480059217278968,-0.34640022944622095
Painted_Bunting_0021_15295.jpg,0.36932560676222703,-0.2898160773650824,-0.2569447296196293
Painted_Bunting_0009_16674.jpg,0.43016471760034003,-0.08252274167561335,0.23224136747370383
Painted_Bunting_0032_16605.jpg,0.4058326876854679,-0.14485318173842887,0.46873002866359886
Painted_Bunting_0049_16869.jpg,0.40478455255526014,-0.14025995129372437,0.500679554435929
Cardinal_0038_19203.jpg,0.5746862677942206,0.3533620660112953,0.36815169900486994
Cardinal_0072_17159.jpg,0.5022065380080356,0.17553188921564866,0.010276772436346822
Cardinal_0047_17673.jpg,0.44086658865012174,-0.046041702194427714,-0.40404642573853894
Cardinal_0035_17678.jpg,0.3895142928017322,-0.20907526301711443,0.03531107130734928
Cardinal_0103_17425.jpg,0.5484743317742684,0.33128248801786064,0.05142749216961199
Cardinal_0102_17808.jpg,0.5044901182866834,0.20596990521011016,0.10126693310548786
Cardinal_0006_17684.jpg,0.45434974148239504,0.01253667175073614,0.17531919251221229
Cardinal_0078_17181.jpg,0.4640996156263498,0.07257620997245395,-0.16078343017405167
Cardinal_0041_17189.jpg,0.38276543392709594,-0.21736303116446964,-0.0038326950334091336
Cardinal_0040_17477.jpg,0.42599562492162957,-0.0812231531056451,-0.049365600138922994
Cardinal_0093_17676.jpg,0.4353660921144872,-0.022369498758006312,-0.5401718383369098
Cardinal_0022_17233.jpg,0.41979606746295506,-0.08277486499531217,-0.15158911571157152
Cardinal_0023_19026.jpg,0.40132501192962033,-0.14327406451521307,0.08076910804636507
Cardinal_0033_19215.jpg,0.5664792910390721,0.346784601341687,0.07429670885595253
Cardinal_0105_19045.jpg,0.46136224311507434,0.003980747073379587,-0.31224367428238187
Cardinal_0050_18035.jpg,0.4617999786922806,0.00999304007416113,0.2050980610361492
Cardinal_0014_17389.jpg,0.5353172712697274,0.24860873553357277,-0.09691325187791416
Cardinal_0001_17057.jpg,0.4653488030634926,0.06152660658886655,-0.041659567435976166
Cardinal_0074_18339.jpg,0.4732615625939225,0.05557503597266078,-0.06587025653237961
Cardinal_0018_17071.jpg,0.5084471704868584,0.21537297711557946,0.008312594386206724
Cardinal_0062_17334.jpg,0.5282163983336763,0.25895747032361216,0.4876235537515499
Cardinal_0095_18108.jpg,0.45350537361573784,0.022901924863011347,0.10108668013798598
Cardinal_0016_17862.jpg,0.4659130467681709,0.05288310010163422,0.4346496669961923
Cardinal_0055_18898.jpg,0.4216519020339372,-0.10475911428024243,0.23616444828002217
Cardinal_0010_18894.jpg,0.43157461399073915,-0.05832267034909289,-0.01807832749015584
Cardinal_0049_18258.jpg,0.48742178716840145,0.1179090917332336,-0.1226334953600291
Cardinal_0082_17875.jpg,0.5660953664900223,0.376084035515835,-0.028284317200986175
Spotted_Catbird_0018_796800.jpg,0.5008360714079222,0.15521764471399757,0.01344077433441716
Spotted_Catbird_0033_796805.jpg,0.5789245854126319,0.35829622913704195,0.21700581861603419
Spotted_Catbird_0015_796808.jpg,0.44889127877553636,0.001201164792495657,0.27822686840316674
Spotted_Catbird_0044_796809.jpg,0.49145635036854995,0.10022214172726074,-0.05618615254327025
Spotted_Catbird_0048_796817.jpg,0.5019014509621098,0.17110242791814856,0.08352638170463476
Spotted_Catbird_0026_796818.jpg,0.4836686098831674,0.08684579896841205,0.1787632385183081
Spotted_Catbird_0040_796820.jpg,0.6226861694191639,0.5108952212884412,0.2972286463502592
Spotted_Catbird_0003_796822.jpg,0.42495960658279464,-0.08995215269043522,0.37471236983085143
Spotted_Catbird_0002_796827.jpg,0.6312559592519774,0.5069652862701283,-0.15221081668328665
Spotted_Catbird_0032_796828.jpg,0.4437125658504456,-0.02966190288535886,0.35828870666703705
Spotted_Catbird_0046_19399.jpg,0.3979821198836133,-0.1832530340322458,0.18513642005381345
Spotted_Catbird_0014_19425.jpg,0.631229788525054,0.510216899965122,0.31506209584031186
Spotted_Catbird_0009_796795.jpg,0.47900289641357463,0.06955971503242309,0.3319527123354765
Spotted_Catbird_0021_796798.jpg,0.5376683256332759,0.24859115464038428,0.19499867706063537
Spotted_Catbird_0035_796799.jpg,0.5070623069468145,0.17476372624861103,0.05409214867333394
Gray_Catbird_0043_21008.jpg,0.4824709637299104,0.05987613501254674,0.34883876519072277
Gray_Catbird_0032_21551.jpg,0.5252631893334683,0.24752868356615443,0.039709954062907254
Gray_Catbird_0039_21040.jpg,0.5358241040454241,0.2749849162068856,0.2138819137050177
Gray_Catbird_0069_21065.jpg,0.5096714804605077,0.1663342186341903,0.22376756024346547
Gray_Catbird_0013_20562.jpg,0.564655920196308,0.31794584668155623,-0.3300438006164033
Gray_Catbird_0019_20567.jpg,0.4323282257258566,-0.07046853615208604,0.1858284978088192
Gray_Catbird_0130_20328.jpg,0.4969906908938968,0.12034801912781001,-0.3580757025080216
Gray_Catbird_0028_20598.jpg,0.6022769905825307,0.42473227265851643,0.027071961552048416
Gray_Catbird_0022_19585.jpg,0.5026413967727006,0.1580390468735854,0.510213939992702
Gray_Catbird_0031_21635.jpg,0.3909712098072642,-0.17837033432794125,0.04561422224557633
Gray_Catbird_0075_21125.jpg,0.5173623662710751,0.21739644874069797,0.5135260062062065
Gray_Catbird_0102_20644.jpg,0.43565395346766844,-0.048656907041033426,-0.20498136875624284
Gray_Catbird_0060_20656.jpg,0.4708411099076406,0.04027052940857889,0.427610528046849
Gray_Catbird_0101_21178.jpg,0.47016647564798353,0.06794135427220627,0.25019225147709284
Gray_Catbird_0053_20694.jpg,0.4918216826349525,0.11662110366453804,-0.19468050666986272
Gray_Catbird_0104_20716.jpg,0.54830737443078,0.2759624819849341,0.06990896826526938
Gray_Catbird_0092_20735.jpg,0.41317993649855544,-0.14204816270990706,0.19949862073599045
Gray_Catbird_0024_20739.jpg,0.37265984614352843,-0.26086019726986054,-0.0034688871463853664
Gray_Catbird_0113_21270.jpg,0.45841978985367526,0.03388710390124694,0.23210547706536883
Gray_Catbird_0007_20186.jpg,0.5065976010466898,0.1449099128801995,0.01923565482291488
Gray_Catbird_0139_21281.jpg,0.4869531952812909,0.10774293472264718,0.4778585747141792
Gray_Catbird_0049_21311.jpg,0.44038142823705695,-0.04436325790200435,-0.180385717091571
Gray_Catbird_0105_20864.jpg,0.476521413418747,0.053738435279751307,-0.0297633379453392
Gray_Catbird_0002_21395.jpg,0.6196198901847932,0.4856176652415266,0.08742547124647654
Gray_Catbird_0057_20979.jpg,0.4384348136847446,-0.07078498414624113,0.13577733917176377
Gray_Catbird_0008_20430.jpg,0.5324016526549554,0.22190661144267632,-0.5489600511997448
Gray_Catbird_0138_20945.jpg,0.5762723006322655,0.35646469107681655,0.12704096507329168
Gray_Catbird_0044_20955.jpg,0.5179693759303863,0.18679561085224927,-0.051454557930036816
Gray_Catbird_0071_20974.jpg,0.5222017531067942,0.21260242156229214,0.4288042794479265
Yellow_Breasted_Chat_0029_22017.jpg,0.4137512355821674,-0.13486927505893997,-0.5333168268482442
Yellow_Breasted_Chat_0010_21777.jpg,0.4249613598704144,-0.126888101405501,-0.24556947611303925
Yellow_Breasted_Chat_0063_21783.jpg,0.37305689240626194,-0.2674519279712284,0.04021879675369644
Yellow_Breasted_Chat_0109_21796.jpg,0.42527235847329137,-0.12779204938131183,0.4104705928584002
Yellow_Breasted_Chat_0048_21797.jpg,0.42516376148235335,-0.08439220311417461,0.4235623248864901
Yellow_Breasted_Chat_0011_21820.jpg,0.44666115936455375,-0.02794883874422549,0.6149533245826531
Yellow_Breasted_Chat_0084_22082.jpg,0.41016646217105235,-0.17013322673914133,-0.39901101542157147
Yellow_Breasted_Chat_0072_21830.jpg,0.4621270364447918,0.012197207119883813,0.4825039289690648
Yellow_Breasted_Chat_0095_21832.jpg,0.542930528855037,0.2502942007563064,0.48148774146763595
Yellow_Breasted_Chat_0066_21839.jpg,0.41974780154229685,-0.11291158313483063,-0.22451670973202162
Yellow_Breasted_Chat_0091_22111.jpg,0.4811965545949656,0.11396911584580083,0.03117187579983363
Yellow_Breasted_Chat_0008_21856.jpg,0.4578481485720719,-0.014943361193324511,0.3605034818888401
Yellow_Breasted_Chat_0002_21819.jpg,0.42155396940379,-0.11720409402064336,0.4834465843170595
Yellow_Breasted_Chat_0035_21870.jpg,0.4246793710929091,-0.11594319271604703,0.3056260532427608
Yellow_Breasted_Chat_0110_21871.jpg,0.49069953315782044,0.10414598594120172,0.6766082057309545
Yellow_Breasted_Chat_0086_21877.jpg,0.41686009993057005,-0.12221648011265018,0.38902285469726305
Yellow_Breasted_Chat_0085_21899.jpg,0.5020356332353288,0.13651775381993503,0.445561986084852
Yellow_Breasted_Chat_0081_21829.jpg,0.41997898012420987,-0.11071637681510338,-0.44882239329128776
Yellow_Breasted_Chat_0023_21664.jpg,0.4662940285430228,0.007979010721816726,0.4877878962867529
Yellow_Breasted_Chat_0001_21928.jpg,0.40197866219316114,-0.1747143445760324,0.19503525596451302
Yellow_Breasted_Chat_0041_21683.jpg,0.4454767804866726,-0.0456158381657874,0.06156041609258313
Yellow_Breasted_Chat_0088_21686.jpg,0.45732563849260055,-0.0011446124899163745,0.03799686383022944
Yellow_Breasted_Chat_0022_21944.jpg,0.37704891492725534,-0.24076357466694587,0.09041707186887146
Yellow_Breasted_Chat_0087_21695.jpg,0.4122236660911013,-0.13510907407059025,0.3126839714117066
Yellow_Breasted_Chat_0034_21955.jpg,0.4042119195024213,-0.1719713792362283,0.5311867312216868
Yellow_Breasted_Chat_0030_21964.jpg,0.4457166120542694,-0.06192144492103302,0.7045174611940876
Yellow_Breasted_Chat_0061_21967.jpg,0.42338905539934013,-0.11927500356965992,0.3310640992235188
Yellow_Breasted_Chat_0017_21719.jpg,0.4745648076810902,0.06570151813287883,0.231502401451895
Yellow_Breasted_Chat_0079_21978.jpg,0.4157701293511128,-0.1083348958362591,-0.04957407303671322
Eastern_Towhee_0122_22538.jpg,0.39780464688743544,-0.21010784694531548,0.13146688526047615
Eastern_Towhee_0018_22546.jpg,0.38033554920514834,-0.24285678218704598,0.21032730322874757
Eastern_Towhee_0110_22549.jpg,0.4451250272066368,-0.05683555353444558,0.04283206297714553
Eastern_Towhee_0048_22557.jpg,0.4942046492621971,0.13020242305349494,0.36565085245691686
Eastern_Towhee_0095_22594.jpg,0.42317213293953226,-0.12363996411668765,-0.161427488824221
Eastern_Towhee_0086_22611.jpg,0.4364879265830912,-0.06299251564159158,0.2998262280339836
Eastern_Towhee_0053_22623.jpg,0.39636032852485237,-0.18178359329566507,0.17863973004239192
Eastern_Towhee_0134_22624.jpg,0.45749062159173304,-0.00399450247977895,0.488572413981841
Eastern_Towhee_0091_22629.jpg,0.456682521457239,0.013667845448632199,0.2676729736616218
Eastern_Towhee_0017_22138.jpg,0.40067591618718035,-0.1817244074530251,0.40236952405561427
Eastern_Towhee_0020_22141.jpg,0.46307544883090834,0.007105730497597218,0.33540171386754297
Eastern_Towhee_0067_22142.jpg,0.5150638885906547,0.17962460647446876,0.20911258129488017
Eastern_Towhee_0085_22674.jpg,0.45607361010393366,0.0034993923600299404,0.07651621073451896
Eastern_Towhee_0105_22675.jpg,0.41120656149786317,-0.16141159155630858,0.36804770795527403
Eastern_Towhee_0098_22676.jpg,0.3478052312690654,-0.3349563366383308,0.13930498639068362
Eastern_Towhee_0108_22182.jpg,0.4024229490965904,-0.1794619275534941,0.5696293500607261
Eastern_Towhee_0125_22220.jpg,0.4130473540493512,-0.13932134665836693,0.17103268053398948
Eastern_Towhee_0112_22231.jpg,0.4694444304484897,0.06632920250236685,0.28419745978766137
Eastern_Towhee_0031_22233.jpg,0.41066066307588156,-0.12772458314534751,0.31235505224222526
Eastern_Towhee_0015_22275.jpg,0.5085591422268152,0.18069510526143162,0.2385975618106503
Eastern_Towhee_0022_22279.jpg,0.40675368031859405,-0.15586022073033212,0.31496788756312055
Eastern_Towhee_0080_22303.jpg,0.4106182734999496,-0.14435204819285397,-0.03608122878858531
Eastern_Towhee_0115_22304.jpg,0.3914147429482717,-0.20149813425594232,-0.12157178349514551
Eastern_Towhee_0001_22314.jpg,0.42794568070286654,-0.12112939595212335,0.30762918460165295
Eastern_Towhee_0121_22319.jpg,0.4555646903000663,0.02056892476796346,0.38039710257079296
Eastern_Towhee_0049_22357.jpg,0.48793921887876957,0.07087334945974,0.4449289827237564
Eastern_Towhee_0129_22358.jpg,0.42120846877824647,-0.1275585637051173,0.11214087566820415
Eastern_Towhee_0014_22367.jpg,0.46650128116844003,0.0032349534766206167,0.4940945360057939
Eastern_Towhee_0024_22382.jpg,0.41858318773793046,-0.1283862029156262,0.42066607309600274
Eastern_Towhee_0062_22418.jpg,0.3849437205056274,-0.24872927579214332,-0.08301341724223468
Chuck_Will_Widow_0033_22792.jpg,0.6106630244885822,0.46194017866995596,0.6289055194575955
Chuck_Will_Widow_0045_22798.jpg,0.5303190079994035,0.2674297522890642,0.48570797058693144
Chuck_Will_Widow_0032_22802.jpg,0.4387011709152242,-0.025582052570744418,0.5805513699837984
Chuck_Will_Widow_0019_22806.jpg,0.4236701671319981,-0.0618058072651837,0.7342851665053779
Chuck_Will_Widow_0021_796952.jpg,0.6374146733780814,0.5343550242173469,0.1331740171762803
Chuck_Will_Widow_0011_796954.jpg,0.5940460963729235,0.4107275625566119,0.04738080697164421
Chuck_Will_Widow_0009_796955.jpg,0.5781582389409057,0.36489850527218304,0.5713685800802542
Chuck_Will_Widow_0015_796962.jpg,0.5707403152374051,0.3805261524159871,0.3809044617673404
Chuck_Will_Widow_0010_796964.jpg,0.5128817621860151,0.18399065681659588,0.5424151398554512
Chuck_Will_Widow_0020_796965.jpg,0.6087655647005001,0.45062580920127293,0.3057869984485154
Chuck_Will_Widow_0022_796967.jpg,0.6544802580224307,0.5612019423186575,-0.15791294546497886
Chuck_Will_Widow_0047_796971.jpg,0.5428225558426505,0.2993241747855503,0.19645551120677912
Chuck_Will_Widow_0025_796972.jpg,0.40605523619722195,-0.13179198312605278,0.5301097185115184
Chuck_Will_Widow_0027_796978.jpg,0.6934652285741525,0.6540896228579178,0.48732616000402473
Chuck_Will_Widow_0031_796981.jpg,0.4931282822278592,0.12568104781257994,0.3235448516899493
Chuck_Will_Widow_0042_796983.jpg,0.49064521367743663,0.13415843329465305,0.4934320576973604
Chuck_Will_Widow_0052_796984.jpg,0.6852651749070313,0.6573447471244862,0.08830234170611262
Chuck_Will_Widow_0014_796987.jpg,0.44492514104379943,-0.007660029681912484,0.4463793717425985
Chuck_Will_Widow_0028_796988.jpg,0.4826099912971157,0.13533078909792795,0.5613817382564188
Chuck_Will_Widow_0038_796989.jpg,0.5733278508831741,0.38442989409086836,0.21027082882256748
Chuck_Will_Widow_0051_796991.jpg,0.584423126705409,0.4200032647894161,0.18227993752258198
Chuck_Will_Widow_0030_796994.jpg,0.5525729360487124,0.29650416902132326,0.524332458819434
Chuck_Will_Widow_0041_796997.jpg,0.68377402406766,0.6275272767857822,0.30842252166337447
Chuck_Will_Widow_0058_796999.jpg,0.4941873935240694,0.16898987452212288,0.2989122464436348
Chuck_Will_Widow_0039_797000.jpg,0.5747809240680176,0.40840004510137506,0.551601251742534
Chuck_Will_Widow_0029_22751.jpg,0.6263914709151286,0.48801546475806445,0.45091299388280387
Brandt_Cormorant_0019_23058.jpg,0.5472948706148075,0.315310257216718,0.0573274983177989
Brandt_Cormorant_0092_23061.jpg,0.5691593291621947,0.35568437094956074,0.2282370267446228
Brandt_Cormorant_0002_23072.jpg,0.5019690652774824,0.13805188063814733,-0.03591572608291049
Brandt_Cormorant_0018_23090.jpg,0.4748875480126683,0.09376074217643815,0.21577972656073388
Brandt_Cormorant_0052_23356.jpg,0.6039333673414105,0.43855376639778365,-0.037009101156515296
Brandt_Cormorant_0064_22849.jpg,0.5241733872181897,0.20982977110005152,0.45256276551780467
Brandt_Cormorant_0065_23118.jpg,0.5931953800840123,0.4278283248269751,-0.049668935899127395
Brandt_Cormorant_0079_22874.jpg,0.5355394609222504,0.24052169770604348,0.6233135784580802
Brandt_Cormorant_0001_23398.jpg,0.4241560018518802,-0.06411667901819285,0.17258876381330807
Brandt_Cormorant_0040_23144.jpg,0.4903639365118835,0.1440437894117631,0.3627684725356051
Brandt_Cormorant_0028_22892.jpg,0.5536287427835394,0.29273500459355584,0.31990104533554725
Brandt_Cormorant_0042_23151.jpg,0.47217447703642623,0.03791233016145101,0.14090378375134083
Brandt_Cormorant_0061_22902.jpg,0.43650216765947014,-0.0140831310906544,0.11132646190376588
Brandt_Cormorant_0026_22913.jpg,0.6167021467789648,0.46807272301187064,0.1472609024215419
Brandt_Cormorant_0003_22922.jpg,0.5596628824645447,0.3472908475510059,0.11189661452450876
Brandt_Cormorant_0049_22924.jpg,0.50553197519558,0.15495957678129246,0.3718782933341403
Brandt_Cormorant_0030_22926.jpg,0.43740289184454595,-0.010873867802708714,0.24228338773087355
Brandt_Cormorant_0007_22934.jpg,0.5675569279843563,0.34874475191874765,0.51025995395731
Brandt_Cormorant_0036_22937.jpg,0.504505238841868,0.156434583018511,0.13161527599029044
Brandt_Cormorant_0091_22825.jpg,0.5449612678361719,0.3023298761378914,0.3870696673866411
Brandt_Cormorant_0039_22945.jpg,0.5708157377906449,0.3497434078887458,0.28180869649239365
Brandt_Cormorant_0078_23203.jpg,0.5044169970114816,0.14239482177231155,0.6037306139657745
Brandt_Cormorant_0053_22957.jpg,0.5261008543848051,0.24891029679311216,0.4323490496239966
Brandt_Cormorant_0033_22975.jpg,0.5837016361010497,0.38244098083815525,0.332471274297224
Brandt_Cormorant_0088_22948.jpg,0.5411183864079944,0.306136675817825,0.18084268885567054
Brandt_Cormorant_0073_23259.jpg,0.6510652217590502,0.5543431150222955,0.06100741114750455
Brandt_Cormorant_0071_23007.jpg,0.5375988611089018,0.2911947156254905,-0.09557871993324492
Brandt_Cormorant_0084_23265.jpg,0.4785584414294134,0.07407230181856095,0.10351135180095322
Brandt_Cormorant_0047_23337.jpg,0.49547876080662023,0.15052299039542216,0.22605688033675106
Red_Faced_Cormorant_0026_796289.jpg,0.4639479620034396,0.04537041496464056,-0.13333340320004602
Red_Faced_Cormorant_0021_796265.jpg,0.6327239417187942,0.5006609996155544,-0.24454039236601344
Red_Faced_Cormorant_0003_796270.jpg,0.556694319280239,0.2887555047909438,0.3744103156391508
Red_Faced_Cormorant_0069_796274.jpg,0.628655459386936,0.48980126451212913,0.30257494612842684
Red_Faced_Cormorant_0013_796278.jpg,0.3936361383159267,-0.20196601555514082,0.056021896425451356
Red_Faced_Cormorant_0063_796284.jpg,0.47909887197898926,0.0968967384932895,-0.4582256151549684
Red_Faced_Cormorant_0024_796285.jpg,0.49268711950481525,0.1341871980328917,0.07873009918593045
Red_Faced_Cormorant_0057_796286.jpg,0.535367683169986,0.2887524829216068,0.5277693805956702
Red_Faced_Cormorant_0054_796301.jpg,0.5663218557715962,0.35087943848120196,0.1936611289928327
Red_Faced_Cormorant_0025_796306.jpg,0.4089252675702927,-0.11804628277814189,0.10445448245646204
Red_Faced_Cormorant_0015_796307.jpg,0.5348065056347451,0.25223830931384006,0.3034524512298151
Red_Faced_Cormorant_0039_796308.jpg,0.6179368530343055,0.47551735009854035,0.04719195246696971
Red_Faced_Cormorant_0038_796313.jpg,0.47161421895766864,0.08160353858939973,0.2465356455555875
Red_Faced_Cormorant_0058_796315.jpg,0.5243323236424476,0.24102361009925732,0.4295492717889051
Red_Faced_Cormorant_0020_796318.jpg,0.5749184446678253,0.37512992965778447,0.249808809527639
Red_Faced_Cormorant_0068_796321.jpg,0.4860657398490159,0.1405335258226207,0.17460042708812284
Red_Faced_Cormorant_0001_796327.jpg,0.5302244373120322,0.21883741899627873,-0.009708547323898515
Red_Faced_Cormorant_0047_796330.jpg,0.49243665266177905,0.16552906684601165,0.3551292309203628
Red_Faced_Cormorant_0066_796333.jpg,0.491586069437171,0.11793158808447657,-0.014200214551608876
Red_Faced_Cormorant_0027_23482.jpg,0.44667534287111144,-0.030492489022853064,-0.16787982263244508
Red_Faced_Cormorant_0010_23421.jpg,0.511444087611391,0.20866818592685676,0.19360991849439443
Red_Faced_Cormorant_0023_796328.jpg,0.41970284768360266,-0.08585871433625747,0.034162040355721436
Pelagic_Cormorant_0009_23561.jpg,0.600689107614776,0.4213879395818506,0.28405988848410374
Pelagic_Cormorant_0032_23570.jpg,0.5751366412043601,0.3514254690649622,-0.3009927327077949
Pelagic_Cormorant_0070_23513.jpg,0.5538958787786523,0.29897209366915334,0.15884582338840464
Pelagic_Cormorant_0063_23515.jpg,0.4878675735041432,0.14290147542391796,0.31249012654639996
Pelagic_Cormorant_0046_23588.jpg,0.5255345906307927,0.2027812945514874,-0.19777863060326548
Pelagic_Cormorant_0036_23503.jpg,0.532349754626197,0.23390023433088847,0.36198489242290494
Pelagic_Cormorant_0071_23964.jpg,0.4967349216943553,0.1615018943400519,-0.09365669805563807
Pelagic_Cormorant_0042_23522.jpg,0.5561653253265484,0.29150336055797155,0.08172485868738126
Pelagic_Cormorant_0092_23639.jpg,0.5610016782993932,0.31756242168217863,0.3951427583811237
Pelagic_Cormorant_0075_23645.jpg,0.6051685191357237,0.44675782084314175,0.4464098544257101
Pelagic_Cormorant_0002_23680.jpg,0.5573629918124684,0.31170999704734137,-0.1151168877416884
Pelagic_Cormorant_0003_23695.jpg,0.4832666833889665,0.1329576941736842,0.3047945678342608
Pelagic_Cormorant_0010_23711.jpg,0.4280373363540019,-0.05910118595821712,0.18150877554044645
Pelagic_Cormorant_0049_23714.jpg,0.5763843860135922,0.3505091036938174,-0.1710441168165669
Pelagic_Cormorant_0005_23720.jpg,0.4743192461059349,0.0715972196716641,0.3126191126402117
Pelagic_Cormorant_0030_23732.jpg,0.47916693640794994,0.12365266794072494,0.19544491695409094
Pelagic_Cormorant_0041_23763.jpg,0.4563422070593762,0.0351303180592093,0.41323702740360885
Pelagic_Cormorant_0016_23509.jpg,0.5144142706032182,0.16958406901202383,-0.007204586850686425
Pelagic_Cormorant_0074_23511.jpg,0.5777928422972805,0.3556476878779954,-0.10756556338612527
Pelagic_Cormorant_0082_23844.jpg,0.5203895557000748,0.18886945021473456,0.01502922464428355
Pelagic_Cormorant_0096_23775.jpg,0.5076336071433607,0.15223177467800353,0.1082514448964816
Pelagic_Cormorant_0025_23776.jpg,0.5557503887643465,0.31697435932920726,-0.07600420851019157
Pelagic_Cormorant_0102_23778.jpg,0.4635357281550785,0.028916858956922198,0.023502103607596327
Pelagic_Cormorant_0076_23523.jpg,0.49024756960648985,0.14046248125681926,-0.08052677411167228
Pelagic_Cormorant_0098_23783.jpg,0.5711451405625805,0.3524147641340619,-0.041426766561875245
Pelagic_Cormorant_0099_23784.jpg,0.6303207012124759,0.49639637562064354,0.5351616557571554
Pelagic_Cormorant_0073_23785.jpg,0.6002590597776413,0.4251272385159699,-0.15045235209643185
Pelagic_Cormorant_0033_23530.jpg,0.5245227655261351,0.20767118922040317,-0.09916616941039255
Pelagic_Cormorant_0001_23538.jpg,0.6164614787034353,0.47619893273119773,0.08182316804534503
Pelagic_Cormorant_0014_23801.jpg,0.5118827086181073,0.16048184275208188,0.27016637589962955
Bronzed_Cowbird_0051_24083.jpg,0.5793840454463395,0.3762548722675465,0.24061496873586882
Bronzed_Cowbird_0030_24103.jpg,0.4695428058311778,0.07917575673550414,0.009490980391291367
Bronzed_Cowbird_0034_796209.jpg,0.4020928916625577,-0.14959198331123424,0.12194211153721109
Bronzed_Cowbird_0091_796212.jpg,0.47603976904923195,0.0899370914237525,0.29355299857977973
Bronzed_Cowbird_0025_796213.jpg,0.4874036747583713,0.12671788458959243,0.48003839146316013
Bronzed_Cowbird_0046_796218.jpg,0.5331694914255858,0.2389937756280185,0.05799047764563087
Bronzed_Cowbird_0022_796221.jpg,0.43870978467147925,-0.01687082586031874,0.31468814851473376
Bronzed_Cowbird_0087_796223.jpg,0.5179702306151509,0.19123965031997847,-0.13937600733562983
Bronzed_Cowbird_0043_796224.jpg,0.5343277336449782,0.23254612876751424,0.22446713428748827
Bronzed_Cowbird_0073_796226.jpg,0.4482056117352965,-0.006055771456957348,0.559048630215472
Bronzed_Cowbird_0013_24131.jpg,0.48340794797824505,0.0930476047544544,0.5004658575185926
Bronzed_Cowbird_0026_796229.jpg,0.5761970149155927,0.349961103795585,0.15686916477183588
Bronzed_Cowbird_0061_796232.jpg,0.5176144212877494,0.19248815383474593,0.11675281000699378
Bronzed_Cowbird_0076_796235.jpg,0.4888264974994678,0.09503227919376755,-0.08307219938243637
Bronzed_Cowbird_0020_796237.jpg,0.4766868914406548,0.07820986051318335,0.5478769310521191
Bronzed_Cowbird_0062_796238.jpg,0.4158293937885754,-0.0896776840799074,0.43925992105300554
Bronzed_Cowbird_0058_796239.jpg,0.40857540701075734,-0.10988645538580877,0.07039585945368856
Bronzed_Cowbird_0010_24146.jpg,0.3765647510718687,-0.2315545025935597,0.38827613410802175
Bronzed_Cowbird_0049_24147.jpg,0.4869233320941009,0.10430530737128874,0.44036357128954723
Bronzed_Cowbird_0003_796246.jpg,0.4607708121406201,0.04706513459842887,0.38552993862752116
Bronzed_Cowbird_0078_796262.jpg,0.4837457563032319,0.08676581161955443,0.3275411220198001
Bronzed_Cowbird_0024_24167.jpg,0.4643188330276916,0.01754745773685007,0.4376725537628312
Bronzed_Cowbird_0082_24175.jpg,0.4962686400684241,0.10328836212685788,0.3248734848288282
Bronzed_Cowbird_0021_24189.jpg,0.4119315230266426,-0.1356973587652348,0.4338178099019045
Bronzed_Cowbird_0081_24198.jpg,0.5229203965291125,0.18935512662605325,0.3739623144108146
Bronzed_Cowbird_0064_24199.jpg,0.4293650578022339,-0.059867666972326594,0.4561556178531779
Bronzed_Cowbird_0031_24139.jpg,0.3544027196709113,-0.3104636388512363,0.2954753321636016
Bronzed_Cowbird_0019_796242.jpg,0.39960586717910085,-0.16386987233149464,0.26375700264353696
Bronzed_Cowbird_0037_24032.jpg,0.3805400963103299,-0.2478056617850779,0.48501586690638426
Bronzed_Cowbird_0016_796245.jpg,0.45792377828916064,0.022001166956431506,0.2539928298069887
Shiny_Cowbird_0056_24321.jpg,0.4147499740581102,-0.13901115648200957,0.35853530760302665
Shiny_Cowbird_0057_24345.jpg,0.5006086242152853,0.13618479777207815,-0.10697604337703213
Shiny_Cowbird_0039_24359.jpg,0.5416041956123643,0.2526812965363998,0.28434648633909654
Shiny_Cowbird_0029_24372.jpg,0.5400627153027102,0.2402225526959012,-0.009927653083002577
Shiny_Cowbird_0067_24392.jpg,0.43671088630013466,-0.0440862290573556,-0.26581819013654273
Shiny_Cowbird_0079_24399.jpg,0.4729990972553967,0.0948339549452577,-0.032171409279303245
Shiny_Cowbird_0012_24249.jpg,0.44157646168302533,-0.043520069096322,-0.16088149852403943
Shiny_Cowbird_0068_24413.jpg,0.4473913249636011,-0.0013960030858732875,0.16613097748493383
Shiny_Cowbird_0059_24421.jpg,0.4292036026455004,-0.06629016412246913,-0.0815509530856025
Shiny_Cowbird_0007_24434.jpg,0.4679877729884845,0.022466443860409746,0.3750307342262708
Shiny_Cowbird_0051_24438.jpg,0.45790549253579904,0.019750295670081575,0.37514393130027124
Shiny_Cowbird_0037_24440.jpg,0.5149293907978685,0.17034148696395468,0.46289174992430426
Shiny_Cowbird_0030_24206.jpg,0.4273916414576676,-0.07719607207451262,-0.17306276513134658
Shiny_Cowbird_0018_796830.jpg,0.4466063602730235,0.005822565070563335,-0.24760444094138973
Shiny_Cowbird_0081_796833.jpg,0.44181215523998985,0.006336728059686214,0.27966017293075396
Shiny_Cowbird_0009_796835.jpg,0.6346029693551023,0.518067393848596,-0.13321823935660349
Shiny_Cowbird_0035_796837.jpg,0.5644547208385766,0.32477983803176214,-0.32959166895157277
Shiny_Cowbird_0085_796839.jpg,0.5970601564670698,0.440369143568496,-0.1300592223475149
Shiny_Cowbird_0004_796841.jpg,0.5026311632347108,0.16232107293395504,0.19076913580304963
Shiny_Cowbird_0078_796846.jpg,0.4834666778792641,0.07289883071218861,-0.16392726081089037
Shiny_Cowbird_0027_796850.jpg,0.46770988978274686,0.015034425525473072,-0.03344604604835289
Shiny_Cowbird_0031_796851.jpg,0.5456896986812438,0.2747343493954588,0.08195200854287497
Shiny_Cowbird_0043_796857.jpg,0.47931608943453274,0.09000113745515348,0.038851988117662876
Shiny_Cowbird_0015_796858.jpg,0.42374946379525735,-0.10049658772641501,-0.5987455300340351
Shiny_Cowbird_0080_796875.jpg,0.603149353409711,0.4198004542870928,0.026297792801430835
Shiny_Cowbird_0020_24276.jpg,0.3516168391644209,-0.3531770864909807,-0.4812218405811678
Shiny_Cowbird_0082_24279.jpg,0.44445826353788476,-0.015918237773883348,-0.241089096800786
Shiny_Cowbird_0005_796873.jpg,0.43672357693321107,-0.011688590146163857,0.4579814487038732
Shiny_Cowbird_0032_24284.jpg,0.491578262162119,0.09965267975787351,0.14017528031560567
Shiny_Cowbird_0074_24297.jpg,0.41764389417011627,-0.10713197711178912,-0.21402716580818845
Brown_Creeper_0093_24581.jpg,0.5700348541761247,0.33859283590345435,0.17969419822767688
Brown_Creeper_0123_24589.jpg,0.5116062306178306,0.2086405290061336,0.3996542280931071
Brown_Creeper_0111_24590.jpg,0.5214108228764139,0.20967673112147445,0.2159354509386277
Brown_Creeper_0069_24618.jpg,0.5118957099880591,0.1809353032420571,0.31949697651552733
Brown_Creeper_0079_24647.jpg,0.5483933448487908,0.3060015821578237,-0.2656244512897435
Brown_Creeper_0005_24659.jpg,0.4779545735564604,0.09515156963142768,0.05063276112535475
Brown_Creeper_0104_24698.jpg,0.6326984370427773,0.5415837895714442,0.34829219792866933
Brown_Creeper_0027_24729.jpg,0.5854979170984671,0.4268104293124044,0.1501785159925655
Brown_Creeper_0088_24731.jpg,0.558340345732582,0.33949948822308684,0.39953363569680295
Brown_Creeper_0107_24827.jpg,0.445818333832923,0.021256165321339227,0.01435469553923284
Brown_Creeper_0089_24841.jpg,0.62340239571817,0.5217225704776649,0.10984047453081719
Brown_Creeper_0004_24851.jpg,0.5665975567404545,0.39031889755882454,-0.03644591112403283
Brown_Creeper_0029_24912.jpg,0.49467985855756513,0.17220034336946188,-0.126772708410234
Brown_Creeper_0065_24464.jpg,0.6475390855288041,0.5390394713382729,0.5082554074331274
Brown_Creeper_0085_24938.jpg,0.514151540614381,0.20856856833260462,0.18492041824460217
Brown_Creeper_0035_24941.jpg,0.5112986329931577,0.19960951099006663,0.1570597791842371
Brown_Creeper_0075_24947.jpg,0.5304231639853301,0.26082010777834486,0.2617069518536666
Brown_Creeper_0012_24956.jpg,0.6020557475992456,0.45090885910378886,0.34452045856011604
Brown_Creeper_0001_24449.jpg,0.5554854583732409,0.3388724973852105,0.6077800080953508
Brown_Creeper_0124_24963.jpg,0.5433952696734983,0.29229487114256114,0.24507498936073463
Brown_Creeper_0056_24452.jpg,0.5088275599687995,0.19492006069233458,0.16471673951135454
Brown_Creeper_0046_24463.jpg,0.4972182833576847,0.16727253798463926,0.1179682524448549
Brown_Creeper_0051_24468.jpg,0.6568164145608641,0.5856806469808993,0.3405127518927949
Brown_Creeper_0101_24987.jpg,0.5112848742787361,0.20759112102398536,0.3041603377135466
Brown_Creeper_0031_24999.jpg,0.5316564411436836,0.25269700113359816,-0.04418819609051806
Brown_Creeper_0006_25034.jpg,0.5032642300559329,0.17269224703219066,0.24398686300211786
Brown_Creeper_0057_24529.jpg,0.4945615384923986,0.16055243401503005,0.1099601769621654
Brown_Creeper_0073_24546.jpg,0.6083238325625735,0.47021794924307736,0.48296346364821685
Brown_Creeper_0102_25000.jpg,0.4793325299662615,0.12211977108036165,0.4783986173435023
American_Crow_0030_25092.jpg,0.4612737148630037,-0.003007973796353758,0.03560884028105045
American_Crow_0021_25137.jpg,0.5204188466227269,0.2224600531083658,-0.29627747485989275
American_Crow_0027_25146.jpg,0.5378237816244199,0.24191061001492598,-0.3165991387683469
American_Crow_0011_25151.jpg,0.49774547453944706,0.14707260044391468,0.14684712681852222
American_Crow_0043_25666.jpg,0.49780215383983495,0.17041505534346302,0.28494097378273564
American_Crow_0139_25186.jpg,0.39742052575705733,-0.1939897320328594,0.1269905971346752
American_Crow_0131_25706.jpg,0.6043728028409894,0.4666911554097697,0.03234464799582327
American_Crow_0122_25200.jpg,0.5604003314621147,0.32817795037364583,-0.07017201811646752
American_Crow_0053_25203.jpg,0.5048531015115698,0.17076919796351964,0.07918786619681974
American_Crow_0099_25717.jpg,0.487573447921425,0.1437099486038116,0.19198592851922197
American_Crow_0121_25720.jpg,0.5836114228636103,0.38090874736793834,0.33076091653362183
American_Crow_0080_25220.jpg,0.5203416674986355,0.24230712591873427,0.3025027270970277
American_Crow_0137_25221.jpg,0.5467091455883253,0.2616610738120114,0.11708136216610578
American_Crow_0050_25255.jpg,0.5631871577688303,0.3099119106851269,0.2987334382336196
American_Crow_0085_25260.jpg,0.42398719646452643,-0.09513031501460967,0.20530936427215
American_Crow_0105_25283.jpg,0.4754347037351633,0.08487078724203034,0.27898520138590044
American_Crow_0014_25287.jpg,0.552404874773075,0.32914096919645874,0.15634120625633194
American_Crow_0088_25303.jpg,0.524628614587255,0.18969034931116335,0.43967760233400605
American_Crow_0004_25819.jpg,0.5848947838314262,0.37065395328626705,0.26856886919491874
American_Crow_0127_25412.jpg,0.5145631370056651,0.19995231045778672,0.09392264736227465
American_Crow_0066_25827.jpg,0.5016793232712817,0.17258304659437707,0.3392354335705941
American_Crow_0031_25433.jpg,0.48581051497667893,0.1332831211384491,-0.10287666005319841
American_Crow_0067_25443.jpg,0.5606469622262856,0.32545563234103014,0.030669782887857655
American_Crow_0079_25463.jpg,0.5745639922629463,0.36462094550807633,0.24892101212746467
American_Crow_0051_25505.jpg,0.46759900967500545,0.03312201973330664,0.11677939738586374
American_Crow_0069_25506.jpg,0.36540340763307566,-0.28598012790905014,-0.026156131025472356
American_Crow_0110_25541.jpg,0.5966227995392921,0.4050227047753546,-0.1045210300993619
American_Crow_0001_25053.jpg,0.5684825499050665,0.33532150933480076,-0.08758668977101826
American_Crow_0048_25062.jpg,0.4663249019774972,0.038501843872979724,-0.27703064767429214
American_Crow_0104_25086.jpg,0.6169739610356332,0.5001558217834616,-0.23210818631972321
Fish_Crow_0080_25861.jpg,0.5276095227244475,0.19701942637723857,0.56939816087407
Fish_Crow_0059_25864.jpg,0.40207303099072134,-0.1398844808516957,0.38449590452076143
Fish_Crow_0067_26124.jpg,0.45280803063479513,0.0390580496204328,0.02128592760772568
Fish_Crow_0018_25879.jpg,0.4697490008750326,0.06511095809485645,0.3402389603084688
Fish_Crow_0041_25887.jpg,0.40373928172340456,-0.14662098585902839,0.34984362200454916
Fish_Crow_0034_25891.jpg,0.5492561856237377,0.30772512346655445,0.33290193503254756
Fish_Crow_0042_26148.jpg,0.4521906309136221,0.01380656351687004,0.17451788777504548
Fish_Crow_0031_25909.jpg,0.4313478973613336,-0.03956783341849124,0.24919418782466346
Fish_Crow_0036_25911.jpg,0.40660950115141214,-0.13301432950586056,0.10017286202810106
Fish_Crow_0085_25919.jpg,0.4106831226355242,-0.11689324083903685,-0.03641851225347991
Fish_Crow_0071_25155.jpg,0.5313906284737466,0.2842644988710965,0.09877237138139888
Fish_Crow_0040_25158.jpg,0.6219771995425019,0.4825399425218393,0.3271590010724075
Fish_Crow_0051_25934.jpg,0.548018175274448,0.29207024688941874,0.5048417824573894
Fish_Crow_0013_25939.jpg,0.3952586749737952,-0.161806566235551,-0.21296322428085057
Fish_Crow_0065_25942.jpg,0.49641562335310185,0.13501206790332465,0.5079331659956622
Fish_Crow_0072_25945.jpg,0.5527056824201046,0.28919522124102226,0.03798868819700338
Fish_Crow_0012_25946.jpg,0.6197882898595881,0.48682908320720353,0.07754091275003201
Fish_Crow_0073_25977.jpg,0.4413333627094893,-0.012772910274526428,-0.1406053400120988
Fish_Crow_0082_26012.jpg,0.4401171150844214,-0.01595179334904029,0.05913712281837759
Fish_Crow_0032_26014.jpg,0.551100253490661,0.2890069795914738,0.35574309217067124
Fish_Crow_0061_25884.jpg,0.5598900608784847,0.34642184072098947,0.10674728290280962
Fish_Crow_0020_26027.jpg,0.5357374468444708,0.24243433716642648,0.5557924994480694
Fish_Crow_0053_26067.jpg,0.45080186989923643,0.0007832498599237292,-0.3168599829279858
Fish_Crow_0047_26070.jpg,0.3819184211022306,-0.21890357478222855,0.37779879597267824
Fish_Crow_0037_26071.jpg,0.5600369601045722,0.2975730019010784,0.23124741890617856
Fish_Crow_0002_26072.jpg,0.7147581462442426,0.7188680452954421,0.18305434178947688
Fish_Crow_0055_26077.jpg,0.4820301630035737,0.11888499809404252,0.24014467784704577
Fish_Crow_0035_26081.jpg,0.45693618254023016,0.049864476761408705,0.22916744293590402
Fish_Crow_0063_26094.jpg,0.4718860710095102,0.06714665777888018,0.5430429698061351
Fish_Crow_0056_25851.jpg,0.3991844868023774,-0.1609632490376236,-0.11760202433950903
Black_Billed_Cuckoo_0071_26288.jpg,0.5749134045988966,0.35124207122407336,0.25903838333605184
Black_Billed_Cuckoo_0032_26292.jpg,0.536861493862471,0.2552862294456376,0.3396192317293878
Black_Billed_Cuckoo_0076_26177.jpg,0.5108887137834859,0.1832808358343665,0.45458964481902625
Black_Billed_Cuckoo_0051_795318.jpg,0.4803461177849574,0.08711953595403765,0.4862440800092019
Black_Billed_Cuckoo_0045_26194.jpg,0.5304208445240326,0.21848243030711134,0.20253180275167673
Black_Billed_Cuckoo_0065_26203.jpg,0.37469244014209313,-0.23745545845978744,0.41026845295675857
Black_Billed_Cuckoo_0015_26208.jpg,0.50600540916013,0.13333065711980985,0.06607268646213858
Black_Billed_Cuckoo_0018_26218.jpg,0.5382933778273267,0.2518367619084053,0.3936594759368007
Black_Billed_Cuckoo_0017_26221.jpg,0.4771705550617975,0.07344696891399671,0.4256880566017441
Black_Billed_Cuckoo_0052_26232.jpg,0.4772738484278207,0.04156592312044294,0.10427039851413333
Black_Billed_Cuckoo_0006_26233.jpg,0.5467148542543363,0.25951009459180163,0.2456655336332765
Black_Billed_Cuckoo_0030_26240.jpg,0.4579420698583351,-0.013543103390814881,-0.22608997532590558
Black_Billed_Cuckoo_0044_26243.jpg,0.45217152991984855,-0.030725496138722885,0.1640578475945296
Black_Billed_Cuckoo_0091_26246.jpg,0.6206562210562121,0.4855177128961995,0.06465526984469312
Black_Billed_Cuckoo_0023_26258.jpg,0.4852738259780961,0.10578741090992416,0.15740580066783838
Black_Billed_Cuckoo_0085_795294.jpg,0.48319771036655734,0.0629288383658676,0.35282947662322645
Black_Billed_Cuckoo_0073_795304.jpg,0.5055677383331096,0.13613923099276404,0.03525180886104304
Black_Billed_Cuckoo_0008_795305.jpg,0.4918246668476196,0.09599552551585488,0.05127781492423785
Black_Billed_Cuckoo_0095_795307.jpg,0.539159598423796,0.23904873324752496,0.34987998451822794
Black_Billed_Cuckoo_0042_795308.jpg,0.44119247873808576,-0.04319626750666394,0.39359866013405154
Black_Billed_Cuckoo_0083_795315.jpg,0.5576826452957188,0.29019419175450434,0.19094283214171948
Black_Billed_Cuckoo_0022_795319.jpg,0.45992280872010005,0.0428450780772609,-0.06919209124162767
Black_Billed_Cuckoo_0034_795320.jpg,0.39735988324139193,-0.1723765651160034,0.142748904894225
Black_Billed_Cuckoo_0089_795322.jpg,0.4327634238067166,-0.079062749309045,0.32302978682914535
Black_Billed_Cuckoo_0043_795324.jpg,0.42169861398551944,-0.1126663356478057,0.20051317847385822
Black_Billed_Cuckoo_0046_795328.jpg,0.44279358918731315,-0.004953410426373095,0.22048470872148684
Black_Billed_Cuckoo_0037_795330.jpg,0.5017138489350801,0.12994090220324506,0.011711743290016015
Black_Billed_Cuckoo_0024_795331.jpg,0.5088461925857686,0.14319473822920525,0.20012241184813434
Black_Billed_Cuckoo_0027_26319.jpg,0.5148722287699052,0.17040508588517378,0.21581249548411793
Black_Billed_Cuckoo_0007_26320.jpg,0.4161437393476367,-0.12996978683726623,0.12086893080084415
Mangrove_Cuckoo_0024_794630.jpg,0.46508558183577,0.06042758932239001,0.2979646531715502
Mangrove_Cuckoo_0040_26378.jpg,0.5268323981568411,0.2299258624719429,0.13551890621916052
Mangrove_Cuckoo_0037_26389.jpg,0.5320544219320982,0.28571704720795055,-0.08316896204652419
Mangrove_Cuckoo_0053_26390.jpg,0.5593047503021922,0.3038847233919427,0.18637305475107036
Mangrove_Cuckoo_0010_26399.jpg,0.5494547463268029,0.29274913870421304,0.35091883330887086
Mangrove_Cuckoo_0011_26406.jpg,0.48108580894684483,0.08813169340572424,0.33643105934504897
Mangrove_Cuckoo_0023_26409.jpg,0.33997820048167793,-0.3591629378731007,-0.2098746332161271
Mangrove_Cuckoo_0002_26410.jpg,0.5156654369978753,0.18610014145814224,-0.1254367578847848
Mangrove_Cuckoo_0049_794631.jpg,0.4406487890708116,-0.0548640738863746,0.09280517317153789
Mangrove_Cuckoo_0009_26354.jpg,0.5130314866130811,0.166925486629931,-0.23322380874546608
Mangrove_Cuckoo_0030_26350.jpg,0.5228481536895618,0.20731948076361262,0.3754976309742793
Mangrove_Cuckoo_0018_794593.jpg,0.47809188921473234,0.06827292670719076,-0.2711247298500196
Mangrove_Cuckoo_0035_794595.jpg,0.5691158822751483,0.33238521237933627,0.14915980914059157
Mangrove_Cuckoo_0001_794601.jpg,0.626046253212559,0.49484082808781626,0.08199415918030094
Mangrove_Cuckoo_0021_794602.jpg,0.5231043524159413,0.24788698811584176,0.16870232647280362
Mangrove_Cuckoo_0032_794603.jpg,0.494219855863577,0.12591436615582097,0.11157038259272314
Mangrove_Cuckoo_0047_794604.jpg,0.4596534262396662,0.0253345692094592,0.06482725594850317
Mangrove_Cuckoo_0043_794605.jpg,0.5114856730960682,0.15870187105288336,-0.13926237274057668
Mangrove_Cuckoo_0026_794609.jpg,0.48344717210519716,0.09312064878332416,0.3154468469421584
Mangrove_Cuckoo_0007_794610.jpg,0.4818754398234054,0.07097600604491672,0.0006213452497419856
Mangrove_Cuckoo_0008_26357.jpg,0.516479823507255,0.1833408204989655,0.26275881509287247
Mangrove_Cuckoo_0003_794619.jpg,0.4796015026531435,0.06577206829595861,0.15037892397391414
Mangrove_Cuckoo_0017_794623.jpg,0.4070062895317901,-0.12431615569278032,0.1677694965021187
Yellow_Billed_Cuckoo_0023_26637.jpg,0.6288103991185231,0.5009406816749096,-0.23980033729741362
Yellow_Billed_Cuckoo_0117_26651.jpg,0.5789293650242457,0.3495762029706776,0.012371481885478184
Yellow_Billed_Cuckoo_0078_26888.jpg,0.5089635982187068,0.1656561243815723,0.22102095689827525
Yellow_Billed_Cuckoo_0005_26684.jpg,0.38610416075491294,-0.22917325956653145,0.05050183795036843
Yellow_Billed_Cuckoo_0060_26686.jpg,0.5692110447394985,0.3419391471347829,-0.1698789477161807
Yellow_Billed_Cuckoo_0007_26687.jpg,0.5484132059260021,0.2805013987484146,-0.19126311566352203
Yellow_Billed_Cuckoo_0061_26692.jpg,0.5453429634986864,0.2628884997770573,-0.3267783008440041
Yellow_Billed_Cuckoo_0012_26712.jpg,0.39737504073317254,-0.18872476839524688,-0.24065102830822296
Yellow_Billed_Cuckoo_0090_26714.jpg,0.4562101626684696,0.05855743444518369,0.08106077424052749
Yellow_Billed_Cuckoo_0074_26466.jpg,0.5308945093756097,0.2171178057050963,0.13492047780736727
Yellow_Billed_Cuckoo_0053_26738.jpg,0.5337903562004649,0.21806696203124232,0.22361460849313622
Yellow_Billed_Cuckoo_0073_26744.jpg,0.8299072432309097,0.889390402166433,-0.10881326776515785
Yellow_Billed_Cuckoo_0077_26431.jpg,0.5072411417820251,0.1549429754199364,0.3482560687308618
Yellow_Billed_Cuckoo_0043_26492.jpg,0.5598693804911401,0.3078574404105717,-0.20786482857754027
Yellow_Billed_Cuckoo_0014_26754.jpg,0.527593273445796,0.19784802246638533,-0.12388019081907913
Yellow_Billed_Cuckoo_0098_26501.jpg,0.5935119611023503,0.41819494653772415,-0.12373208268604274
Yellow_Billed_Cuckoo_0033_26521.jpg,0.6022564206800738,0.423506627434557,-0.07451448269547184
Yellow_Billed_Cuckoo_0018_26535.jpg,0.5654003341424583,0.31984231209112945,0.06073584390775254
Yellow_Billed_Cuckoo_0003_26797.jpg,0.6480237801201092,0.5768169783080972,0.06160787404731566
Yellow_Billed_Cuckoo_0116_26544.jpg,0.44771416505481676,-0.05060045445900174,-0.005542792445139429
Yellow_Billed_Cuckoo_0119_26550.jpg,0.553304461143899,0.2815352485490874,-0.20769192394000124
Yellow_Billed_Cuckoo_0088_26812.jpg,0.5233281425654008,0.1982274429694788,-0.2342480550021442
Yellow_Billed_Cuckoo_0104_26814.jpg,0.4797036652989679,0.06640227585806668,-0.039532033447040045
Yellow_Billed_Cuckoo_0024_26832.jpg,0.39267701199786265,-0.16482196093008072,-0.053053474371599185
Yellow_Billed_Cuckoo_0006_26578.jpg,0.4975506747825108,0.1059869697822361,0.005786118693281715
Yellow_Billed_Cuckoo_0107_26838.jpg,0.5690604069732625,0.34020731921135283,-0.0807232027896965
Yellow_Billed_Cuckoo_0066_26600.jpg,0.5173066325621039,0.1824797875315689,-0.33246880595056877
Yellow_Billed_Cuckoo_0029_26865.jpg,0.5526318805476469,0.29950710674771786,-0.06525891916097783
Yellow_Billed_Cuckoo_0067_26878.jpg,0.5096484718850833,0.16910978351349182,0.20096601007985937
Gray_Crowned_Rosy_Finch_0078_27136.jpg,0.3428741474531999,-0.36889523449466455,0.14820763035000944
Gray_Crowned_Rosy_Finch_0027_27153.jpg,0.39245319485005525,-0.18906967406047803,-0.10696288265111165
Gray_Crowned_Rosy_Finch_0019_27192.jpg,0.4232736065468311,-0.12198461939065774,-0.2564218368273574
Gray_Crowned_Rosy_Finch_0076_27200.jpg,0.37546692263602655,-0.23553857147215185,0.1141343085922896
Gray_Crowned_Rosy_Finch_0009_26977.jpg,0.4474540682895355,-0.004330401859326205,0.16633277876897357
Gray_Crowned_Rosy_Finch_0018_26978.jpg,0.47837657783881105,0.08327232107553473,0.03572560644391743
Gray_Crowned_Rosy_Finch_0067_797289.jpg,0.5271492807537207,0.2622558193217257,0.06504405844588496
Gray_Crowned_Rosy_Finch_0004_797272.jpg,0.41953857616411505,-0.11339203084609695,0.013602117692569507
Gray_Crowned_Rosy_Finch_0048_27236.jpg,0.370844994601207,-0.2542440920367539,0.3547887991432186
Gray_Crowned_Rosy_Finch_0053_797276.jpg,0.4608526929039226,0.06569613897412796,0.4059073524235293
Gray_Crowned_Rosy_Finch_0007_797278.jpg,0.5235006598825411,0.2286143362454428,0.13121184064312194
Gray_Crowned_Rosy_Finch_0083_797281.jpg,0.5248181841964623,0.23005576827103946,0.33153751487281585
Gray_Crowned_Rosy_Finch_0036_797287.jpg,0.4206128502124341,-0.11027567973505015,-0.19789330169533248
Gray_Crowned_Rosy_Finch_0023_797288.jpg,0.4174971643626475,-0.08137721163224376,0.05845544505508886
Gray_Crowned_Rosy_Finch_0040_26985.jpg,0.40501144868161376,-0.1307304394088149,0.3204709284022226
Gray_Crowned_Rosy_Finch_0079_797294.jpg,0.44579961070948404,-0.03379102117091404,0.005528391682957071
Gray_Crowned_Rosy_Finch_0066_797298.jpg,0.43473122083276605,-0.03196199457223048,0.3548949444561953
Gray_Crowned_Rosy_Finch_0031_797299.jpg,0.5137734613316579,0.19555512933854402,0.1122178824640134
Gray_Crowned_Rosy_Finch_0029_797300.jpg,0.44300022567682573,0.00668373147204071,-0.08416929661820036
Gray_Crowned_Rosy_Finch_0034_797305.jpg,0.4451284098332844,0.008990258626981884,0.3715123618304137
Gray_Crowned_Rosy_Finch_0064_27007.jpg,0.36267007901815307,-0.31487104358148743,-0.09827177490612685
Gray_Crowned_Rosy_Finch_0072_26993.jpg,0.44184203784654863,-0.029412193743454162,0.26174734769055297
Gray_Crowned_Rosy_Finch_0022_27028.jpg,0.5383459350738644,0.2971123066992345,-0.053239741058206065
Gray_Crowned_Rosy_Finch_0084_27034.jpg,0.46665522653121994,0.06193887221763272,0.2707580975420931
Gray_Crowned_Rosy_Finch_0037_27088.jpg,0.4101823924013579,-0.13808564692405167,-0.059649003765383464
Gray_Crowned_Rosy_Finch_0073_27104.jpg,0.4524244886560106,0.023414770830076148,0.1352249510311591
Gray_Crowned_Rosy_Finch_0041_27105.jpg,0.40724632462386323,-0.12670670172345289,0.1175101156175131
Gray_Crowned_Rosy_Finch_0057_27107.jpg,0.48488106398234565,0.13698836623243626,0.304047840386282
Gray_Crowned_Rosy_Finch_0028_27114.jpg,0.4372915259543171,-0.07177041087249036,-0.13435798842680824
Purple_Finch_0115_28190.jpg,0.5003532521013092,0.15070684690746516,0.48357041345055246
Purple_Finch_0001_27571.jpg,0.4630002363586976,0.03867279264175327,-0.5449081901313705
Purple_Finch_0021_28235.jpg,0.37898270533813694,-0.2293726701814489,-0.6206254207726407
Purple_Finch_0031_28175.jpg,0.3849863710448663,-0.21750529543707064,-0.5206038127632113
Purple_Finch_0030_27255.jpg,0.3920898782939133,-0.1957539993639943,-0.1105594133534741
Purple_Finch_0079_27258.jpg,0.41637674914996214,-0.11588306060960551,0.5623731507079508
Purple_Finch_0119_27260.jpg,0.4595401801701,0.03166483581778334,-0.10010733026022152
Purple_Finch_0002_27266.jpg,0.4080476009830768,-0.17862672630058252,0.06242977674610904
Purple_Finch_0098_27280.jpg,0.44671013203898347,-0.0013698791269041166,-0.38263074743857767
Purple_Finch_0097_27288.jpg,0.47430873070888147,0.07820206926199069,0.14798252840314596
Purple_Finch_0046_27295.jpg,0.39773635761477844,-0.1607574029111185,0.2663895239587007
Purple_Finch_0117_27427.jpg,0.3908292570612225,-0.19749540574172553,0.44160690254492946
Purple_Finch_0033_27926.jpg,0.3960344968723277,-0.17114686357193198,0.464776379586679
Purple_Finch_0133_27928.jpg,0.3979870310442176,-0.16775229629244692,0.24475487575397983
Purple_Finch_0091_27425.jpg,0.41592800560313004,-0.11558332515340841,0.35423901762355997
Purple_Finch_0076_27441.jpg,0.4399867415655825,-0.03232674920459466,-0.31117605900979284
Purple_Finch_0020_27961.jpg,0.4308326975642581,-0.04686835820592039,0.6044873477564087
Purple_Finch_0059_27966.jpg,0.3724179412540013,-0.25562314548684184,-0.3913130525994134
Purple_Finch_0008_27455.jpg,0.48433383561235677,0.1249268424715777,0.45538550538011097
Purple_Finch_0035_27972.jpg,0.3827580899842905,-0.22649886737427583,0.5436443123409642
Purple_Finch_0103_27461.jpg,0.40831618844987216,-0.14659553733041486,0.34125246426218636
Purple_Finch_0065_27473.jpg,0.4113247816288138,-0.11501156293050596,0.47642224399485283
Purple_Finch_0130_27555.jpg,0.44872342129141507,0.013798033850684455,0.34409728034234915
Purple_Finch_0124_27567.jpg,0.3856740212013974,-0.21535246130818653,-0.22759802998711354
Purple_Finch_0120_27597.jpg,0.37760455876672494,-0.2294304597093595,0.36098422858500046
Purple_Finch_0118_27604.jpg,0.35915397730182885,-0.3165446942469454,0.3016285985314363
Purple_Finch_0043_28117.jpg,0.40187763131874743,-0.14279063170177597,0.3046267268843759
Purple_Finch_0106_27607.jpg,0.4725271162205763,0.08265709978428881,0.10757193739180995
Purple_Finch_0023_27986.jpg,0.35128254810676096,-0.3294873630571973,0.4529949583449818
Purple_Finch_0067_27431.jpg,0.3590141319640956,-0.3078879949683291,0.003351525353369976
Northern_Flicker_0072_28678.jpg,0.4811765025605952,0.07864700108026845,-0.18600858753552318
Northern_Flicker_0041_28697.jpg,0.43947082450487984,-0.02973817593406891,-0.1350339248630288
Northern_Flicker_0093_28700.jpg,0.4782734346342592,0.09073210443869895,0.2191643668976875
Northern_Flicker_0094_28726.jpg,0.4757070526636754,0.07265599577498749,0.41639843890443057
Northern_Flicker_0034_28740.jpg,0.5000928470578718,0.1731836657123218,0.025980012773167267
Northern_Flicker_0021_28741.jpg,0.4668923505959781,0.042842371465928175,0.2882832860805669
Northern_Flicker_0006_28290.jpg,0.47185107762728584,0.0574239234859667,0.2669281185631605
Northern_Flicker_0135_28291.jpg,0.47063594567388023,0.05539275144296829,0.025029791476306115
Northern_Flicker_0099_28312.jpg,0.43922367117564265,-0.054052994463984705,-0.09526792815661625
Northern_Flicker_0084_28318.jpg,0.4959738463109197,0.13154500173744865,0.33045166819251526
Northern_Flicker_0068_28330.jpg,0.41723623289374523,-0.09443976658100595,-0.01854036502957086
Northern_Flicker_0055_28344.jpg,0.5626087343283281,0.3483869934317383,0.19289814887743528
Northern_Flicker_0086_28360.jpg,0.42072305497552387,-0.0972793272314223,0.06887095653648878
Northern_Flicker_0104_28371.jpg,0.5352954521452249,0.28144558518572094,0.151896278284615
Northern_Flicker_0100_28898.jpg,0.4211366160614032,-0.09700553294929248,-0.27863973737318265
Northern_Flicker_0046_28391.jpg,0.49107446786141573,0.08900139009554953,-0.2940955216627166
Northern_Flicker_0136_28918.jpg,0.49525374632763464,0.10502552150466204,0.07354929883479135
Northern_Flicker_0022_28952.jpg,0.4702863499298797,0.047046922324001206,0.11803984644718275
Northern_Flicker_0053_28445.jpg,0.44750507467124423,-0.025514811612705968,0.29300168041327634
Northern_Flicker_0045_28805.jpg,0.45607012411279857,0.038759406468981905,0.2574910787213845
Northern_Flicker_0131_28962.jpg,0.44978696468772994,-0.03451033503894507,0.27669289610000025
Northern_Flicker_0124_28966.jpg,0.39549455512771325,-0.17409788019044647,-0.16167942063444454
Northern_Flicker_0125_28485.jpg,0.48206403130842623,0.12150888476930533,0.17348901889892546
Northern_Flicker_0090_28491.jpg,0.4286223964787079,-0.060444546183135106,0.41816685745239973
Northern_Flicker_0108_28502.jpg,0.40855386533778904,-0.12869091065879035,0.34992766883304033
Northern_Flicker_0129_29022.jpg,0.4629408912830538,0.0683146856924316,-0.00862954636758036
Northern_Flicker_0044_28592.jpg,0.4341108969211618,-0.05017160112512009,0.2629411241882785
Northern_Flicker_0079_28630.jpg,0.4757749472240522,0.06195540515530207,-0.3910230272015326
Northern_Flicker_0127_28411.jpg,0.5290762944961998,0.21914870832596145,0.06439196952207396
Northern_Flicker_0051_28650.jpg,0.490134978066775,0.1421613157767181,0.4666895780324307
Acadian_Flycatcher_0022_29145.jpg,0.447183691938972,-0.007999190795847655,-0.2345081091775455
Acadian_Flycatcher_0013_29232.jpg,0.411996521967089,-0.1333181109931043,-0.14810912793705644
Acadian_Flycatcher_0070_29150.jpg,0.4724410052482918,0.06179293117272633,0.2654534614623989
Acadian_Flycatcher_0036_795577.jpg,0.4777125743150974,0.04367653516934655,-0.04482009806122762
Acadian_Flycatcher_0069_795579.jpg,0.448108767042693,-0.012743802530384984,0.10166006238443898
Acadian_Flycatcher_0030_795591.jpg,0.4239943266879219,-0.10545122534618856,-0.16410809394637527
Acadian_Flycatcher_0051_29077.jpg,0.5916850615003506,0.40914442325840683,0.017796412642524163
Acadian_Flycatcher_0059_29102.jpg,0.4605947099095734,-0.003519982473229488,-0.11026124045190182
Acadian_Flycatcher_0015_795578.jpg,0.5316935178331934,0.22628042907496881,0.371435761440733
Acadian_Flycatcher_0043_29115.jpg,0.4364921935742765,-0.0417784439165203,-0.004600650495898238
Acadian_Flycatcher_0049_795580.jpg,0.4483323701205536,-0.03869302286068543,0.4131669855594295
Acadian_Flycatcher_0031_795582.jpg,0.4354061454760496,-0.062436138331093405,0.39399193579400843
Acadian_Flycatcher_0034_795583.jpg,0.4954703493153214,0.11886733485707113,0.3781129496989979
Acadian_Flycatcher_0064_795584.jpg,0.43516822184694415,-0.07250436775649405,-0.06349035416733186
Acadian_Flycatcher_0042_29127.jpg,0.4640568459297101,0.04010840487291767,-0.0950892683986412
Acadian_Flycatcher_0021_795594.jpg,0.3786427403218071,-0.25687874929784327,-0.27534449281141393
Acadian_Flycatcher_0046_795596.jpg,0.5312367560628052,0.2167112128764711,-0.07067480512044366
Acadian_Flycatcher_0072_795603.jpg,0.40731712830088784,-0.16861142264692974,-0.12141505815524312
Acadian_Flycatcher_0060_795604.jpg,0.4195306149699787,-0.11771369668615628,0.18795692514610587
Acadian_Flycatcher_0041_795605.jpg,0.4461984295232062,-0.00990142955127049,-0.172921545780119
Acadian_Flycatcher_0050_795608.jpg,0.5391661136734462,0.26314087713005163,0.09770305119675737
Acadian_Flycatcher_0052_795610.jpg,0.5251591637128981,0.2111802241955546,0.20435479658215905
Acadian_Flycatcher_0012_795612.jpg,0.4927995906799508,0.11183454268537207,0.16136247877246798
Acadian_Flycatcher_0038_795616.jpg,0.39046904345931177,-0.20144438137790321,-0.1376468340953833
Acadian_Flycatcher_0005_29157.jpg,0.4329019188672798,-0.077169980407924,-0.07462677691273205
Acadian_Flycatcher_0044_795624.jpg,0.4581923680459945,0.010416146129127002,-0.008121762170993266
Acadian_Flycatcher_0071_795627.jpg,0.5151900386342118,0.19174794785131322,0.14539279752531722
Acadian_Flycatcher_0073_795628.jpg,0.48666971616612786,0.1100239548346601,0.04105325316041789
Acadian_Flycatcher_0024_29173.jpg,0.3611318978384198,-0.29888772006939224,0.010338507512418667
Great_Crested_Flycatcher_0028_29696.jpg,0.4446836430408089,-0.014766942891393242,0.25714616524044215
Great_Crested_Flycatcher_0012_29264.jpg,0.4688236026264103,0.0724070417507161,-0.08418889679835156
Great_Crested_Flycatcher_0119_29778.jpg,0.4239827556523861,-0.0810995247759756,0.2540860909558524
Great_Crested_Flycatcher_0007_29280.jpg,0.46982864029313864,0.06627567736441564,-0.3683160243357204
Great_Crested_Flycatcher_0124_29294.jpg,0.42894138895062595,-0.07611857731162486,0.49714573322411587
Great_Crested_Flycatcher_0061_29807.jpg,0.44521289151448984,-0.0013436562409283592,0.22571607625604082
Great_Crested_Flycatcher_0132_29300.jpg,0.47317296633750416,0.06694869230518274,0.2805667595743093
Great_Crested_Flycatcher_0139_29302.jpg,0.40338256401360273,-0.18240503314736056,0.17361263715115305
Great_Crested_Flycatcher_0031_29825.jpg,0.37442023216289455,-0.26360148061596567,-0.19536482709169617
Great_Crested_Flycatcher_0133_29314.jpg,0.4131868931260422,-0.10563892199805713,0.0277009423810596
Great_Crested_Flycatcher_0131_29329.jpg,0.44448480230423637,-0.0032197960883963983,0.09756557950693583
Great_Crested_Flycatcher_0073_29330.jpg,0.4392481108553189,-0.02780019911138787,0.169817603896032
Great_Crested_Flycatcher_0120_29472.jpg,0.37712305203366714,-0.23774740663389315,-0.07293194782718847
Great_Crested_Flycatcher_0010_29396.jpg,0.4285046737494067,-0.06808858896899461,0.3926298114578404
Great_Crested_Flycatcher_0097_29398.jpg,0.4028291543504917,-0.1486489160076645,0.06112312941118382
Great_Crested_Flycatcher_0016_29406.jpg,0.46322777348335853,-0.000490802069085694,-0.0062085109478995995
Great_Crested_Flycatcher_0021_29929.jpg,0.46052812887259587,0.027972440275555566,-0.005924697144959435
Great_Crested_Flycatcher_0042_29438.jpg,0.43565000834023393,-0.07505723294974453,0.278737845463143
Great_Crested_Flycatcher_0033_29959.jpg,0.44862397244675345,0.0060387062052423834,0.35630649963907773
Great_Crested_Flycatcher_0044_29995.jpg,0.45759466241382196,0.004896996871027182,-0.21240272061400742
Great_Crested_Flycatcher_0013_29496.jpg,0.48131936222710736,0.10807712698127647,-0.06072304275230571
Great_Crested_Flycatcher_0024_29516.jpg,0.48008350815687706,0.05469283969028582,0.15014726876825304
Great_Crested_Flycatcher_0041_29521.jpg,0.44868641299948353,0.006695844382356375,0.39305246928497806
Great_Crested_Flycatcher_0051_29530.jpg,0.468565961847594,0.04705609920680731,0.4274357934336226
Great_Crested_Flycatcher_0111_29543.jpg,0.4034155541157801,-0.1684370044399277,0.4246760458133134
Great_Crested_Flycatcher_0064_29546.jpg,0.36007786480042037,-0.2950192212455236,0.46333034244434146
Great_Crested_Flycatcher_0074_29553.jpg,0.5817379543313501,0.3958586054031774,0.026501191065528097
Great_Crested_Flycatcher_0125_29593.jpg,0.45793455078543077,0.03281524322236373,-0.1989954882756011
Great_Crested_Flycatcher_0030_29645.jpg,0.44463040006937893,-0.030856833129157213,0.3635923997414034
Great_Crested_Flycatcher_0036_29693.jpg,0.4438003889077542,-0.025420445453204987,0.14401653497557537
Least_Flycatcher_0079_30256.jpg,0.5284103903604233,0.20965979844550087,0.2822379833654817
Least_Flycatcher_0006_30262.jpg,0.3773845686074109,-0.2692849167642912,0.260964443518099
Least_Flycatcher_0015_30280.jpg,0.5759611156291568,0.3512972064295784,-0.12865853607461897
Least_Flycatcher_0057_30282.jpg,0.4233810429378484,-0.1040799561072776,0.02095396917981491
Least_Flycatcher_0009_30303.jpg,0.41055557901928796,-0.14722456358729308,0.22928963602538932
Least_Flycatcher_0046_30316.jpg,0.41320305275021463,-0.14515049060381258,0.28497898502010577
Least_Flycatcher_0085_30318.jpg,0.4447004851786758,-0.03749816468653955,-0.34283489034399883
Least_Flycatcher_0052_30321.jpg,0.5005727814064687,0.175132269167538,-0.09961774360746589
Least_Flycatcher_0007_30339.jpg,0.4319102544190291,-0.0829949915013839,-0.02243241660272206
Least_Flycatcher_0044_30349.jpg,0.49559797877848566,0.10525126501739523,0.05655378903496942
Least_Flycatcher_0023_30352.jpg,0.4877937920305394,0.08310371387992022,0.19343603373546858
Least_Flycatcher_0029_30362.jpg,0.4691197198254672,0.04321071195921233,0.16099675889633588
Least_Flycatcher_0040_30366.jpg,0.46996991667709975,0.025675882219267865,0.2665681460550513
Least_Flycatcher_0097_30122.jpg,0.36552948283000863,-0.2789746967484934,-0.20124254884573398
Least_Flycatcher_0087_30123.jpg,0.32825481579000604,-0.420783119454055,-0.02698145085093193
Least_Flycatcher_0038_30127.jpg,0.4917553805757737,0.10253010503064208,0.10641924234481297
Least_Flycatcher_0062_30131.jpg,0.47631015636414265,0.06471271944489698,0.40138559032101395
Least_Flycatcher_0004_30140.jpg,0.49285198271084085,0.10849772971483385,-0.10540338437430054
Least_Flycatcher_0005_30142.jpg,0.4231280317970745,-0.10269095532974326,-0.07044421731347726
Least_Flycatcher_0058_30143.jpg,0.40852187689914077,-0.13282463875195294,0.03674287877979631
Least_Flycatcher_0032_30146.jpg,0.5015068383931095,0.14667056302818104,-0.009915353510191963
Least_Flycatcher_0059_30152.jpg,0.47532695473249553,0.057490803119473854,0.22158555778087916
Least_Flycatcher_0061_30429.jpg,0.45386440456222077,-0.02120015320313673,0.18126530626812146
Least_Flycatcher_0045_30174.jpg,0.49277119190435603,0.09829628816266123,0.007171483352876897
Least_Flycatcher_0075_30441.jpg,0.4324629488870868,-0.09115516377569821,0.22811194370039356
Least_Flycatcher_0050_30189.jpg,0.4143932154392099,-0.12942117571204048,-0.106852234566522
Least_Flycatcher_0054_30450.jpg,0.4596336364803255,0.04260613942420444,-0.020271898899278933
Least_Flycatcher_0017_30460.jpg,0.4184728741246625,-0.11412904352271402,-0.11865958680541235
Least_Flycatcher_0018_30462.jpg,0.4968162027094063,0.12598078638999888,-0.2969078685288674
Olive_Sided_Flycatcher_0041_30470.jpg,0.5764164932819447,0.37028548474020484,-0.20934640578375013
Olive_Sided_Flycatcher_0025_30486.jpg,0.48605509159590055,0.11988303122311061,0.15559838742012144
Olive_Sided_Flycatcher_0077_30492.jpg,0.5094767775568521,0.16312601338621868,-0.01934013364379432
Olive_Sided_Flycatcher_0031_30502.jpg,0.4780778714736992,0.08161578482920806,0.05518603474693527
Olive_Sided_Flycatcher_0026_30525.jpg,0.6470959563848164,0.5646384193542018,0.23334155811067167
Olive_Sided_Flycatcher_0046_30529.jpg,0.47127186927715514,0.026007480998029076,0.013965470951015562
Olive_Sided_Flycatcher_0069_30544.jpg,0.40156598944709787,-0.18552695074979142,0.14844966738949741
Olive_Sided_Flycatcher_0072_796877.jpg,0.4861974918169415,0.0871703384499346,0.2013670966736504
Olive_Sided_Flycatcher_0013_30550.jpg,0.50999514175738,0.1721352683352858,-0.07760492738592638
Olive_Sided_Flycatcher_0074_30816.jpg,0.3413813802208828,-0.36379345297218535,-0.15510332656056874
Olive_Sided_Flycatcher_0006_30824.jpg,0.44178457355345446,-0.05313135782792,0.5016587477793515
Olive_Sided_Flycatcher_0056_30570.jpg,0.4918537664011633,0.15715882644183854,-0.001020239380342387
Olive_Sided_Flycatcher_0043_30632.jpg,0.5009971613664083,0.12681446699938914,-0.18903121259284444
Olive_Sided_Flycatcher_0048_30656.jpg,0.4777985129815041,0.04721626413866231,-0.13436110134540294
Olive_Sided_Flycatcher_0079_30662.jpg,0.3211590291951658,-0.44349519985802455,0.0428363396349293
Olive_Sided_Flycatcher_0050_796878.jpg,0.48971061211899203,0.10392591636613047,0.07567238245673437
Olive_Sided_Flycatcher_0055_796879.jpg,0.5130723078454309,0.16987463333540154,-0.2923162437809681
Olive_Sided_Flycatcher_0058_796883.jpg,0.5368745153129484,0.24350474030557678,0.08917054277877343
Olive_Sided_Flycatcher_0038_796884.jpg,0.4099248730340619,-0.11239357234483127,-0.03861705434140983
Olive_Sided_Flycatcher_0042_796886.jpg,0.4990361233390527,0.13842881133496954,0.04986004355168708
Olive_Sided_Flycatcher_0045_796888.jpg,0.46329895299077617,0.007858688919274104,0.20873937532288053
Olive_Sided_Flycatcher_0082_796893.jpg,0.4401448686540116,-0.0006225475249443946,0.43583585270765535
Olive_Sided_Flycatcher_0008_30686.jpg,0.6987117533319753,0.6621338774727237,-0.13682853305426643
Olive_Sided_Flycatcher_0081_796895.jpg,0.41488609020099587,-0.11186705371646921,0.1771684465927543
Olive_Sided_Flycatcher_0030_796896.jpg,0.4156343900997491,-0.10636968276550074,-0.0047406640402184
Olive_Sided_Flycatcher_0021_796880.jpg,0.49688061339317324,0.1160226561091342,0.341460432758578
Olive_Sided_Flycatcher_0057_796898.jpg,0.49567543317993124,0.14163027329485478,-0.05197477628078953
Olive_Sided_Flycatcher_0075_30712.jpg,0.4557003761003324,-0.016284544068707385,0.15910901180259956
Olive_Sided_Flycatcher_0032_30713.jpg,0.4800424845098007,0.10950522003157392,0.041753232015879785
Olive_Sided_Flycatcher_0027_30549.jpg,0.6713577718536364,0.6043704918462154,-0.3609304903490915
Scissor_Tailed_Flycatcher_0096_41733.jpg,0.46182590852170147,0.016397379526686073,0.15282464637430737
Scissor_Tailed_Flycatcher_0042_41990.jpg,0.5020982445785175,0.14117243252674316,0.25150593623611633
Scissor_Tailed_Flycatcher_0059_41998.jpg,0.43054810688623213,-0.060014580974621756,0.197343888837403
Scissor_Tailed_Flycatcher_0044_42002.jpg,0.5006777454695575,0.13831749425767415,0.5029758286958689
Scissor_Tailed_Flycatcher_0108_42013.jpg,0.41212600012610756,-0.11739067216918819,0.31164023009403685
Scissor_Tailed_Flycatcher_0094_42018.jpg,0.4730609740815064,0.07355517762361918,0.16819167690010872
Scissor_Tailed_Flycatcher_0013_42024.jpg,0.5645253848225975,0.3276530822806737,0.07413602142530466
Scissor_Tailed_Flycatcher_0117_42026.jpg,0.44393856369308216,-0.032916506476925456,0.20207027595716864
Scissor_Tailed_Flycatcher_0125_41906.jpg,0.5933894383509407,0.41705020447731656,0.26303590751081174
Scissor_Tailed_Flycatcher_0025_42032.jpg,0.40409196898921096,-0.1467007050260105,0.620931151836339
Scissor_Tailed_Flycatcher_0033_41782.jpg,0.3944792052627819,-0.16928266473883458,0.2543708694504759
Scissor_Tailed_Flycatcher_0055_42051.jpg,0.46227585849728436,0.033781494758536645,0.4241522653998185
Scissor_Tailed_Flycatcher_0100_41796.jpg,0.4769198739337088,0.08785819332258327,0.135197910022438
Scissor_Tailed_Flycatcher_0118_42067.jpg,0.4759219679363885,0.06782870095391869,0.17306247277054607
Scissor_Tailed_Flycatcher_0072_42085.jpg,0.3865507463193333,-0.21442605748141852,0.29304869258426103
Scissor_Tailed_Flycatcher_0031_41836.jpg,0.41051319511458406,-0.12406251640636023,-0.02646515044714396
Scissor_Tailed_Flycatcher_0121_41843.jpg,0.5293834986459935,0.23220375721642328,0.3867356595300973
Scissor_Tailed_Flycatcher_0082_41852.jpg,0.4680176946038005,0.032286347400392934,0.29581389725736573
Scissor_Tailed_Flycatcher_0076_41597.jpg,0.443171548097405,-0.04878043750614092,0.33828895192175007
Scissor_Tailed_Flycatcher_0006_41601.jpg,0.4889822642011816,0.13268932384630572,0.16626041456740828
Scissor_Tailed_Flycatcher_0019_41936.jpg,0.4971828335703574,0.1425533104203638,0.3566859283548658
Scissor_Tailed_Flycatcher_0123_41638.jpg,0.4048238928346396,-0.14714198232084175,0.2742701548994165
Scissor_Tailed_Flycatcher_0004_41643.jpg,0.44630093383168,0.004523659099682109,0.3554196732803469
Scissor_Tailed_Flycatcher_0048_41646.jpg,0.46575403395686177,0.07721957680475566,0.5230978181022221
Scissor_Tailed_Flycatcher_0060_41655.jpg,0.41979100806533154,-0.09957624744945481,0.20591939407608464
Scissor_Tailed_Flycatcher_0007_41917.jpg,0.37645955711922297,-0.2424721567122825,0.3068363302724505
Scissor_Tailed_Flycatcher_0122_41679.jpg,0.5341378520682356,0.2707808928237144,-0.04748887437066072
Scissor_Tailed_Flycatcher_0103_41938.jpg,0.48983320409178066,0.13322318501600394,0.23839750719913458
Scissor_Tailed_Flycatcher_0058_41948.jpg,0.45114173716484385,0.014752536529204496,0.4052807899512219
Scissor_Tailed_Flycatcher_0012_41853.jpg,0.41112970969059237,-0.12599393744937482,0.34698415182593223
Vermilion_Flycatcher_0019_42241.jpg,0.40852197919184474,-0.14302196607290263,-0.18407944581845906
Vermilion_Flycatcher_0070_42250.jpg,0.32680693850053577,-0.4149807111684434,-0.4217339221394443
Vermilion_Flycatcher_0059_42261.jpg,0.4541775658422902,0.014064911938595936,0.42769610749796516
Vermilion_Flycatcher_0038_42262.jpg,0.36374868622917755,-0.2873423773168948,0.38801814371005083
Vermilion_Flycatcher_0030_42523.jpg,0.3993416104480402,-0.1699831111132648,0.47213270153601006
Vermilion_Flycatcher_0014_42533.jpg,0.3815569450524475,-0.24712526525165557,-0.07048950470918112
Vermilion_Flycatcher_0068_42535.jpg,0.3737779458145736,-0.2788307829351824,-0.2657603823734476
Vermilion_Flycatcher_0035_42282.jpg,0.3895706102293376,-0.19467091400973024,0.3494214465840829
Vermilion_Flycatcher_0052_42551.jpg,0.47230330277739696,0.047815056415695834,0.5340217841151705
Vermilion_Flycatcher_0062_42552.jpg,0.32116920188791953,-0.4417035311188289,0.25589956723079454
Vermilion_Flycatcher_0048_42298.jpg,0.44214187371831537,-0.03643702264904669,0.35676021010275294
Vermilion_Flycatcher_0024_42506.jpg,0.41347723792242186,-0.10373937289301427,0.21733680654829565
Vermilion_Flycatcher_0044_42305.jpg,0.3238935297462453,-0.4385880963490705,-0.30919703988744485
Vermilion_Flycatcher_0057_42562.jpg,0.3831638396155289,-0.24369900619438112,0.5070204595616081
Vermilion_Flycatcher_0058_42311.jpg,0.34824366286272634,-0.36147863284245774,-0.08607295560600244
Vermilion_Flycatcher_0073_42573.jpg,0.46904370402418016,0.016723099953253495,-0.3093525036617072
Vermilion_Flycatcher_0011_42554.jpg,0.39790858710984056,-0.20489393824767688,0.397252793611085
Vermilion_Flycatcher_0018_42474.jpg,0.45373295295868155,0.03488767981508001,0.1752272096334537
Vermilion_Flycatcher_0026_42375.jpg,0.385911510371588,-0.22539762903707983,0.5209442226475602
Vermilion_Flycatcher_0021_42378.jpg,0.38427390384493876,-0.2061110212534849,0.1537258323905647
Vermilion_Flycatcher_0049_42380.jpg,0.4192772855723891,-0.102999298826711,0.4327847759531611
Vermilion_Flycatcher_0017_42407.jpg,0.3658843203306936,-0.29004357056144126,-0.45835962071098185
Vermilion_Flycatcher_0039_42423.jpg,0.3394899023132413,-0.36814879593847283,-0.0586491888711379
Vermilion_Flycatcher_0063_42179.jpg,0.4034145303140735,-0.1404222364742298,0.19448822591266945
Vermilion_Flycatcher_0043_42182.jpg,0.4780019509871791,0.09450779593913805,0.6221320281201463
Vermilion_Flycatcher_0028_42197.jpg,0.4715462717742762,0.07767887658674877,0.4649449517325674
Vermilion_Flycatcher_0031_42201.jpg,0.38561735393859387,-0.24883406143266407,0.26134645803627227
Vermilion_Flycatcher_0032_42216.jpg,0.4364886676929719,-0.053846468797297264,0.5880112030838183
Vermilion_Flycatcher_0047_42488.jpg,0.40357946818159685,-0.16483795254575595,0.05804849887306538
Vermilion_Flycatcher_0009_42234.jpg,0.5294983036028147,0.2473798926213373,0.11915543932119115
Yellow_Bellied_Flycatcher_0013_42769.jpg,0.4151843929765021,-0.11900450038033794,-0.005982156255039731
Yellow_Bellied_Flycatcher_0050_42598.jpg,0.5260256243044652,0.22901586039138988,0.3506468103867507
Yellow_Bellied_Flycatcher_0036_42591.jpg,0.4423534783931591,-0.055621115318996495,0.33780471762784453
Yellow_Bellied_Flycatcher_0040_795465.jpg,0.36927698892098637,-0.2740498138256917,0.3372908969263164
Yellow_Bellied_Flycatcher_0012_795469.jpg,0.45410287168623464,0.009415568526183082,-0.0018376134742517955
Yellow_Bellied_Flycatcher_0021_795472.jpg,0.3597529152636588,-0.299852974336265,0.08348087301485159
Yellow_Bellied_Flycatcher_0032_42578.jpg,0.3812374869067149,-0.21814165263495955,-0.21084778070438878
Yellow_Bellied_Flycatcher_0061_795479.jpg,0.5512915196362013,0.30177095407474486,0.3766850814148115
Yellow_Bellied_Flycatcher_0029_795483.jpg,0.3803523629280472,-0.2183729867039792,0.1796024695859838
Yellow_Bellied_Flycatcher_0025_795484.jpg,0.5938276932050981,0.42522974014624193,0.1497139020266725
Yellow_Bellied_Flycatcher_0001_795488.jpg,0.4318608177981105,-0.06345730820735285,0.08781151670780787
Yellow_Bellied_Flycatcher_0026_795489.jpg,0.5580099000218206,0.29800264696970835,0.11123977013413106
Yellow_Bellied_Flycatcher_0017_795490.jpg,0.4496730707071608,0.001084501654563419,0.472599520102282
Yellow_Bellied_Flycatcher_0007_795491.jpg,0.6576243866689446,0.5835848835174244,0.34662122809930174
Yellow_Bellied_Flycatcher_0053_795493.jpg,0.45522344065053166,-0.007930620439409397,0.3355502538521243
Yellow_Bellied_Flycatcher_0015_795504.jpg,0.48715975484993224,0.07845904199145404,0.15078380504607658
Yellow_Bellied_Flycatcher_0055_795507.jpg,0.5261520041432082,0.23792132542325906,0.0695700015007679
Yellow_Bellied_Flycatcher_0046_795508.jpg,0.5340850264523576,0.23690121042592105,0.07701978366096099
Yellow_Bellied_Flycatcher_0066_795514.jpg,0.39466525687999066,-0.2059071224056379,0.2818876681655013
Yellow_Bellied_Flycatcher_0005_42627.jpg,0.4084090485174081,-0.1549072438704422,0.46051051633102164
Yellow_Bellied_Flycatcher_0065_42635.jpg,0.44365906495299845,-0.02616301906516294,0.36796978745118697
Yellow_Bellied_Flycatcher_0028_42639.jpg,0.42948186540490596,-0.04155641094418461,0.2981813835699892
Yellow_Bellied_Flycatcher_0027_42649.jpg,0.5696630748675986,0.36672299536094033,0.021683661530908168
Yellow_Bellied_Flycatcher_0014_42608.jpg,0.37470454356006255,-0.27519910982314855,0.43988438563992927
Yellow_Bellied_Flycatcher_0033_42695.jpg,0.5645227803964872,0.3658006501642964,0.14476825610448735
Yellow_Bellied_Flycatcher_0024_42616.jpg,0.4256819425394631,-0.09996668423074029,0.18280415970915745
Yellow_Bellied_Flycatcher_0060_42595.jpg,0.45221177814946834,-0.0079337525675931,0.47011423591079926
Yellow_Bellied_Flycatcher_0039_795471.jpg,0.42202074290216385,-0.10523409722956778,0.0822157028110095
Yellow_Bellied_Flycatcher_0011_42734.jpg,0.6422477784796248,0.5455756429963527,0.10746819336021386
Frigatebird_0089_43013.jpg,0.5380225152950173,0.26020049064705564,0.1418452769904424
Frigatebird_0054_43019.jpg,0.5110018981994746,0.20003403858923996,0.026716078289743234
Frigatebird_0069_43541.jpg,0.43064698086646247,-0.05609452441132845,-0.16782587150972353
Frigatebird_0074_43035.jpg,0.5482270798330107,0.33468632018631816,0.28259544997900743
Frigatebird_0122_43549.jpg,0.49756929327373656,0.16518325538766743,0.7063255482648612
Frigatebird_0073_43038.jpg,0.3840372292148584,-0.2114131508220365,0.3721674385342013
Frigatebird_0034_43053.jpg,0.5325078953917468,0.27791731492448857,0.04902448313838562
Frigatebird_0060_43054.jpg,0.4942717776031973,0.10717340826407717,0.17469040756431772
Frigatebird_0097_43567.jpg,0.5744105821133502,0.3558423124955302,0.27940250054976074
Frigatebird_0096_43571.jpg,0.44004441126161165,-0.03611884974379098,0.47287877052089233
Frigatebird_0091_43066.jpg,0.4603860001731481,0.014698690194253738,0.4309244647824733
Frigatebird_0050_43084.jpg,0.46653676252834053,0.06124314289629007,0.33957036276707514
Frigatebird_0023_43110.jpg,0.49509783858644285,0.139153677546342,0.049896654062062784
Frigatebird_0015_43132.jpg,0.4962640896854815,0.16840277753740118,-0.3183485943180218
Frigatebird_0016_43159.jpg,0.5063437431685028,0.1653003599350209,0.4455280233616263
Frigatebird_0129_43183.jpg,0.5103697433565817,0.17445341379784407,-0.07355075816719077
Frigatebird_0118_43189.jpg,0.501137864413455,0.15223925332885024,0.45109633883683414
Frigatebird_0062_43193.jpg,0.5498152299012317,0.28790852842263803,-0.04956001636079021
Frigatebird_0088_43201.jpg,0.5548506913913487,0.30801644818008656,0.22007571049510033
Frigatebird_0092_43206.jpg,0.4525544678076797,0.03517684000063459,-0.03435051201151739
Frigatebird_0098_43207.jpg,0.576198615884115,0.37011477160571904,0.4995072915007651
Frigatebird_0011_43213.jpg,0.4159746744655528,-0.14517527743603154,0.17649402808388545
Frigatebird_0058_43251.jpg,0.4895195888211489,0.12634581782178866,0.33066215923551184
Frigatebird_0081_42779.jpg,0.6896558696587795,0.6582367671862652,0.29819196285132443
Frigatebird_0120_43300.jpg,0.47363084166708247,0.030437521782881283,0.3478561633028703
Frigatebird_0121_42791.jpg,0.5013166795973107,0.14658917048741904,0.22724910417073968
Frigatebird_0063_42812.jpg,0.5778511830291848,0.3559926896231722,0.47959650374297713
Frigatebird_0019_43348.jpg,0.42758557716990464,-0.06002138621203579,0.06089309443135637
Frigatebird_0052_43411.jpg,0.38757115394606934,-0.1938952747942717,0.4654184679807587
Frigatebird_0031_42979.jpg,0.4980051787772056,0.18844088026303019,0.13747200024152734
Northern_Fulmar_0033_43794.jpg,0.4750936289004435,0.11708976139118932,0.11468829490033683
Northern_Fulmar_0103_44062.jpg,0.3763988986929555,-0.23453178206025593,0.0219869088451563
Northern_Fulmar_0045_43581.jpg,0.44029875152336784,-0.025476006249240513,-0.03151115844370302
Northern_Fulmar_0053_43843.jpg,0.5038754641263867,0.16994919187735325,-0.16091725470650653
Northern_Fulmar_0038_43846.jpg,0.4564046601370615,-0.0028585906928437765,-0.19944591683260518
Northern_Fulmar_0091_44120.jpg,0.6127799940367096,0.4554827647721772,-0.24331106653937157
Northern_Fulmar_0097_43865.jpg,0.48906918811368594,0.12344878282529625,-0.09701232971112145
Northern_Fulmar_0090_43867.jpg,0.47068036894159626,0.0359188797306218,0.09534822676422142
Northern_Fulmar_0012_44131.jpg,0.589777324954373,0.3926438739883513,0.1663963295781762
Northern_Fulmar_0056_43880.jpg,0.6139775487306187,0.44953959447787417,0.43048575092746727
Northern_Fulmar_0063_43631.jpg,0.5798059070998746,0.3659845411937759,0.1866951820405918
Northern_Fulmar_0008_43647.jpg,0.5191183060999163,0.18260844425372103,0.19427779501223785
Northern_Fulmar_0049_43906.jpg,0.43387566314981907,-0.06892183131746199,-0.35843444885943415
Northern_Fulmar_0096_43654.jpg,0.5272857601817015,0.2177816562370689,0.01709900618022321
Northern_Fulmar_0015_43658.jpg,0.45811378863640473,0.0048242761046835,0.3999081480886594
Northern_Fulmar_0016_43958.jpg,0.6042265910858695,0.43600654278517537,0.3622742717125664
Northern_Fulmar_0027_43705.jpg,0.5376342731682798,0.2617815241246032,0.29112784314124346
Northern_Fulmar_0064_43710.jpg,0.540398443691881,0.2559801452297361,0.12004381510937236
Northern_Fulmar_0037_43712.jpg,0.448889233055787,0.002701831797479848,0.3111803956985615
Northern_Fulmar_0036_43718.jpg,0.47599778480683996,0.10350704520140408,0.19868666026609552
Northern_Fulmar_0077_43730.jpg,0.5417382863060844,0.2993079645130644,-0.37094962561876255
Northern_Fulmar_0042_43739.jpg,0.4869316162962469,0.10972106910398594,0.01847174567184667
Northern_Fulmar_0021_43743.jpg,0.6382199024917243,0.5332209372218365,-0.09448556354987397
Northern_Fulmar_0078_43985.jpg,0.5402344345958578,0.24608081055909536,0.4681929564733636
Northern_Fulmar_0001_43749.jpg,0.3695790582998212,-0.2961307583250212,0.48703986842582486
Northern_Fulmar_0031_43750.jpg,0.5483616145439378,0.32319565715488596,0.12350921199080904
Northern_Fulmar_0052_43857.jpg,0.3805923227663828,-0.24677131776584416,0.17769347256361043
Northern_Fulmar_0028_43752.jpg,0.6131030601192166,0.4711837123323087,-0.008861132952643028
Northern_Fulmar_0011_43769.jpg,0.597522643311863,0.4228640643096311,-0.09720786099532214
Northern_Fulmar_0018_43771.jpg,0.5436180794674879,0.2657459493195816,0.10913328464495348
Gadwall_0022_31616.jpg,0.6151389871735686,0.48488692988349813,0.19645712711834948
Gadwall_0019_30984.jpg,0.4608905253869744,-0.009981983041742248,-0.04440544584068721
Gadwall_0058_31660.jpg,0.5066337923309757,0.17311358803396548,0.041090251075466384
Gadwall_0080_31747.jpg,0.6209148931957064,0.49893385857741934,0.08755933432149672
Gadwall_0040_31788.jpg,0.4838944617923858,0.11034581097138374,0.14935957722803855
Gadwall_0007_31537.jpg,0.4891862697813717,0.11754292852406889,0.03899076872771559
Gadwall_0004_31669.jpg,0.5293446993631779,0.2308744280856233,0.3833600560562525
Gadwall_0082_31301.jpg,0.4714403439840156,0.06347190689737914,0.3094200650915183
Gadwall_0079_31052.jpg,0.5759694556273699,0.3529469409195416,0.14613182099564526
Gadwall_0087_31821.jpg,0.543502130812441,0.2984087938458494,-0.11238037566857124
Gadwall_0014_31570.jpg,0.5062249415789801,0.1659238829906401,-0.032827073367071746
Gadwall_0041_31064.jpg,0.6040373560499777,0.44075864160062395,0.38175344468941974
Gadwall_0092_31162.jpg,0.5580261627725496,0.3541890874999464,0.2364669583992681
Gadwall_0009_31847.jpg,0.5552744337243478,0.3190250171902278,0.23663208669525174
Gadwall_0088_31854.jpg,0.5362753535812474,0.24355783212649007,0.054320384262341516
Gadwall_0047_31360.jpg,0.6066810745057968,0.4347326724963737,-0.20463631657061207
Gadwall_0028_31623.jpg,0.5335414912623101,0.22546558237125958,0.2895403022867565
Gadwall_0085_31171.jpg,0.648642146681115,0.5650995350390939,0.28713030522999156
Gadwall_0059_31646.jpg,0.5394216293891052,0.2723027072059976,0.17421528747870577
Gadwall_0068_30886.jpg,0.5805087093068171,0.370269693284753,0.2597197071894195
Gadwall_0093_30898.jpg,0.5153220541435333,0.2122550939857213,0.29113185458247887
Gadwall_0010_31158.jpg,0.5298354498728433,0.22287316797370238,-0.053539327837910246
Gadwall_0095_30911.jpg,0.4831230518009364,0.08471782090342139,0.3948399251852688
Gadwall_0055_30912.jpg,0.5606518111620862,0.3152383249643148,0.006930061493678303
Gadwall_0065_31659.jpg,0.4853755419416015,0.07488370294704738,-0.1607083020955146
Gadwall_0052_30915.jpg,0.6185375261460466,0.4726990845992305,0.12384450102237511
Gadwall_0050_31223.jpg,0.4992519743628746,0.11874576521985014,0.3491426516029457
Gadwall_0025_30933.jpg,0.4809873395990679,0.10907955718769202,-0.034284102077564715
Gadwall_0027_30966.jpg,0.5084619630380518,0.1655371203999806,0.3160743836503759
Gadwall_0013_31020.jpg,0.5114081572514446,0.17896343445671492,0.42636092242699974
American_Goldfinch_0074_32265.jpg,0.5082717459740682,0.149677866938828,0.42836480578969205
American_Goldfinch_0136_32277.jpg,0.39455440033127687,-0.1737339864604066,0.46420462897527665
American_Goldfinch_0061_32281.jpg,0.4691328128377209,0.055516972252001584,0.509781480808477
American_Goldfinch_0084_32295.jpg,0.4423551753320063,-0.06765217354937358,0.20360963423676864
American_Goldfinch_0040_32323.jpg,0.40898863311740696,-0.14361382700979886,-0.20517208647178592
American_Goldfinch_0018_32324.jpg,0.444092722565012,-0.03529308992390923,0.48478146619288626
American_Goldfinch_0012_32338.jpg,0.44199620262916683,-0.02015720848511071,-0.03648426470161094
American_Goldfinch_0115_32362.jpg,0.3811576057269469,-0.21037864093293512,0.432623653373698
American_Goldfinch_0049_31889.jpg,0.49961174254484264,0.13007755760911577,0.2860047426047379
American_Goldfinch_0082_31890.jpg,0.4398443662735281,-0.02755921407039086,-0.09777981994918086
American_Goldfinch_0090_31893.jpg,0.4420444160133581,-0.045163022364268945,-0.18346104815196426
American_Goldfinch_0004_31903.jpg,0.44213622107302863,-0.03773533941212648,0.5513573556000485
American_Goldfinch_0036_31910.jpg,0.4454056757577064,-0.0281288162644604,0.4400742772552566
American_Goldfinch_0050_31913.jpg,0.4519771733873581,0.013490446472922413,0.565522262517208
American_Goldfinch_0062_31921.jpg,0.418211625053332,-0.0885622175667149,0.3161851003040869
American_Goldfinch_0032_31922.jpg,0.35677596305627046,-0.3188654251992671,-0.010145161652394865
American_Goldfinch_0034_32371.jpg,0.47403875488540714,0.06559102095818659,0.6178865142453861
American_Goldfinch_0116_31943.jpg,0.5104927921298638,0.1820101323240928,0.24453487286121112
American_Goldfinch_0108_32974.jpg,0.3885727884986554,-0.23443419714897917,-0.19649476322853363
American_Goldfinch_0042_31979.jpg,0.5099602136656982,0.18803456320146006,0.43102761779459403
American_Goldfinch_0123_32505.jpg,0.4010550554018363,-0.1831233974425397,-0.380731055614805
American_Goldfinch_0131_32911.jpg,0.38776537331761496,-0.22468942435849537,0.6170287903993834
American_Goldfinch_0107_32618.jpg,0.5337120749227802,0.24564061004783877,0.44393825316928315
American_Goldfinch_0022_32111.jpg,0.48676923007962747,0.07625281336323597,0.5362984005816173
American_Goldfinch_0129_32625.jpg,0.3702475670799166,-0.2854439761406591,0.312633971155047
American_Goldfinch_0064_32142.jpg,0.48958847310621156,0.11400999236490894,0.5675640841303977
American_Goldfinch_0118_32210.jpg,0.44555318825219514,-0.033136810427392804,0.5723256931905587
American_Goldfinch_0029_32218.jpg,0.4220052248556363,-0.0807272892194335,0.600453983759934
American_Goldfinch_0103_32225.jpg,0.4546122279654822,-0.0004249470790607113,0.3187043570680958
American_Goldfinch_0105_32238.jpg,0.46845181633297583,0.06493237126679885,0.21254534363812155
European_Goldfinch_0073_794633.jpg,0.3548418041622481,-0.3211567150539556,0.1809159908373844
European_Goldfinch_0104_794634.jpg,0.5018341602630544,0.18071360946671633,0.4643661000016925
European_Goldfinch_0067_794637.jpg,0.4466817878101115,-0.02856011276510606,-0.040001760144402904
European_Goldfinch_0017_794638.jpg,0.5534451921532568,0.3331470770314062,0.423074917131985
European_Goldfinch_0036_794642.jpg,0.48066131519102573,0.06150256604953097,0.37487647698623794
European_Goldfinch_0040_794643.jpg,0.4127215096917889,-0.13334728334619483,0.2162494390102822
European_Goldfinch_0020_794644.jpg,0.42172986915425215,-0.07617384879066869,0.29085384967571465
European_Goldfinch_0048_794656.jpg,0.41806908438322343,-0.09711802285902493,-0.19386549056813687
European_Goldfinch_0075_794660.jpg,0.474842381090965,0.11263666829265673,0.430007913898594
European_Goldfinch_0058_794665.jpg,0.4417749039686233,-0.015073707613449283,0.5017426683985187
European_Goldfinch_0080_33322.jpg,0.4801138124276545,0.1015536618650984,0.48419831152598963
European_Goldfinch_0092_794671.jpg,0.45327780346045543,0.011286724586454633,0.37609979527788423
European_Goldfinch_0094_794673.jpg,0.40969767633827014,-0.14010381332382016,0.40924778023047204
European_Goldfinch_0022_794674.jpg,0.49393446868474955,0.1316525619051847,0.5284005277768565
European_Goldfinch_0038_794675.jpg,0.40603960091511315,-0.15291387964895065,0.20815696482435297
European_Goldfinch_0047_33332.jpg,0.31743519234270823,-0.45745102944211835,0.07891793735161931
European_Goldfinch_0085_794682.jpg,0.476844092671739,0.11190172061261672,0.5057625635472547
European_Goldfinch_0077_33346.jpg,0.35825469872969096,-0.3226093177632483,-0.2727416199689221
European_Goldfinch_0087_794693.jpg,0.38138151736701087,-0.22006449677019324,0.08099576521980172
European_Goldfinch_0070_33084.jpg,0.35216717780670437,-0.32081538330730197,0.4778000852973234
European_Goldfinch_0106_33298.jpg,0.47853299819894135,0.10751700244546036,0.3025716984777342
European_Goldfinch_0037_33149.jpg,0.396758130173938,-0.17429657318632508,-0.03911063666142879
European_Goldfinch_0108_33176.jpg,0.30843200078710553,-0.4930032333826109,0.0334281165800816
European_Goldfinch_0081_33259.jpg,0.5093309235792184,0.1869241326955976,-0.06283137137992661
European_Goldfinch_0011_794676.jpg,0.4644989817330635,0.03968632284102347,0.3793354176551822
European_Goldfinch_0062_794657.jpg,0.46675265466968274,0.07114553804066137,0.5155940865266061
European_Goldfinch_0084_33147.jpg,0.3924490082680292,-0.19639772574534908,0.2763854357798318
European_Goldfinch_0034_33256.jpg,0.43141412545531643,-0.03441401042138015,0.4264763526918128
European_Goldfinch_0005_33263.jpg,0.4071445778104318,-0.14137842866443195,-0.4282665979993665
European_Goldfinch_0089_33279.jpg,0.45608348961855594,0.037739607012330145,0.4740863132900353
Boat_Tailed_Grackle_0096_33801.jpg,0.36757121914998814,-0.29991042327037754,-0.1622664242631458
Boat_Tailed_Grackle_0116_33808.jpg,0.6444919513080684,0.5369031651074723,-0.008785940525944403
Boat_Tailed_Grackle_0066_33368.jpg,0.5554911757623644,0.29734653037058656,-0.13920728074409214
Boat_Tailed_Grackle_0095_33568.jpg,0.4273071134551134,-0.09755775191125338,-0.5631361456172281
Boat_Tailed_Grackle_0075_33839.jpg,0.475166373124142,0.06492442968536227,-0.3480609527638356
Boat_Tailed_Grackle_0060_33589.jpg,0.4192551779293737,-0.09899706664150343,0.21731828478252826
Boat_Tailed_Grackle_0051_33600.jpg,0.5256489211409852,0.23208447496323892,0.06309669982212812
Boat_Tailed_Grackle_0004_33858.jpg,0.41698434710841414,-0.11296100261695141,-0.35485617264743863
Boat_Tailed_Grackle_0083_33590.jpg,0.40051095703230255,-0.15318098028438065,-0.3229236171578935
Boat_Tailed_Grackle_0125_33867.jpg,0.48628298911732837,0.1411526359434747,-0.07533174826764695
Boat_Tailed_Grackle_0087_33369.jpg,0.5407924814256493,0.2840302840516814,-0.1983523605990892
Boat_Tailed_Grackle_0009_33373.jpg,0.4428273300272447,-0.020119370526457514,-0.08990399264854416
Boat_Tailed_Grackle_0054_33633.jpg,0.5112088534018053,0.17212657200920767,0.04700880126484229
Boat_Tailed_Grackle_0024_33393.jpg,0.508515091585069,0.16443309218171487,-0.165204433626585
Boat_Tailed_Grackle_0108_33398.jpg,0.47802210247447385,0.08457482200148225,-0.06334936551748127
Boat_Tailed_Grackle_0052_33676.jpg,0.44764626415153375,0.014130029175306147,0.07506748380697065
Boat_Tailed_Grackle_0049_33422.jpg,0.47350855856177176,0.07800835867959488,-0.20939494244722154
Boat_Tailed_Grackle_0065_33423.jpg,0.4576555217033813,0.043644113683668495,-0.2707792753080727
Boat_Tailed_Grackle_0069_33685.jpg,0.5764903807022594,0.3452855243103524,0.27656356639065366
Boat_Tailed_Grackle_0019_33687.jpg,0.5839465023143388,0.38230896475191023,0.2375937538879865
Boat_Tailed_Grackle_0088_33448.jpg,0.468617990085493,0.055995330252815334,0.10481491070696693
Boat_Tailed_Grackle_0099_33455.jpg,0.4421619986490567,0.003460861240161983,-0.06445593948997576
Boat_Tailed_Grackle_0101_33611.jpg,0.5384983017715339,0.27691420375791787,0.2464160263159589
Boat_Tailed_Grackle_0014_33485.jpg,0.4799893252338857,0.11471171781784506,-0.24866069064647597
Boat_Tailed_Grackle_0012_33998.jpg,0.44364354900299496,-0.025627105063403155,0.2354519294896262
Boat_Tailed_Grackle_0035_33750.jpg,0.46945379509522633,0.07174104154900496,-0.161297334969319
Boat_Tailed_Grackle_0091_33504.jpg,0.45634694287511557,0.03577555764825335,-0.3269724326820103
Boat_Tailed_Grackle_0122_34023.jpg,0.5158705555626653,0.18845718549560886,-0.10357685334232766
Boat_Tailed_Grackle_0055_33774.jpg,0.4736590062145578,0.0947160780708809,-0.17327364102749673
Boat_Tailed_Grackle_0105_33663.jpg,0.5254967801585076,0.2376387935012647,-0.05033643188435208
Eared_Grebe_0036_34048.jpg,0.5096868395960658,0.14770545756943254,0.15188255523613592
Eared_Grebe_0065_34049.jpg,0.5363446874693552,0.2398804778558855,0.39640955605966705
Eared_Grebe_0063_34054.jpg,0.44643704955002117,-0.026018003069257167,0.3769486316644325
Eared_Grebe_0071_34311.jpg,0.49306358231569825,0.08955614755787689,0.4439858682289438
Eared_Grebe_0085_34063.jpg,0.4533084338156237,-0.02510875231629961,-0.0694222710680842
Eared_Grebe_0086_34064.jpg,0.4824337713010727,0.06802287890490266,0.07968306997250937
Eared_Grebe_0032_34078.jpg,0.6034930394218906,0.42978856180089364,0.443942645052331
Eared_Grebe_0049_34100.jpg,0.5081429556396541,0.1527240767405761,0.351246823947204
Eared_Grebe_0018_34357.jpg,0.6522864106064563,0.5627218738901565,0.3232318220153639
Eared_Grebe_0084_34364.jpg,0.4224893746834225,-0.08652312986974531,0.3779044625576612
Eared_Grebe_0075_34115.jpg,0.5237173165031885,0.2070957093073551,0.454507512223294
Eared_Grebe_0042_34132.jpg,0.476355233838904,0.04458898766477537,0.007276283044975709
Eared_Grebe_0060_34133.jpg,0.5198957171586456,0.19353623629597416,0.2796211816684546
Eared_Grebe_0035_34137.jpg,0.5764560373442519,0.37185764381729214,0.19769072589468906
Eared_Grebe_0081_34153.jpg,0.5737383296512086,0.35859601127390595,-0.31588887269839616
Eared_Grebe_0037_34169.jpg,0.4885812240972802,0.10553492465461545,0.2755506158358792
Eared_Grebe_0043_34427.jpg,0.4997594963742449,0.1562869990654704,0.3086520678153389
Eared_Grebe_0048_34175.jpg,0.5458300544747787,0.28680008797671286,0.27195677769657417
Eared_Grebe_0001_34433.jpg,0.4952043847615101,0.12588358041206504,-0.0835378162382447
Eared_Grebe_0069_34199.jpg,0.5731825685867997,0.35519865020889074,0.20803051462939007
Eared_Grebe_0047_34204.jpg,0.49629976483106286,0.1035355915217846,0.2020218003828017
Eared_Grebe_0054_34289.jpg,0.5420393842735213,0.2722946411090663,-0.030483742698376483
Eared_Grebe_0080_34223.jpg,0.49363756526499203,0.1176216352384406,0.2152388953842975
Eared_Grebe_0082_34227.jpg,0.6226366968583452,0.5118655876395722,0.3092873312528519
Eared_Grebe_0007_34236.jpg,0.5160514455010168,0.1758483295289569,0.2445741000942942
Eared_Grebe_0074_34238.jpg,0.5408956405678977,0.2598577890300663,0.3074548844674035
Eared_Grebe_0009_34244.jpg,0.5633825112825772,0.3395007685132916,0.2777894410159534
Eared_Grebe_0039_34257.jpg,0.48972721446051914,0.0882329587951628,0.24351961990392973
Eared_Grebe_0031_34262.jpg,0.47830611517359933,0.06230904063339515,0.07017620000543465
Eared_Grebe_0057_34274.jpg,0.5441768313495321,0.27527536555416,0.27269982916073604
Horned_Grebe_0050_34561.jpg,0.5108245639268125,0.15783171286644493,0.34474290518454614
Horned_Grebe_0058_34568.jpg,0.40217832888924654,-0.18122137659075155,0.23332749216193086
Horned_Grebe_0077_34587.jpg,0.5511954764980518,0.28981206518613223,0.18418685625715658
Horned_Grebe_0057_34590.jpg,0.559071686195172,0.3143888859426629,0.3538560074219111
Horned_Grebe_0071_35078.jpg,0.517030172999503,0.17728588597821549,0.37972130413999594
Horned_Grebe_0106_35112.jpg,0.5534567564839001,0.29612910544819293,0.3217358011339972
Horned_Grebe_0045_34859.jpg,0.5071374975293473,0.17517325783504512,0.1825884062104579
Horned_Grebe_0061_34613.jpg,0.5621727968753631,0.3217552986391352,0.42894419672898526
Horned_Grebe_0051_35143.jpg,0.4540245263468622,0.043113371040781945,0.2798043281753508
Horned_Grebe_0067_34654.jpg,0.6199845720532151,0.4761577116451634,0.24513105406410837
Horned_Grebe_0005_34657.jpg,0.5252033343779876,0.20076755890523035,0.4426344030885204
Horned_Grebe_0084_34936.jpg,0.4654507613619212,0.021461018749055705,0.0214247613059027
Horned_Grebe_0009_34952.jpg,0.4901736060415173,0.08228351916490617,0.0936674357401744
Horned_Grebe_0096_34452.jpg,0.5311857143614096,0.24843981791105785,0.2806369488135311
Horned_Grebe_0063_34966.jpg,0.5445165649207246,0.26924039479533535,0.46924291252090833
Horned_Grebe_0014_34968.jpg,0.4116205059239252,-0.1382076902188878,0.25456234156352026
Horned_Grebe_0085_34713.jpg,0.6020355473622754,0.4299658366630299,0.33871041845739014
Horned_Grebe_0100_34462.jpg,0.4772662824516217,0.053909392768225706,-0.2638363013557309
Horned_Grebe_0001_34723.jpg,0.5779069565729665,0.3656436685284744,0.16071242352014883
Horned_Grebe_0082_34725.jpg,0.5843302088313541,0.38550835553141916,0.4512402641823081
Horned_Grebe_0010_34716.jpg,0.48954625947777053,0.08230568490180179,0.12946111310889136
Horned_Grebe_0069_34990.jpg,0.5451987619294405,0.27686869007713133,0.31402561313898847
Horned_Grebe_0095_34491.jpg,0.5860718441484944,0.39306854563636207,0.38346876066348623
Horned_Grebe_0110_35012.jpg,0.5488741965916492,0.27893144794196545,0.14824466306850453
Horned_Grebe_0064_35015.jpg,0.4031525864880158,-0.1586858993046063,0.21886552651108493
Horned_Grebe_0053_34512.jpg,0.529632651643682,0.2191448881741782,0.373061487090554
Horned_Grebe_0008_34515.jpg,0.460669119210217,0.04866341676237873,0.14271200977412313
Horned_Grebe_0114_34517.jpg,0.522561160437077,0.200649923818496,0.19802839002503764
Horned_Grebe_0062_34523.jpg,0.5589898106430783,0.31905996965852645,0.3317235416308218
Horned_Grebe_0029_34557.jpg,0.5225198089623626,0.2350405499280761,0.5161197438059713
Pied_Billed_Grebe_0038_35798.jpg,0.6234836096835581,0.505026046620545,0.16788528965743083
Pied_Billed_Grebe_0037_35598.jpg,0.5084507419532718,0.14613981409961707,0.10918166495539412
Pied_Billed_Grebe_0013_35882.jpg,0.5014237333464624,0.157699513042725,0.23566090343949087
Pied_Billed_Grebe_0071_35386.jpg,0.4812692937668196,0.1002350333162968,0.1871700032808157
Pied_Billed_Grebe_0007_35399.jpg,0.5986485731233959,0.43915709003796466,0.44402049550859257
Pied_Billed_Grebe_0040_35981.jpg,0.5268513883337702,0.19804374118243184,0.27165498357440837
Pied_Billed_Grebe_0078_35410.jpg,0.5232210894688576,0.193617208647356,0.011642506294942857
Pied_Billed_Grebe_0106_35418.jpg,0.5712908630605765,0.3444624062024918,-0.16323358592043616
Pied_Billed_Grebe_0004_35808.jpg,0.5486499951528275,0.27585023746501713,-0.08390633272784065
Pied_Billed_Grebe_0014_35424.jpg,0.5505575034173801,0.3082222992950543,0.2716345500086755
Pied_Billed_Grebe_0023_35687.jpg,0.4896243487955605,0.10152030082228458,0.17253526699013572
Pied_Billed_Grebe_0053_35262.jpg,0.6306845106714398,0.5134464852805773,-0.020591298897147822
Pied_Billed_Grebe_0020_35958.jpg,0.6014860404716048,0.43140344037034417,0.19451413612527885
Pied_Billed_Grebe_0045_35962.jpg,0.5701505153243225,0.3466066988722819,0.1318300989354591
Pied_Billed_Grebe_0065_35713.jpg,0.4564576071157489,-0.019535599971477025,0.39582633021000707
Pied_Billed_Grebe_0101_35464.jpg,0.5787550601422785,0.3608198322279521,0.006821582680967332
Pied_Billed_Grebe_0067_35465.jpg,0.5821593271986407,0.37042027794780885,0.14928014461302627
Pied_Billed_Grebe_0084_35863.jpg,0.5669602148956614,0.3378229364233364,0.051926431679740426
Pied_Billed_Grebe_0049_35980.jpg,0.47445399956720835,0.08313872000059253,0.09112493867829351
Pied_Billed_Grebe_0041_35224.jpg,0.6374555604757692,0.5370952694912514,0.3147102001455239
Pied_Billed_Grebe_0095_35496.jpg,0.5124390340405575,0.15648067791682774,0.03503032567729752
Pied_Billed_Grebe_0030_35498.jpg,0.6003457910136238,0.4374629126603682,0.2502534432273705
Pied_Billed_Grebe_0055_35502.jpg,0.4821371790163784,0.07356884174512657,0.4922407418684046
Pied_Billed_Grebe_0059_35507.jpg,0.5255862167509889,0.1976714629233841,0.21554019173070357
Pied_Billed_Grebe_0035_35518.jpg,0.4827204399111865,0.09151834143179527,0.029526002449518
Pied_Billed_Grebe_0091_35276.jpg,0.5641053742423848,0.3338445971415426,0.3023818293881916
Pied_Billed_Grebe_0029_35551.jpg,0.5022301679065279,0.1486436575503035,0.09682056539655678
Pied_Billed_Grebe_0073_35553.jpg,0.4938559043646702,0.1433700528152505,0.24162921393640813
Pied_Billed_Grebe_0062_35955.jpg,0.47742092217050014,0.08103968930718142,-0.08372247057190284
Pied_Billed_Grebe_0056_35623.jpg,0.50863869984708,0.15443852536878633,0.23991259509803647
Western_Grebe_0077_36355.jpg,0.45139363999740123,-0.030923773280429057,0.012347694049207852
Western_Grebe_0064_36613.jpg,0.4948780163188833,0.10359881861271447,0.15659699219814036
Western_Grebe_0038_36363.jpg,0.4829381663976893,0.0794389957179027,0.4397321863351353
Western_Grebe_0102_36116.jpg,0.5287242120153641,0.2198062514651149,0.09643980116201223
Western_Grebe_0029_36379.jpg,0.43658570061006685,-0.03347047512280499,0.3170711883049514
Western_Grebe_0013_36383.jpg,0.4910031417802757,0.09327327788693884,0.4035412096264399
Western_Grebe_0033_36395.jpg,0.5620761106508464,0.31828735769661,0.3816717519916806
Western_Grebe_0048_36399.jpg,0.4454217919678197,-0.02855766546971128,0.012937948066741634
Western_Grebe_0089_36154.jpg,0.4769463407545511,0.08850854947136533,0.4250176633248071
Western_Grebe_0104_36164.jpg,0.5334006256353194,0.23817575334532948,0.14542962794588196
Western_Grebe_0081_36578.jpg,0.5054160630569848,0.15805362215815388,-0.00012452500813103155
Western_Grebe_0090_36182.jpg,0.47676397175533214,0.04822087723231061,0.5218710421017013
Western_Grebe_0044_36188.jpg,0.5245168830202136,0.22951581920965625,0.27526011974665515
Western_Grebe_0091_36194.jpg,0.5022210917880213,0.1381344926042859,0.012043402335213001
Western_Grebe_0009_36477.jpg,0.5425361647603155,0.28851307112795,0.3778705000986684
Western_Grebe_0083_36033.jpg,0.5513098435303918,0.2990136985032579,0.21411415912803258
Western_Grebe_0020_36241.jpg,0.5217628354219328,0.21507685128124088,0.3260546669114562
Western_Grebe_0051_36249.jpg,0.46638276207070006,0.04449387172405117,0.30546769347332503
Western_Grebe_0106_36509.jpg,0.5094761384524865,0.1501859279051425,0.41043971623895026
Western_Grebe_0043_36183.jpg,0.5222658253522656,0.18780888013066577,0.3776766880151605
Western_Grebe_0103_36515.jpg,0.44703132090608344,0.02286122996408768,0.4210679462237565
Western_Grebe_0002_36518.jpg,0.5393484774702002,0.24374153261023745,-0.0686182306941558
Western_Grebe_0036_36521.jpg,0.4943967200223244,0.12639615744260446,0.09824396032496904
Western_Grebe_0011_36522.jpg,0.5476899431431232,0.2671659840699666,0.19990511194289357
Western_Grebe_0071_36536.jpg,0.4645876384367231,0.05141067306649305,0.1594525194291878
Western_Grebe_0021_36282.jpg,0.596957524084897,0.41601027321174266,0.31809358697772266
Western_Grebe_0105_36542.jpg,0.5696037992767949,0.3702260259984169,0.3205377398039635
Western_Grebe_0042_36035.jpg,0.5054068029100249,0.14484043872190333,0.49529985996925613
Western_Grebe_0087_36570.jpg,0.5569784357312099,0.3189282552840804,0.48662087454904923
Western_Grebe_0049_36219.jpg,0.49335684139213054,0.11968930645072617,0.13481749795772452
Blue_Grosbeak_0061_36633.jpg,0.48065355718724934,0.07379898122590389,0.30281330677105
Blue_Grosbeak_0078_36655.jpg,0.43058913853327185,-0.09074779833858893,0.2715855082634771
Blue_Grosbeak_0074_37155.jpg,0.40549073735311325,-0.17956677249704023,0.2904861700000245
Blue_Grosbeak_0042_36742.jpg,0.43871155163960385,-0.04205046073475116,0.005156146929274179
Blue_Grosbeak_0025_36646.jpg,0.4057428059270375,-0.16623637446934048,0.037590168249717906
Blue_Grosbeak_0109_36914.jpg,0.43112878775962726,-0.08439390287393422,-0.014296168053492011
Blue_Grosbeak_0041_37174.jpg,0.4370757754581983,-0.08740704975166391,0.028851217806407734
Blue_Grosbeak_0049_37180.jpg,0.3710558726955461,-0.25643208585253396,-0.1189209490681202
Blue_Grosbeak_0112_36679.jpg,0.44275779450271413,-0.058857541712720396,0.30403348172117994
Blue_Grosbeak_0024_36680.jpg,0.44862181098676546,-0.023887800209207777,-0.00934468926585
Blue_Grosbeak_0071_36948.jpg,0.5049736658043469,0.13637094883721224,0.07347142999276587
Blue_Grosbeak_0075_36963.jpg,0.38982767983081423,-0.2292671689786836,0.1232083393648028
Blue_Grosbeak_0014_36708.jpg,0.4080607687088016,-0.11787685942639059,0.21332899512163522
Blue_Grosbeak_0104_36984.jpg,0.47789336682405315,0.09165932662100718,0.16341255710789332
Blue_Grosbeak_0015_36985.jpg,0.40073355237385133,-0.17768450172739825,-0.28675672178144296
Blue_Grosbeak_0106_36986.jpg,0.4031623998420826,-0.16668346898016173,0.20804958973332757
Blue_Grosbeak_0085_36990.jpg,0.4312674395457389,-0.062434125562514486,0.290719126697339
Blue_Grosbeak_0082_36991.jpg,0.3470704895652085,-0.35376891356847096,0.2783457232878049
Blue_Grosbeak_0019_37205.jpg,0.4812220988655974,0.06870048291057507,0.28104968519003065
Blue_Grosbeak_0095_37007.jpg,0.42376389555759886,-0.1275765852229911,0.4457489916875988
Blue_Grosbeak_0027_36703.jpg,0.4230481397634117,-0.0843856488087873,-0.1193352151193311
Blue_Grosbeak_0081_37034.jpg,0.4709408169525917,0.04934066669742798,0.22693087690722327
Blue_Grosbeak_0087_36780.jpg,0.3703171522988117,-0.25353707334855446,0.5678403663016302
Blue_Grosbeak_0048_36809.jpg,0.46165124925040546,0.030324139451278875,0.47052006452207534
Blue_Grosbeak_0097_37067.jpg,0.34957000026473506,-0.33019320251670425,0.24742107439250086
Blue_Grosbeak_0022_37082.jpg,0.4096926008751244,-0.15439327259445546,-0.12866293119691533
Blue_Grosbeak_0002_36648.jpg,0.4112299140198823,-0.12984884744585168,0.37638287590584807
Blue_Grosbeak_0057_37116.jpg,0.38537775268027763,-0.20858884912717923,0.08044340450038595
Blue_Grosbeak_0016_36862.jpg,0.42714446439803944,-0.11909177080028077,0.6261459980968354
Blue_Grosbeak_0046_37119.jpg,0.4152143422436869,-0.11371578007535277,0.4305813368166378
Evening_Grosbeak_0120_37378.jpg,0.3995644631400078,-0.16149884591847807,0.4250783202683244
Evening_Grosbeak_0017_37379.jpg,0.48424961013338175,0.0945971985240106,0.013248298360380953
Evening_Grosbeak_0141_37398.jpg,0.3593279119775238,-0.30582295571535667,0.31485668297685715
Evening_Grosbeak_0024_37404.jpg,0.5064279529649491,0.1917005255320694,0.19752950234776695
Evening_Grosbeak_0063_37409.jpg,0.44695191439109583,-0.010006566877300616,0.031017129475694277
Evening_Grosbeak_0028_37410.jpg,0.47151303652194576,0.0660208845921113,0.13421757671471998
Evening_Grosbeak_0114_37416.jpg,0.42765769437765633,-0.058651593985168615,0.25344259937075414
Evening_Grosbeak_0040_37429.jpg,0.3582462597673244,-0.30012682032126925,-0.048229887881510766
Evening_Grosbeak_0004_37960.jpg,0.41399038365946006,-0.10621201449972406,-0.1401461560842598
Evening_Grosbeak_0036_37978.jpg,0.5268548895427639,0.26889637002066835,0.3470941758809428
Evening_Grosbeak_0085_37487.jpg,0.4856149444283049,0.1259850626865765,0.1598004490573788
Evening_Grosbeak_0053_38005.jpg,0.4599710539089864,0.03905212580227957,0.2922252375191594
Evening_Grosbeak_0007_37312.jpg,0.4043767381160712,-0.12866757401594286,0.1905522621126372
Evening_Grosbeak_0061_38026.jpg,0.44817318202521605,-0.015975150932237447,0.08946414138770183
Evening_Grosbeak_0098_37532.jpg,0.4403125522975949,-0.024109556785368635,0.04927652834205668
Evening_Grosbeak_0086_38048.jpg,0.48597818677505633,0.1314122404237782,0.2406052704672188
Evening_Grosbeak_0078_38051.jpg,0.400549455512085,-0.1626824011771848,0.3615007840170542
Evening_Grosbeak_0077_38160.jpg,0.5145000732787304,0.21676041324326722,0.4423746394772496
Evening_Grosbeak_0003_37698.jpg,0.4614044836677186,0.05196598750289172,-0.2565050930349274
Evening_Grosbeak_0090_37225.jpg,0.49831481262907473,0.17395005530278806,0.4158962288053165
Evening_Grosbeak_0038_37228.jpg,0.47061588341454474,0.092369077219432,0.30108399444289236
Evening_Grosbeak_0025_37230.jpg,0.4816515951480368,0.07888427982110857,0.0715758588951835
Evening_Grosbeak_0015_37238.jpg,0.39948109677719035,-0.1774396485114096,0.23068244390598716
Evening_Grosbeak_0031_37239.jpg,0.42299551632556254,-0.09763997310216088,0.4122420851648302
Evening_Grosbeak_0021_37789.jpg,0.5553083770957838,0.3176893866685975,0.2954379152102942
Evening_Grosbeak_0118_37299.jpg,0.5049765059172434,0.19525899232026078,0.2928490289523211
Evening_Grosbeak_0076_37818.jpg,0.4715287104164809,0.08034543666403271,0.15650146124444936
Evening_Grosbeak_0129_37831.jpg,0.4873638037189181,0.13270221676347693,0.23765219551821504
Evening_Grosbeak_0005_37331.jpg,0.5045943891169702,0.16295550062786623,0.1013198316616646
Evening_Grosbeak_0050_37336.jpg,0.392872405388366,-0.1911025561146249,0.013307362554960116
Pine_Grosbeak_0039_38400.jpg,0.5028977538776478,0.19353404035848443,-0.131228817273846
Pine_Grosbeak_0094_38912.jpg,0.44618260783149355,-0.010093116264958457,0.6085973638523837
Pine_Grosbeak_0024_38403.jpg,0.41019924252498097,-0.12550527380204968,0.38636722539154533
Pine_Grosbeak_0077_38929.jpg,0.47406761452089685,0.08739191835972682,0.027105359307399206
Pine_Grosbeak_0056_38940.jpg,0.5721596689626915,0.36089631978383085,0.43263765480120103
Pine_Grosbeak_0042_38432.jpg,0.5231032266172819,0.21350061017366817,0.5735749382333873
Pine_Grosbeak_0096_38441.jpg,0.5139995208917849,0.19094574429100275,0.2765017479689108
Pine_Grosbeak_0109_38451.jpg,0.5760241477651551,0.3808781487029076,0.17296193839216253
Pine_Grosbeak_0071_38207.jpg,0.4395950239803059,-0.019981695033396862,0.17619780018547232
Pine_Grosbeak_0032_38473.jpg,0.5161245187015495,0.16631308946233203,0.35940952310967933
Pine_Grosbeak_0029_38995.jpg,0.4111965596746321,-0.1091627276076923,-0.1257434540982704
Pine_Grosbeak_0008_38486.jpg,0.4582931222138531,0.06053373923098726,0.3331249612356969
Pine_Grosbeak_0016_38743.jpg,0.42983435667964465,-0.0380732159580357,0.3071275240708604
Pine_Grosbeak_0106_38218.jpg,0.41426776848980407,-0.11482505226622686,-0.26825439162595316
Pine_Grosbeak_0083_38508.jpg,0.39841169057204184,-0.1774824837121396,-0.2900925128099527
Pine_Grosbeak_0044_38766.jpg,0.5398289592485399,0.24563097054594862,0.08570215296113808
Pine_Grosbeak_0067_38524.jpg,0.4996403240763746,0.17264996033047442,0.6221583207306697
Pine_Grosbeak_0055_38730.jpg,0.47470620490832915,0.046912352793383794,-0.0835497247723123
Pine_Grosbeak_0046_38275.jpg,0.43861036349816507,-0.046196527998992876,0.22254320423495413
Pine_Grosbeak_0108_38281.jpg,0.49942744651376014,0.12040745029783262,0.44462436236692426
Pine_Grosbeak_0052_38804.jpg,0.7252997404661103,0.7187017386205253,-0.05558174621179544
Pine_Grosbeak_0053_38805.jpg,0.46927613777001753,0.050313627725456334,0.13349318895233134
Pine_Grosbeak_0091_38811.jpg,0.4536103648674711,0.03713780088387797,0.3497316930527846
Pine_Grosbeak_0034_38987.jpg,0.575006158803655,0.36788631746741474,-0.3785675571986794
Pine_Grosbeak_0009_38609.jpg,0.4313412943685664,-0.05783118055409253,-0.3503751720117452
Pine_Grosbeak_0075_38619.jpg,0.4042536301166636,-0.1349750590756582,0.23473540625821343
Pine_Grosbeak_0018_38374.jpg,0.5241113766294946,0.25049381555026784,0.2602156548908328
Pine_Grosbeak_0021_38382.jpg,0.5866960330905344,0.4046031851949984,0.024584868074475675
Pine_Grosbeak_0014_38398.jpg,0.42653505313085394,-0.05671298818088233,0.36616010545811106
Pine_Grosbeak_0004_38396.jpg,0.502166411284602,0.16954987841060343,0.2749360423865645
Rose_Breasted_Grosbeak_0008_39481.jpg,0.44517899408316497,-0.006660032885722922,0.14542985075971487
Rose_Breasted_Grosbeak_0045_39489.jpg,0.4415082280803715,-0.03671705959318472,0.5284943360027151
Rose_Breasted_Grosbeak_0101_39495.jpg,0.3881039761630062,-0.21470339216371537,0.4959580627333789
Rose_Breasted_Grosbeak_0108_39000.jpg,0.40951155934143924,-0.12773277439757336,-0.08209216617648633
Rose_Breasted_Grosbeak_0014_39037.jpg,0.47404497246020993,0.04627616678812241,0.4917377500894694
Rose_Breasted_Grosbeak_0052_39044.jpg,0.34285332059489415,-0.37198293957745476,0.2914178146381849
Rose_Breasted_Grosbeak_0059_39045.jpg,0.5493729610599751,0.2825188613227062,0.40935114516833465
Rose_Breasted_Grosbeak_0103_39580.jpg,0.4258200693626216,-0.0995262674536821,0.13973492856964537
Rose_Breasted_Grosbeak_0117_39601.jpg,0.49546284774371074,0.16905287826245374,0.267893712052529
Rose_Breasted_Grosbeak_0033_39290.jpg,0.37146734852870267,-0.2766184380990302,-0.46508582935124754
Rose_Breasted_Grosbeak_0004_39143.jpg,0.3965750446816121,-0.21472797178558478,-0.12752854537387226
Rose_Breasted_Grosbeak_0055_39154.jpg,0.5152164838488337,0.2080357612462015,0.33219265190759706
Rose_Breasted_Grosbeak_0040_39689.jpg,0.34767602066740566,-0.35979466737392807,-0.03848616454434495
Rose_Breasted_Grosbeak_0026_39191.jpg,0.36343275128564734,-0.289196080688517,0.5258989874204191
Rose_Breasted_Grosbeak_0128_39204.jpg,0.4279482684494187,-0.0928476951255246,0.09793984418692456
Rose_Breasted_Grosbeak_0089_39211.jpg,0.36864624469872964,-0.27102524285434115,0.4771290708237835
Rose_Breasted_Grosbeak_0018_39731.jpg,0.4401631422750447,-0.05341859122929615,-0.21085091289244628
Rose_Breasted_Grosbeak_0003_39223.jpg,0.3539382971454986,-0.3252256363552999,0.32014678213533265
Rose_Breasted_Grosbeak_0010_39238.jpg,0.4692450852833361,0.049032378319474934,0.32259674609185696
Rose_Breasted_Grosbeak_0025_39252.jpg,0.4626409809857296,0.05331156274916027,0.2627980061084319
Rose_Breasted_Grosbeak_0069_39254.jpg,0.3480090157940168,-0.3607178275845011,0.5578162681812878
Rose_Breasted_Grosbeak_0032_39772.jpg,0.382468024130185,-0.25661539388959276,0.23203409668563163
Rose_Breasted_Grosbeak_0016_39265.jpg,0.5171260875904863,0.20211589033145494,0.39915343626938143
Rose_Breasted_Grosbeak_0028_39271.jpg,0.3627875211804883,-0.2898552023435874,0.23340769786970492
Rose_Breasted_Grosbeak_0060_39279.jpg,0.40276597566178896,-0.16706542643471178,0.026995197385253095
Rose_Breasted_Grosbeak_0087_39280.jpg,0.4651767970182137,0.008184582788045902,-0.21426453797820066
Rose_Breasted_Grosbeak_0122_39284.jpg,0.35159714533011355,-0.3477338891102626,-0.02016576677146604
Rose_Breasted_Grosbeak_0051_39798.jpg,0.34641894724082134,-0.35567078666634866,0.08205316560896052
Rose_Breasted_Grosbeak_0126_39361.jpg,0.35513784128248616,-0.3222694153064851,0.3464589154598413
Rose_Breasted_Grosbeak_0110_39373.jpg,0.37111611483677687,-0.27154434968090824,0.07954730651282414
Pigeon_Guillemot_0012_40236.jpg,0.512232847225143,0.16936350914765996,-0.2648104562114912
Pigeon_Guillemot_0062_39853.jpg,0.4788992092836054,0.05509109891059383,-0.31600114163962134
Pigeon_Guillemot_0071_40216.jpg,0.6206859592992449,0.47098069874914705,-0.06983371530352002
Pigeon_Guillemot_0009_40218.jpg,0.571713521285979,0.3388542406474452,0.30728681680330017
Pigeon_Guillemot_0015_40232.jpg,0.5556873912486474,0.2887756794176516,-0.3229209060773632
Pigeon_Guillemot_0108_40235.jpg,0.5358529199668582,0.22274991787368847,0.050850680979979315
Pigeon_Guillemot_0003_39986.jpg,0.5199424792169226,0.1816526603725821,0.23887831199224388
Pigeon_Guillemot_0096_39995.jpg,0.539898798255245,0.2658475052615644,0.2017255079035446
Pigeon_Guillemot_0013_40253.jpg,0.47778337213783073,0.047153548509587195,-0.1519990614068128
Pigeon_Guillemot_0089_40008.jpg,0.49189924037587374,0.12575799945002242,-0.3336872685520882
Pigeon_Guillemot_0040_40270.jpg,0.5160252755325885,0.168117146428163,-0.04871938778392782
Pigeon_Guillemot_0023_39829.jpg,0.5532120774367006,0.28413461093122194,0.10533613188122921
Pigeon_Guillemot_0042_40281.jpg,0.5285836421181267,0.21767295531637165,-0.04367379348131492
Pigeon_Guillemot_0082_40290.jpg,0.5045250503043361,0.15301024633710858,0.0997328618153203
Pigeon_Guillemot_0038_40035.jpg,0.5405906499935988,0.26354214587000224,-0.09662298535154562
Pigeon_Guillemot_0030_40089.jpg,0.5293673593846697,0.22875673700291266,0.21850574062771316
Pigeon_Guillemot_0043_39861.jpg,0.5825559249571703,0.37801258282632955,0.17446398040159075
Pigeon_Guillemot_0109_39872.jpg,0.43240829380501034,-0.08903660917432399,-0.34528723857706883
Pigeon_Guillemot_0057_40130.jpg,0.4860567827919302,0.10080001687002571,-0.14408248369198176
Pigeon_Guillemot_0079_40389.jpg,0.5288086415494637,0.23783019923165372,0.31632750095998247
Pigeon_Guillemot_0052_40137.jpg,0.43377632200565197,-0.08489242795852414,0.4010728603595319
Pigeon_Guillemot_0029_39889.jpg,0.4974256955780101,0.11878191112200809,0.35190039202769596
Pigeon_Guillemot_0037_40149.jpg,0.4998493241281756,0.12024670130805737,0.009988723465224773
Pigeon_Guillemot_0007_40313.jpg,0.4538335721968235,-0.01499552986931696,0.051235177285556474
Pigeon_Guillemot_0087_39897.jpg,0.5267131549009761,0.22051240292115837,0.2345264342217618
Pigeon_Guillemot_0075_40159.jpg,0.5428248257220503,0.2623474194298083,0.09334151216955963
Pigeon_Guillemot_0100_40179.jpg,0.5139644812245985,0.17741579553211495,0.19617452027255333
Pigeon_Guillemot_0011_39935.jpg,0.5067161020117197,0.17117834633056128,0.3742792618355583
California_Gull_0131_40963.jpg,0.5201677308781141,0.18790495090881298,0.4188775281012351
California_Gull_0067_40973.jpg,0.5509213142921513,0.2708279498255596,0.44042369560493655
California_Gull_0102_40986.jpg,0.5465389407149726,0.2544164117535278,0.25208583342719937
California_Gull_0039_41034.jpg,0.4829199711376332,0.061019821929746754,0.24889666146260597
California_Gull_0034_41548.jpg,0.5141734896106167,0.1765416515598951,0.5054032716449827
California_Gull_0078_41550.jpg,0.5613649626387217,0.3362901841738585,0.18758201764659488
California_Gull_0086_41040.jpg,0.5982286071066225,0.43380299285625645,0.06549548990591442
California_Gull_0110_41063.jpg,0.5560098502664732,0.3007699387260294,0.2936445952216252
California_Gull_0037_41066.jpg,0.563614596867132,0.3248562329568714,0.2884603757403607
California_Gull_0027_41083.jpg,0.5282668923265357,0.22424623318900716,0.2965908179106389
California_Gull_0048_41121.jpg,0.5154048296080975,0.17169890068855842,0.28871642750079657
California_Gull_0101_41140.jpg,0.5152697942987938,0.18147583643460552,-0.04352842765543612
California_Gull_0028_40666.jpg,0.4804163345954756,0.08509727203668627,0.3476129493232518
California_Gull_0089_40716.jpg,0.6050277955881478,0.4481749824039847,0.1749614550000799
California_Gull_0010_40735.jpg,0.58981061871185,0.3928222469571533,0.35480548427007735
California_Gull_0117_41292.jpg,0.5644170507088365,0.32763831692372236,0.11170322817482736
California_Gull_0088_41296.jpg,0.6102929698970889,0.44702147659303404,0.25111232254208743
California_Gull_0001_40786.jpg,0.4812629793376575,0.07258618502621261,0.05135305530838047
California_Gull_0081_41318.jpg,0.49434364267622843,0.12433950816927652,0.19857919228649074
California_Gull_0091_41276.jpg,0.6270568011796667,0.49035204312538494,0.46342967086384856
California_Gull_0043_41326.jpg,0.529711637083043,0.22266812326206453,0.0989126730879763
California_Gull_0123_41330.jpg,0.5683730795668589,0.33449360423907226,0.19394825316880313
California_Gull_0132_40836.jpg,0.5020121817591825,0.13613382582932043,0.14259802070194832
California_Gull_0030_41354.jpg,0.5900569981189654,0.39274215840741944,0.1954114043986063
California_Gull_0058_40858.jpg,0.5052938773441648,0.1598052336976573,0.3742681414242597
California_Gull_0038_40865.jpg,0.5323292571459968,0.2833998377556255,0.40755685922685303
California_Gull_0054_40871.jpg,0.4150384813394463,-0.12061451948059299,0.18686866416934375
California_Gull_0026_41386.jpg,0.41177330093237285,-0.12473873986366235,0.5068625823484704
California_Gull_0014_40880.jpg,0.4907008136245451,0.09387944933733372,-0.07134455768036456
California_Gull_0087_40909.jpg,0.5529908740774225,0.28647284533195927,0.3473626446685798
Glaucous_Winged_Gull_0136_45059.jpg,0.5660061481699467,0.33048462505009035,0.21166993654536645
Glaucous_Winged_Gull_0007_44575.jpg,0.570460272092605,0.3676495758467523,0.18066900103697214
Glaucous_Winged_Gull_0035_44576.jpg,0.557888050791977,0.30953360137743247,-0.04688667226582613
Glaucous_Winged_Gull_0118_2081.jpg,0.5663416305841775,0.3249674918313912,0.43895870791654684
Glaucous_Winged_Gull_0102_44579.jpg,0.4394674699369494,-0.04821518793572199,0.09123675219696285
Glaucous_Winged_Gull_0112_44731.jpg,0.5906677890938823,0.405896629523547,-0.01138430378428478
Glaucous_Winged_Gull_0056_44658.jpg,0.5121671750084997,0.21378068341934608,0.17734819563263085
Glaucous_Winged_Gull_0124_44663.jpg,0.5880066394658235,0.3959870603629787,-0.1027516882428367
Glaucous_Winged_Gull_0066_44669.jpg,0.5021116432821859,0.157829779863499,0.34737399422722604
Glaucous_Winged_Gull_0094_44696.jpg,0.5268232441121798,0.23762983703900042,-0.1419258337551794
Glaucous_Winged_Gull_0130_45210.jpg,0.6028019554031743,0.43436682567319074,0.2498838822796735
Glaucous_Winged_Gull_0015_44198.jpg,0.5370565871052398,0.23752707844887389,-0.29517212052335307
Glaucous_Winged_Gull_0017_45224.jpg,0.5468293354297604,0.26589095616125014,0.1328051500489024
Glaucous_Winged_Gull_0101_44718.jpg,0.6033463696687378,0.44274437184295456,-0.1694401876989336
Glaucous_Winged_Gull_0038_44719.jpg,0.4846376188542495,0.11333167190825,-0.29995233236844127
Glaucous_Winged_Gull_0116_45236.jpg,0.4707327747766923,0.050581553508241006,-0.09919256654777232
Glaucous_Winged_Gull_0022_44733.jpg,0.5169228311138112,0.23134403485890787,-0.18204888997597674
Glaucous_Winged_Gull_0076_44744.jpg,0.571229829279073,0.35237371792079786,0.09710616122727736
Glaucous_Winged_Gull_0084_44775.jpg,0.5499086204282422,0.32032082663513517,-0.2861285081057255
Glaucous_Winged_Gull_0117_44298.jpg,0.6168812885885566,0.47414597058198493,0.04756508198546522
Glaucous_Winged_Gull_0011_44827.jpg,0.5278448783288137,0.2167205234237557,0.2481362826956751
Glaucous_Winged_Gull_0090_44836.jpg,0.5291926195862685,0.22538597649775427,-0.2025606235126668
Glaucous_Winged_Gull_0061_44852.jpg,0.45062625774108733,0.010286104049106681,0.09089324244652663
Glaucous_Winged_Gull_0111_44856.jpg,0.626810584121563,0.4940690144817602,0.13493961624820686
Glaucous_Winged_Gull_0004_44361.jpg,0.5457648920445212,0.26261044174030257,0.035713481967118176
Glaucous_Winged_Gull_0053_44881.jpg,0.5508138744057636,0.3100674760256088,-0.15653530245038652
Glaucous_Winged_Gull_0013_44381.jpg,0.5451814462155238,0.2555727588171981,-0.10605936609551216
Glaucous_Winged_Gull_0075_44455.jpg,0.6027839312313599,0.43094919483482863,0.21457255310884052
Glaucous_Winged_Gull_0082_44528.jpg,0.5519991785238545,0.2816653608651437,-0.4119669806115768
Heermann_Gull_0093_45576.jpg,0.5230036530393541,0.20432358814354257,0.15951299237828728
Heermann_Gull_0018_45608.jpg,0.42245280611300584,-0.1041221450839056,-0.03416349566538498
Heermann_Gull_0109_45619.jpg,0.45414531405041925,0.0003135144459023298,-0.01626689889072135
Heermann_Gull_0051_45622.jpg,0.6492375777385384,0.552509932233568,0.4148349682131993
Heermann_Gull_0118_45626.jpg,0.5028012234466697,0.13595824640076726,0.045695637748531796
Heermann_Gull_0059_45642.jpg,0.537839704643114,0.24300679437479578,-0.11942909461975311
Heermann_Gull_0111_45652.jpg,0.5428198946209315,0.2625631389484361,-0.013944508098127256
Heermann_Gull_0087_45658.jpg,0.565595167602866,0.32369964098132054,0.43563098854159993
Heermann_Gull_0023_45686.jpg,0.4925587800592064,0.10753277256741967,-0.15057265681725546
Heermann_Gull_0034_45693.jpg,0.4750053056732889,0.07683627853775088,-0.17608792816731075
Heermann_Gull_0071_45735.jpg,0.5141062820107506,0.18413286723927658,-0.1781901384854375
Heermann_Gull_0013_45771.jpg,0.482780575003399,0.10425354776120743,0.34975267287717005
Heermann_Gull_0138_45269.jpg,0.5399198843698416,0.2619323610173563,0.21450096825920717
Heermann_Gull_0097_45783.jpg,0.5411163015969129,0.25821278311008167,0.23618646791670575
Heermann_Gull_0033_45792.jpg,0.4727404995958938,0.10168431415858536,0.0063761959348049
Heermann_Gull_0075_45295.jpg,0.5352089346434268,0.2336422806247095,0.385211199734989
Heermann_Gull_0031_45822.jpg,0.4813490686841432,0.07133211348514945,0.13174058867993718
Heermann_Gull_0090_45834.jpg,0.48179221861476895,0.07574510205668206,0.04243046797322037
Heermann_Gull_0074_45351.jpg,0.4744216419896419,0.042640696267383205,-0.24176784175810717
Heermann_Gull_0027_45864.jpg,0.548356822890917,0.27515584328757003,-0.07075552634739331
Heermann_Gull_0091_45363.jpg,0.5270334487010591,0.2257071258728437,0.3165564734010305
Heermann_Gull_0083_45879.jpg,0.569003415800832,0.3316339612410161,-0.1922122473509151
Heermann_Gull_0121_45375.jpg,0.5533605863901285,0.299001333280592,0.24924845160351503
Heermann_Gull_0046_45888.jpg,0.5373731691157646,0.2592155549812255,-0.05054636850030923
Heermann_Gull_0055_45901.jpg,0.560871961168532,0.3306919876002816,-0.06054567311660247
Heermann_Gull_0133_45415.jpg,0.5638428912447992,0.32315573874214054,-0.27410436058660115
Heermann_Gull_0136_45416.jpg,0.5656016232608518,0.33650438230670177,0.10057060176156006
Heermann_Gull_0004_45936.jpg,0.4443605109117552,-0.0025809263868645793,0.1595179123696998
Heermann_Gull_0110_45968.jpg,0.5957756897160271,0.43540279132502957,0.08856602377016295
Heermann_Gull_0001_45472.jpg,0.41608930464895444,-0.11275787296712037,0.2476713285047134
Herring_Gull_0049_46508.jpg,0.4913152773760082,0.1458263231606064,-0.07677928811795837
Herring_Gull_0037_48655.jpg,0.5715361362452922,0.3478358222388632,-0.004618569616086773
Herring_Gull_0115_47123.jpg,0.5051777969980995,0.1783681035946737,-0.15335242340205568
Herring_Gull_0070_46615.jpg,0.5604276802466122,0.3133746611276562,-0.004952697947147974
Herring_Gull_0083_48674.jpg,0.38565036627604965,-0.2037913223903609,-0.0038151263552564847
Herring_Gull_0012_46654.jpg,0.613015365476642,0.4526677714503786,0.130566189697046
Herring_Gull_0001_48205.jpg,0.5931429783541005,0.39558244499058237,0.23827016355422004
Herring_Gull_0078_48718.jpg,0.5862084936164689,0.39585731872148866,0.02095373142364743
Herring_Gull_0071_48751.jpg,0.5635798389028639,0.31252087883737645,-0.1519251424800814
Herring_Gull_0145_46220.jpg,0.46993335342902554,0.08574694894087631,0.19385741886494096
Herring_Gull_0120_48822.jpg,0.6271619870205329,0.5265520993810295,-0.18916023904463317
Herring_Gull_0056_46783.jpg,0.4323780606344605,-0.03898870786257391,0.23426441248550886
Herring_Gull_0080_46806.jpg,0.5937433529690599,0.40540235175860706,0.3403417872105487
Herring_Gull_0087_47841.jpg,0.5317274350117223,0.23217207977934629,-0.08535291921789546
Herring_Gull_0098_46971.jpg,0.6334193918793762,0.5129264098153479,0.0025830422074076976
Herring_Gull_0045_46845.jpg,0.541995022388917,0.2617185454994194,-0.045848320697977556
Herring_Gull_0015_46353.jpg,0.4780135158477845,0.10169955661157082,-0.32290872686953076
Herring_Gull_0058_47383.jpg,0.3813103040936511,-0.2144082823617015,0.0646026411922213
Herring_Gull_0132_47395.jpg,0.5583748293302999,0.29456586739223656,0.040096773707290166
Herring_Gull_0027_46389.jpg,0.543151613478307,0.27031419539776436,0.07334401858479106
Herring_Gull_0068_46392.jpg,0.5974460222289675,0.4204231578128206,-0.11145876765753827
Herring_Gull_0055_47994.jpg,0.6302158991866922,0.5217632074042441,0.009792650789422487
Herring_Gull_0076_47497.jpg,0.6033176724364119,0.43572137651077736,0.19148630472468828
Herring_Gull_0138_48023.jpg,0.6343756489279446,0.5310093996767509,-0.09417154612889624
Herring_Gull_0061_46501.jpg,0.47097079295329847,0.0518895754976022,-0.46148940401510674
Herring_Gull_0103_45996.jpg,0.5006709930812598,0.16440759920654402,-0.2497920757678081
Herring_Gull_0082_47540.jpg,0.4624815984036019,0.03606388437615493,0.19897998146492776
Herring_Gull_0016_48969.jpg,0.5857891241734647,0.3753187771148567,-0.17023672855174235
Herring_Gull_0093_46029.jpg,0.6108295438906093,0.45715596834639505,0.051202873941987186
Herring_Gull_0102_48078.jpg,0.5694135862585774,0.3306980663719492,-0.04534113037779557
Ivory_Gull_0110_49408.jpg,0.5112762197715686,0.1944093973504274,0.2466784508987361
Ivory_Gull_0010_49169.jpg,0.5369713215136258,0.27390946840381614,0.39020495806569916
Ivory_Gull_0088_49177.jpg,0.49171964917458455,0.10168558075113754,0.5975452129211859
Ivory_Gull_0085_49456.jpg,0.46555010115232687,0.06062780105429444,-0.22650515780594155
Ivory_Gull_0118_49191.jpg,0.39869049012366586,-0.15898691679872234,0.3167043800618609
Ivory_Gull_0024_49195.jpg,0.6220975572509165,0.48138657949209485,0.4530842571239875
Ivory_Gull_0086_49532.jpg,0.5257494969318548,0.22025027131713548,0.26322539242563037
Ivory_Gull_0087_49202.jpg,0.501092265817521,0.14721832906812804,0.46689259906174696
Ivory_Gull_0062_49722.jpg,0.5982813919864669,0.41209546845449874,0.2603150481852064
Ivory_Gull_0092_49996.jpg,0.5920508623123754,0.4113090493398608,0.5177686580645038
Ivory_Gull_0080_49748.jpg,0.5340367319876693,0.23260494999629477,0.46872010797956515
Ivory_Gull_0014_48983.jpg,0.574559921645445,0.3619654976230702,0.41263115334908707
Ivory_Gull_0050_49245.jpg,0.503371872993954,0.18292240884549305,0.6248062173070047
Ivory_Gull_0004_49019.jpg,0.5753839616002605,0.36680795594008697,0.058383426225768954
Ivory_Gull_0002_49788.jpg,0.525091789786319,0.21590353866491196,0.5994288418057017
Ivory_Gull_0101_49790.jpg,0.34915921347649326,-0.342674566455645,0.08409130093400367
Ivory_Gull_0114_49535.jpg,0.4387432462043295,-0.07059099719965878,0.3488596836954554
Ivory_Gull_0073_49287.jpg,0.6093278233860607,0.4443110189246663,0.3728091865378905
Ivory_Gull_0038_49298.jpg,0.5442875720243494,0.2734297158723863,0.3268784107849398
Ivory_Gull_0018_49988.jpg,0.6161056695515705,0.4712663454135122,0.3233545936209082
Ivory_Gull_0077_49051.jpg,0.5127720308627421,0.18485991220301945,0.19343472396286426
Ivory_Gull_0093_49052.jpg,0.5056801067961829,0.16865821958396765,0.38247177473500316
Ivory_Gull_0032_49322.jpg,0.5580483072420614,0.3123774617866151,0.5624445082027327
Ivory_Gull_0094_49347.jpg,0.49487446747508124,0.11645352741983384,0.4419064056057439
Ivory_Gull_0108_49356.jpg,0.4799126542230996,0.08922632029057953,0.2341556221979415
Ivory_Gull_0007_49364.jpg,0.5516961875882224,0.31170465942003656,0.3204610550794863
Ivory_Gull_0026_49466.jpg,0.4263333255969852,-0.08919182790979474,0.21499807332397053
Ivory_Gull_0023_49385.jpg,0.5379332114391224,0.293472191266006,0.5255033313551574
Ivory_Gull_0071_49402.jpg,0.5629179283153352,0.34704392134357787,0.37564679488413116
Ivory_Gull_0064_49406.jpg,0.3576188621319274,-0.3157920436690731,0.39278412385592937
Ring_Billed_Gull_0013_50180.jpg,0.5287837614912779,0.22345227350394758,0.01986050683010136
Ring_Billed_Gull_0079_51206.jpg,0.4087267586526673,-0.11323858180110591,0.03800449288270957
Ring_Billed_Gull_0039_50191.jpg,0.4641300635827895,0.035014301944909954,0.40447251025437375
Ring_Billed_Gull_0045_50215.jpg,0.46992201966140146,0.08794840626707778,-0.34023785048362415
Ring_Billed_Gull_0044_50239.jpg,0.5036317847811371,0.14928655462092966,0.15654316533524143
Ring_Billed_Gull_0034_51270.jpg,0.5509308744941586,0.2803909502542229,0.33761609636455003
Ring_Billed_Gull_0038_51275.jpg,0.511942231068881,0.15563250583877242,-0.04385922379280039
Ring_Billed_Gull_0085_51292.jpg,0.580634724465142,0.3794549434566469,0.30393988616697676
Ring_Billed_Gull_0021_51300.jpg,0.5877990767069674,0.4167526892116231,0.11899324329270956
Ring_Billed_Gull_0009_51301.jpg,0.4973710246601907,0.15341383974620548,0.4401558382892502
Ring_Billed_Gull_0093_51303.jpg,0.5444818462269732,0.256411475093154,0.15411962687758213
Ring_Billed_Gull_0107_51306.jpg,0.4392225850657735,-0.018146192049417254,0.10853779297233758
Ring_Billed_Gull_0057_51315.jpg,0.49284307146238826,0.103444664605581,-0.500930532588897
Ring_Billed_Gull_0089_51348.jpg,0.5225367743761994,0.19315494915637943,0.11005722174151876
Ring_Billed_Gull_0115_51891.jpg,0.5720013799990146,0.3530898917313142,-0.061418263643135684
Ring_Billed_Gull_0128_51403.jpg,0.5616928382262505,0.3548014159232643,-0.03538713841391936
Ring_Billed_Gull_0083_51407.jpg,0.49952404640163606,0.1255196226676012,-0.033310919954645406
Ring_Billed_Gull_0007_51430.jpg,0.5206146279182573,0.1954924722161293,0.16969001425742472
Ring_Billed_Gull_0051_51440.jpg,0.5747965315701375,0.3674523094387627,-0.15209215435931048
Ring_Billed_Gull_0036_51461.jpg,0.5982986489001234,0.42207767388040907,0.22309831818949596
Ring_Billed_Gull_0016_50392.jpg,0.48000631121667026,0.06564345665709426,-0.18806852515661907
Ring_Billed_Gull_0078_51494.jpg,0.48903510780765536,0.14851753375492183,-0.015967329464754317
Ring_Billed_Gull_0105_51513.jpg,0.4116250662166314,-0.12265065046583956,0.07640862623594236
Ring_Billed_Gull_0071_52845.jpg,0.49190573936594606,0.11219648057008536,-0.19906457244020673
Ring_Billed_Gull_0056_51523.jpg,0.5518098916973961,0.3029279454441075,-0.12072693067737802
Ring_Billed_Gull_0113_51525.jpg,0.46104179891756014,0.038752631332993004,-0.1012170110503885
Ring_Billed_Gull_0132_51552.jpg,0.47544150461840495,0.08436088100684214,-0.3058565379774356
Ring_Billed_Gull_0029_52613.jpg,0.5518836136061598,0.3057629471637766,0.0422972436562053
Ring_Billed_Gull_0104_52614.jpg,0.5527540929286584,0.3004959848546387,-0.02640924113037145
Ring_Billed_Gull_0106_52729.jpg,0.5453913283954654,0.28419203104256774,0.06403854022638378
Slaty_Backed_Gull_0017_796034.jpg,0.5611058172843828,0.35872465119345653,0.34242812822227553
Slaty_Backed_Gull_0061_53309.jpg,0.5979134991118797,0.4670269681059056,0.4440467306912749
Slaty_Backed_Gull_0007_53334.jpg,0.5676528052092776,0.3444893545967195,0.4718232121745672
Slaty_Backed_Gull_0027_53080.jpg,0.6167026441307982,0.4814623326306373,-0.07618426792915912
Slaty_Backed_Gull_0015_796004.jpg,0.5399983533653664,0.24398081390001614,0.4627809661024794
Slaty_Backed_Gull_0066_796016.jpg,0.642630174063362,0.5437232023153609,0.3551263064289454
Slaty_Backed_Gull_0079_796020.jpg,0.4363805569560605,-0.05264030418347154,0.36509750725058543
Slaty_Backed_Gull_0022_796022.jpg,0.6287200732836193,0.50925190928117,0.270496101769043
Slaty_Backed_Gull_0035_796026.jpg,0.5533613956445,0.2891152979123931,0.3372797243271032
Slaty_Backed_Gull_0075_796027.jpg,0.515011458339508,0.2284436504521441,0.5046464915822594
Slaty_Backed_Gull_0024_796028.jpg,0.5393776270249226,0.29361774302709565,0.5113256952825433
Slaty_Backed_Gull_0023_796030.jpg,0.5010344247601792,0.1786122630007465,0.5291173591933472
Slaty_Backed_Gull_0003_796032.jpg,0.5496481134944367,0.3000716713237995,0.5827973058972927
Slaty_Backed_Gull_0078_796042.jpg,0.5450808059754446,0.26238686289441127,0.2479235433524868
Slaty_Backed_Gull_0050_796045.jpg,0.5716194076676335,0.3481127967016875,0.40159221242492904
Slaty_Backed_Gull_0063_796050.jpg,0.41523235867996144,-0.10667601467855192,0.23039414984382717
Slaty_Backed_Gull_0036_796053.jpg,0.5306980415825604,0.26217851770005507,-0.05626560208295859
Slaty_Backed_Gull_0008_53145.jpg,0.5318460956208928,0.23040020452482657,0.2632780296026936
Slaty_Backed_Gull_0085_53158.jpg,0.5850088050738415,0.41502363036748324,0.3015154304184984
Slaty_Backed_Gull_0083_786386.jpg,0.5171386177214139,0.21099798066596365,0.4876682183766647
Western_Gull_0013_54794.jpg,0.4956645410481225,0.11374752324805304,0.2248932315447136
Western_Gull_0048_53776.jpg,0.6131496850467963,0.4524098624320453,0.09542530921304959
Western_Gull_0078_53595.jpg,0.5084460387465936,0.19083308589012515,0.3569998726952553
Western_Gull_0104_53816.jpg,0.5733566665903547,0.3658528460727538,0.055816162439827774
Western_Gull_0110_53861.jpg,0.6077504531956803,0.4421741444381352,0.30997713823050543
Western_Gull_0012_53605.jpg,0.5205631211860646,0.21451593556659643,-0.1503539576097188
Western_Gull_0143_54909.jpg,0.4402341991584462,-0.046945567162072876,0.1906093266863374
Western_Gull_0050_54425.jpg,0.631637067328204,0.5089002727484919,-0.41592920358432534
Western_Gull_0091_55465.jpg,0.5451721892681212,0.28315689571402425,0.14110310114459026
Western_Gull_0007_53431.jpg,0.5852366058533766,0.40215961596293914,0.09039117102008849
Western_Gull_0070_54978.jpg,0.5722140017589672,0.3663756960359136,0.1884390498450896
Western_Gull_0027_53994.jpg,0.6069253903897399,0.45610532443117713,0.15756172707805793
Western_Gull_0029_54143.jpg,0.609141630675235,0.45562059823905865,0.11308962346263514
Western_Gull_0116_54037.jpg,0.5071544473759917,0.19721265987491465,0.530842332998971
Western_Gull_0069_53553.jpg,0.545464921973666,0.2754860250580531,0.23437797910708724
Western_Gull_0041_53554.jpg,0.46975213036887065,0.0750322022378399,0.2959553899471599
Western_Gull_0133_55639.jpg,0.49898084101024454,0.14814385818342346,0.31234250879687686
Western_Gull_0066_54105.jpg,0.612155584530962,0.46313980683001577,0.23006933465165233
Western_Gull_0021_54649.jpg,0.5316101530417534,0.21564596971248662,0.4361310277039379
Western_Gull_0024_53631.jpg,0.5105242040441074,0.15257848019865317,-0.0629237056762923
Western_Gull_0035_55703.jpg,0.6556494078950212,0.5770710333481437,0.08683547800212621
Western_Gull_0099_53670.jpg,0.5575171794884117,0.3079709948456849,-0.28256230723592246
Western_Gull_0065_55728.jpg,0.44448838724548667,-0.020621606377896118,0.2990733811060732
Western_Gull_0087_54193.jpg,0.49428091704525445,0.13276873527519062,0.22649847133558593
Western_Gull_0043_54706.jpg,0.5836318253493477,0.3950891164433781,0.1492077006193698
Western_Gull_0071_54207.jpg,0.6205900998704581,0.48483006258113104,0.5510278437287658
Western_Gull_0045_54735.jpg,0.5256109137042537,0.22016948722441543,0.36733035852445683
Western_Gull_0011_53713.jpg,0.5545369905503619,0.3031282176541348,0.30704395243428984
Western_Gull_0100_54761.jpg,0.5056962509519926,0.19712366443631657,0.17473316119675297
Western_Gull_0049_53748.jpg,0.6064435829555432,0.46613029094517267,-0.054523176379988283
Anna_Hummingbird_0106_56335.jpg,0.5864557926840593,0.4110594021239954,-0.04971103109692716
Anna_Hummingbird_0093_56851.jpg,0.5423407607889587,0.28062210102202023,0.15618139571561324
Anna_Hummingbird_0126_55983.jpg,0.4965329076357474,0.13471813717541403,0.2377918676844575
Anna_Hummingbird_0080_56366.jpg,0.5973108825696699,0.4324068083763265,0.16651028654831723
Anna_Hummingbird_0027_55873.jpg,0.5216677342844109,0.22891199604333035,0.47715478223455265
Anna_Hummingbird_0055_56396.jpg,0.3726339156702607,-0.25120469660997835,0.25210553627716603
Anna_Hummingbird_0074_56917.jpg,0.45146436555514524,0.00350380107130277,-0.013990157682409335
Anna_Hummingbird_0099_55916.jpg,0.46982799353698856,0.05987181422653387,-0.06383338719188567
Anna_Hummingbird_0087_56435.jpg,0.4475685996538752,-0.024522957900908304,0.34249636465079353
Anna_Hummingbird_0001_56960.jpg,0.5068386603463207,0.18943897986954739,-0.22215914051481822
Anna_Hummingbird_0101_56459.jpg,0.47871245902645043,0.05512585660769487,-0.14623943958975083
Anna_Hummingbird_0066_56486.jpg,0.45507721908505894,-0.018219345056974978,0.4576982042131659
Anna_Hummingbird_0086_56495.jpg,0.36659052559608807,-0.26769553592575,0.4125516157426474
Anna_Hummingbird_0019_57025.jpg,0.4296601325322178,-0.03473751475213693,-0.06604320848707869
Anna_Hummingbird_0037_56587.jpg,0.4452393758560652,0.004496354025688709,0.18226509338530633
Anna_Hummingbird_0070_56085.jpg,0.45179490425199975,-0.02631111992769619,0.38534131907430724
Anna_Hummingbird_0053_56112.jpg,0.48324270862245466,0.12054971393134517,0.45520139265857845
Anna_Hummingbird_0034_56614.jpg,0.5436145939011234,0.28378533366446057,0.27828921197485995
Anna_Hummingbird_0122_56622.jpg,0.40352852710058906,-0.13870594620257415,0.5239309079407063
Anna_Hummingbird_0130_56122.jpg,0.4320450758454123,-0.08507706684920024,-0.18857802531162854
Anna_Hummingbird_0022_55779.jpg,0.4990927708619043,0.14684590115177532,0.34373822446875396
Anna_Hummingbird_0065_56154.jpg,0.42105258819350333,-0.07535198636669604,0.45999951291696606
Anna_Hummingbird_0059_56674.jpg,0.42123553122891744,-0.09834139817216059,0.2579290282847105
Anna_Hummingbird_0117_55785.jpg,0.4641058316255908,0.06067727692344904,0.4971801408735748
Anna_Hummingbird_0031_56709.jpg,0.39739954410304745,-0.1564679942630791,0.12155878571294279
Anna_Hummingbird_0018_56732.jpg,0.5041389033499453,0.19640978792988495,0.08563238766367326
Anna_Hummingbird_0096_56754.jpg,0.49475918128011387,0.12729458670162985,-0.011160169448380906
Anna_Hummingbird_0085_56756.jpg,0.5736577647611807,0.3713255239403387,0.20778902821232634
Anna_Hummingbird_0036_56809.jpg,0.5687129782681611,0.3608787741329438,0.2987950626132469
Anna_Hummingbird_0119_56309.jpg,0.49128670352977144,0.10646314770696752,-0.027860339564795365
Ruby_Throated_Hummingbird_0005_57349.jpg,0.5267565292560795,0.24587654922252244,0.35857530024478096
Ruby_Throated_Hummingbird_0077_57858.jpg,0.5401806101924397,0.25019214597663886,0.4363920308790119
Ruby_Throated_Hummingbird_0123_57745.jpg,0.48063415658874176,0.12093281474348916,0.02075442500994708
Ruby_Throated_Hummingbird_0126_57371.jpg,0.44009905642947966,-0.02686922309489237,0.40123225920506705
Ruby_Throated_Hummingbird_0007_57388.jpg,0.5432078897922594,0.3140482929892011,0.5618876068494468
Ruby_Throated_Hummingbird_0072_57391.jpg,0.4848714299426511,0.09806978783173237,0.4354808704003844
Ruby_Throated_Hummingbird_0009_57904.jpg,0.5584762767027408,0.35249356090547035,0.25843123251148786
Ruby_Throated_Hummingbird_0090_57411.jpg,0.4906821775378155,0.12344482658864586,0.20344387665626923
Ruby_Throated_Hummingbird_0052_57432.jpg,0.43221336780824693,-0.045422570074276525,0.029600541849574103
Ruby_Throated_Hummingbird_0040_57982.jpg,0.47837894719797025,0.07972345511261336,0.3729412780919911
Ruby_Throated_Hummingbird_0014_57477.jpg,0.5172003411285602,0.21192994075401916,0.24904247764002455
Ruby_Throated_Hummingbird_0050_57510.jpg,0.4252621647588305,-0.06922455032512564,0.045352884338450215
Ruby_Throated_Hummingbird_0066_57518.jpg,0.4410536487878651,-0.05860620286361229,0.4448649465477213
Ruby_Throated_Hummingbird_0116_58031.jpg,0.6488007931633721,0.5711231420108291,0.10148683522004409
Ruby_Throated_Hummingbird_0118_57536.jpg,0.4124709981618987,-0.1312286217592935,0.6358862123915596
Ruby_Throated_Hummingbird_0075_57537.jpg,0.48213119376536195,0.09683770813358916,0.3875537103620349
Ruby_Throated_Hummingbird_0115_58067.jpg,0.45576166748301983,0.009289456109613736,0.1483037841474301
Ruby_Throated_Hummingbird_0103_57573.jpg,0.5754977043277271,0.37958367202604315,-0.011113095612696699
Ruby_Throated_Hummingbird_0048_57222.jpg,0.5347489950236564,0.27418077552097275,0.3770127840770083
Ruby_Throated_Hummingbird_0076_57649.jpg,0.5080354832535817,0.18061999251258276,0.14355612137085907
Ruby_Throated_Hummingbird_0108_57653.jpg,0.48802156447034384,0.12509080504710934,0.33973258790427874
Ruby_Throated_Hummingbird_0032_58168.jpg,0.4406375750819057,-0.058100450461929576,-0.030501820841103224
Ruby_Throated_Hummingbird_0129_57666.jpg,0.5439923536583071,0.2995382631614534,0.23324446494782608
Ruby_Throated_Hummingbird_0008_58204.jpg,0.4455031795866581,-0.06315380657543068,0.36542140483110025
Ruby_Throated_Hummingbird_0013_57212.jpg,0.45617395248118264,0.01892014769692929,0.3866197753476089
Ruby_Throated_Hummingbird_0025_57835.jpg,0.5142459467672543,0.21857564113898098,0.45286627450803213
Ruby_Throated_Hummingbird_0046_57225.jpg,0.5297760655443419,0.2604815315626652,0.32073379838681015
Ruby_Throated_Hummingbird_0128_58281.jpg,0.5593904742107321,0.3216054153067952,0.5269438927001255
Ruby_Throated_Hummingbird_0120_58316.jpg,0.3944764048879945,-0.17439394517960727,0.18502773965323882
Ruby_Throated_Hummingbird_0131_57813.jpg,0.5308610191437639,0.259938929716405,-0.17052470183835808
Rufous_Hummingbird_0009_59405.jpg,0.44466458862741687,-0.03358491101317629,0.2130283050557288
Rufous_Hummingbird_0002_58387.jpg,0.5335622670222167,0.2707775932478219,-0.12347241552517042
Rufous_Hummingbird_0101_59420.jpg,0.4137926422230558,-0.09787118908739201,-0.19628664722589925
Rufous_Hummingbird_0021_58408.jpg,0.3709958564659199,-0.25840095736165236,0.13274846788451197
Rufous_Hummingbird_0125_58932.jpg,0.4530610704562765,0.01568326334993675,-0.32574134334666693
Rufous_Hummingbird_0134_59449.jpg,0.5417769438079247,0.2846017931146556,0.3450800626464756
Rufous_Hummingbird_0027_59456.jpg,0.391035788462062,-0.2093354316050533,-0.11182406151839769
Rufous_Hummingbird_0007_58433.jpg,0.504801353202812,0.20576271301925397,0.099532242983009
Rufous_Hummingbird_0014_59476.jpg,0.49670802961949867,0.159989335388678,0.11627683448904233
Rufous_Hummingbird_0011_59480.jpg,0.5217968616231528,0.24507603876813822,0.13009103647559128
Rufous_Hummingbird_0057_59489.jpg,0.5237090866391767,0.21378531321445393,0.09438678792154245
Rufous_Hummingbird_0130_59500.jpg,0.46287237015115223,0.03038752888964924,0.021761537938121134
Rufous_Hummingbird_0052_59581.jpg,0.5105352501126876,0.178439866777644,0.193832165684717
Rufous_Hummingbird_0071_59505.jpg,0.5284310046426541,0.24991828462411314,0.052832823378583575
Rufous_Hummingbird_0067_59510.jpg,0.6329245509031403,0.5184187209071416,-0.006427552149647471
Rufous_Hummingbird_0017_59520.jpg,0.49905960824152784,0.17048313939876247,0.05341339375062438
Rufous_Hummingbird_0065_58497.jpg,0.5296396979624887,0.24088420063450966,-0.15612016051271793
Rufous_Hummingbird_0124_58465.jpg,0.4826790308027308,0.111868703061474,0.2484443363102026
Rufous_Hummingbird_0100_59541.jpg,0.4674308460370612,0.021584964718437405,-0.04234748355900317
Rufous_Hummingbird_0036_59562.jpg,0.49918804934552896,0.18484986053003682,-0.03947742910707752
Rufous_Hummingbird_0076_59563.jpg,0.5216781527251318,0.22014805781527913,0.18180568714124307
Rufous_Hummingbird_0081_59592.jpg,0.5194190987800289,0.19879465077118041,0.029648396603137152
Rufous_Hummingbird_0090_58598.jpg,0.40437831967219073,-0.14559793672350585,0.0911874219098906
Rufous_Hummingbird_0046_59647.jpg,0.41235453707495295,-0.11472747093992841,-0.106206457084008
Rufous_Hummingbird_0016_59660.jpg,0.49896210739019964,0.17276068642734443,0.12420934304026147
Rufous_Hummingbird_0119_59681.jpg,0.5002767427564949,0.1687487045364533,0.09619287244600798
Rufous_Hummingbird_0075_59619.jpg,0.4692571635529561,0.050438573248199114,0.03905951680307822
Rufous_Hummingbird_0074_59231.jpg,0.6816240380859628,0.6416998711410205,0.16234704835351207
Rufous_Hummingbird_0128_60398.jpg,0.42004113573721913,-0.09078725273325694,0.17310654029742026
Rufous_Hummingbird_0121_59376.jpg,0.44897658402477036,0.01825364362834392,0.08136063745349587
Green_Violetear_0064_795661.jpg,0.48751919634670626,0.11309811960045257,0.4788293697732022
Green_Violetear_0003_795662.jpg,0.5033436350881688,0.16183610217798616,0.27402853447982845
Green_Violetear_0073_795680.jpg,0.46366314205342185,0.04224972684489969,0.30567818921735596
Green_Violetear_0066_795682.jpg,0.43610987660212885,-0.05683142751041781,0.481953567958662
Green_Violetear_0002_795699.jpg,0.47091036894476734,0.08101019407667653,0.4994070261315519
Green_Violetear_0057_795701.jpg,0.5334988556334366,0.2730205256483458,0.1879071220705444
Green_Violetear_0008_795703.jpg,0.4427625540750546,-0.016628133976636317,0.5785241121273148
Green_Violetear_0092_795704.jpg,0.4649362358599204,0.05387785444816251,0.3355234368012277
Green_Violetear_0024_795705.jpg,0.5491108725158944,0.3050705330493275,0.37065640393894483
Green_Violetear_0032_795707.jpg,0.5163701256918543,0.23770110060910887,0.5678035871761498
Green_Violetear_0055_795712.jpg,0.48662811264069317,0.11532477978895572,0.23795756583180933
Green_Violetear_0112_795713.jpg,0.5458693111654425,0.29787495915484175,0.27430387321251315
Green_Violetear_0044_795717.jpg,0.45494081418224463,0.02577622346947306,0.2727250242434253
Green_Violetear_0074_795720.jpg,0.4245890232306253,-0.08776367035401789,0.3031017767897588
Green_Violetear_0069_795723.jpg,0.492041828344262,0.13034646762470126,-0.25350843280730484
Green_Violetear_0119_795724.jpg,0.48754731338194246,0.13801477238553161,0.6168889255047374
Green_Violetear_0045_60765.jpg,0.42793222445220536,-0.0664999068112535,0.3738503258730425
Green_Violetear_0031_60774.jpg,0.5017870518158771,0.1677857949037298,0.0888658150961806
Green_Violetear_0107_60781.jpg,0.4687861050522213,0.0905207901265146,0.4136298449150511
Green_Violetear_0048_60789.jpg,0.5182078773100824,0.19300925336282115,0.3693192705874415
Green_Violetear_0034_60792.jpg,0.411520489959451,-0.13257399320452334,-0.021625705084683814
Green_Violetear_0022_60799.jpg,0.4942736347142126,0.14920609140939933,0.4593245704479242
Green_Violetear_0029_60808.jpg,0.466221150069975,0.0491460153853478,0.5244868614779823
Green_Violetear_0114_60809.jpg,0.4759055696412685,0.09316543787661336,0.5639044061005314
Green_Violetear_0078_60844.jpg,0.4836509221287639,0.09762484600081622,0.4076474769406358
Green_Violetear_0072_60858.jpg,0.4969767206694693,0.12423350352193263,0.6139674419353156
Green_Violetear_0110_60866.jpg,0.3850812100717448,-0.20597553244742928,0.6592135593343498
Green_Violetear_0059_60873.jpg,0.3473007622939306,-0.34764065988402715,0.394507495579231
Green_Violetear_0081_795638.jpg,0.46235203397232183,0.024038075122582603,0.4735431561344868
Green_Violetear_0106_795643.jpg,0.4995275926739946,0.181010521853033,0.2597504318412691
Long_Tailed_Jaeger_0025_60937.jpg,0.4641698392442274,0.038347739679291615,-0.09357083773823009
Long_Tailed_Jaeger_0033_60955.jpg,0.5470525457474125,0.27113899834682353,0.4738843316908737
Long_Tailed_Jaeger_0030_60961.jpg,0.49361810431872344,0.12166833288914825,-0.42339998567919124
Long_Tailed_Jaeger_0044_60968.jpg,0.474987593788326,0.06648882745951201,-0.22607232630778668
Long_Tailed_Jaeger_0019_60970.jpg,0.633622784381952,0.504721926831182,-0.0031715499051455237
Long_Tailed_Jaeger_0017_797081.jpg,0.48285617476628395,0.07982174301098122,0.14070183949934523
Long_Tailed_Jaeger_0064_60999.jpg,0.48824352953046635,0.11631809488215583,-0.23381023370864565
Long_Tailed_Jaeger_0045_61007.jpg,0.5041668714054989,0.1380467349759794,0.2858383168723656
Long_Tailed_Jaeger_0065_61042.jpg,0.45045619899495515,-0.017947922642655767,-0.132271197058991
Long_Tailed_Jaeger_0055_61046.jpg,0.42780315493193466,-0.08008629813311785,-0.14949491814400723
Long_Tailed_Jaeger_0049_797063.jpg,0.4231205687269356,-0.09511510693536374,0.10099173427345581
Long_Tailed_Jaeger_0023_797072.jpg,0.4282693866590588,-0.0528838647375367,0.283132254721908
Long_Tailed_Jaeger_0063_797073.jpg,0.5164897034999056,0.2259633628964095,0.4167484810623682
Long_Tailed_Jaeger_0047_797075.jpg,0.564701507126918,0.32926566282890624,-0.5146723625790433
Long_Tailed_Jaeger_0036_797076.jpg,0.4913006753953655,0.12588961863219938,0.5197164309945648
Long_Tailed_Jaeger_0059_797079.jpg,0.5304443359862583,0.21735153571454358,0.39772131538717703
Long_Tailed_Jaeger_0003_61082.jpg,0.43532872333204176,-0.07869085113404473,0.2346378365462936
Long_Tailed_Jaeger_0020_61084.jpg,0.3982655992235751,-0.17738611961925965,-0.20422875478688154
Long_Tailed_Jaeger_0028_797082.jpg,0.4060104423098829,-0.13418297626795872,-0.06436101634190745
Long_Tailed_Jaeger_0014_797086.jpg,0.515990538537974,0.18106714951736014,0.015626339578888416
Long_Tailed_Jaeger_0066_60921.jpg,0.48089929692603695,0.05846738082932457,0.03726913768051098
Long_Tailed_Jaeger_0057_797094.jpg,0.6043011685340225,0.4687328604448844,-0.16613432683464868
Long_Tailed_Jaeger_0051_797095.jpg,0.4910639271264804,0.12059988794890109,0.22555175311015463
Long_Tailed_Jaeger_0016_797084.jpg,0.5831688203714982,0.37196983803075456,0.2528415459840725
Long_Tailed_Jaeger_0026_797098.jpg,0.6141146683463259,0.46335589735940175,0.13371626598869463
Long_Tailed_Jaeger_0035_797100.jpg,0.4352822915479617,-0.04224163270752057,0.08412157633724449
Long_Tailed_Jaeger_0034_797102.jpg,0.4874821624708482,0.12260602196183601,0.11306979484758539
Long_Tailed_Jaeger_0046_797103.jpg,0.4589060733328745,0.056467721723512,0.060236251361476395
Long_Tailed_Jaeger_0010_60895.jpg,0.43631142798202416,-0.04325582868982836,-0.3559131715334677
Long_Tailed_Jaeger_0024_60915.jpg,0.6080566639216171,0.4548182808735265,0.2890473831841743
Pomarine_Jaeger_0030_61447.jpg,0.42248918770127264,-0.06721700941768072,0.03317527670092433
Pomarine_Jaeger_0010_61457.jpg,0.4873225075947387,0.09677773585404581,-0.21149005202036308
Pomarine_Jaeger_0008_61231.jpg,0.5011858513824808,0.13403021431612427,-0.2313157834288976
Pomarine_Jaeger_0034_61247.jpg,0.405687710232407,-0.1320709975747576,-0.3021733097382214
Pomarine_Jaeger_0051_795738.jpg,0.5306723052830691,0.2550990890645608,0.09227434844733377
Pomarine_Jaeger_0077_795739.jpg,0.44851641010766796,-0.023202459038280665,0.4275677510541152
Pomarine_Jaeger_0058_795746.jpg,0.5054733197350838,0.14857841728077004,0.1598925653563124
Pomarine_Jaeger_0033_795749.jpg,0.5316330801000386,0.23844596652868677,-0.04075983483310313
Pomarine_Jaeger_0045_795750.jpg,0.4824586196834636,0.10766295796453729,0.170239405096745
Pomarine_Jaeger_0080_795751.jpg,0.49466850745165825,0.1530942741809923,-0.10264102565623025
Pomarine_Jaeger_0042_795755.jpg,0.5655016208167852,0.34488190104130945,0.21231445488170364
Pomarine_Jaeger_0027_795767.jpg,0.45583302768546585,0.011759147674317738,-0.5121454445377273
Pomarine_Jaeger_0056_795770.jpg,0.4722848256557197,0.03032171897497271,0.3007410816326462
Pomarine_Jaeger_0021_795776.jpg,0.5322211516197479,0.24345049879364422,-0.13626011428345708
Pomarine_Jaeger_0011_795777.jpg,0.5119221635815742,0.1839458398881777,0.22633389085925165
Pomarine_Jaeger_0017_795782.jpg,0.42138964480042573,-0.0749383179604628,-0.1497912420516151
Pomarine_Jaeger_0054_795791.jpg,0.5335516574282309,0.23841900271618632,0.0014429942003971975
Pomarine_Jaeger_0053_795792.jpg,0.39789359362102084,-0.15928232138489196,-0.6138592002306977
Pomarine_Jaeger_0049_795795.jpg,0.6323923207503587,0.5067781225871688,-0.09570658306293464
Pomarine_Jaeger_0028_795797.jpg,0.48340774791706753,0.09772568880900145,-0.19733259073433307
Pomarine_Jaeger_0014_61335.jpg,0.5471541717332362,0.26545533711715696,0.18466200309650618
Pomarine_Jaeger_0073_795800.jpg,0.5015896948752239,0.1477732802044458,0.3883616616130991
Pomarine_Jaeger_0059_61347.jpg,0.4874519487329563,0.08227491517113605,0.09393316162196795
Pomarine_Jaeger_0062_61351.jpg,0.49066244155729255,0.11498307302878352,-0.016061622499970903
Pomarine_Jaeger_0002_61361.jpg,0.4943250639152277,0.10079122025656673,0.070265796681679
Pomarine_Jaeger_0029_61365.jpg,0.44329372087460517,-0.032967291315052494,-0.1145736259118197
Pomarine_Jaeger_0069_61381.jpg,0.5088001304453531,0.1497054436566898,-0.23006020534632113
Pomarine_Jaeger_0063_61406.jpg,0.35607425258724945,-0.31845759942671026,0.025750716517421543
Pomarine_Jaeger_0015_61429.jpg,0.5429688918040847,0.2801552499094194,0.0790515494464801
Pomarine_Jaeger_0023_61431.jpg,0.37901843983061767,-0.2263138348858078,-0.25715654735335586
Blue_Jay_0033_62024.jpg,0.3709254953680706,-0.2652645075224751,-0.20278941934191846
Blue_Jay_0006_63504.jpg,0.4198080599769941,-0.14584687062639778,-0.5073503761342485
Blue_Jay_0081_61714.jpg,0.3850043069753947,-0.2219397079496812,-0.18169894109141208
Blue_Jay_0053_62744.jpg,0.42234950520662085,-0.08025350939205289,-0.5314333221293636
Blue_Jay_0056_61723.jpg,0.5170349013379809,0.18020634691053983,-0.015589075293332137
Blue_Jay_0088_63264.jpg,0.4984100334156023,0.11825349233804294,0.4895161218819768
Blue_Jay_0044_62759.jpg,0.4360834915913384,-0.048923998240901545,-0.4077959069491108
Blue_Jay_0083_61492.jpg,0.4495389397896624,0.025782257750167736,-0.5115110044261905
Blue_Jay_0012_63753.jpg,0.504103363855714,0.18636083458310293,-0.22686757816042807
Blue_Jay_0082_62524.jpg,0.5649298731283823,0.3233171213228353,-0.07023124702129391
Blue_Jay_0055_61507.jpg,0.5438284534177872,0.2798647381645515,-0.1862664202228571
Blue_Jay_0096_63330.jpg,0.41349806431019653,-0.1261501808274763,0.033038487246388054
Blue_Jay_0068_61543.jpg,0.46544334548146693,0.05649699457596691,0.5325322066311788
Blue_Jay_0060_62570.jpg,0.4252667367221077,-0.06412877411071993,-0.36833910029456945
Blue_Jay_0028_63599.jpg,0.33667531022193653,-0.38631502337100176,-0.37448363033616616
Blue_Jay_0020_63604.jpg,0.3726589455332948,-0.24966011391334586,-0.4709902157076055
Blue_Jay_0036_61560.jpg,0.40362131575957116,-0.14052538811220083,-0.17872306150639208
Blue_Jay_0062_62585.jpg,0.4263531468829542,-0.06956658498450463,-0.35884248749627295
Blue_Jay_0049_63082.jpg,0.4292288339670739,-0.0638769165921711,-0.2814973204190771
Blue_Jay_0031_62913.jpg,0.44372215464984965,-0.008550993350626701,-0.365394180416173
Blue_Jay_0079_62626.jpg,0.49216554017073755,0.15688720382498056,-0.28719420743895524
Blue_Jay_0011_63660.jpg,0.46743784323694626,0.06827748768087871,-0.30858111688996376
Blue_Jay_0101_62882.jpg,0.49229594738964466,0.13496859565091124,0.4307061617814521
Blue_Jay_0092_61654.jpg,0.4106449618093222,-0.11388215463515317,-0.33322523135040927
Blue_Jay_0076_61817.jpg,0.40217249435607905,-0.14515987370870742,-0.35245289385113926
Blue_Jay_0018_63455.jpg,0.42935904150825754,-0.0761380731170247,-0.2525260916945697
Blue_Jay_0072_62944.jpg,0.381822069302162,-0.22468937838377112,0.3870830087029533
Blue_Jay_0094_62698.jpg,0.41370621917918293,-0.10120548945458929,-0.3012152559091077
Blue_Jay_0029_62199.jpg,0.4784452216343684,0.10522039248657744,-0.07809023649950443
Blue_Jay_0050_62974.jpg,0.41668207252334233,-0.09536827677659909,-0.36020582703641435
Florida_Jay_0105_64522.jpg,0.4710728189967148,0.06681897803126435,0.18720337265740425
Florida_Jay_0004_65042.jpg,0.43539476571944646,-0.057697224794667434,0.27146498307215033
Florida_Jay_0086_65025.jpg,0.48064792849532423,0.07971840490571103,0.3054684419449719
Florida_Jay_0103_64537.jpg,0.4294008563114492,-0.06211727276483847,0.20847201531812987
Florida_Jay_0016_65051.jpg,0.4445082338456341,0.0031600017995875307,0.46526194793648007
Florida_Jay_0061_65097.jpg,0.4312907144187873,-0.0690437190658475,-0.2978867343302698
Florida_Jay_0083_64599.jpg,0.5520395029539545,0.3312806802916206,0.059965203361256256
Florida_Jay_0110_64605.jpg,0.46196088950691716,0.01662518982915595,0.2027735047290845
Florida_Jay_0012_64887.jpg,0.4532413200772176,-0.006772145550259623,0.16952904848256897
Florida_Jay_0052_64633.jpg,0.478160839798652,0.0858137213860437,-0.1895853582556547
Florida_Jay_0100_64645.jpg,0.4751406662251909,0.061393390114428015,0.2258173720156187
Florida_Jay_0097_64906.jpg,0.4636938948421999,0.05859722876933393,-0.14243290081060758
Florida_Jay_0011_64920.jpg,0.4584908373722615,0.04904333963872365,0.3362422270843603
Florida_Jay_0044_64664.jpg,0.4706362799581879,0.08816491696376128,0.157212641321869
Florida_Jay_0026_64938.jpg,0.42165287561132725,-0.10303049410470866,0.17336007323224073
Florida_Jay_0005_64940.jpg,0.4554881766737494,0.01858299290760823,0.21888430680631782
Florida_Jay_0027_64689.jpg,0.45735108781386824,0.020298591706396252,0.12074931448890709
Florida_Jay_0078_64692.jpg,0.49047633999247686,0.1151257577513144,-0.08271532356678474
Florida_Jay_0013_64706.jpg,0.4461676516917783,-0.031440013455338534,0.40197501396959473
Florida_Jay_0007_64708.jpg,0.4452867463943436,-0.039839762808561385,0.05866502155756062
Florida_Jay_0009_64723.jpg,0.41526783636295794,-0.14270594529201985,-0.10512058591180315
Florida_Jay_0080_64505.jpg,0.4179141464968531,-0.09301716865190035,0.24737349081197033
Florida_Jay_0041_64734.jpg,0.47295301406516177,0.051628576352350075,-0.017389683182454915
Florida_Jay_0099_64735.jpg,0.44278836183686665,-0.030480740344288382,0.06490422453617158
Florida_Jay_0065_64739.jpg,0.39925955522926115,-0.20804709745525218,0.10082705569453779
Florida_Jay_0062_64996.jpg,0.5044854213281748,0.16658442960637843,0.2329986701813616
Florida_Jay_0058_64997.jpg,0.4240467673079854,-0.09915112135605897,0.37195454896948105
Florida_Jay_0046_64488.jpg,0.5125661273238786,0.2222407405107798,-0.05358471604432108
Florida_Jay_0073_64896.jpg,0.4971464442304868,0.1392704099835791,0.23273433648236352
Florida_Jay_0017_65017.jpg,0.4973771307910999,0.17778018160021714,-0.004441855251389414
Green_Jay_0041_65548.jpg,0.5334661538125984,0.26496370246091316,0.11792410561704617
Green_Jay_0064_65552.jpg,0.4733752254880701,0.03486585405547593,0.06638437068841731
Green_Jay_0089_66075.jpg,0.4559945797153703,-0.009531902625425692,0.25652785367672426
Green_Jay_0059_65586.jpg,0.4795599625821124,0.09773112377158999,0.49428667420894956
Green_Jay_0126_65716.jpg,0.4148364976092662,-0.14425748294053586,0.6176745692743328
Green_Jay_0029_65637.jpg,0.4687663939742046,0.0817775891931779,0.39037008259222056
Green_Jay_0052_66174.jpg,0.37531279651305893,-0.2508609312029191,0.40195546830396184
Green_Jay_0038_65702.jpg,0.5419049672479856,0.24746235956353524,0.4243424155163515
Green_Jay_0028_65719.jpg,0.39495000257814084,-0.16552933992256147,0.3868450686310904
Green_Jay_0077_65736.jpg,0.4220344474557941,-0.13555871145654375,0.14493724053850765
Green_Jay_0118_66251.jpg,0.6041821746360592,0.46407846397183505,0.29712662161681874
Green_Jay_0042_65740.jpg,0.5328493108326592,0.2594836025815198,0.29009408184083857
Green_Jay_0115_65745.jpg,0.4815805954133424,0.08197555669826306,0.29700043835711415
Green_Jay_0047_65757.jpg,0.44096921189593696,-0.042534753520445445,0.4048298406702888
Green_Jay_0027_65783.jpg,0.5284494308133159,0.2228373011621244,0.48454409183451336
Green_Jay_0106_65811.jpg,0.4628945338989623,0.006628548781276167,0.0973436717138941
Green_Jay_0030_65824.jpg,0.4711922941163941,0.08177605281041112,0.15678140036429483
Green_Jay_0124_65848.jpg,0.5358615451060273,0.25999263602446543,0.5553928215401454
Green_Jay_0098_65857.jpg,0.4142950131699883,-0.11783336672966072,0.33572638363124996
Green_Jay_0092_65884.jpg,0.5093489082068998,0.17974341654771264,0.22575052910752877
Green_Jay_0130_65885.jpg,0.4726236814763235,0.035040070803009304,0.3421007241089404
Green_Jay_0132_65886.jpg,0.4401554692162527,-0.035298383226438856,0.353353958619495
Green_Jay_0074_65889.jpg,0.5057590295718889,0.1427120532736581,0.285571469571222
Green_Jay_0090_65895.jpg,0.4995556536696143,0.13878218820664368,0.48714926832676986
Green_Jay_0104_65908.jpg,0.4710684209744489,0.09661000007254261,0.4766080208748073
Green_Jay_0063_65925.jpg,0.4931428867822325,0.10496409923567807,0.5965747825577546
Green_Jay_0011_65947.jpg,0.6292154900755687,0.5284355895648765,0.3264618713428749
Dark_Eyed_Junco_0015_66576.jpg,0.4546870938734552,0.011696449288826072,-0.05406295274748899
Dark_Eyed_Junco_0057_68650.jpg,0.4714479354700608,0.06483944383113138,0.18965079014429292
Dark_Eyed_Junco_0106_68139.jpg,0.4142251570665628,-0.12325139849603128,0.3394205661690091
Dark_Eyed_Junco_0023_68661.jpg,0.3781041249262086,-0.2543903651353756,0.2920052677974646
Dark_Eyed_Junco_0124_67664.jpg,0.46833899054339445,0.07431695840925656,0.02438909149294136
Dark_Eyed_Junco_0010_66649.jpg,0.40775317303602976,-0.14166096661377936,0.3228101958685525
Dark_Eyed_Junco_0017_67676.jpg,0.4430342324160884,-0.03912552590376661,0.3924830056309537
Dark_Eyed_Junco_0063_67688.jpg,0.4552381377706458,-0.001491747493786999,0.130170598700104
Dark_Eyed_Junco_0044_68213.jpg,0.46104902298896044,0.0028030615911466272,-0.033296370708302166
Dark_Eyed_Junco_0040_66689.jpg,0.41528550007330234,-0.13271180329150933,0.29707374973133543
Dark_Eyed_Junco_0016_68738.jpg,0.4949492914458664,0.09711877635889887,-0.2699144656893615
Dark_Eyed_Junco_0058_68784.jpg,0.5256402497500885,0.21941577616203234,0.177604881233522
Dark_Eyed_Junco_0014_66258.jpg,0.4701331177409096,0.035151769891861084,-0.0272873318577811
Dark_Eyed_Junco_0021_66261.jpg,0.5134757028297313,0.1746612421820194,0.09764687544408016
Dark_Eyed_Junco_0031_66785.jpg,0.45802917496013695,0.015521547206625352,-0.26803854030144697
Dark_Eyed_Junco_0011_66280.jpg,0.46131802382452614,0.0347299128290135,0.4045690850915284
Dark_Eyed_Junco_0104_67820.jpg,0.5342418609581658,0.2716571271602327,-0.2611901485380978
Dark_Eyed_Junco_0059_66305.jpg,0.3555401881342818,-0.3227693029875094,-0.18864026756637273
Dark_Eyed_Junco_0093_67335.jpg,0.3601253785167965,-0.3064596515845781,0.1453417645457591
Dark_Eyed_Junco_0037_66321.jpg,0.5961862076173683,0.43428125574066956,0.01746593758956978
Dark_Eyed_Junco_0078_66866.jpg,0.4883711004904928,0.08209031465569228,0.1429730786540713
Dark_Eyed_Junco_0069_68416.jpg,0.3831518614477004,-0.2527093033575778,-0.19028850819118082
Dark_Eyed_Junco_0102_67402.jpg,0.49918911481930583,0.12186480125458221,0.242451226262914
Dark_Eyed_Junco_0024_68961.jpg,0.4644166829744799,0.04455752335786878,-0.17411713986242364
Dark_Eyed_Junco_0131_66423.jpg,0.39364900826113547,-0.20374038573805375,-0.5155116356229243
Dark_Eyed_Junco_0114_67964.jpg,0.45779779820036526,-0.008501598119568188,0.45876331134950565
Dark_Eyed_Junco_0083_66449.jpg,0.5038624892357508,0.15428651130511284,0.19837982295959558
Dark_Eyed_Junco_0041_66464.jpg,0.5698696242226466,0.34269614091130773,0.2884798407087207
Dark_Eyed_Junco_0105_66479.jpg,0.4322570366461377,-0.08747213188307867,-0.26720357461490046
Dark_Eyed_Junco_0111_66488.jpg,0.4292021357483108,-0.06380520581452287,0.4108814883018474
Tropical_Kingbird_0019_69643.jpg,0.3910530769088192,-0.19532351164589512,0.05566909216059212
Tropical_Kingbird_0068_69397.jpg,0.4238184508571211,-0.07189897682362556,-0.16077311142658057
Tropical_Kingbird_0073_69401.jpg,0.42112229243729105,-0.09179264782512941,-0.01670063576509999
Tropical_Kingbird_0006_69521.jpg,0.4033839751399969,-0.15025304254673277,0.5129975801295199
Tropical_Kingbird_0005_69662.jpg,0.5130738322765878,0.18612162491371287,0.348103623584768
Tropical_Kingbird_0002_69595.jpg,0.44143450209385193,-0.048438286669406416,-0.030733850098764715
Tropical_Kingbird_0036_69939.jpg,0.45928812276172315,0.023189381202325943,0.6224596521508778
Tropical_Kingbird_0045_69605.jpg,0.4177465004410813,-0.11812318112494147,-0.25913925891918355
Tropical_Kingbird_0114_69700.jpg,0.3666228620083427,-0.2812487692410368,0.4145835378698782
Tropical_Kingbird_0038_69455.jpg,0.481518486329914,0.11776925365016266,0.24862663993419748
Tropical_Kingbird_0047_69719.jpg,0.4285707593603242,-0.054557482962606096,0.3920547142068152
Tropical_Kingbird_0075_69978.jpg,0.4702502985995408,0.06449499972381312,0.41283646363849946
Tropical_Kingbird_0040_69728.jpg,0.4825795248591155,0.06916748976723641,0.4049583679092182
Tropical_Kingbird_0110_69731.jpg,0.3987773040644115,-0.19855467927512604,0.34475588523567474
Tropical_Kingbird_0027_69735.jpg,0.3165483796786851,-0.4677027995269605,-0.16889539922338556
Tropical_Kingbird_0095_69482.jpg,0.4205451059887739,-0.10637024332893619,-0.03640328131151526
Tropical_Kingbird_0052_69739.jpg,0.4091021557544794,-0.11434212479217987,0.595204876359509
Tropical_Kingbird_0115_69485.jpg,0.46295273643216606,0.040398306805954576,0.4362278724030473
Tropical_Kingbird_0022_69742.jpg,0.4470538600563314,-0.014612365290098017,0.5101837069355856
Tropical_Kingbird_0034_69242.jpg,0.4085216263440278,-0.11818988866389812,0.41537295102021815
Tropical_Kingbird_0039_69253.jpg,0.3702626528499712,-0.27248027751514403,0.23854529853971262
Tropical_Kingbird_0067_69792.jpg,0.5478455659357262,0.28667263016642297,0.5527887450290256
Tropical_Kingbird_0084_69312.jpg,0.40712197518082693,-0.12782768557466695,0.493761606699294
Tropical_Kingbird_0066_69320.jpg,0.42276699397861106,-0.09042485980999104,0.41524876261893573
Tropical_Kingbird_0024_69582.jpg,0.4078134143114758,-0.12770799758475748,0.45553619145469093
Tropical_Kingbird_0088_69856.jpg,0.36611636792887714,-0.2767234056461285,0.24504925291155166
Tropical_Kingbird_0051_69609.jpg,0.4213378288930063,-0.0937838788739691,0.09461793178738916
Tropical_Kingbird_0043_69613.jpg,0.4041997628656028,-0.13591455563177357,0.39869719210376314
Tropical_Kingbird_0079_69371.jpg,0.43731509039720884,-0.032851661825742395,0.5771537756951817
Tropical_Kingbird_0063_69589.jpg,0.4387143268441175,-0.07921054576879305,0.5444677779050483
Gray_Kingbird_0056_70156.jpg,0.43378588080368696,-0.059474009154472984,-0.17261312389513964
Gray_Kingbird_0017_70161.jpg,0.39423931400121925,-0.18656115406234708,0.17070115697235008
Gray_Kingbird_0053_70166.jpg,0.5008829270019899,0.1597603715086494,0.026151714972919106
Gray_Kingbird_0084_70171.jpg,0.5072114451596726,0.14908484796800747,0.10636934836946745
Gray_Kingbird_0036_70184.jpg,0.5005889750366861,0.16694510217392933,-0.06862019339028345
Gray_Kingbird_0075_70188.jpg,0.4182155172757107,-0.10076289056890331,0.2626805018715589
Gray_Kingbird_0077_70191.jpg,0.4674721507074894,0.037512569142553964,0.07598959961275513
Gray_Kingbird_0001_70224.jpg,0.4039677896801934,-0.16702929400784372,0.41932134732253007
Gray_Kingbird_0014_70227.jpg,0.377821764242982,-0.23671901983010302,0.37769363065942985
Gray_Kingbird_0021_70228.jpg,0.5096646428916328,0.1657898270596656,0.007831055642711129
Gray_Kingbird_0049_795022.jpg,0.40477961764701986,-0.14161444834995618,0.35000472913334074
Gray_Kingbird_0054_70264.jpg,0.5104693602026817,0.19172081243700112,-0.09688471181003143
Gray_Kingbird_0081_70276.jpg,0.47260263439501404,0.05944476372623486,0.44767743824109996
Gray_Kingbird_0019_795013.jpg,0.44919677836522687,0.01043578834754133,0.3996855101439428
Gray_Kingbird_0082_795014.jpg,0.4400652464596809,-0.042066585133221146,0.2011495506072117
Gray_Kingbird_0029_795015.jpg,0.4591987924589209,0.057301866846700245,0.32247695710649216
Gray_Kingbird_0055_70290.jpg,0.3983690075348135,-0.16808754198149622,0.3785849109301789
Gray_Kingbird_0004_70293.jpg,0.44588529124732146,-0.03927515549448857,-0.06544340244463047
Gray_Kingbird_0043_795032.jpg,0.42046235857854786,-0.09931368302325327,0.2395877183065186
Gray_Kingbird_0070_70051.jpg,0.3930082813894594,-0.17071737293524736,0.40034746683205163
Gray_Kingbird_0031_70308.jpg,0.45868535827714274,-0.014821807513225593,-0.3786540761196684
Gray_Kingbird_0010_70057.jpg,0.4612783398781506,0.02263400673374616,-0.06649382936119463
Gray_Kingbird_0044_70322.jpg,0.46698562648321795,0.006725381150119447,0.2877221820304438
Gray_Kingbird_0034_70069.jpg,0.5066142024210529,0.19392998325328148,-0.1085888041709077
Gray_Kingbird_0076_70070.jpg,0.48907442938603785,0.11594890659542811,0.04183287764512998
Gray_Kingbird_0013_70135.jpg,0.38357114253062097,-0.228431860391328,-0.18386240630606773
Gray_Kingbird_0005_70103.jpg,0.45501497718485007,-0.03150226937691403,0.18379282758276913
Gray_Kingbird_0032_70111.jpg,0.4996060508208988,0.17133090922141192,0.12851141664936575
Gray_Kingbird_0051_70139.jpg,0.4796179439898075,0.07595867421182989,-0.05511070306515265
Belted_Kingfisher_0008_70668.jpg,0.38449765689097226,-0.2616419769034757,-0.1598904971909757
Belted_Kingfisher_0094_70698.jpg,0.4405503167724144,-0.030120642231817873,-0.31155237830199667
Belted_Kingfisher_0019_70744.jpg,0.4132422465205282,-0.1047356431849642,-0.046642546122328786
Belted_Kingfisher_0025_70501.jpg,0.3961673704713342,-0.19500416330409065,-0.18897193610338017
Belted_Kingfisher_0057_70582.jpg,0.456570689790331,-0.021794835112408206,0.13070497453679222
Belted_Kingfisher_0079_70524.jpg,0.38830315450675845,-0.22329010193159116,-0.4978279265607496
Belted_Kingfisher_0009_70536.jpg,0.3420700686567153,-0.3665320990369956,-0.15426741592805876
Belted_Kingfisher_0104_70596.jpg,0.4426030671165151,-0.03635246453084884,-0.10554364095830099
Belted_Kingfisher_0108_70554.jpg,0.4197532155505247,-0.14205647023474133,0.5142332385401247
Belted_Kingfisher_0065_70560.jpg,0.34977401658475227,-0.3559983855476987,-0.01456929752429692
Belted_Kingfisher_0086_70569.jpg,0.4490078062002193,0.00292172054461759,-0.3163664040758486
Belted_Kingfisher_0032_70573.jpg,0.3793513124206974,-0.26606175373728425,0.14566259396827827
Belted_Kingfisher_0063_70835.jpg,0.41626264258800405,-0.12805396553232606,-0.006785304478309182
Belted_Kingfisher_0012_70325.jpg,0.5076113938260812,0.17849210733694365,-0.09966213154579091
Belted_Kingfisher_0071_70584.jpg,0.4013262259536582,-0.20276623720226605,-0.49026855935380403
Belted_Kingfisher_0034_70329.jpg,0.36613594477511835,-0.31661571452772397,-0.1272044071267416
Belted_Kingfisher_0058_70848.jpg,0.4413715075575254,-0.009562447540111263,-0.2072794986737715
Belted_Kingfisher_0017_70342.jpg,0.3472243580945297,-0.36411474267092214,-0.08230915067037302
Belted_Kingfisher_0096_70347.jpg,0.4018476305561943,-0.16214069554572386,-0.334840327296754
Belted_Kingfisher_0066_70356.jpg,0.45676889117586894,0.005093670732034927,0.23560770482553767
Belted_Kingfisher_0028_70358.jpg,0.49468379224773396,0.13210214112740848,0.22078706511019675
Belted_Kingfisher_0093_70360.jpg,0.4075704841397009,-0.16193180928027884,0.35588538763850647
Belted_Kingfisher_0077_70620.jpg,0.41071209646845264,-0.14012068305002545,-0.027922354042491403
Belted_Kingfisher_0078_70366.jpg,0.3568168287716531,-0.32542286378865715,-0.27758363467566155
Belted_Kingfisher_0006_70625.jpg,0.4240900634883287,-0.10013297861480641,-0.5203938630507199
Belted_Kingfisher_0107_70883.jpg,0.38021387896373116,-0.25223521479969646,0.2819971948997317
Belted_Kingfisher_0112_70634.jpg,0.4028621457983471,-0.1844230303939094,0.2878374546352269
Belted_Kingfisher_0015_70638.jpg,0.441987741774011,-0.07550488758173657,0.27302395350368874
Belted_Kingfisher_0027_70397.jpg,0.44974964717720356,-0.023543471194387378,0.06585720817485437
Belted_Kingfisher_0014_70910.jpg,0.3959134259824836,-0.18253700581837062,0.06500397854488545
Green_Kingfisher_0046_71178.jpg,0.4393660841772429,-0.013702819456127946,0.5031338171198185
Green_Kingfisher_0093_71185.jpg,0.40489627929119165,-0.16922461970351077,0.27796618960041797
Green_Kingfisher_0060_66074.jpg,0.34395649866270417,-0.37246261197838004,-0.11669167403978105
Green_Kingfisher_0043_71212.jpg,0.33941592689668343,-0.3813534308697646,0.5619257861836529
Green_Kingfisher_0017_70957.jpg,0.410794801933144,-0.14142272386975985,0.666200826575502
Green_Kingfisher_0074_71214.jpg,0.451914121735268,-0.02272764242545433,-0.24626377062991173
Green_Kingfisher_0003_70970.jpg,0.40748945977021855,-0.1353380386118268,0.42100190246410935
Green_Kingfisher_0028_70981.jpg,0.42191657913269953,-0.10863812707104858,0.30414453020880355
Green_Kingfisher_0057_71096.jpg,0.3902039416498554,-0.18321223057358016,0.545613121500155
Green_Kingfisher_0021_71009.jpg,0.351328472816692,-0.3438451661375217,-0.04413244256917813
Green_Kingfisher_0079_71267.jpg,0.3586834744435594,-0.3102726917163954,0.32869559774908913
Green_Kingfisher_0026_71059.jpg,0.37184597315014045,-0.25020692541234,0.3317220517994873
Green_Kingfisher_0092_71106.jpg,0.43910030605482453,-0.033182992278258716,-0.2993344678761277
Green_Kingfisher_0013_71293.jpg,0.343641975245205,-0.36097361315681575,0.384035055088046
Green_Kingfisher_0009_70933.jpg,0.3853565626613785,-0.23527479498126636,0.301124945612046
Green_Kingfisher_0006_71297.jpg,0.3576316290777992,-0.3137078772469788,0.4184437352755834
Green_Kingfisher_0015_71042.jpg,0.4663608639330612,0.05352984588330756,0.3567172527311888
Green_Kingfisher_0002_71055.jpg,0.4671963962039486,0.03662280865322276,0.5396429351594595
Green_Kingfisher_0053_71319.jpg,0.4096316980971434,-0.16639804381469925,-0.20995325749689953
Green_Kingfisher_0045_71064.jpg,0.39964863812959484,-0.15789655287816728,0.34727929627113685
Green_Kingfisher_0089_71325.jpg,0.34597124474419594,-0.3524733601286989,0.46069316562304335
Green_Kingfisher_0034_71075.jpg,0.3321761843813792,-0.3967908400412885,0.17260472902887677
Green_Kingfisher_0088_71122.jpg,0.3940187391296527,-0.2115595270306374,0.45352869464714246
Green_Kingfisher_0077_71129.jpg,0.5200686346476509,0.23555862708538955,0.3111306960284101
Green_Kingfisher_0070_71387.jpg,0.37574087145256696,-0.2356478625785834,0.5789004418528564
Green_Kingfisher_0035_71133.jpg,0.4199356096678144,-0.0926596061091216,-0.36041269000965337
Green_Kingfisher_0001_71138.jpg,0.4573988804831881,-0.006317198737617158,-0.032732619348036555
Green_Kingfisher_0039_71037.jpg,0.33938232264113877,-0.37737537112066843,0.26023112445298213
Green_Kingfisher_0036_71156.jpg,0.3644873058298981,-0.2828353551195866,0.22391845702971644
Green_Kingfisher_0007_71163.jpg,0.3333850992651862,-0.39145340627900715,-0.005484221698915123
Pied_Kingfisher_0132_72706.jpg,0.43885140639524733,-0.04260772828052506,-0.1420881626461295
Pied_Kingfisher_0002_71698.jpg,0.42545452180552046,-0.07023264328166023,0.49881377722652614
Pied_Kingfisher_0028_72221.jpg,0.44651754835066737,0.014261969078174563,0.3407938912303354
Pied_Kingfisher_0053_72761.jpg,0.49626461879204964,0.11739303275935098,-0.20279937224837463
Pied_Kingfisher_0036_72275.jpg,0.33778578171617735,-0.38843156647962673,-0.564244260490829
Pied_Kingfisher_0068_72278.jpg,0.36690348860858435,-0.2652222170691978,0.6224852033979754
Pied_Kingfisher_0054_72296.jpg,0.4366434094714241,-0.04388026241232956,-0.26507158373870415
Pied_Kingfisher_0015_72299.jpg,0.4018363613780148,-0.19853104614242723,0.029313396371045918
Pied_Kingfisher_0032_71792.jpg,0.4458837984073749,-0.03900714819237394,0.509292731120745
Pied_Kingfisher_0031_71829.jpg,0.455332566580543,-0.012647971757417498,0.36814030712201584
Pied_Kingfisher_0102_72349.jpg,0.42791589861533297,-0.05235507028577935,0.2194458319261964
Pied_Kingfisher_0065_71871.jpg,0.44293006298344595,-0.04608773750052397,0.379713559861067
Pied_Kingfisher_0047_72401.jpg,0.3894412492210033,-0.19119448182671395,0.283273216365823
Pied_Kingfisher_0097_71895.jpg,0.408690293986545,-0.12040036588448788,0.16258909063521998
Pied_Kingfisher_0116_71900.jpg,0.3767240341441713,-0.23892170638641175,-0.008128769534098365
Pied_Kingfisher_0027_71434.jpg,0.4331937676140817,-0.0966969277282741,0.06325684045106426
Pied_Kingfisher_0117_71947.jpg,0.4819626124252502,0.11208944492549999,0.5883859649194776
Pied_Kingfisher_0025_72469.jpg,0.3937202110573941,-0.18641876997850448,0.3214571198056932
Pied_Kingfisher_0059_72492.jpg,0.35125176506293077,-0.35375573446925856,0.005972574274975962
Pied_Kingfisher_0078_71985.jpg,0.43829658900317037,-0.03807200699322011,0.3727646878434295
Pied_Kingfisher_0021_72498.jpg,0.406820931002971,-0.1757858407423949,-0.09524449876780004
Pied_Kingfisher_0095_72008.jpg,0.4194502847974244,-0.10784032298526669,0.43387619249247245
Pied_Kingfisher_0030_72603.jpg,0.4624676600959198,0.03349888663785239,0.3721092194937698
Pied_Kingfisher_0013_72114.jpg,0.3517883810608995,-0.34707383358761024,-0.21861607216151738
Pied_Kingfisher_0118_72115.jpg,0.5709912789138876,0.35337249472518395,0.48566485258542236
Pied_Kingfisher_0004_72135.jpg,0.4035619514489692,-0.13837509401947368,0.19422523936900307
Pied_Kingfisher_0067_71641.jpg,0.41117528498904865,-0.10982424469419994,-0.121845963609552
Pied_Kingfisher_0045_71143.jpg,0.42206391589097136,-0.12413508896434489,-0.24707044071024262
Pied_Kingfisher_0018_71657.jpg,0.4425640321704214,-0.01786344215716107,0.12351326937450707
Pied_Kingfisher_0085_71557.jpg,0.3570870177321439,-0.3057041005036387,0.3130023277458996
Ringed_Kingfisher_0079_72961.jpg,0.3885814825288927,-0.21055209733179026,-0.5361258240271667
Ringed_Kingfisher_0012_72974.jpg,0.4119411911710311,-0.16236499101452395,-0.10594915140472702
Ringed_Kingfisher_0033_73133.jpg,0.3373801456879002,-0.3918082079240963,-0.03225391172641034
Ringed_Kingfisher_0107_72983.jpg,0.4274336300172944,-0.10392510694007218,-0.4192222098185892
Ringed_Kingfisher_0075_73135.jpg,0.4898318315690069,0.10527289020366637,-0.4091839960470818
Ringed_Kingfisher_0003_72994.jpg,0.4343929157025267,-0.05984937583909922,-0.3139411429258562
Ringed_Kingfisher_0051_72997.jpg,0.45675770596719223,-0.017993282429430213,-0.22741382425189918
Ringed_Kingfisher_0035_73012.jpg,0.3684551708679654,-0.2764212822679204,0.17836197929566272
Ringed_Kingfisher_0038_73041.jpg,0.5168534983484533,0.17591731875558803,-0.3839476381250113
Ringed_Kingfisher_0009_72786.jpg,0.4480039738007221,-0.021534192165702626,-0.04686592655290076
Ringed_Kingfisher_0001_73048.jpg,0.4454827332076764,-0.050082542777788897,-0.5352155843222355
Ringed_Kingfisher_0087_72794.jpg,0.4899455317988093,0.11842020803607312,0.17399028664501964
Ringed_Kingfisher_0025_72795.jpg,0.5337084692115686,0.24961514611659363,-0.26485176274996586
Ringed_Kingfisher_0083_73053.jpg,0.3276112754519215,-0.4259981738169727,-0.33284503355658496
Ringed_Kingfisher_0078_72826.jpg,0.4512098774052894,-0.014274088814060892,0.1004350782126919
Ringed_Kingfisher_0005_73086.jpg,0.427981187706453,-0.09163148420516087,-0.245329426073109
Ringed_Kingfisher_0091_72839.jpg,0.49593470380549787,0.14409758640353,-0.5062229820410801
Ringed_Kingfisher_0040_72852.jpg,0.4172472500186908,-0.1276605980846257,-0.34273425618406816
Ringed_Kingfisher_0073_73118.jpg,0.4204696544649307,-0.12143728881954408,0.03377050235636243
Ringed_Kingfisher_0074_73130.jpg,0.4170120934089163,-0.09215734766951988,-0.3158290705707813
Ringed_Kingfisher_0060_73132.jpg,0.49694898524608067,0.1214569099028282,-0.12863981153348852
Ringed_Kingfisher_0043_72877.jpg,0.5146970219085114,0.16701442889232654,0.4886682010835677
Ringed_Kingfisher_0020_72888.jpg,0.4568478726741311,0.01632224476164712,-0.18327772349443347
Ringed_Kingfisher_0023_72910.jpg,0.43254596854687843,-0.09313730629110961,-0.0829454115619642
Ringed_Kingfisher_0101_72919.jpg,0.37608920102526977,-0.2789618595749288,-0.13088562018139854
Ringed_Kingfisher_0080_72923.jpg,0.42298505304614986,-0.13244727022776037,-0.3608934427519643
Ringed_Kingfisher_0102_72941.jpg,0.31820478146473963,-0.4528227513268419,-0.4064689289050736
Ringed_Kingfisher_0089_72947.jpg,0.4925113399754564,0.08775902717071249,-0.3068770886282425
Ringed_Kingfisher_0072_72954.jpg,0.46961640058764575,0.03141045984031143,0.4105191121336745
Ringed_Kingfisher_0018_72957.jpg,0.42872987201871415,-0.08518740984353568,-0.003331829316419235
White_Breasted_Kingfisher_0037_73220.jpg,0.4981400951621576,0.15258394255824637,0.15150299076605048
White_Breasted_Kingfisher_0098_73227.jpg,0.5024303482906466,0.15113760492883832,0.40009620100941584
White_Breasted_Kingfisher_0004_73741.jpg,0.5653121917326459,0.3641220064413071,0.5952348563636332
White_Breasted_Kingfisher_0023_73230.jpg,0.6777332049334419,0.6449118909706022,0.1032800382349488
White_Breasted_Kingfisher_0029_73233.jpg,0.43894231848812737,-0.03738105666296021,0.3088040296092787
White_Breasted_Kingfisher_0071_73236.jpg,0.47760289523612565,0.09268518579769935,0.19875135326906168
White_Breasted_Kingfisher_0073_73498.jpg,0.4163367575386019,-0.09462153114856209,0.5627958167212548
White_Breasted_Kingfisher_0047_73251.jpg,0.38556693533371766,-0.2086495292540338,0.5905604547995261
White_Breasted_Kingfisher_0101_73261.jpg,0.3588346343197466,-0.3300197956380495,0.26054331720417007
White_Breasted_Kingfisher_0040_73266.jpg,0.49721268824903564,0.14149787352762533,0.6165818823753684
White_Breasted_Kingfisher_0048_73292.jpg,0.40175613050500714,-0.1798710577299827,0.43748014228721677
White_Breasted_Kingfisher_0116_73295.jpg,0.440961925783117,-0.016337917066124197,0.4150127588669588
White_Breasted_Kingfisher_0096_73552.jpg,0.43412820553279485,-0.05629114800231361,0.49280182045540816
White_Breasted_Kingfisher_0067_73300.jpg,0.4154193037865518,-0.11802477059268468,0.4270939056572101
White_Breasted_Kingfisher_0019_73306.jpg,0.44586612646654655,-0.03398133394958336,0.1942652344634237
White_Breasted_Kingfisher_0030_73335.jpg,0.43688829282910546,-0.07222564823986977,0.6299608471405297
White_Breasted_Kingfisher_0003_73195.jpg,0.5301147493871219,0.2227105151050427,-0.21455224905856393
White_Breasted_Kingfisher_0045_73600.jpg,0.5004664361080562,0.17136772194307315,0.055569333803267305
White_Breasted_Kingfisher_0017_73355.jpg,0.4560952253163608,-0.006123616860087555,-0.002328012137178035
White_Breasted_Kingfisher_0063_73365.jpg,0.500332436117312,0.1791370483475755,0.4320905989660538
White_Breasted_Kingfisher_0012_73367.jpg,0.48494136015561207,0.1207346669746312,0.38620815984560425
White_Breasted_Kingfisher_0111_73369.jpg,0.34880976929314855,-0.3508121886572464,0.36684702790789137
White_Breasted_Kingfisher_0089_73371.jpg,0.4128240943889332,-0.125731929065521,0.6396083766739672
White_Breasted_Kingfisher_0065_73372.jpg,0.4052009826253459,-0.1314639815065779,0.4380979404045118
White_Breasted_Kingfisher_0078_73373.jpg,0.3992527142404203,-0.16223606411338287,0.49310065537126296
White_Breasted_Kingfisher_0104_73398.jpg,0.41324434026296053,-0.12609139751636556,-0.24905942844943849
White_Breasted_Kingfisher_0119_73401.jpg,0.44493559418935813,-0.026481509243977186,0.10047480254212084
White_Breasted_Kingfisher_0050_73682.jpg,0.3768859644690301,-0.26202756207455713,0.5058767510668096
White_Breasted_Kingfisher_0052_73446.jpg,0.41256681409767715,-0.1043479852553042,0.3798668502026791
White_Breasted_Kingfisher_0015_73192.jpg,0.4138162907730669,-0.12234689302187562,0.6800426867350702
Red_Legged_Kittiwake_0033_795395.jpg,0.5228422253300633,0.21539551638528542,0.1274741826197087
Red_Legged_Kittiwake_0050_795397.jpg,0.4564045143544636,0.037239311093335115,0.30158551874799266
Red_Legged_Kittiwake_0051_795404.jpg,0.5641276487398893,0.3487026084070477,0.2201270823838418
Red_Legged_Kittiwake_0013_795413.jpg,0.47530805843558765,0.07117290165393675,0.28432658381017084
Red_Legged_Kittiwake_0060_795414.jpg,0.5322682580244368,0.23956034001189352,-0.08194338082995173
Red_Legged_Kittiwake_0043_795416.jpg,0.5204718496057482,0.23789982133919774,0.36647706703761046
Red_Legged_Kittiwake_0058_795417.jpg,0.4597762390397412,0.035555700747278096,0.0961179747778854
Red_Legged_Kittiwake_0059_795424.jpg,0.43563588471063397,-0.027284314786505393,0.1524000034724698
Red_Legged_Kittiwake_0039_795429.jpg,0.5705002479191061,0.3481417085198999,-0.010030167688519971
Red_Legged_Kittiwake_0014_795432.jpg,0.4897919566671036,0.1497508137681155,-0.07165281686682462
Red_Legged_Kittiwake_0048_73770.jpg,0.40979744876167645,-0.11105036505385302,0.17676931326035836
Red_Legged_Kittiwake_0020_795439.jpg,0.5810609497518583,0.39273214425080905,0.309979167409075
Red_Legged_Kittiwake_0047_795445.jpg,0.5630032021063525,0.336350418843701,0.4711661541544957
Red_Legged_Kittiwake_0028_795450.jpg,0.5705780863500229,0.34746964530278723,0.2094543710076858
Red_Legged_Kittiwake_0017_795451.jpg,0.4356733394954194,-0.038344843111984606,0.30200191753355815
Red_Legged_Kittiwake_0040_795455.jpg,0.6013126954214929,0.4235658533566765,0.3797575421238342
Red_Legged_Kittiwake_0015_73792.jpg,0.5263267430730532,0.25770392004515574,0.39065446720121105
Red_Legged_Kittiwake_0042_795457.jpg,0.5440960515085232,0.3055441136231315,0.3873326354164547
Red_Legged_Kittiwake_0009_795459.jpg,0.48703596533286,0.14261210461522822,0.40053506361084196
Red_Legged_Kittiwake_0037_73794.jpg,0.4981237132874675,0.11820802981056999,0.19664814864413788
Red_Legged_Kittiwake_0061_795420.jpg,0.5534495756799982,0.3379678057749095,0.22876203361887754
Red_Legged_Kittiwake_0003_795389.jpg,0.5800783456129858,0.3749052556969017,0.2638350913994645
Red_Legged_Kittiwake_0062_795434.jpg,0.5431565794931825,0.2642599043252126,0.42830947896339655
Horned_Lark_0115_74271.jpg,0.42635457951317635,-0.10384967088940722,-0.17807718486565777
Horned_Lark_0065_74279.jpg,0.4827128763921671,0.08377386049516133,-0.08191051031335862
Horned_Lark_0110_73826.jpg,0.4316937786160895,-0.07515167204229245,-0.22382716109641648
Horned_Lark_0033_74344.jpg,0.4695794391809164,0.05237892377109288,-0.2668253502518558
Horned_Lark_0082_73833.jpg,0.49743159108410717,0.1162012842991137,0.231791465305317
Horned_Lark_0006_73836.jpg,0.4575170004253394,0.00395335783727091,-0.5217411202414187
Horned_Lark_0126_74354.jpg,0.42924077844626385,-0.047903830360918276,-0.5294845608012047
Horned_Lark_0001_73835.jpg,0.49140249116936685,0.10527433993629198,-0.6238377115505419
Horned_Lark_0004_73861.jpg,0.39857318108884787,-0.17670084552427512,0.07781653809250608
Horned_Lark_0056_74896.jpg,0.44079054086972624,-0.07007671777531299,-0.00028701125135927844
Horned_Lark_0141_74396.jpg,0.4969362665508442,0.10553756262878489,-0.4313376271863841
Horned_Lark_0026_74910.jpg,0.48470218540682986,0.07657575277078355,0.2176779070139066
Horned_Lark_0064_74864.jpg,0.47136481565506727,0.07624313258193571,0.28846778238455867
Horned_Lark_0048_73894.jpg,0.4281246468123777,-0.08648437702600775,-0.24294135126574656
Horned_Lark_0094_74407.jpg,0.4158611184462615,-0.12785024188423266,-0.14451913780298833
Horned_Lark_0125_73910.jpg,0.3968521446322839,-0.18055311724727918,-0.2724232237152024
Horned_Lark_0020_73914.jpg,0.42673628869327807,-0.10075877007277012,0.3388900609076315
Horned_Lark_0083_74444.jpg,0.46871198796011015,0.018676384070549168,-0.2867050791591155
Horned_Lark_0034_73940.jpg,0.4774095298889628,0.06574963563071823,-0.26036560936178776
Horned_Lark_0014_74963.jpg,0.44345627136675747,-0.022327043910381983,0.12230871813596308
Horned_Lark_0139_74492.jpg,0.4705876391207068,0.034620891628556194,-0.03675258090155182
Horned_Lark_0087_73989.jpg,0.5204890808144909,0.21187518492309987,0.44954779454016897
Horned_Lark_0019_73996.jpg,0.3899099577323937,-0.22036658432125122,-0.16733665239414683
Horned_Lark_0012_74511.jpg,0.5069054379682143,0.16235225529585995,0.04886424504454353
Horned_Lark_0075_74126.jpg,0.46153535043092464,0.04149357431263645,-0.08085136029070673
Horned_Lark_0104_74142.jpg,0.5025304248270355,0.14756666943275765,-0.5171149769005307
Horned_Lark_0112_73971.jpg,0.4501605804938681,-0.015087952192365472,-0.1365155766796077
Horned_Lark_0037_74696.jpg,0.4214239060047553,-0.13170711482242625,-0.0933340929429314
Horned_Lark_0108_74193.jpg,0.5852772318534614,0.37519718252187495,-0.4029381729456383
Horned_Lark_0040_74214.jpg,0.41325998463566205,-0.14195308241111482,0.001880030168668229
Pacific_Loon_0001_75521.jpg,0.528706599973376,0.20109008711634424,-0.00022514363076543242
Pacific_Loon_0048_75524.jpg,0.45980133600314577,-0.012134051990349226,0.057325641127370625
Pacific_Loon_0064_75532.jpg,0.5500320555570628,0.27965150457449417,-0.1395565845940661
Pacific_Loon_0027_75542.jpg,0.4859901321149014,0.07427156389060063,-0.12530918409435368
Pacific_Loon_0049_75780.jpg,0.5274005645385909,0.20004848163601385,0.013733125867171854
Pacific_Loon_0024_75555.jpg,0.5312874804163892,0.22819548218349206,0.233972870453636
Pacific_Loon_0041_75782.jpg,0.47031565266456665,0.07505576093692468,0.3044077273128473
Pacific_Loon_0004_75815.jpg,0.4850843747516478,0.06437818056617517,0.28592231969206705
Pacific_Loon_0010_75818.jpg,0.5406267300933797,0.263471419980287,-0.11270289156811522
Pacific_Loon_0018_75564.jpg,0.4748152697878556,0.039133979714417455,-0.29696327040500753
Pacific_Loon_0033_75571.jpg,0.5955479446904641,0.4119440658379827,-0.4333665766212541
Pacific_Loon_0005_75829.jpg,0.6014391981866449,0.42602189479854846,0.241891088187661
Pacific_Loon_0068_75836.jpg,0.5166269423191886,0.17499166299263957,-0.33436874746899414
Pacific_Loon_0062_75587.jpg,0.49256222606563815,0.10506848771603428,-0.22642461508872536
Pacific_Loon_0045_75589.jpg,0.5328546592762818,0.2245818082881752,-0.12441585912854605
Pacific_Loon_0026_75593.jpg,0.5173988848614619,0.18811237769344946,0.13165353200493476
Pacific_Loon_0020_75596.jpg,0.5499434276283481,0.28614761149520374,-0.42326968060248965
Pacific_Loon_0053_77673.jpg,0.4683845411365709,0.028200980723462887,-0.2423011074201658
Pacific_Loon_0042_75385.jpg,0.5976943023516883,0.4112585742130803,-0.005387280732947752
Pacific_Loon_0050_75388.jpg,0.5018055405532469,0.14449028567534827,-0.11398845054870237
Pacific_Loon_0047_75393.jpg,0.532736025340456,0.2193568148928179,-0.5741816782849534
Pacific_Loon_0040_75414.jpg,0.47384069736970547,0.0536867621343462,-0.11216376546399859
Pacific_Loon_0008_75428.jpg,0.4943873533456976,0.12191035389752425,-0.05293809543510389
Pacific_Loon_0032_75441.jpg,0.531510987786826,0.23975199279768733,0.2086748654927711
Pacific_Loon_0003_75442.jpg,0.5742645793079284,0.3540264071222382,0.1603304495332312
Pacific_Loon_0069_75446.jpg,0.6847168135917561,0.629970152461258,-0.045267670237091835
Pacific_Loon_0059_75706.jpg,0.5360025053969948,0.22727781938594205,-0.015395370488526608
Pacific_Loon_0044_75467.jpg,0.5488701212365457,0.29465122398684085,-0.3918289760383522
Pacific_Loon_0043_75747.jpg,0.49021307730839536,0.10032775713960851,-0.5118589270116254
Pacific_Loon_0002_75775.jpg,0.5164577963445015,0.1720083052899669,0.0003315867174295906
Mallard_0131_76296.jpg,0.5317119501877674,0.24347807876473437,0.38483820887250353
Mallard_0016_76315.jpg,0.6142934986930644,0.4888666125208049,0.14484050841775098
Mallard_0044_76317.jpg,0.5673246364721043,0.38025107381082746,0.08943930851594506
Mallard_0130_76836.jpg,0.484447431867428,0.1365167767301968,0.025888396843594445
Mallard_0115_76840.jpg,0.5966922873045746,0.44356276273384954,0.097152796818218
Mallard_0128_77396.jpg,0.5228017007516108,0.25369874013409643,0.2993367233641657
Mallard_0038_76902.jpg,0.5672213474282081,0.3298277942295317,0.36166041682201044
Mallard_0033_76565.jpg,0.547561470864222,0.27516966536247234,0.3422952863702007
Mallard_0064_76654.jpg,0.5834309910095054,0.3916387702069294,0.19581770446894814
Mallard_0024_75932.jpg,0.612697579972323,0.446682550068627,0.0797485359723884
Mallard_0048_76995.jpg,0.5967243255231285,0.43405908542670346,0.2879693668502222
Mallard_0107_76498.jpg,0.4868776663242954,0.0945650603099657,0.05111494818407861
Mallard_0028_76010.jpg,0.5565327546785521,0.3543842859042823,0.05141890103186666
Mallard_0043_77038.jpg,0.5406374408089119,0.2549658317165857,0.3791469158662074
Mallard_0112_77046.jpg,0.49715952202778046,0.14536944856343903,0.34130998609138397
Mallard_0083_77052.jpg,0.6524179060015074,0.5689551630794645,0.44061200911303006
Mallard_0106_77568.jpg,0.5460814187435195,0.2683485957062093,0.31557881709147545
Mallard_0089_77068.jpg,0.5686721485472787,0.37344794297062556,-0.1016999145304356
Mallard_0070_77588.jpg,0.48782725729269283,0.11584410909753273,0.7616191558961583
Mallard_0035_77095.jpg,0.458258276004299,0.04745010405160277,0.1057655849055175
Mallard_0109_76616.jpg,0.6250028433480824,0.4938378691993238,-0.04844601304352052
Mallard_0045_77129.jpg,0.5104394166402852,0.18135874599953672,0.37197208749292704
Mallard_0067_77623.jpg,0.46728735642304664,0.07829560098944932,-0.2924079694576541
Mallard_0087_77499.jpg,0.4905236346215013,0.15198639533734715,0.4380140654716133
Mallard_0006_77171.jpg,0.5697155865281318,0.3799437945434463,-0.25732210671229583
Mallard_0046_76165.jpg,0.573469551861366,0.3703811053991646,0.4074341731524755
Mallard_0138_76735.jpg,0.5576282139405102,0.3058614704702063,-0.012811168681837428
Mallard_0078_76238.jpg,0.6070121056098405,0.45571836965194257,0.11479971712199821
Mallard_0081_76266.jpg,0.5941845115407611,0.4195279251468148,0.35878708653337504
Mallard_0004_76958.jpg,0.4818833379044416,0.1282675794773923,0.15633262052524566
Western_Meadowlark_0034_78869.jpg,0.42002366367352173,-0.1227841181683147,0.42293856325854406
Western_Meadowlark_0060_78368.jpg,0.3748472197298346,-0.2740885353526561,-0.015629194139790966
Western_Meadowlark_0116_77862.jpg,0.4260491155418339,-0.1221237242700568,0.5119553776066683
Western_Meadowlark_0032_78633.jpg,0.4653778224526308,0.04361460872556422,0.056232682417938176
Western_Meadowlark_0086_78636.jpg,0.439847023652181,-0.011672836706491108,0.4903515592313576
Western_Meadowlark_0019_77876.jpg,0.4204575923871663,-0.123330118146187,0.4310982023220768
Western_Meadowlark_0018_77880.jpg,0.3755275628715904,-0.2375301849295255,0.5747378631408749
Western_Meadowlark_0115_77882.jpg,0.4814124184667704,0.09051110229485515,0.48429802085995644
Western_Meadowlark_0099_78176.jpg,0.4420387016211468,-0.04096293461917355,0.14750053789745377
Western_Meadowlark_0121_78402.jpg,0.3549582224796124,-0.3252853800241262,0.06850014957030595
Western_Meadowlark_0022_78410.jpg,0.49325084468161784,0.1380260040926401,0.280704086356544
Western_Meadowlark_0108_78155.jpg,0.43684598112489725,-0.08335992828547334,-0.09308498876896523
Western_Meadowlark_0096_77901.jpg,0.31496410321247936,-0.4672872975567177,0.07821771132683857
Western_Meadowlark_0111_78674.jpg,0.4280985953886134,-0.0736008857251691,0.4943021173585314
Western_Meadowlark_0014_78421.jpg,0.34098415244477265,-0.36628348540423517,0.055405734685257384
Western_Meadowlark_0107_78608.jpg,0.4971230291778842,0.12011872101279053,0.4399225048608264
Western_Meadowlark_0026_78438.jpg,0.44927046093149825,0.01740768447907126,0.40445963677598923
Western_Meadowlark_0033_78312.jpg,0.45174668088868797,-0.021457748655205666,0.2786323446596412
Western_Meadowlark_0083_78197.jpg,0.6009974971712599,0.4290918086725215,0.4856746875262817
Western_Meadowlark_0063_77946.jpg,0.4556761262717408,0.01017900705461039,0.5327396903331703
Western_Meadowlark_0028_78487.jpg,0.4292536246693057,-0.06305266523790687,0.04285442883924188
Western_Meadowlark_0101_78899.jpg,0.47713095001679073,0.07510816967177958,0.3620670056525431
Western_Meadowlark_0103_78500.jpg,0.32268844449808365,-0.4345825782158734,0.4283650605141429
Western_Meadowlark_0037_77759.jpg,0.4895860585155255,0.13311203071905342,-0.16426392865370235
Western_Meadowlark_0067_78529.jpg,0.4795526979804987,0.06846175692788625,-0.3409891982973922
Western_Meadowlark_0064_78027.jpg,0.5014633896919145,0.18395518245524023,0.6074808282321751
Western_Meadowlark_0100_78037.jpg,0.4272429447678119,-0.08811236511539389,0.46793033693530134
Western_Meadowlark_0029_78832.jpg,0.3414225317695605,-0.36723270227979765,-0.04035201874325622
Western_Meadowlark_0091_78576.jpg,0.4315780712025723,-0.05676817545112578,0.48874502949635645
Western_Meadowlark_0076_77811.jpg,0.3787933365451063,-0.22834605391010165,0.09529603416035501
Hooded_Merganser_0056_79112.jpg,0.5565471252891648,0.296046464027269,-0.2142791713120707
Hooded_Merganser_0022_79153.jpg,0.5147236335187151,0.18470979952222255,-0.3323908841515864
Hooded_Merganser_0037_796731.jpg,0.5544321120082999,0.2947702614386096,-0.09671943050546229
Hooded_Merganser_0007_79157.jpg,0.46114512179155753,0.033175497614002625,-0.16008655344198816
Hooded_Merganser_0012_796748.jpg,0.4275308251679223,-0.08817680296952402,-0.020591691850166426
Hooded_Merganser_0048_796749.jpg,0.5513653540491246,0.29994239928522237,0.053270045242244435
Hooded_Merganser_0076_796756.jpg,0.6285137595939845,0.5027951785354464,-0.4694932377388436
Hooded_Merganser_0074_796757.jpg,0.6183818403560288,0.4689630530269363,0.0841200388093202
Hooded_Merganser_0071_796760.jpg,0.5019227217266183,0.14390919538816183,0.1682728658824956
Hooded_Merganser_0046_796764.jpg,0.5011999587328295,0.13886985962994713,0.41592825743227796
Hooded_Merganser_0086_796780.jpg,0.5306314589434482,0.23928469669134644,0.015039981771585534
Hooded_Merganser_0002_796781.jpg,0.5357928502972817,0.2366764164592543,-0.19946629510087843
Hooded_Merganser_0026_796782.jpg,0.5906496919788566,0.42681626811704176,0.07622874902393334
Hooded_Merganser_0047_78962.jpg,0.5668832854078947,0.3541585970579345,0.3273646670906701
Hooded_Merganser_0087_78972.jpg,0.5196157678182514,0.2292791664148417,0.300344367841482
Hooded_Merganser_0018_78979.jpg,0.5108249500690942,0.17087988610760196,0.40467301285915835
Hooded_Merganser_0092_78989.jpg,0.49772307418838835,0.12722058489560994,-0.2105492376289141
Hooded_Merganser_0025_78996.jpg,0.48740598465008134,0.11818048580832674,0.029735954445244257
Hooded_Merganser_0062_78998.jpg,0.5539719302362713,0.31951626409701595,-0.03431565040366642
Hooded_Merganser_0043_796783.jpg,0.5574321569983118,0.30932583518644385,0.11162066880422482
Hooded_Merganser_0009_79012.jpg,0.4041628251584275,-0.134827186109711,0.23889619523674674
Hooded_Merganser_0010_796785.jpg,0.595881770064465,0.41185035610620613,-0.1472149162813428
Hooded_Merganser_0094_796786.jpg,0.614574329575419,0.45800669170320174,-0.03627436819907297
Hooded_Merganser_0016_79079.jpg,0.4940975716363777,0.09830511306982437,0.1359457096927483
Hooded_Merganser_0064_79040.jpg,0.58164325398532,0.37189927025305725,0.25064401538504827
Hooded_Merganser_0020_79046.jpg,0.45575611937419847,0.03662937463587357,-0.29549274258589664
Hooded_Merganser_0068_79057.jpg,0.5366332591715662,0.24641197914429003,0.0765028050153456
Hooded_Merganser_0028_79061.jpg,0.5683740393884618,0.3311539670783895,-0.16395725687683857
Hooded_Merganser_0063_79064.jpg,0.5455544412912514,0.29855162854113815,0.37664108336955504
Hooded_Merganser_0072_78973.jpg,0.4361752856104312,-0.04663050972387617,0.027182124093935934
Red_Breasted_Merganser_0031_79372.jpg,0.5056716817474514,0.14982426053662556,-0.3950463051594374
Red_Breasted_Merganser_0043_79295.jpg,0.4152216462943197,-0.09854643411469866,0.0050652467932937595
Red_Breasted_Merganser_0030_79411.jpg,0.47235338888398004,0.03974893773301835,-0.021876494850799743
Red_Breasted_Merganser_0067_79167.jpg,0.5921274806166309,0.41571669013613,-0.3319563064063918
Red_Breasted_Merganser_0012_79425.jpg,0.512521578552637,0.1692565340810087,-0.26576372941845755
Red_Breasted_Merganser_0052_79178.jpg,0.5508827780440393,0.28252214010572496,0.06990361940012546
Red_Breasted_Merganser_0077_79180.jpg,0.47280317271706396,0.08088067013768929,-0.2570933679153453
Red_Breasted_Merganser_0042_79202.jpg,0.45614938463463683,0.002898819394265284,-0.393986328856378
Red_Breasted_Merganser_0061_79453.jpg,0.46491230547957774,0.018028242204713996,-0.39204248752892445
Red_Breasted_Merganser_0001_79199.jpg,0.5154303193990497,0.18115295773785478,-0.2543956003249719
Red_Breasted_Merganser_0035_79200.jpg,0.6183905471151039,0.4894447809101051,0.27195802570121325
Red_Breasted_Merganser_0008_79458.jpg,0.5480357792346201,0.2806881584496881,-0.46729024176449613
Red_Breasted_Merganser_0068_79203.jpg,0.5061439420028931,0.15161366962616096,-0.2541731571989222
Red_Breasted_Merganser_0069_79204.jpg,0.48911685332013843,0.09987305145455716,-0.42216882836857267
Red_Breasted_Merganser_0014_79205.jpg,0.5240380855203499,0.21091773498487387,-0.05946587560359383
Red_Breasted_Merganser_0082_79214.jpg,0.5013182242422021,0.12619757197576065,-0.24508628109256264
Red_Breasted_Merganser_0051_79474.jpg,0.5078554541219475,0.14860934138561344,-0.09776519972796971
Red_Breasted_Merganser_0024_79483.jpg,0.45592091581406935,-0.006501068640250018,-0.3242419776107535
Red_Breasted_Merganser_0004_79232.jpg,0.4741773365555031,0.03632635720427835,0.4450784610220256
Red_Breasted_Merganser_0079_79519.jpg,0.4841315341281007,0.08128566377492141,-0.15527174690551174
Red_Breasted_Merganser_0066_79275.jpg,0.5230069196858915,0.20315445805841836,-0.2528797631399346
Red_Breasted_Merganser_0027_79284.jpg,0.48077987978335135,0.07025066443012884,-0.38186158781877316
Red_Breasted_Merganser_0034_79292.jpg,0.6342530214431288,0.5115625011745353,0.03581451918830504
Red_Breasted_Merganser_0083_79562.jpg,0.5360170644386775,0.24759311941954687,-0.18363809380460408
Red_Breasted_Merganser_0064_79563.jpg,0.45495429370336815,-0.010876530316767719,-0.023611097364352865
Red_Breasted_Merganser_0070_79570.jpg,0.5388299363169623,0.24671347537304888,0.18207828987814917
Red_Breasted_Merganser_0041_79574.jpg,0.4838365887292171,0.08269724022739955,-0.14191422070908769
Red_Breasted_Merganser_0009_79576.jpg,0.466787346858501,0.026518251607444143,-0.2547156588827807
Red_Breasted_Merganser_0056_79348.jpg,0.5191465742795143,0.1758757333609543,0.3174945982598649
Red_Breasted_Merganser_0045_79358.jpg,0.43596075959641833,-0.06152161202067341,-0.3271271912844192
Mockingbird_0030_79876.jpg,0.4370159286916907,-0.0363966067982775,-0.2448797138425679
Mockingbird_0006_79819.jpg,0.4344403473879901,-0.05846943472690058,-0.17349296920380378
Mockingbird_0095_81177.jpg,0.4706185775025473,0.027689141767794245,0.005745918156049721
Mockingbird_0084_80670.jpg,0.48228924894549574,0.07061417930579905,0.1288132064546135
Mockingbird_0018_81183.jpg,0.5396499110544173,0.25021044457945896,-0.0678402251506114
Mockingbird_0054_81703.jpg,0.44225097580780637,-0.0010699285686277538,0.19336806572817578
Mockingbird_0078_80426.jpg,0.5077122210465561,0.17091426331303172,-0.15909633241061108
Mockingbird_0076_79934.jpg,0.4454919220045672,-0.04317796513781125,-0.02798467062852654
Mockingbird_0025_79935.jpg,0.48923110263172354,0.10014202780118286,0.04151509454858964
Mockingbird_0012_81216.jpg,0.4413495691811057,-0.038847186995572436,-0.28200820252285536
Mockingbird_0027_80980.jpg,0.47574814359269535,0.05895156603636986,0.49879261308216727
Mockingbird_0013_82010.jpg,0.5006257947021628,0.14777490211248356,-0.11949610013252455
Mockingbird_0060_79972.jpg,0.41830955018564964,-0.09132800917685358,-0.24886666390312207
Mockingbird_0026_81214.jpg,0.4241690902483827,-0.07099298602182391,0.08446876986409828
Mockingbird_0042_81728.jpg,0.3972587735068961,-0.1825797407268115,0.014801915864217727
Mockingbird_0067_79723.jpg,0.521244711446905,0.17962442115770638,-0.02036214895326533
Mockingbird_0040_79680.jpg,0.4038879588965528,-0.14095002107524035,-0.2485592448685861
Mockingbird_0022_80552.jpg,0.45497103627893853,0.0168639364327563,0.30395122991679496
Mockingbird_0064_81068.jpg,0.4037022443479781,-0.15022016473007893,-0.07530863954641445
Mockingbird_0082_80570.jpg,0.4438285515385666,-0.05299816824368064,-0.2591012035463929
Mockingbird_0003_80833.jpg,0.4198502970447179,-0.0946597703161729,0.04033480826245828
Mockingbird_0001_79812.jpg,0.4602493640133224,0.027894901322356724,-0.32980515457131676
Mockingbird_0021_80343.jpg,0.40396606577129,-0.17065920854405392,-0.05216640151527044
Mockingbird_0089_80601.jpg,0.42829841017268944,-0.09291559300296548,-0.1508404303659418
Mockingbird_0098_81117.jpg,0.5081062457206273,0.19499710809645643,0.10115930716354753
Mockingbird_0071_80357.jpg,0.3954428689433168,-0.19570318966346978,-0.10428864246252212
Mockingbird_0009_81130.jpg,0.46300636081127755,0.028566177891516054,-0.4879325741196373
Mockingbird_0051_79599.jpg,0.4966741140256925,0.15861330296765297,0.32680492833941505
Mockingbird_0016_79605.jpg,0.37814026947356927,-0.25270165864240623,-0.06564774603225977
Mockingbird_0023_80121.jpg,0.5076199785579142,0.14450761038507287,0.1069377352639845
Nighthawk_0078_795340.jpg,0.48436008806748665,0.09611439610555572,-0.14174255968428762
Nighthawk_0016_84490.jpg,0.5181052699886564,0.23559651276658178,0.05440690753463852
Nighthawk_0017_84237.jpg,0.4603315733284683,0.0443660852110388,0.21117184796825403
Nighthawk_0064_82196.jpg,0.561172734665839,0.35425572220726753,-0.09315434604623574
Nighthawk_0029_83733.jpg,0.47532029402075404,0.0810008500806747,-0.37474245250477634
Nighthawk_0084_84510.jpg,0.4903876132159082,0.1217916981276772,0.1166417602238136
Nighthawk_0088_82225.jpg,0.534010620791154,0.24937690416391955,0.13583768540331015
Nighthawk_0059_82741.jpg,0.3942714611955149,-0.16793435689820724,0.4323826606945065
Nighthawk_0066_82238.jpg,0.4822028217594615,0.12797705471274945,0.038845999678368756
Nighthawk_0024_83519.jpg,0.38870502860762934,-0.20572940151371877,-0.07430201725184968
Nighthawk_0062_84573.jpg,0.398385040936602,-0.15910274611305608,0.3315021082157532
Nighthawk_0087_82280.jpg,0.37416588535214546,-0.2650162690842457,0.34620517722389105
Nighthawk_0005_84594.jpg,0.43427698242374646,-0.03935708277704286,0.28667853359906237
Nighthawk_0042_83603.jpg,0.4311113581025481,-0.038112378953165216,-0.3005481845757418
Nighthawk_0025_82808.jpg,0.5156574444332069,0.186331881896438,0.4870426496739556
Nighthawk_0021_82562.jpg,0.47470620826824494,0.09392173831089567,0.03865652130451988
Nighthawk_0047_82820.jpg,0.4609402101158998,0.04310697080464432,0.09781377366931308
Nighthawk_0020_83869.jpg,0.45186201397971004,0.00895277617713619,0.05671310742961557
Nighthawk_0026_83911.jpg,0.4301428893004495,-0.07493509140687604,-0.4032499200267172
Nighthawk_0031_83636.jpg,0.4175168561562621,-0.10485907893044821,0.15106022784446277
Nighthawk_0069_82613.jpg,0.534829277155191,0.2427026001782714,0.0411307476637353
Nighthawk_0048_83648.jpg,0.37414591313365186,-0.2588975290005415,0.25061006528337165
Nighthawk_0072_795336.jpg,0.549530456569165,0.2993450879002596,0.0031914792758575682
Nighthawk_0054_795337.jpg,0.5469757101799277,0.28622477851048844,0.17731239342723337
Nighthawk_0028_82636.jpg,0.47286372686966804,0.05560100434961479,0.46424280934498424
Nighthawk_0065_82895.jpg,0.4599066393746899,0.054834516212447726,0.3884105406624178
Nighthawk_0053_84436.jpg,0.4770825372651648,0.1099897266513189,0.2691385352260753
Nighthawk_0013_83670.jpg,0.4545730664483818,0.028611537248932395,0.4175953870931146
Nighthawk_0007_83419.jpg,0.37063638980843794,-0.28487714487320615,-0.6523343701345197
Nighthawk_0070_82676.jpg,0.43300716964614316,-0.04708738055214101,0.04268938193371859
Clark_Nutcracker_0096_84996.jpg,0.5223251621383147,0.22577320183645122,0.13330763492759112
Clark_Nutcracker_0089_85004.jpg,0.46624579189581505,0.04073714468481682,0.2914075276697008
Clark_Nutcracker_0104_85531.jpg,0.4450363091295899,-0.021504232153765068,0.508902222747782
Clark_Nutcracker_0134_85534.jpg,0.4647507016429071,0.03605820037837748,0.21049427005986002
Clark_Nutcracker_0076_85083.jpg,0.5555673598266102,0.32345502199811926,0.2617013584397985
Clark_Nutcracker_0102_85089.jpg,0.4640775785517586,0.06213925637949047,0.5002457275751041
Clark_Nutcracker_0090_85116.jpg,0.5978613463672311,0.41415084358483156,0.2776098626972944
Clark_Nutcracker_0126_85134.jpg,0.52636367120583,0.21625396456236723,0.26856967187011016
Clark_Nutcracker_0107_85662.jpg,0.4918841082047918,0.10307384474849124,0.37943646547267285
Clark_Nutcracker_0018_85166.jpg,0.48100809841340997,0.1167382984796399,-0.19970353421589399
Clark_Nutcracker_0131_85701.jpg,0.48075892542211873,0.07194032298623143,0.27587965569142103
Clark_Nutcracker_0005_85190.jpg,0.5424643049990598,0.2840234477467992,0.25347008770807905
Clark_Nutcracker_0099_85717.jpg,0.4284343984272493,-0.06605034054477832,0.20371281502756955
Clark_Nutcracker_0024_85718.jpg,0.5536711561514928,0.30533148970048063,0.22074430191730005
Clark_Nutcracker_0072_85742.jpg,0.6073179352521446,0.4669264395107564,0.3854726269683277
Clark_Nutcracker_0047_85630.jpg,0.5443037335812102,0.2957837675671564,0.2142026206318417
Clark_Nutcracker_0027_85266.jpg,0.5746537337901416,0.3675554834397886,0.4163385163929037
Clark_Nutcracker_0110_85217.jpg,0.4022840060791798,-0.1432129991772071,0.2538282014795201
Clark_Nutcracker_0093_84809.jpg,0.5537084328527597,0.292375886971853,0.15912734252783026
Clark_Nutcracker_0142_85322.jpg,0.5363285361050989,0.2431653008766438,0.33829530139064695
Clark_Nutcracker_0033_85358.jpg,0.4320598182393609,-0.06557657759982183,0.07944969085757665
Clark_Nutcracker_0043_84853.jpg,0.47630660098966804,0.1187218316903782,0.49864058863940575
Clark_Nutcracker_0106_84856.jpg,0.48775681443063124,0.10201724440856086,0.1393492049623197
Clark_Nutcracker_0014_85386.jpg,0.4052136120387988,-0.1472435073911209,0.21400543020531773
Clark_Nutcracker_0078_85416.jpg,0.3692190307723431,-0.26478543808453847,0.4530304342935569
Clark_Nutcracker_0116_84807.jpg,0.49980678323350536,0.12809986243721672,0.2090891079594187
Clark_Nutcracker_0121_85435.jpg,0.48233107273491316,0.09144341583660687,0.4979224917458341
Clark_Nutcracker_0139_84942.jpg,0.5791391029189253,0.4012364474387732,0.37281183158323733
Clark_Nutcracker_0051_84950.jpg,0.45064798378786863,0.005847269028176116,0.44988477923366393
Clark_Nutcracker_0113_85587.jpg,0.5612476643080268,0.3106657026511852,0.33240466984335937
White_Breasted_Nuthatch_0092_86016.jpg,0.45279643772632416,0.006160878424583793,0.05563825205884242
White_Breasted_Nuthatch_0014_86023.jpg,0.45547281077446977,0.012694635433810442,-0.032332754142147695
White_Breasted_Nuthatch_0003_86029.jpg,0.45924657836618155,0.042903180329738944,0.35862840553787795
White_Breasted_Nuthatch_0060_86031.jpg,0.4448196458959308,-0.026539486883367935,-0.12461640408581404
White_Breasted_Nuthatch_0110_86038.jpg,0.42452363982705776,-0.07071963337993137,-0.3467539898859294
White_Breasted_Nuthatch_0086_86553.jpg,0.4887206038698986,0.1005419028624287,-0.14465490233779255
White_Breasted_Nuthatch_0018_85937.jpg,0.434591257008757,-0.06022704438632376,0.1473610291674113
White_Breasted_Nuthatch_0113_86057.jpg,0.3811766482028226,-0.23442073199994917,-0.36271161255472356
White_Breasted_Nuthatch_0063_86573.jpg,0.44384274636083365,-0.0018385214473124467,-0.06706536160021262
White_Breasted_Nuthatch_0020_86143.jpg,0.4043720978137444,-0.16440047981713346,-0.2433293719656925
White_Breasted_Nuthatch_0119_86182.jpg,0.4987864189991065,0.1411711103105856,-0.1631658070240326
White_Breasted_Nuthatch_0101_86708.jpg,0.4224350071693117,-0.12668436116204584,0.008252918437061694
White_Breasted_Nuthatch_0024_86200.jpg,0.42737174185904914,-0.05549285619818356,-0.5293443236919438
White_Breasted_Nuthatch_0129_86761.jpg,0.4475595056488382,-0.006477452012226603,0.31093068285363074
White_Breasted_Nuthatch_0075_86289.jpg,0.461822869681373,0.04164667851830994,-0.0768912519881581
White_Breasted_Nuthatch_0010_85783.jpg,0.4152992164049618,-0.1143432317390023,-0.12914786464654612
White_Breasted_Nuthatch_0108_86308.jpg,0.4756022998348617,0.10562505726769478,0.27208233464337
White_Breasted_Nuthatch_0076_85801.jpg,0.42669142729445675,-0.09310764886674927,-0.06526899045875793
White_Breasted_Nuthatch_0050_85815.jpg,0.39981181651501474,-0.16063989483745544,0.16594953198514276
White_Breasted_Nuthatch_0030_85823.jpg,0.41960403101744626,-0.11343387507497327,0.47921230543131305
White_Breasted_Nuthatch_0090_86856.jpg,0.4983232188888339,0.14392900621231142,-0.013801037000557683
White_Breasted_Nuthatch_0059_85903.jpg,0.39796749187167935,-0.1568655445363687,0.028010459845215593
White_Breasted_Nuthatch_0132_86876.jpg,0.3654578237016539,-0.29765702681945805,0.27076570284526325
White_Breasted_Nuthatch_0120_85890.jpg,0.5337456908267841,0.26409939911564706,0.04275189954673213
White_Breasted_Nuthatch_0070_85983.jpg,0.40433956881801236,-0.16455137994135383,-0.11049747884944196
White_Breasted_Nuthatch_0078_85828.jpg,0.41545318577630874,-0.11984843265788059,-0.32379872910105045
White_Breasted_Nuthatch_0082_86435.jpg,0.44296368540175024,-0.020117875537353225,-0.0040112902927124045
White_Breasted_Nuthatch_0004_86969.jpg,0.4370619568666898,-0.02298975125972591,-0.25589344004626613
White_Breasted_Nuthatch_0103_86470.jpg,0.4414771028993373,-0.008400568912823925,0.11618718993614263
White_Breasted_Nuthatch_0042_86488.jpg,0.46921541753063467,0.07552239305027708,0.08296106138893873
Baltimore_Oriole_0127_87560.jpg,0.4200375994768517,-0.0794424332720376,0.39292040801761097
Baltimore_Oriole_0090_87054.jpg,0.3543699251069743,-0.3209757146950012,-0.4291983128849938
Baltimore_Oriole_0060_89616.jpg,0.5043627076476696,0.1486988560571667,0.5213025931943851
Baltimore_Oriole_0108_87576.jpg,0.40143068335818655,-0.15749578734847614,0.37828144239346423
Baltimore_Oriole_0126_89651.jpg,0.37234094011920404,-0.2687803754443361,0.38750668337336897
Baltimore_Oriole_0047_89686.jpg,0.46452024631033617,0.04896214217709016,-0.08311694843851335
Baltimore_Oriole_0076_89705.jpg,0.5190409526100315,0.217684382253736,0.31628547291669445
Baltimore_Oriole_0083_89712.jpg,0.38190561396744505,-0.21108648302745125,0.10855112524681514
Baltimore_Oriole_0019_88186.jpg,0.47412215154874415,0.03622059823871371,0.012623962612014164
Baltimore_Oriole_0087_89726.jpg,0.5160006497387573,0.1843807886349288,0.2583815053918338
Baltimore_Oriole_0073_87187.jpg,0.4952765513744041,0.1465755912283805,0.49338246001919334
Baltimore_Oriole_0074_87214.jpg,0.43871199843530995,-0.017456476605873794,0.021155252471337052
Baltimore_Oriole_0042_87216.jpg,0.43084748175379584,-0.10179895561292351,0.38392423613749943
Baltimore_Oriole_0051_89722.jpg,0.4075178871365145,-0.141156585622082,0.6327418849127917
Baltimore_Oriole_0054_89825.jpg,0.46007502285122215,0.012393891105153654,0.26285506472930636
Baltimore_Oriole_0018_87782.jpg,0.4927553686064584,0.16516950199463631,0.21678787801914515
Baltimore_Oriole_0037_87337.jpg,0.6133056963322181,0.4615042873538373,0.44633064941398404
Baltimore_Oriole_0058_87296.jpg,0.5189622291850919,0.2161405541238437,0.4896534303678032
Baltimore_Oriole_0065_87303.jpg,0.4170849437415354,-0.12316280225241627,0.30721119354871995
Baltimore_Oriole_0114_89873.jpg,0.5040151074004022,0.16446467277650956,0.5819241672485176
Baltimore_Oriole_0016_89885.jpg,0.3948525665204431,-0.18753403082838882,0.5703650761504215
Baltimore_Oriole_0082_87838.jpg,0.5166203159509155,0.16547638635875905,0.43251848806317644
Baltimore_Oriole_0056_88355.jpg,0.5046859135309232,0.17891230493979304,0.2974875109239234
Baltimore_Oriole_0086_88375.jpg,0.4864789873244867,0.11048503603809734,-0.20661983641326004
Baltimore_Oriole_0041_87367.jpg,0.485843994992304,0.09378846535969576,0.2662223296113856
Baltimore_Oriole_0006_89935.jpg,0.41335602253725745,-0.11908640506958612,0.4412911026922235
Baltimore_Oriole_0066_87380.jpg,0.41905367165839136,-0.09642608273608166,0.09762004425504192
Baltimore_Oriole_0109_87398.jpg,0.44752394321206257,-0.0021981776281385645,0.5081661237602632
Baltimore_Oriole_0125_88450.jpg,0.4943958434254342,0.10311493677758421,0.44751388462680214
Baltimore_Oriole_0112_87447.jpg,0.4131211011451742,-0.11500396242641031,0.19096902888997092
Hooded_Oriole_0008_90118.jpg,0.4282550391873592,-0.08894993200066059,-0.02892707483807582
Hooded_Oriole_0047_90637.jpg,0.4425906890966036,-0.018984200927558703,0.046849741804671184
Hooded_Oriole_0037_91156.jpg,0.45307237181458626,0.008717837359562108,0.2709839476012085
Hooded_Oriole_0024_90157.jpg,0.46148811462456674,0.031091918172976518,0.04325954388230599
Hooded_Oriole_0006_90685.jpg,0.45937834920649223,-0.004794303758902219,-0.10537868286129232
Hooded_Oriole_0034_90686.jpg,0.4676059755735419,0.059362074965089384,-0.16646346721605917
Hooded_Oriole_0127_90200.jpg,0.4807144316820994,0.09018755575702919,-0.08126246882416611
Hooded_Oriole_0048_89957.jpg,0.46815374019543954,0.04540038613545416,0.3881646020197535
Hooded_Oriole_0041_90218.jpg,0.3532688867577001,-0.34034008031287755,-0.26241403867277685
Hooded_Oriole_0056_89966.jpg,0.4008367874634704,-0.14365642062935113,-0.18313843830894724
Hooded_Oriole_0072_90298.jpg,0.458487757924828,-0.014748872387986944,-0.1975365098360013
Hooded_Oriole_0095_90337.jpg,0.47333643815541715,0.06560622063841703,-0.3479666151161441
Hooded_Oriole_0088_90356.jpg,0.503718994140825,0.1618591197070115,-0.24970343520564334
Hooded_Oriole_0105_90875.jpg,0.43099120888227826,-0.03910992867062135,-0.2283836543408577
Hooded_Oriole_0077_90886.jpg,0.46743057877890637,0.04026389478337811,0.3075087868230399
Hooded_Oriole_0010_90413.jpg,0.4520131785471425,0.03144456720551758,-0.2099752256824015
Hooded_Oriole_0045_90415.jpg,0.4161361569386973,-0.12424369504456689,-0.14390478266949763
Hooded_Oriole_0129_90441.jpg,0.5322478405599151,0.23874940835174496,-0.017239451777795938
Hooded_Oriole_0063_90976.jpg,0.4601525455130473,0.012233050576516025,-0.09343251298175569
Hooded_Oriole_0029_90485.jpg,0.4166901452361155,-0.1511844410549772,0.1975124647537121
Hooded_Oriole_0107_89985.jpg,0.44418479380930953,-0.013762122037535462,0.24758069052114026
Hooded_Oriole_0014_90594.jpg,0.4733593296283045,0.0580008885259482,0.37466712074784353
Hooded_Oriole_0002_91034.jpg,0.43615220004914046,-0.022321282394771158,-0.1051956928395407
Hooded_Oriole_0004_91057.jpg,0.39651081560372636,-0.1708186144485142,0.18714492136357244
Hooded_Oriole_0087_90037.jpg,0.5036189600498935,0.16851341154110244,-0.14290246964825784
Hooded_Oriole_0082_90045.jpg,0.5046834437459787,0.15386022844691927,-0.37637172097033217
Hooded_Oriole_0044_90082.jpg,0.49103237532818556,0.14467660620901657,0.1021342976310461
Hooded_Oriole_0062_90089.jpg,0.45231476047958175,-0.036325019290235794,-0.31819238203944805
Hooded_Oriole_0084_90607.jpg,0.42328134225092073,-0.10985894384481343,-0.5850723988551702
Hooded_Oriole_0007_91133.jpg,0.3932128932217377,-0.2086607058408343,-0.08564015694324555
Orchard_Oriole_0077_91651.jpg,0.41591223974040903,-0.13024801402293784,0.6660116199833425
Orchard_Oriole_0065_91397.jpg,0.4411976141036096,-0.06190339721146487,0.18731116008268164
Orchard_Oriole_0085_91411.jpg,0.5109223446822259,0.16293339029630527,0.41438305568945083
Orchard_Oriole_0114_91412.jpg,0.5655269652512043,0.354080504454116,0.6307245683150173
Orchard_Oriole_0054_91414.jpg,0.38354072984065635,-0.2221007441561662,0.5901767125847732
Orchard_Oriole_0013_91945.jpg,0.4426807811018355,-0.019051358171607635,-0.023283731119328417
Orchard_Oriole_0105_91186.jpg,0.4967530049619666,0.1489246030720789,0.5569938417468092
Orchard_Oriole_0026_91444.jpg,0.49386858143712054,0.10806405272540276,0.42785290482397403
Orchard_Oriole_0045_91205.jpg,0.5226997470056771,0.2175772833525259,0.3560908475422114
Orchard_Oriole_0074_91979.jpg,0.3821507770048346,-0.21012334456255743,-0.055104487586538096
Orchard_Oriole_0107_91472.jpg,0.4767015116785015,0.07778747603244862,0.5279714933627779
Orchard_Oriole_0113_88407.jpg,0.5320217322803533,0.24916981814706907,0.30177290024471753
Orchard_Oriole_0101_91233.jpg,0.5058353994964189,0.17729134509300115,0.23837153290691254
Orchard_Oriole_0093_92020.jpg,0.4431103944850152,-0.013769548241982399,0.07007131517859073
Orchard_Oriole_0041_91258.jpg,0.4965215057961577,0.13147481568468222,0.5032710576742687
Orchard_Oriole_0055_91515.jpg,0.6561441269214903,0.6148059468028106,-0.0055540158629972655
Orchard_Oriole_0027_91265.jpg,0.3978976405514689,-0.1499714566209973,0.3959543944554826
Orchard_Oriole_0076_91527.jpg,0.5233227784689081,0.23043145520492103,0.2962002595610656
Orchard_Oriole_0108_91530.jpg,0.40220433090908847,-0.16303170192841265,0.3938807060062675
Orchard_Oriole_0106_91830.jpg,0.49935106071600155,0.14818236107335192,0.5735184396317301
Orchard_Oriole_0060_91536.jpg,0.4312876614002896,-0.08496569081216565,0.5997933945177976
Orchard_Oriole_0017_91801.jpg,0.5247690371552096,0.21982883960784338,0.6251352817958333
Orchard_Oriole_0036_91818.jpg,0.47820086761122704,0.09705409718320945,0.33907689411881115
Orchard_Oriole_0058_91819.jpg,0.43978151556062883,-0.045542727041569364,0.18649404857531085
Orchard_Oriole_0088_92086.jpg,0.5000091251217387,0.19280120839019788,0.5984832624352752
Orchard_Oriole_0030_91612.jpg,0.4755456950246185,0.07281372711602474,0.3226059333397734
Orchard_Oriole_0018_91601.jpg,0.40730700822133337,-0.14440726322100295,0.34563925563741904
Orchard_Oriole_0070_91383.jpg,0.532948269743429,0.24368366267508057,0.34461097047662426
Orchard_Oriole_0021_91644.jpg,0.42045342379325,-0.12110124587381099,0.49244524942924145
Scott_Oriole_0015_795862.jpg,0.4981547848019042,0.17236253032483007,0.5974685112226206
Scott_Oriole_0007_92439.jpg,0.4678529819919348,0.06334319287074319,-0.08676433327305198
Scott_Oriole_0052_92440.jpg,0.4362761727144573,-0.07973188621425797,0.4248698400774568
Scott_Oriole_0079_92248.jpg,0.5180620334057551,0.2217281829090677,0.15454341025868323
Scott_Oriole_0044_92262.jpg,0.5134692803495693,0.18129303428119892,0.5194678640634741
Scott_Oriole_0028_92270.jpg,0.4711943603384434,0.07216432881257062,0.5155479372959118
Scott_Oriole_0054_92310.jpg,0.39441031552668027,-0.1643998018909545,0.2497947207727064
Scott_Oriole_0053_795805.jpg,0.49826326654323294,0.14964134528197626,0.221731493034236
Scott_Oriole_0070_795808.jpg,0.4906483790637264,0.15758134737829776,0.7176405980446856
Scott_Oriole_0063_795812.jpg,0.49891352451161164,0.16246411771700087,0.3525056632846297
Scott_Oriole_0034_795813.jpg,0.561038766152123,0.3319600413385314,0.4670273062979993
Scott_Oriole_0038_795818.jpg,0.5345495665848299,0.24689499549131555,0.48853312589589026
Scott_Oriole_0065_795819.jpg,0.48715919674611685,0.1447340381880725,0.5491137553197462
Scott_Oriole_0072_795822.jpg,0.41795695348021156,-0.08995486850704881,0.6848227429402214
Scott_Oriole_0055_795825.jpg,0.4318383159280146,-0.06312200850271621,0.5850605658334594
Scott_Oriole_0014_795827.jpg,0.4911629706515541,0.14724765579057375,0.46595720300413085
Scott_Oriole_0002_795829.jpg,0.41740538423289775,-0.0907075750380808,0.7820852226704903
Scott_Oriole_0017_795832.jpg,0.5100571557161758,0.20561416699451052,0.522059372243351
Scott_Oriole_0011_795836.jpg,0.5103782387295248,0.16518016350489273,0.4272796984930164
Scott_Oriole_0018_795840.jpg,0.5468008137971944,0.3008963075328295,0.47932994584178906
Scott_Oriole_0029_795846.jpg,0.39030655498384037,-0.18018737933966,0.4905045371920436
Scott_Oriole_0071_795848.jpg,0.4882211899981854,0.11923379419092672,0.7111801180824066
Scott_Oriole_0035_795851.jpg,0.5195952444009944,0.21522500035054204,0.5970150193322098
Scott_Oriole_0010_795852.jpg,0.4692735177721882,0.07368358058411084,0.12728887847548248
Scott_Oriole_0073_92369.jpg,0.5612470994791858,0.351921558287572,0.39793103563649335
Scott_Oriole_0046_92371.jpg,0.3809606438979015,-0.25387184423610565,0.41300243652520485
Scott_Oriole_0084_795860.jpg,0.47509534210564164,0.09774417461379126,0.44437273356429735
Scott_Oriole_0081_92374.jpg,0.4245254772246063,-0.062056624327308185,0.2226873534727552
Scott_Oriole_0036_795850.jpg,0.46137480491335536,0.04352507151250895,0.24878297576550806
Scott_Oriole_0057_795856.jpg,0.5124724868405961,0.18195830074260244,0.47260649856100156
Ovenbird_0108_92675.jpg,0.3639437478397004,-0.3033416820884034,-0.1774731069301977
Ovenbird_0047_93203.jpg,0.46068926308821645,0.013749565465816849,0.11503487880816407
Ovenbird_0019_92699.jpg,0.4606432785519111,-0.00233991593119387,0.4373636887179766
Ovenbird_0093_92705.jpg,0.46744447101776554,0.010128771756095056,0.2203930097264218
Ovenbird_0033_93232.jpg,0.3524156783060787,-0.3351286806954963,0.48941928894491227
Ovenbird_0089_93234.jpg,0.5335791047962086,0.23967570744895406,-0.10671917990112391
Ovenbird_0012_92778.jpg,0.4008292009071469,-0.17113859219971772,0.4805334241569214
Ovenbird_0095_92796.jpg,0.3670159830663461,-0.2626958007735116,0.2427265025388316
Ovenbird_0044_92828.jpg,0.4896879884577394,0.12189263687162966,0.3787349444834713
Ovenbird_0026_92850.jpg,0.4965704584357312,0.17612433602765998,0.03227962911529806
Ovenbird_0043_93374.jpg,0.38875806944686275,-0.19605017955987214,0.07161237347033426
Ovenbird_0048_92876.jpg,0.4173169440787834,-0.09626560173896825,0.3633005454595515
Ovenbird_0009_93395.jpg,0.5084186294826144,0.17066624245061102,0.28616788272018123
Ovenbird_0084_92901.jpg,0.3757280765104656,-0.23474453465180467,0.017893085361466176
Ovenbird_0092_93416.jpg,0.4411878200978213,-0.05367402084329842,-0.15261802419810297
Ovenbird_0099_93148.jpg,0.5166041453355878,0.17849686980971602,0.26262133779367486
Ovenbird_0053_92462.jpg,0.519398146479063,0.20023511242576753,0.29098988087647826
Ovenbird_0122_92993.jpg,0.4005255544478544,-0.15869662616159985,0.19893063696435154
Ovenbird_0015_93037.jpg,0.45573829928845877,-0.003924673523556743,0.5077363075401643
Ovenbird_0023_92534.jpg,0.3770040293467034,-0.24860114675165534,0.4627506772168262
Ovenbird_0020_93049.jpg,0.49255292652500304,0.11835155220714655,0.2427192721770871
Ovenbird_0131_92559.jpg,0.48434461645997673,0.08233690586375764,0.3571233748777611
Ovenbird_0083_92561.jpg,0.4629509094026354,0.03900076221223914,0.3365929981793548
Ovenbird_0058_93078.jpg,0.3835720799524627,-0.21203995545491616,0.284034680708131
Ovenbird_0094_92577.jpg,0.38401131091004326,-0.23370541418504853,-0.024746093611748978
Ovenbird_0101_93104.jpg,0.451572909721371,-0.01764192300396994,0.06944884805802493
Ovenbird_0126_92602.jpg,0.4039661546805159,-0.13638798451116352,0.5323116592051307
Ovenbird_0081_93115.jpg,0.4464315933565911,-0.008265767368698107,0.44520208223529617
Ovenbird_0079_92610.jpg,0.4118780770356171,-0.13518557077527849,0.3240760847236192
Ovenbird_0070_93140.jpg,0.369789134950939,-0.25694212611757106,-0.2180151800621857
Brown_Pelican_0127_93700.jpg,0.5607297312378968,0.3230680263579281,0.2801031566847539
Brown_Pelican_0041_93720.jpg,0.5549355125928634,0.3268379437401149,0.03790450885161252
Brown_Pelican_0102_93727.jpg,0.4886140719873454,0.10889740226477462,0.1998363401540383
Brown_Pelican_0115_93731.jpg,0.4105110337439799,-0.10984228170641663,0.03373465895918602
Brown_Pelican_0009_94256.jpg,0.417405324727548,-0.1249701687205822,-0.1876414512236188
Brown_Pelican_0002_94773.jpg,0.4923945514623105,0.1627495854815193,0.03693398015655754
Brown_Pelican_0110_93622.jpg,0.5466518900708165,0.2886330526576033,0.017047393096064383
Brown_Pelican_0097_93767.jpg,0.5205196384597572,0.23083771107997575,0.11508171607875015
Brown_Pelican_0095_94290.jpg,0.39855624601295636,-0.1441274807011077,-0.09860795155990003
Brown_Pelican_0073_94823.jpg,0.4072421648597556,-0.15084953964673553,-0.18428250365823465
Brown_Pelican_0066_94840.jpg,0.48842333387373704,0.1468263101509193,0.13630685594715203
Brown_Pelican_0075_95357.jpg,0.40729726058604043,-0.13433325007253827,0.3301268882515657
Brown_Pelican_0087_94358.jpg,0.5019290674992666,0.17992120537699197,0.4242289080711514
Brown_Pelican_0017_94383.jpg,0.5689820208132668,0.3411681658613519,0.06607865317702843
Brown_Pelican_0018_94432.jpg,0.3823486295510423,-0.22030022001486782,-0.18464592104544375
Brown_Pelican_0003_94427.jpg,0.5487736427455528,0.29255809015137935,0.08826274850109671
Brown_Pelican_0059_94504.jpg,0.4878991908989603,0.12436367422007932,0.006491260092349154
Brown_Pelican_0122_94022.jpg,0.5299793941736564,0.2306380190575391,0.05660864065477617
Brown_Pelican_0040_94051.jpg,0.4179161964829571,-0.09557907940336596,-0.08537838507952492
Brown_Pelican_0128_94059.jpg,0.4740982561300431,0.10832179384225493,0.21497637225477376
Brown_Pelican_0051_94578.jpg,0.5614673972696101,0.31642130587460904,-0.32755417339456433
Brown_Pelican_0012_94079.jpg,0.4670305183660446,0.06786550938751379,-0.02780056353121464
Brown_Pelican_0081_94085.jpg,0.5506652571497335,0.31006899608813765,-0.1981411251973773
Brown_Pelican_0049_94598.jpg,0.4431700566356823,-0.043192628827158686,0.03099752903930254
Brown_Pelican_0019_95158.jpg,0.5055829584270355,0.17193428742559047,0.02668011245369254
Brown_Pelican_0070_93678.jpg,0.4787337944942982,0.11522896023603946,-0.022415661951443393
Brown_Pelican_0039_95216.jpg,0.5458724935168937,0.28397369120342153,0.256941015622399
Brown_Pelican_0124_93684.jpg,0.5903950409667267,0.39851022230372946,-0.11775749583479214
Brown_Pelican_0072_94974.jpg,0.45204482504924914,0.015477849951848088,-0.007485402641110905
Brown_Pelican_0074_93692.jpg,0.5458711713090096,0.2668813454216583,0.2130180006367817
White_Pelican_0077_97025.jpg,0.49292903890244477,0.15173145524528053,0.3325527153166375
White_Pelican_0066_95495.jpg,0.4794078779935568,0.07430129096317928,0.08740976560334006
White_Pelican_0048_95764.jpg,0.5287795091218668,0.21800208750553451,-0.35237326785877465
White_Pelican_0031_97064.jpg,0.5314538013410368,0.2326414531503187,0.24248415685530614
White_Pelican_0051_97833.jpg,0.6015176979378567,0.43608027653399284,0.019426175395817515
White_Pelican_0086_95538.jpg,0.5885800114832022,0.4018363936776178,0.1709928277470547
White_Pelican_0025_97604.jpg,0.4809502343309251,0.06893518517605246,-0.1480508096549091
White_Pelican_0036_96863.jpg,0.5652350543953156,0.3509776508160696,-0.2288853141355138
White_Pelican_0083_95840.jpg,0.6155747403230121,0.4642482612387161,0.39366185258320946
White_Pelican_0052_96865.jpg,0.5545970842529739,0.3029613054349942,0.5367667245000606
White_Pelican_0046_96888.jpg,0.5894313111478635,0.410458635324516,-0.19883552787328793
White_Pelican_0016_96659.jpg,0.5422095765574886,0.26820920975073237,0.26542587159115155
White_Pelican_0040_96026.jpg,0.5284354815265022,0.23576113044280023,0.5278899729819005
White_Pelican_0014_96417.jpg,0.5223839860305367,0.1969224070435447,-0.2210003542270463
White_Pelican_0076_96427.jpg,0.4928657147148391,0.10649287466589019,-0.37961115017799163
White_Pelican_0003_96691.jpg,0.5083590608519444,0.1659983940305183,-0.29514805964352264
White_Pelican_0034_97466.jpg,0.5296898129627903,0.24475425246604998,0.0033174821200428737
White_Pelican_0072_96975.jpg,0.6487252739462495,0.5731472312464025,-0.13030812503590306
White_Pelican_0087_97247.jpg,0.5198038520113886,0.22075711963926226,0.17906774395788586
White_Pelican_0080_95721.jpg,0.4420345284410534,-0.013208231698026207,0.26201724338530835
Western_Wood_Pewee_0052_98006.jpg,0.47256644674911596,0.05443550998800328,-0.3348815449424712
Western_Wood_Pewee_0070_98225.jpg,0.4803626176885223,0.08023949691636523,-0.46391287587925134
Western_Wood_Pewee_0014_98094.jpg,0.35341264762708824,-0.3313104802800195,-0.18362521290527142
Western_Wood_Pewee_0061_795060.jpg,0.4745009409985005,0.07317639127984032,-0.1600665352043533
Western_Wood_Pewee_0024_98229.jpg,0.3796278423211261,-0.2360728420976841,0.36433782010887755
Western_Wood_Pewee_0009_98115.jpg,0.6003439623530904,0.4600613781640517,-0.10034808441225437
Western_Wood_Pewee_0032_98121.jpg,0.46020638821261084,0.03908610293970849,-0.26039776755426763
Western_Wood_Pewee_0062_98123.jpg,0.4284411203218631,-0.10105792042104311,-0.2253562263511755
Western_Wood_Pewee_0042_98126.jpg,0.5236517719094362,0.20948852383507743,0.13072461823587983
Western_Wood_Pewee_0037_98127.jpg,0.4658889839691488,0.06271708419859234,-0.03245088660012332
Western_Wood_Pewee_0077_98133.jpg,0.4195809531511776,-0.0914882433945361,-0.31423377783739875
Western_Wood_Pewee_0018_98153.jpg,0.4494377033515743,-0.045200982321210725,0.06391935487908496
Western_Wood_Pewee_0053_98186.jpg,0.389871486349215,-0.1882524313812417,0.2072988559053781
Western_Wood_Pewee_0010_98204.jpg,0.360694341500701,-0.3060961510800493,-0.2016811115622157
Western_Wood_Pewee_0031_795038.jpg,0.4330719969694029,-0.08106948969339212,-0.015377253690776943
Western_Wood_Pewee_0017_795041.jpg,0.4525049694313381,0.002280947524206378,-0.39680422767917933
Western_Wood_Pewee_0029_795042.jpg,0.5178114696671026,0.19511930753466966,0.04653795476919672
Western_Wood_Pewee_0073_795044.jpg,0.4548427086856921,-0.006582051334764971,-0.42768669459337627
Western_Wood_Pewee_0019_795046.jpg,0.5386807410811884,0.24368951540927863,-0.15402585407418787
Western_Wood_Pewee_0043_795053.jpg,0.6251146179557574,0.48858952471210637,-0.07906714636323643
Western_Wood_Pewee_0022_795058.jpg,0.5212816293552621,0.1877273923812126,0.17784191675633382
Western_Wood_Pewee_0045_97972.jpg,0.4826242380127731,0.08046155034638125,-0.32840870378857107
Western_Wood_Pewee_0051_98206.jpg,0.35109891832793017,-0.3275921127570345,-0.10235993361047765
Western_Wood_Pewee_0050_98241.jpg,0.42334627108278766,-0.08731549713750009,-0.31411100546282095
Western_Wood_Pewee_0013_98268.jpg,0.5405717505924859,0.2508239460706756,-0.22449842546921758
Western_Wood_Pewee_0065_98001.jpg,0.4412061010711831,-0.024694683778841764,-0.10985053573128221
Western_Wood_Pewee_0056_98026.jpg,0.5035584117733356,0.16380046307823215,-0.1030730052223147
Western_Wood_Pewee_0063_98295.jpg,0.4510157877120706,-0.030061050986453397,-0.25247028235342744
Western_Wood_Pewee_0069_98299.jpg,0.4626529946489517,0.04150468285773179,0.0291013303065263
Western_Wood_Pewee_0001_98045.jpg,0.44188141051177987,-0.06744663284994878,-0.05364978570473841
Sayornis_0137_98305.jpg,0.5661824381987107,0.33395517159205146,0.25421932328994357
Sayornis_0022_98308.jpg,0.4549987466268477,-0.028723438420038105,-0.4344604382047115
Sayornis_0115_99335.jpg,0.37326319960038035,-0.23810772895744425,-0.04501868404570912
Sayornis_0134_98339.jpg,0.4939789003903323,0.11090895494960429,0.13504437727530594
Sayornis_0105_98853.jpg,0.3968989384914322,-0.17578058033610522,0.22111848579629068
Sayornis_0030_98343.jpg,0.48583271311178444,0.08243041482006808,-0.4167068566196257
Sayornis_0075_98350.jpg,0.3574407384980143,-0.3141684211719036,-0.013856596687696641
Sayornis_0119_98864.jpg,0.44544453013778984,-0.03410209983124424,0.3470714863038572
Sayornis_0042_98874.jpg,0.3799806599292034,-0.22575841945095743,-0.1571043026893101
Sayornis_0061_98375.jpg,0.4319888454191375,-0.09446274234666463,0.004104479317632934
Sayornis_0069_98914.jpg,0.46617625646091243,0.024346427401446435,0.09673055808528135
Sayornis_0067_98930.jpg,0.4537587202139405,-0.008977888127208677,0.4295690689899131
Sayornis_0039_98420.jpg,0.4159444375777377,-0.11918560411238621,0.22418563478870088
Sayornis_0116_98939.jpg,0.4066980250799861,-0.1285536213448928,0.2022484212751626
Sayornis_0079_98434.jpg,0.429261366064176,-0.0837944710148586,0.11638189650911829
Sayornis_0037_98949.jpg,0.43108141045171045,-0.07835772867400581,0.4319795625061794
Sayornis_0032_98962.jpg,0.47604230395962677,0.07912376520692066,0.2971324609173644
Sayornis_0029_99535.jpg,0.4857465909734727,0.08870522615923515,0.2744226066132343
Sayornis_0094_98512.jpg,0.4854758347514052,0.08614375979262712,0.07349694215223818
Sayornis_0080_98518.jpg,0.4452135639890852,-0.03309328928763189,0.34481338849712995
Sayornis_0047_98524.jpg,0.4397677349437207,-0.04652493181996231,-0.10192036074687139
Sayornis_0125_98528.jpg,0.4643394069536396,0.0466049707975813,0.18692956480129144
Sayornis_0045_98549.jpg,0.3946624988855779,-0.20359745104319793,0.3605034602495334
Sayornis_0108_98553.jpg,0.4835139805956552,0.09384645187639895,0.0939794971804774
Sayornis_0136_99099.jpg,0.43616871293475745,-0.03739323899183766,0.301511914868582
Sayornis_0007_99117.jpg,0.37696741455277916,-0.23794792681415022,0.031213028927792607
Sayornis_0021_98710.jpg,0.3424263327219075,-0.3584711797667224,0.059352041238154504
Sayornis_0077_98724.jpg,0.562128971236161,0.32584273830054755,0.22199614581631896
Sayornis_0014_98889.jpg,0.404381084657792,-0.15109980281748125,0.21929402678389529
Sayornis_0100_98782.jpg,0.4308581441441962,-0.044047475030672745,0.2574557023066872
American_Pipit_0010_99843.jpg,0.32597143700258624,-0.4247771971350929,0.28825181367801306
American_Pipit_0124_99848.jpg,0.48930397730103425,0.10807001940084782,0.20590453401547365
American_Pipit_0048_100140.jpg,0.3014478855911137,-0.5137241967003936,-0.09023686196605148
American_Pipit_0072_99631.jpg,0.4622183141632483,-0.007352374170204623,-0.061881312852984253
American_Pipit_0104_100147.jpg,0.5776562612631138,0.3534893150531191,-0.15424093359600122
American_Pipit_0078_99898.jpg,0.41111127298146466,-0.10438365391045568,0.2389534041722627
American_Pipit_0017_99902.jpg,0.5096553502773544,0.16129722673713454,0.24856058045249674
American_Pipit_0007_99808.jpg,0.4053056943629326,-0.12360429474956725,0.16293215787133947
American_Pipit_0029_99667.jpg,0.549248520621691,0.2896689102451998,0.5430753341902205
American_Pipit_0035_100181.jpg,0.44070867086465637,-0.04839891661062201,0.2550526465220558
American_Pipit_0059_99628.jpg,0.4850652896518882,0.08501014992318123,0.09628428777993775
American_Pipit_0123_99929.jpg,0.5446518413687402,0.2620351241285257,0.28276065349761104
American_Pipit_0111_99940.jpg,0.5019581688179111,0.12074619604363612,0.22991387738032756
American_Pipit_0022_100227.jpg,0.41475460995090374,-0.1288042502613842,-0.05682145814196268
American_Pipit_0088_100213.jpg,0.41395436648603046,-0.145027867768446,0.019819787232465098
American_Pipit_0066_99961.jpg,0.4107133493917473,-0.12973187734241654,-0.06847032734159998
American_Pipit_0109_99710.jpg,0.5283936914475005,0.20854590854273336,0.34595960496285894
American_Pipit_0001_100225.jpg,0.49679523087045896,0.12021327090450595,0.12397423725342105
American_Pipit_0099_99971.jpg,0.49830775523043047,0.12887589688719814,-0.10309262616315416
American_Pipit_0046_100240.jpg,0.4257326886393994,-0.09747860500046213,-0.005005835071535479
American_Pipit_0098_99986.jpg,0.42040003686371974,-0.08552414122847396,-0.16512916116144982
American_Pipit_0090_99651.jpg,0.5294963933956762,0.2145297414595193,-0.02241528879262523
American_Pipit_0091_100276.jpg,0.5085062011717891,0.14323354150460554,0.14684668587140043
American_Pipit_0043_100027.jpg,0.38952882113620935,-0.19670704003897188,0.33305045217067386
American_Pipit_0121_100040.jpg,0.38369904044400716,-0.20319802239677154,0.33226172970820456
American_Pipit_0101_100053.jpg,0.5121471303633287,0.16136446757266243,0.010303573545138327
American_Pipit_0080_100055.jpg,0.5867566457054278,0.38238227562325866,0.3535482705864493
American_Pipit_0041_100060.jpg,0.42685846215545764,-0.09014593107532698,-0.20747532170373642
American_Pipit_0070_100061.jpg,0.40419174570185623,-0.13783173706459895,0.16270850945392085
American_Pipit_0119_99622.jpg,0.4076650229346668,-0.12477029229603409,0.4468526696712476
Whip_Poor_Will_0042_796419.jpg,0.5197037873363757,0.23750352143705233,0.14267437241337952
Whip_Poor_Will_0028_796421.jpg,0.5010405410303196,0.1451168179123974,0.5222228431370849
Whip_Poor_Will_0045_796422.jpg,0.525058025554371,0.24804216994013673,0.14512274953685317
Whip_Poor_Will_0005_796425.jpg,0.4498288932209802,0.022996605507892287,0.08257463588081491
Whip_Poor_Will_0021_796426.jpg,0.5740409640166508,0.3664880134635792,0.17884121795707772
Whip_Poor_Will_0002_796427.jpg,0.5392140849170486,0.2431979255262986,0.002128105297990468
Whip_Poor_Will_0041_796428.jpg,0.49299210997399867,0.13939629366752515,0.09285535665288329
Whip_Poor_Will_0019_796433.jpg,0.41451247911060485,-0.09496565322270567,0.145418050332162
Whip_Poor_Will_0025_796434.jpg,0.4567154499353294,-0.014437180497458568,-0.03600457369593315
Whip_Poor_Will_0015_796435.jpg,0.40635688118541247,-0.1517235396401908,0.0664113420604888
Whip_Poor_Will_0032_796437.jpg,0.5224592710486479,0.21563387728600136,0.3563517541001355
Whip_Poor_Will_0022_796438.jpg,0.4931059222258345,0.1532470055633669,-0.03476460752849022
Whip_Poor_Will_0027_796441.jpg,0.5266022549692916,0.23979147636753895,0.042904692832996645
Whip_Poor_Will_0020_100396.jpg,0.4858304251613711,0.10392954035606627,-0.12231344938069313
Whip_Poor_Will_0036_100399.jpg,0.5715075236514073,0.3580633982666239,-0.14382079982631452
Whip_Poor_Will_0029_796432.jpg,0.4536315222928212,0.04097106586729593,0.20169849002956158
Whip_Poor_Will_0039_796408.jpg,0.4590318518356271,0.03531879649817293,0.029411222290232596
Whip_Poor_Will_0023_796410.jpg,0.5044424785265915,0.19915678306227258,0.3175005236579367
Whip_Poor_Will_0034_796413.jpg,0.5118788091624469,0.21407097886289106,-0.08604035478595197
Horned_Puffin_0068_100872.jpg,0.4244531324919242,-0.059882636618056706,0.585486335214053
Horned_Puffin_0011_100621.jpg,0.538384621288139,0.2921443476018992,0.24639598641619445
Horned_Puffin_0065_100625.jpg,0.4991833831687098,0.1442366599683229,0.6188639757048342
Horned_Puffin_0074_100886.jpg,0.5186161585566454,0.19798020719424836,0.47367108105224526
Horned_Puffin_0015_100889.jpg,0.4173871686845305,-0.10094980979368229,0.5348312013633867
Horned_Puffin_0039_100890.jpg,0.4381288613239699,-0.02703259264047042,0.4351494467946979
Horned_Puffin_0084_100637.jpg,0.5003994246794136,0.18485559438695787,0.171916894838669
Horned_Puffin_0050_100645.jpg,0.5258179182625236,0.20590626044992477,0.20086959656262832
Horned_Puffin_0083_100649.jpg,0.5421534599315345,0.24789755082637321,0.08811002677130696
Horned_Puffin_0027_100906.jpg,0.556818544479464,0.31938412584184206,0.11238686633633278
Horned_Puffin_0071_100651.jpg,0.5168141234228272,0.19575375816393636,0.03173022177329622
Horned_Puffin_0054_100915.jpg,0.42418292082259756,-0.08743766128503916,0.2294509892389124
Horned_Puffin_0048_100916.jpg,0.55015296263204,0.3076601860849658,0.46365930788809734
Horned_Puffin_0075_100664.jpg,0.35668201002638034,-0.30892592941046315,0.09930761121267824
Horned_Puffin_0059_100925.jpg,0.46265062965072556,0.04779827869021491,0.32058828253985994
Horned_Puffin_0077_100671.jpg,0.4855058189195953,0.11054815696417097,0.3640864324439147
Horned_Puffin_0035_100690.jpg,0.5721503612680532,0.382064077567972,0.12594728764024646
Horned_Puffin_0069_101018.jpg,0.42476998622917894,-0.08141508356921401,0.5189791587506379
Horned_Puffin_0047_100967.jpg,0.4457327771504471,-0.043776912234365195,0.4962576386302303
Horned_Puffin_0036_100974.jpg,0.4659153754843859,0.024744449038504812,0.22928211186878042
Horned_Puffin_0038_100635.jpg,0.5267304273962616,0.24914200983771928,0.4632620243417848
Horned_Puffin_0003_101045.jpg,0.4995901077021254,0.12443951134433473,0.21145169665703975
Horned_Puffin_0051_101048.jpg,0.43882037763667336,-0.032044497616365186,0.20558811342540154
Horned_Puffin_0045_100803.jpg,0.6573148531719359,0.5765655939824175,0.42130525696660553
Horned_Puffin_0019_101063.jpg,0.49937522287347735,0.1233727201366801,0.44793969837112546
Horned_Puffin_0010_100771.jpg,0.5461701936460968,0.30088526348999634,0.28398352551681233
Horned_Puffin_0073_100830.jpg,0.35889816842333333,-0.30891416861031806,0.4967203226071593
Horned_Puffin_0026_100937.jpg,0.5316226108239495,0.22453709323155546,0.4652864467218656
Horned_Puffin_0061_100845.jpg,0.44787379631134816,-0.0264980096995604,0.3444473691466063
Horned_Puffin_0079_100847.jpg,0.4371040803353473,-0.08204405413045124,0.10226885753649105
Common_Raven_0089_101891.jpg,0.5194627499903474,0.22497360396177368,0.18676808268137238
Common_Raven_0059_101893.jpg,0.5089913515233228,0.2186162495911047,0.26287569992610965
Common_Raven_0070_101896.jpg,0.5733016336665936,0.3481065781014284,0.2392205875268442
Common_Raven_0043_101901.jpg,0.44660608136620206,-0.002896850472743351,0.6139233626032984
Common_Raven_0024_101394.jpg,0.5530414025690265,0.32557833199369013,0.32892062260643506
Common_Raven_0052_101909.jpg,0.5541356314232266,0.3017209715625834,-0.01736702646490363
Common_Raven_0107_101412.jpg,0.5541168861765493,0.2999435119144295,0.043399615309796316
Common_Raven_0023_102437.jpg,0.4477793664845615,-0.00223013317438836,0.2435510179775344
Common_Raven_0065_102465.jpg,0.6077446848460302,0.45268688408465696,0.09299725253191839
Common_Raven_0126_101459.jpg,0.5011705254014265,0.17255957716876713,-0.15047008308314397
Common_Raven_0060_102013.jpg,0.49752838423160584,0.13426327190347287,0.19237720593735913
Common_Raven_0075_102530.jpg,0.4876967405620184,0.07934314601542536,-0.07912241920649449
Common_Raven_0036_102025.jpg,0.6298339048977284,0.5136747193015119,0.05000456887866184
Common_Raven_0091_101524.jpg,0.552603474339656,0.3206474654051855,0.31077807218034786
Common_Raven_0092_102550.jpg,0.6021340244019655,0.44149821166813985,-0.2735498003149423
Common_Raven_0085_102041.jpg,0.5081035363830699,0.19238185271069375,0.09704902273795049
Common_Raven_0132_101543.jpg,0.5255890131952401,0.24963338539388868,0.09789982832872937
Common_Raven_0093_102058.jpg,0.5299738264381673,0.21988810630624023,0.3119497627995889
Common_Raven_0025_102584.jpg,0.5454762548155984,0.2886387538732078,0.3252456299449402
Common_Raven_0129_102094.jpg,0.6402882424821454,0.5298588414012251,0.21738152952660383
Common_Raven_0128_102017.jpg,0.5857100500973513,0.40963440852060196,0.19404857347973356
Common_Raven_0122_101708.jpg,0.6220843697594034,0.4747317399302604,-0.009011910419080067
Common_Raven_0018_101713.jpg,0.5734148242220618,0.35738881230336916,0.3961900361885069
Common_Raven_0033_101759.jpg,0.5632796288736612,0.313394582601193,0.1584071896462369
Common_Raven_0021_101767.jpg,0.5158822176143465,0.2183838729287143,0.438469405939604
Common_Raven_0082_102306.jpg,0.5125478428638288,0.20905021846753202,0.39730629700544573
Common_Raven_0053_101291.jpg,0.5053216050267788,0.1554610919001972,0.2296979511212761
Common_Raven_0005_101347.jpg,0.5542105395679154,0.28784953282107006,0.09816780605435119
Common_Raven_0077_101349.jpg,0.37965077507181677,-0.22765003080178126,0.3731562940075491
Common_Raven_0015_101364.jpg,0.5395371759160494,0.2761455195743935,0.046724994535449246
White_Necked_Raven_0047_102660.jpg,0.3984187815669378,-0.17020622439199062,0.1389604580535345
White_Necked_Raven_0031_102686.jpg,0.42821558175724184,-0.06382437346503722,0.22483106232411598
White_Necked_Raven_0034_102598.jpg,0.5505783865716178,0.32457993045593503,0.00560201668615203
White_Necked_Raven_0039_102699.jpg,0.4947689130840274,0.1760707567582217,0.17414116172859004
White_Necked_Raven_0012_102700.jpg,0.43403826281376545,-0.06948235589019292,0.30255740306064427
White_Necked_Raven_0049_102713.jpg,0.5557801195398533,0.2968024979730971,0.3703378410606963
White_Necked_Raven_0058_102729.jpg,0.5710695590443369,0.37969253393785396,0.3564522658784067
White_Necked_Raven_0037_102734.jpg,0.4416666211399374,-0.0461803868508015,0.6111059704938843
White_Necked_Raven_0009_102518.jpg,0.45843810169717725,0.023194442757877187,0.08727912228894907
White_Necked_Raven_0015_102593.jpg,0.48186768475531483,0.11987399884162953,0.12319220268671424
White_Necked_Raven_0046_797343.jpg,0.4627580674183487,0.063729485176794,0.36358438486117334
White_Necked_Raven_0048_797345.jpg,0.6495142487393857,0.544412057051396,0.2995818588751476
White_Necked_Raven_0006_797347.jpg,0.5961375417669195,0.4104646997533906,0.1388997848395869
White_Necked_Raven_0029_797349.jpg,0.4483585843936253,-0.018993819657176836,0.1838022174447782
White_Necked_Raven_0065_797354.jpg,0.4572119151193851,0.002834557646923197,0.06876011000377714
White_Necked_Raven_0057_797358.jpg,0.4321069546452304,-0.05714415098118808,0.2810609458393132
White_Necked_Raven_0043_797363.jpg,0.44528676161644465,-0.025645838069973115,0.6237443148813593
White_Necked_Raven_0024_797364.jpg,0.4074241309682569,-0.1475964639032914,0.2820350149627658
White_Necked_Raven_0060_797365.jpg,0.5250071234554832,0.25624312519355297,-0.023899179923557067
White_Necked_Raven_0011_797367.jpg,0.5736070854047913,0.3695710101166608,0.27229937388929004
White_Necked_Raven_0056_797373.jpg,0.42276798610681576,-0.06399517213225692,0.14856345993314746
White_Necked_Raven_0019_797377.jpg,0.5079942786305386,0.18935934508769825,0.3057116342260166
White_Necked_Raven_0064_797378.jpg,0.37685584360410185,-0.234971294407611,0.5235061102262243
White_Necked_Raven_0062_797382.jpg,0.4340858676791268,-0.06232426047891071,0.4843054463040048
White_Necked_Raven_0016_797385.jpg,0.5639159777189475,0.3546236493043564,0.37099523980995097
White_Necked_Raven_0040_797386.jpg,0.5281548101734725,0.2149714460879918,0.23470797751468653
White_Necked_Raven_0008_797389.jpg,0.44104860228897114,-0.023678035168801514,0.1360456825000654
White_Necked_Raven_0028_797392.jpg,0.4594753314569362,0.04271604176957611,0.32522150933280036
White_Necked_Raven_0070_102645.jpg,0.5118963648140478,0.20626105714228304,0.19648404403735376
White_Necked_Raven_0005_102653.jpg,0.5092009227892959,0.18972630441622718,0.47773484308789244
American_Redstart_0094_103425.jpg,0.47657645246498503,0.06349074821872158,0.16757432312145235
American_Redstart_0044_103433.jpg,0.4871729646174511,0.09073691464927092,-0.4918305462804913
American_Redstart_0103_102946.jpg,0.45221782494070106,-0.013949521060024672,0.5828221901260181
American_Redstart_0082_102973.jpg,0.41318732348717324,-0.1641803704421665,0.28048271965897337
American_Redstart_0048_104021.jpg,0.4310348086816149,-0.0545027928590176,0.5359628643920962
American_Redstart_0078_103268.jpg,0.43748081544442385,-0.07781138360122086,0.4168466976456393
American_Redstart_0020_104027.jpg,0.4276378159661346,-0.09025346714568938,0.34621290189687365
American_Redstart_0035_103017.jpg,0.5486234931952464,0.3155104212307869,0.5175479291662654
American_Redstart_0064_103081.jpg,0.4667123951901644,0.055164552776018616,0.5069840171690233
American_Redstart_0058_103082.jpg,0.4573222228158811,0.029512041026122038,0.4394470607750225
American_Redstart_0120_103089.jpg,0.43365533683519253,-0.08713572005758974,-0.3285792216236055
American_Redstart_0126_103091.jpg,0.43910122395269924,-0.07263716985204738,-0.27126237858916197
American_Redstart_0122_103102.jpg,0.43396724711308865,-0.03698873459501706,0.5304536892097408
American_Redstart_0119_104057.jpg,0.4239544457388741,-0.10317254384032148,0.3095224070330803
American_Redstart_0041_103717.jpg,0.3683301335536784,-0.28789850990087373,0.2502875191901832
American_Redstart_0002_103723.jpg,0.4177363953588452,-0.11431599463969011,0.3434099753274584
American_Redstart_0026_103729.jpg,0.4015643882389459,-0.18030414406823114,-0.0532038984330712
American_Redstart_0097_103238.jpg,0.3887554564255574,-0.21133200188502332,0.2222444757837776
American_Redstart_0038_103278.jpg,0.419885339167557,-0.12103870813109352,0.6199334353022325
American_Redstart_0059_103402.jpg,0.45128082620463295,-0.01650808577608176,0.41623069684013464
American_Redstart_0037_102818.jpg,0.4397499135527594,-0.0626975671946941,0.32277989027393583
American_Redstart_0055_103750.jpg,0.3801890901306484,-0.25667054161061276,0.057587086392013
American_Redstart_0137_102848.jpg,0.43692623023249555,-0.05706182315966335,0.6077839113036249
American_Redstart_0047_102860.jpg,0.3807582063622882,-0.23164301797891507,-0.003548844847513784
American_Redstart_0034_102866.jpg,0.4372016646892317,-0.06027406382408351,0.5475564049130377
American_Redstart_0088_103892.jpg,0.4381848429112013,-0.0649340738593005,0.46775536250838384
American_Redstart_0012_103385.jpg,0.3860291453102569,-0.23706007836088627,0.3428903700957403
American_Redstart_0086_102876.jpg,0.45960565711047474,0.0029106615623833987,0.2907453632810129
American_Redstart_0107_102888.jpg,0.48597611662462825,0.11377153364458392,0.23140701317261458
American_Redstart_0110_103924.jpg,0.46096196520255495,0.031834008031807914,0.42402714458902735
Geococcyx_0050_104506.jpg,0.43074584032437147,-0.05270471548595612,0.1375258805094232
Geococcyx_0040_104507.jpg,0.6091732535001885,0.47086418767669014,0.2336271345418379
Geococcyx_0067_104537.jpg,0.560567068586892,0.3028691576488167,-0.06507428558672837
Geococcyx_0024_104243.jpg,0.44100371273696803,-0.012683074396575789,-0.4713428591765455
Geococcyx_0118_104131.jpg,0.4573195830606859,0.016962813707904534,0.4592888598275645
Geococcyx_0099_104134.jpg,0.4143004985705858,-0.09214849752677612,0.5640807373643185
Geococcyx_0056_104142.jpg,0.4796523000668508,0.079282931408724,0.012091044757458948
Geococcyx_0136_104144.jpg,0.4431332584901586,-0.026840459061160615,-0.5180277816842408
Geococcyx_0020_104164.jpg,0.4865126437366175,0.07794693096555427,0.07121137888090412
Geococcyx_0045_104166.jpg,0.5446633368642344,0.25476372618263876,0.2020365451539446
Geococcyx_0120_104176.jpg,0.510369846815089,0.17349919285474757,-0.006683398885461274
Geococcyx_0137_104693.jpg,0.5261361353753634,0.2217174257111897,0.18385588489043067
Geococcyx_0077_104185.jpg,0.42968328158041924,-0.06642592216708443,0.20898983249804012
Geococcyx_0033_104195.jpg,0.5756421071868647,0.3571091691938759,0.08018822986712808
Geococcyx_0134_104196.jpg,0.6049500686882148,0.4469130334210658,-0.11608573895940726
Geococcyx_0135_104716.jpg,0.5145825759105553,0.16800366520810983,0.11996890599772707
Geococcyx_0101_104230.jpg,0.5037409135585115,0.15958783095003448,0.11578293506022093
Geococcyx_0062_104743.jpg,0.503243997222202,0.12294638980627104,-0.021175265953547462
Geococcyx_0116_104240.jpg,0.4178990298766392,-0.1294557209686018,0.22453837432326246
Geococcyx_0079_104249.jpg,0.5477220259139162,0.28097458051950774,-0.3785558597986329
Geococcyx_0063_104250.jpg,0.4927208439709001,0.10204206611924016,-0.04037260356156306
Geococcyx_0059_104258.jpg,0.4476177886995224,-0.032831190644407204,-0.13190814889994493
Geococcyx_0133_104267.jpg,0.45196830210313,-0.014606591035592587,-0.10602057954938676
Geococcyx_0139_104277.jpg,0.51287025009256,0.19349504500769188,-0.21666431718229204
Geococcyx_0015_104792.jpg,0.5288744561847925,0.2566155719094765,-0.1919673508168772
Geococcyx_0027_104291.jpg,0.37989575360818817,-0.22753857150321632,-0.03014971900219963
Geococcyx_0048_104817.jpg,0.4930726870641867,0.10802612490419461,-0.20819564171846267
Geococcyx_0108_104350.jpg,0.5376682955517551,0.2568453061408029,0.3452994921750696
Geococcyx_0012_104352.jpg,0.5213440919161874,0.1943635920503184,0.37642001143673504
Geococcyx_0011_104779.jpg,0.44789547958034404,-0.0075886168529828435,-0.09755689739287211
Loggerhead_Shrike_0022_105501.jpg,0.4848475542717776,0.08940193585975931,-0.49609827230405157
Loggerhead_Shrike_0086_105005.jpg,0.4962066348544857,0.11990063473846646,-0.25060834066921706
Loggerhead_Shrike_0108_105023.jpg,0.48147842240384275,0.10237915765165706,-0.0971042528395539
Loggerhead_Shrike_0089_106055.jpg,0.4812239304244268,0.08328505156854671,-0.3026165542135543
Loggerhead_Shrike_0059_106086.jpg,0.477767210341666,0.03945199243678166,0.1408446002212412
Loggerhead_Shrike_0115_105575.jpg,0.419607947007827,-0.0864676643559028,-0.18798215275979563
Loggerhead_Shrike_0091_105076.jpg,0.41030645242664976,-0.133889238128305,-0.10347293349908367
Loggerhead_Shrike_0125_105594.jpg,0.4998800784186469,0.15090422558940286,-0.43224296957588226
Loggerhead_Shrike_0075_106153.jpg,0.49248413702191796,0.09647835695638118,0.10812010351369235
Loggerhead_Shrike_0069_73908.jpg,0.43977240088466407,-0.007831521323737878,0.021533697421243378
Loggerhead_Shrike_0088_105663.jpg,0.512674003469323,0.1707458071055562,-0.28751653339747174
Loggerhead_Shrike_0118_105157.jpg,0.4847360289522191,0.13375493331674304,0.40004420964614384
Loggerhead_Shrike_0106_105437.jpg,0.4121375434592438,-0.14631096104377406,-0.24789274397306055
Loggerhead_Shrike_0025_104828.jpg,0.41167396685143565,-0.13707094484147575,-0.06873634755372188
Loggerhead_Shrike_0002_105195.jpg,0.4067701491882014,-0.16450899438995026,-0.023187994842462187
Loggerhead_Shrike_0028_106221.jpg,0.4684325185675966,0.06399605213340376,0.16438358756378227
Loggerhead_Shrike_0064_106225.jpg,0.49774479407136896,0.1579667629538405,0.1974772806556272
Loggerhead_Shrike_0120_105777.jpg,0.42964427639521063,-0.04975498784561383,-0.07034052435495933
Loggerhead_Shrike_0126_106316.jpg,0.49025124517175755,0.12081349611547376,0.26208817146981805
Loggerhead_Shrike_0123_105849.jpg,0.42544443806130583,-0.0977451299415022,-0.15170506055891567
Loggerhead_Shrike_0039_106367.jpg,0.4788934629525172,0.11096012911711906,-0.3263723104484294
Loggerhead_Shrike_0101_105392.jpg,0.5059924407333821,0.1796018534916003,0.014630128554069123
Loggerhead_Shrike_0010_104866.jpg,0.3843513422105087,-0.20939296137226715,0.16647871186937274
Loggerhead_Shrike_0023_105892.jpg,0.43634244563509006,-0.02692062505060222,-0.13851765424529652
Loggerhead_Shrike_0021_104885.jpg,0.5057067956932819,0.18049476964244637,-0.41568434964013196
Loggerhead_Shrike_0068_105400.jpg,0.4188964445083856,-0.10487311576260328,-0.004215316926768105
Loggerhead_Shrike_0017_104864.jpg,0.4349484740953341,-0.028380118888005068,-0.027341258649099563
Loggerhead_Shrike_0026_104898.jpg,0.49382160970305333,0.11724327362136389,-0.3289965148058728
Loggerhead_Shrike_0110_105947.jpg,0.46257051026770246,0.02312749426277705,-0.2075092671339868
Loggerhead_Shrike_0030_104930.jpg,0.3988965977446133,-0.17066451649688386,0.05769299633010616
Great_Grey_Shrike_0048_106754.jpg,0.5445270304739257,0.2738126339894078,0.4123400969052926
Great_Grey_Shrike_0066_106759.jpg,0.4845139400253803,0.08321502474630127,0.36737500767636727
Great_Grey_Shrike_0068_797060.jpg,0.45878561639555204,0.0050961709842360925,0.4316767724012987
Great_Grey_Shrike_0086_106533.jpg,0.37610640516047233,-0.23475604243387793,-0.31391208656333325
Great_Grey_Shrike_0053_106792.jpg,0.441655947710216,-0.05394615234896083,0.20324914204838523
Great_Grey_Shrike_0094_106576.jpg,0.4842804020968078,0.0854248432198168,0.2903375013147476
Great_Grey_Shrike_0027_797009.jpg,0.3946392156230967,-0.19487731734239921,0.2430281610334329
Great_Grey_Shrike_0039_797015.jpg,0.48488920391211365,0.07915309696127104,-0.021263428566192618
Great_Grey_Shrike_0075_797022.jpg,0.4501686210900522,-0.016226687393769534,-0.3078612432369336
Great_Grey_Shrike_0010_797023.jpg,0.47970710818262396,0.07658528568854706,0.3115375995788509
Great_Grey_Shrike_0080_106850.jpg,0.5764716743820332,0.3657819896271318,0.29633966203367995
Great_Grey_Shrike_0065_797027.jpg,0.531688319561739,0.22481760241066784,0.4360508676423941
Great_Grey_Shrike_0011_106852.jpg,0.4492070378787766,-0.015016927959640158,0.16129165526451322
Great_Grey_Shrike_0015_797031.jpg,0.44487918748544697,-0.03600096778667994,0.34005171612197893
Great_Grey_Shrike_0055_106858.jpg,0.4581168025201948,-0.012383063572367625,0.03898333333280323
Great_Grey_Shrike_0085_797037.jpg,0.3614644205382852,-0.29168516391319876,0.13971748631678255
Great_Grey_Shrike_0038_106617.jpg,0.5260304466055565,0.21285978660360239,0.1582029305183105
Great_Grey_Shrike_0025_106622.jpg,0.48713280309677476,0.1137335933953455,0.5935658007618972
Great_Grey_Shrike_0005_797055.jpg,0.4653979025901305,0.034958741435837104,0.0554570029535097
Great_Grey_Shrike_0062_106628.jpg,0.4940003834028238,0.12833815028416995,0.052589510486667115
Great_Grey_Shrike_0071_106861.jpg,0.4687011446642324,0.03288129802412265,0.08292289634406082
Great_Grey_Shrike_0082_106650.jpg,0.47779123704439963,0.07293098650334728,0.385094853730264
Great_Grey_Shrike_0012_106661.jpg,0.4147562654572563,-0.11608447925538279,-0.0057983013800460195
Great_Grey_Shrike_0044_106851.jpg,0.3819498187800421,-0.21142147914511522,0.1401666712267012
Great_Grey_Shrike_0023_106670.jpg,0.46242793669956606,0.04499394297548087,0.48837352574387966
Great_Grey_Shrike_0028_106678.jpg,0.4117961747013179,-0.15548007759998295,0.18586999448532643
Great_Grey_Shrike_0074_106689.jpg,0.4220412570139266,-0.12167794124028908,0.03065857707326976
Great_Grey_Shrike_0019_797049.jpg,0.45842837793870606,-0.001945605586320287,-0.015625317496506003
Great_Grey_Shrike_0060_797008.jpg,0.4385983859666118,-0.05262477226322049,0.17807954515431978
Great_Grey_Shrike_0091_797054.jpg,0.43433042488496565,-0.06769275655156015,0.3983141391902572
Baird_Sparrow_0012_794552.jpg,0.47911736413203787,0.06412635201318351,0.34875969839015014
Baird_Sparrow_0044_794554.jpg,0.49233204502036976,0.10558948022497838,-0.09426417311520968
Baird_Sparrow_0003_794558.jpg,0.4171523398751573,-0.09729943361219817,-0.12460909789898669
Baird_Sparrow_0023_794559.jpg,0.52156412844455,0.21264768958413693,0.40883896289158966
Baird_Sparrow_0042_794560.jpg,0.513283935280461,0.17284769252964416,0.0961318661593762
Baird_Sparrow_0037_794562.jpg,0.47828218257217736,0.07256139941486195,0.3231747845614235
Baird_Sparrow_0007_794563.jpg,0.5477806480799996,0.26909619152709563,0.04705123805614765
Baird_Sparrow_0005_794565.jpg,0.44361325004005614,-0.03097803961996992,0.16432838509745792
Baird_Sparrow_0033_794566.jpg,0.4565382011793051,0.013270424729203145,0.20457088472139193
Baird_Sparrow_0019_794567.jpg,0.45175485508702495,-0.022962420038523668,0.1705430095598465
Baird_Sparrow_0004_794568.jpg,0.4504670865807623,-0.033135370536536035,0.1275939600927785
Baird_Sparrow_0015_794573.jpg,0.5407718646259532,0.27134803712137645,0.16738707700239677
Baird_Sparrow_0011_794577.jpg,0.49470252122547453,0.09726965912112251,0.04076152224238297
Baird_Sparrow_0001_794578.jpg,0.48152551929498955,0.07116974100878914,0.027624444810834214
Baird_Sparrow_0006_794579.jpg,0.4337204716006581,-0.07940211655506846,-0.17293048490379234
Baird_Sparrow_0031_794580.jpg,0.4840712689688359,0.06165870485059877,-0.1409541819580122
Baird_Sparrow_0017_794586.jpg,0.4039521528485931,-0.19209210531058618,-0.40029368950001765
Baird_Sparrow_0013_794587.jpg,0.4828051293345319,0.06929563748381806,-0.1697861062640728
Baird_Sparrow_0020_106863.jpg,0.4901415789260968,0.11480631555758103,0.43305710856252116
Baird_Sparrow_0050_787316.jpg,0.5250516039250963,0.22325405068638515,-0.044514500708995694
Black_Throated_Sparrow_0056_107010.jpg,0.4060175308304471,-0.12983514273244912,0.17465475660993623
Black_Throated_Sparrow_0044_107270.jpg,0.4405910687368877,-0.08544879323382881,-0.2322161601101408
Black_Throated_Sparrow_0021_107021.jpg,0.4112469545338059,-0.15299033531682404,0.21377289329235225
Black_Throated_Sparrow_0054_107026.jpg,0.34435943732281626,-0.3652975203843791,-0.19276097411430945
Black_Throated_Sparrow_0050_107033.jpg,0.4364393435845253,-0.04249882677280592,0.05995358274115361
Black_Throated_Sparrow_0003_107035.jpg,0.39278813030432824,-0.21428667608999907,-0.2752217954610481
Black_Throated_Sparrow_0057_107036.jpg,0.5430302333696508,0.2882444493223162,-0.304656519598458
Black_Throated_Sparrow_0080_107050.jpg,0.3407096223582653,-0.3759482509160168,-0.10936588167239691
Black_Throated_Sparrow_0059_107060.jpg,0.3340893634358717,-0.3890361268764453,-0.3345014419966002
Black_Throated_Sparrow_0084_107066.jpg,0.3970561581100842,-0.21587096503060743,-0.16107047973538588
Black_Throated_Sparrow_0015_107079.jpg,0.40609556706662087,-0.14083234146095203,-0.18185383638743668
Black_Throated_Sparrow_0094_107085.jpg,0.3679025292186271,-0.2809469284801531,-0.10065073226688658
Black_Throated_Sparrow_0074_107113.jpg,0.35461263151087064,-0.3155313660979342,-0.32779268755101176
Black_Throated_Sparrow_0053_107282.jpg,0.41695197139952966,-0.11927880202352026,0.13098055301857414
Black_Throated_Sparrow_0098_107138.jpg,0.37053329546164815,-0.26510374870679,0.15248897583375515
Black_Throated_Sparrow_0005_107150.jpg,0.3819108802267589,-0.23115099590261434,-0.3497834069171747
Black_Throated_Sparrow_0040_107172.jpg,0.40830359697654206,-0.13078463284261654,0.3459389002598342
Black_Throated_Sparrow_0060_107177.jpg,0.42330605347643613,-0.12735246086959617,-0.35378207606385104
Black_Throated_Sparrow_0076_106995.jpg,0.3703549753440597,-0.30120805422381647,-0.12023901919062674
Black_Throated_Sparrow_0070_107196.jpg,0.3635331644054438,-0.2941869324358861,-0.11057837942220998
Black_Throated_Sparrow_0099_106944.jpg,0.4545947601384899,-0.006586304908584806,-0.3426221917279681
Black_Throated_Sparrow_0007_106999.jpg,0.37777761378195396,-0.25335644479263886,-0.43626615502769656
Black_Throated_Sparrow_0068_106960.jpg,0.47415930176081555,0.08503540553013345,-0.119220188574483
Black_Throated_Sparrow_0051_107217.jpg,0.46407969749541034,0.047062688298138866,-0.20904468972897944
Black_Throated_Sparrow_0002_106962.jpg,0.37360025998201685,-0.26871864402375945,-0.19632273236341283
Black_Throated_Sparrow_0061_106967.jpg,0.4246037436813994,-0.10619691905798656,-0.05116694078972768
Black_Throated_Sparrow_0043_107236.jpg,0.5059026744122085,0.14134367107660162,-0.2210350596310255
Black_Throated_Sparrow_0008_107000.jpg,0.4159066623553106,-0.10318751349465694,0.06966052503608913
Black_Throated_Sparrow_0039_107259.jpg,0.4639308756879913,0.026125362337439673,0.26872999656454893
Black_Throated_Sparrow_0013_107005.jpg,0.45136091724487315,0.0065781373205880955,0.2041834734254049
Brewer_Sparrow_0034_796693.jpg,0.45746729888989046,0.03189116385069002,0.43435800002707536
Brewer_Sparrow_0044_796698.jpg,0.4513420493929009,0.02448949335752415,-0.07135860740614075
Brewer_Sparrow_0007_796700.jpg,0.45641275952596805,-0.01644824256624733,0.03649921178419881
Brewer_Sparrow_0011_796708.jpg,0.4825646184393392,0.09017921915973037,0.3777524315996568
Brewer_Sparrow_0031_796712.jpg,0.35983497693165445,-0.29297539570314646,0.36005423126826425
Brewer_Sparrow_0027_796713.jpg,0.5125391809678804,0.18118575390471425,0.5136644974704804
Brewer_Sparrow_0072_796715.jpg,0.41015557681517867,-0.12877280280871028,0.033083443550205004
Brewer_Sparrow_0010_796716.jpg,0.5661315915448074,0.35719311986454005,0.3198867256764711
Brewer_Sparrow_0070_796717.jpg,0.43478102253886053,-0.0640517168852659,0.13881067852902004
Brewer_Sparrow_0055_796720.jpg,0.45009440924333244,0.010422672969350621,0.5311069424511805
Brewer_Sparrow_0042_796721.jpg,0.47804803647061855,0.07033200391339578,0.48131076094753167
Brewer_Sparrow_0065_107419.jpg,0.45177677424077456,-0.0030412760552220863,0.2941266277941119
Brewer_Sparrow_0047_107428.jpg,0.3981186162771666,-0.1772716769647107,0.38208698010321746
Brewer_Sparrow_0039_107431.jpg,0.5547529693840642,0.30362612540441236,0.055643753688361816
Brewer_Sparrow_0018_107437.jpg,0.36991435843900267,-0.2635922609685506,0.3105961084304333
Brewer_Sparrow_0061_107438.jpg,0.3602702431812518,-0.2978062636747558,-0.3175070389017769
Brewer_Sparrow_0024_107439.jpg,0.47780013086410555,0.08884765929937333,0.14030894445268347
Brewer_Sparrow_0037_107442.jpg,0.4535728618250575,0.002581935568957805,0.31021835523832303
Brewer_Sparrow_0005_107443.jpg,0.4253681294502035,-0.0953563491694267,0.21698380093435277
Brewer_Sparrow_0071_107446.jpg,0.4179363886706293,-0.11812917098210773,-0.07819261633236192
Brewer_Sparrow_0062_107456.jpg,0.485660397697953,0.09803553327488246,-0.0894206842532003
Brewer_Sparrow_0056_107458.jpg,0.45250984306459074,0.018918455908230936,0.15389240970415483
Brewer_Sparrow_0003_107459.jpg,0.3985506999487266,-0.20217971090415832,0.14807838626153785
Brewer_Sparrow_0050_107460.jpg,0.44681935360034997,-0.032054412589750614,0.3150452706619524
Brewer_Sparrow_0006_107463.jpg,0.39445342205422396,-0.20325609124728983,0.42428418974853044
Brewer_Sparrow_0052_107478.jpg,0.5031144883725788,0.15126581587987564,0.3343447376594643
Brewer_Sparrow_0043_107479.jpg,0.4299331640176116,-0.044214280140923545,-0.1510191737016728
Brewer_Sparrow_0067_107480.jpg,0.37622069446032136,-0.23485883855281742,0.4853344752971413
Brewer_Sparrow_0073_107518.jpg,0.47860435734550333,0.06010505009090428,0.07407348932879988
Chipping_Sparrow_0089_107535.jpg,0.394040820405418,-0.19881507795385778,0.09731435038167792
Chipping_Sparrow_0021_109588.jpg,0.4490296496953303,0.0011312587429475052,0.16628243719583694
Chipping_Sparrow_0096_109853.jpg,0.4164048399527983,-0.12303326959023964,0.2587053961496454
Chipping_Sparrow_0017_107552.jpg,0.4766764070204237,0.09155331333952821,0.2363180902380963
Chipping_Sparrow_0022_107825.jpg,0.38421914351871345,-0.2166394468734698,0.10964007085964132
Chipping_Sparrow_0018_108295.jpg,0.38494880199804904,-0.21462711094683207,0.301658454148454
Chipping_Sparrow_0052_109874.jpg,0.49131440086693035,0.13587272513671822,0.24002677866006988
Chipping_Sparrow_0061_109113.jpg,0.42425188237454425,-0.08909910156165668,0.38099415923387286
Chipping_Sparrow_0035_110138.jpg,0.5093637849863335,0.17198173324947486,0.21791286623349418
Chipping_Sparrow_0075_108348.jpg,0.5172471093868456,0.22395263453985492,0.10797337250044699
Chipping_Sparrow_0006_107849.jpg,0.4857388932850524,0.08062975401044992,-0.17795358099635547
Chipping_Sparrow_0041_108370.jpg,0.40715296144219526,-0.13569192934336938,0.20321668823766662
Chipping_Sparrow_0062_110187.jpg,0.43479457852854264,-0.045763398146107415,0.2987236261656386
Chipping_Sparrow_0091_108308.jpg,0.41088106351901277,-0.14401152944116835,-0.06657435017353244
Chipping_Sparrow_0090_14718.jpg,0.4875125940861621,0.12283534893201187,-0.15135493863466687
Chipping_Sparrow_0109_108162.jpg,0.43513765369841073,-0.060387464262841695,-0.11878412685681013
Chipping_Sparrow_0024_109445.jpg,0.3921897474038919,-0.20014188089072982,-0.06903177429921539
Chipping_Sparrow_0004_108430.jpg,0.4331865635575315,-0.04919673566428995,0.3010120039140047
Chipping_Sparrow_0050_108441.jpg,0.426569195276983,-0.06836827904828469,0.21622824836029217
Chipping_Sparrow_0097_107678.jpg,0.4143599531562121,-0.11294457885122311,0.43598467379011974
Chipping_Sparrow_0074_108401.jpg,0.48546335206535074,0.130253130056463,0.13689134289789795
Chipping_Sparrow_0085_109506.jpg,0.3918286175717892,-0.19994792618439616,0.4105104212378857
Chipping_Sparrow_0043_109509.jpg,0.3134245595007312,-0.4723983535675891,-0.33614294870503614
Chipping_Sparrow_0103_109529.jpg,0.38333778307754574,-0.222411494622053,-0.17608294290032936
Chipping_Sparrow_0086_109022.jpg,0.5027001643239306,0.12492087101642668,0.1423108739686655
Chipping_Sparrow_0111_108515.jpg,0.3890290097584769,-0.18368085469820183,0.3908571493245999
Chipping_Sparrow_0026_109010.jpg,0.4190399027366539,-0.1229688251588783,-0.12748558308738517
Chipping_Sparrow_0067_107508.jpg,0.30669195123791393,-0.4964155592386885,-0.0676909039609195
Chipping_Sparrow_0070_108281.jpg,0.37642731209752156,-0.2592704655186344,-0.11950888109339626
Chipping_Sparrow_0016_109051.jpg,0.41890667856241226,-0.13946323171369635,-0.27573319572066457
Clay_Colored_Sparrow_0072_110851.jpg,0.41280666041241443,-0.1477947477070185,0.34487679918089087
Clay_Colored_Sparrow_0020_110609.jpg,0.4411352265471912,-0.0251773673165836,0.03976773810333106
Clay_Colored_Sparrow_0001_110632.jpg,0.44330467295537745,-0.052837092582379785,0.24202497084074973
Clay_Colored_Sparrow_0055_110647.jpg,0.3887413991151806,-0.1956123896286881,0.314923854500531
Clay_Colored_Sparrow_0028_797241.jpg,0.4113726050844253,-0.1478394155964453,0.23451817272070427
Clay_Colored_Sparrow_0042_797243.jpg,0.37220420078073546,-0.2527480100342787,0.3300514147605685
Clay_Colored_Sparrow_0048_110653.jpg,0.35074745282222053,-0.33436616458801316,0.31133232295641133
Clay_Colored_Sparrow_0094_797250.jpg,0.49794936418222024,0.15382096137207746,0.09995350591281088
Clay_Colored_Sparrow_0075_797251.jpg,0.42603849205215605,-0.09171198116645063,0.15658220191790417
Clay_Colored_Sparrow_0034_797252.jpg,0.408281879804933,-0.12495851517542444,0.35415681644608127
Clay_Colored_Sparrow_0085_797260.jpg,0.43807494579044026,-0.037187239241012415,0.06985844708085631
Clay_Colored_Sparrow_0090_110669.jpg,0.43307311430191775,-0.04246636951999849,0.3966605554323383
Clay_Colored_Sparrow_0010_797262.jpg,0.4363307655012566,-0.03418571397087611,0.5556725170492091
Clay_Colored_Sparrow_0093_110677.jpg,0.4402595396824003,-0.053454304301614686,0.12206379510340236
Clay_Colored_Sparrow_0068_110706.jpg,0.4518284092311775,-0.013685049171468178,0.3650253995647876
Clay_Colored_Sparrow_0040_110717.jpg,0.5020266631140118,0.1390299331813215,0.2620130294357117
Clay_Colored_Sparrow_0073_110718.jpg,0.5000578266277516,0.16768474708484504,-0.015928252434925697
Clay_Colored_Sparrow_0046_110728.jpg,0.38839791716503114,-0.2101126795914452,0.35284011693342726
Clay_Colored_Sparrow_0083_110734.jpg,0.3612603538450784,-0.30645698084218065,-0.419332684190496
Clay_Colored_Sparrow_0049_110736.jpg,0.3761347683649696,-0.2579068777106406,-0.511521012629193
Clay_Colored_Sparrow_0031_110769.jpg,0.415634098623209,-0.13375628961039343,0.11887879030653364
Clay_Colored_Sparrow_0097_110516.jpg,0.5082476613331119,0.1823338337811412,0.3274321909632879
Clay_Colored_Sparrow_0009_797256.jpg,0.4328797728121494,-0.06441206713144765,0.4261767379548996
Clay_Colored_Sparrow_0038_110799.jpg,0.5132012169499068,0.18817727301522524,0.2728227187614573
Clay_Colored_Sparrow_0100_110545.jpg,0.4675279540054518,0.05408829010152194,0.3426955054070131
Clay_Colored_Sparrow_0022_110518.jpg,0.3737407579269332,-0.25150138704145863,0.023248075059027696
Clay_Colored_Sparrow_0014_797248.jpg,0.4822625608063449,0.08141016210353469,0.23868560841757966
Clay_Colored_Sparrow_0107_110825.jpg,0.4349920640438628,-0.021417304681633054,-0.24696794437017425
Clay_Colored_Sparrow_0008_110536.jpg,0.42360366191160825,-0.09565185005212129,0.36935603468440636
House_Sparrow_0134_112644.jpg,0.4419445463715792,-0.02314032847815417,-0.01338468633365
House_Sparrow_0019_112645.jpg,0.44354474869517124,-0.040072746788986535,-0.040132267921234796
House_Sparrow_0125_111130.jpg,0.4417893517304663,-0.023460211708518308,0.4549226216157806
House_Sparrow_0010_112678.jpg,0.460610440016773,0.03689251776362712,0.056175290219878084
House_Sparrow_0025_111669.jpg,0.46753016861019114,0.031192263058367864,0.10198304160833263
House_Sparrow_0028_113217.jpg,0.5554022487659581,0.3150916538131868,-0.12289653565815327
House_Sparrow_0041_112706.jpg,0.43493167079969486,-0.06596921304050696,-0.14303209205923398
House_Sparrow_0068_113247.jpg,0.46046002825913535,0.021362889677030594,-0.19439778708001607
House_Sparrow_0052_112252.jpg,0.4928116424469712,0.13595042708799876,0.004585420032632669
House_Sparrow_0094_112773.jpg,0.4792160629160561,0.09559655608469464,0.36396518771686537
House_Sparrow_0079_113288.jpg,0.44319714139064903,-0.03293504352062748,0.15140867630662425
House_Sparrow_0084_111300.jpg,0.4014516574768333,-0.1521963983407113,0.24902326578756898
House_Sparrow_0036_112847.jpg,0.44771063859394944,-0.02938663896135929,-0.3399502361278033
House_Sparrow_0002_112905.jpg,0.5188684675684031,0.202204290180801,0.1093112504765891
House_Sparrow_0143_111400.jpg,0.4506122597987654,-0.03624889957634081,-0.013335550280223922
House_Sparrow_0014_112947.jpg,0.5471420534925631,0.2801731988661166,0.16460141604415432
House_Sparrow_0015_111085.jpg,0.4360703577001467,-0.05724682662728453,0.1901889211068326
House_Sparrow_0127_111935.jpg,0.44074787180628205,-0.03696286960909134,0.23308723344329565
House_Sparrow_0005_111967.jpg,0.5052357684939002,0.17288963965295245,0.284106939523969
House_Sparrow_0063_111460.jpg,0.4461020102090796,-0.05121227955315888,-0.010424368968402507
House_Sparrow_0120_113001.jpg,0.5075209629089008,0.1769268714050941,0.21031505734316938
House_Sparrow_0126_110959.jpg,0.4286703167504341,-0.0821858370973374,0.22357623199447219
House_Sparrow_0004_111989.jpg,0.4533733566446023,-0.003042639048158824,-0.06844639409678285
House_Sparrow_0049_110976.jpg,0.5784828473168118,0.3511139491274615,0.25994956688506415
House_Sparrow_0096_111519.jpg,0.3909783842040807,-0.19020162725196377,0.146145813128919
House_Sparrow_0061_112795.jpg,0.4564027725108224,0.024541496210766622,0.1557206548202005
House_Sparrow_0007_111029.jpg,0.48590214358341277,0.10910333315746323,0.317625792711055
House_Sparrow_0033_112590.jpg,0.3836758486009657,-0.22419534082843384,-0.3028632535224908
House_Sparrow_0098_111073.jpg,0.5387409652947468,0.2653569229824907,0.15383603127380577
House_Sparrow_0050_111087.jpg,0.480797540100402,0.06022931157799938,-0.1151756075698272
Field_Sparrow_0063_113667.jpg,0.4723972097742132,0.03231317092370911,0.16406111414211574
Field_Sparrow_0060_114177.jpg,0.36842949252328716,-0.26331554635568155,0.25126605607842323
Field_Sparrow_0118_113416.jpg,0.4647913783605445,0.050779925109261215,0.2747970135035362
Field_Sparrow_0131_113582.jpg,0.4323608898361454,-0.049970718669364755,0.07114916151898393
Field_Sparrow_0120_113953.jpg,0.41283818110073023,-0.15864785189091735,0.27841279442050093
Field_Sparrow_0067_113448.jpg,0.41523725211105145,-0.11593265873025582,0.23121988092509851
Field_Sparrow_0008_113459.jpg,0.3745544818707397,-0.2733075348104388,0.15055562660452407
Field_Sparrow_0021_113461.jpg,0.4618250644382954,0.030829766491090815,0.05952163484297958
Field_Sparrow_0035_113479.jpg,0.4677651574443148,0.03291815038949786,0.4814013993486061
Field_Sparrow_0071_113747.jpg,0.3764285231965998,-0.2493614320703763,0.564959762035873
Field_Sparrow_0129_113748.jpg,0.4507981143280868,0.002588476557155106,0.6017068201080371
Field_Sparrow_0104_113524.jpg,0.4727919803124807,0.04457995857412067,0.2996020235357903
Field_Sparrow_0047_113801.jpg,0.47056575438913006,0.057155144299728344,0.3340697604962165
Field_Sparrow_0080_113811.jpg,0.5496898832623537,0.3133964838152671,0.5094063151002536
Field_Sparrow_0124_113868.jpg,0.38399922165138956,-0.21830614778493262,0.1151174290016714
Field_Sparrow_0042_113815.jpg,0.33029246753530606,-0.41116801340060505,0.04032998262904926
Field_Sparrow_0092_113580.jpg,0.4754424784792214,0.0918563737966045,0.4939033706965568
Field_Sparrow_0022_113838.jpg,0.43176777610949346,-0.06972736509191413,0.5905858848152515
Field_Sparrow_0006_113839.jpg,0.3870124213194456,-0.1989594505472536,0.2606665607318307
Field_Sparrow_0128_113587.jpg,0.528115818462622,0.25887879215956155,0.03031637402143626
Field_Sparrow_0123_113847.jpg,0.3968791238595304,-0.18644764584189977,0.6146148079247971
Field_Sparrow_0051_114107.jpg,0.5162193063586215,0.17263053301643005,0.5417158315119918
Field_Sparrow_0009_113860.jpg,0.4033963163628258,-0.1626524010202719,0.249269633613667
Field_Sparrow_0038_113356.jpg,0.3997732809671404,-0.17402834571935477,0.37735428923007464
Field_Sparrow_0016_110297.jpg,0.43955433292143664,-0.046304466788122056,-0.10428696384743028
Field_Sparrow_0109_113375.jpg,0.37059507468442976,-0.2886108191681367,0.48785256004474425
Field_Sparrow_0090_113613.jpg,0.41250697464384123,-0.11554698109400352,0.081089281614521
Field_Sparrow_0048_113387.jpg,0.47804013070836615,0.10488798360929374,0.20218068248899615
Field_Sparrow_0112_114159.jpg,0.43701808056943003,-0.08461255226206466,0.23696579352847957
Fox_Sparrow_0065_114945.jpg,0.5653788237050286,0.373606693054338,0.26794195787845004
Fox_Sparrow_0106_114720.jpg,0.3878395118774509,-0.19429734185611958,0.31317728048857285
Fox_Sparrow_0016_114213.jpg,0.4432515963919609,-0.012201244236177411,0.40092923844337636
Fox_Sparrow_0022_115248.jpg,0.4080872656570782,-0.11625152625544088,0.4960694044092381
Fox_Sparrow_0135_115251.jpg,0.4703826750912644,0.06676136327777527,0.4045575357735194
Fox_Sparrow_0103_115038.jpg,0.44428593421629636,-0.03986681826233185,0.10871846055746506
Fox_Sparrow_0020_114744.jpg,0.4669475641969616,0.011022939991576663,0.4094830318157017
Fox_Sparrow_0136_115278.jpg,0.3810766363835585,-0.22748242614690972,0.41779766810772395
Fox_Sparrow_0026_115281.jpg,0.500752279952809,0.13691173509827992,0.07415251686473256
Fox_Sparrow_0115_114855.jpg,0.5103899716166437,0.18228977741051666,0.494673305387017
Fox_Sparrow_0013_114344.jpg,0.5016134952742521,0.18689752727680853,0.40302602036277696
Fox_Sparrow_0057_114355.jpg,0.4641429966105203,0.0653368445348913,0.2730584022069819
Fox_Sparrow_0052_114878.jpg,0.49641082970051065,0.14377517938590656,0.44283986405325015
Fox_Sparrow_0121_114886.jpg,0.45833793856296545,0.034233783149075325,-0.08876654611391059
Fox_Sparrow_0099_115399.jpg,0.4580621027743801,0.008407736279901656,0.3756610937094454
Fox_Sparrow_0125_114557.jpg,0.6179926274472851,0.49761653556794283,-0.05304811734458146
Fox_Sparrow_0068_114967.jpg,0.45634703808683896,-0.010665086534812573,0.13654934568195537
Fox_Sparrow_0018_114468.jpg,0.4323059291905871,-0.09525488902075785,0.21441219691649566
Fox_Sparrow_0114_114481.jpg,0.3972540779609445,-0.1692467802173363,-0.2732606625938094
Fox_Sparrow_0123_114488.jpg,0.471815271103188,0.039297646498338334,0.26582188320080025
Fox_Sparrow_0083_114496.jpg,0.4633899261480223,0.015058827105964956,0.5389666185121056
Fox_Sparrow_0047_115022.jpg,0.4464631758550276,-0.03068737363132734,0.1993966952378951
Fox_Sparrow_0040_115034.jpg,0.4276249293515919,-0.10838344985189674,0.20086456416055756
Fox_Sparrow_0111_114527.jpg,0.44329930881110535,-0.029619210769795234,0.14646919342107503
Fox_Sparrow_0067_114528.jpg,0.5365478113809714,0.2628728711977898,0.1310968978800828
Fox_Sparrow_0054_114541.jpg,0.43545793457882154,-0.06556592697528862,0.22782596560789398
Fox_Sparrow_0062_115056.jpg,0.4499981351480903,-0.00039925870604839986,0.2366995026552131
Fox_Sparrow_0081_115630.jpg,0.4655475047095591,0.028935462179306537,0.5358008942294876
Fox_Sparrow_0094_114634.jpg,0.4569464937761363,0.009813147548848433,0.2812976953805684
Fox_Sparrow_0015_114650.jpg,0.49792376853432874,0.16776284346448467,0.3649231797335678
Grasshopper_Sparrow_0067_115979.jpg,0.4557597920666342,-0.024338630735807998,0.24457149123531702
Grasshopper_Sparrow_0117_115983.jpg,0.5362339755269735,0.246042283687258,0.03706106094471184
Grasshopper_Sparrow_0009_115984.jpg,0.4273113935559574,-0.061995509437315244,0.4316110894480386
Grasshopper_Sparrow_0053_115991.jpg,0.43522250212307767,-0.08527622925511191,0.15865193682130957
Grasshopper_Sparrow_0075_116260.jpg,0.39287319374237584,-0.21206640838017043,-0.32537776743428287
Grasshopper_Sparrow_0109_115750.jpg,0.4005317054677452,-0.15840593664917235,0.1792515085810648
Grasshopper_Sparrow_0120_116021.jpg,0.43526027995282746,-0.08890936713568909,0.42129343213703513
Grasshopper_Sparrow_0060_15159.jpg,0.4726880500505807,0.07499060918640954,0.3424401836339137
Grasshopper_Sparrow_0107_116286.jpg,0.5711148804817687,0.3390853118656848,0.42022647937388513
Grasshopper_Sparrow_0044_115681.jpg,0.4422069091259474,-0.06554383067096436,-0.3310402425448856
Grasshopper_Sparrow_0082_116300.jpg,0.42262347585137017,-0.12335949300491356,0.1335823144097251
Grasshopper_Sparrow_0078_116052.jpg,0.3679029873611718,-0.2817144651454446,0.07544736618303813
Grasshopper_Sparrow_0116_116066.jpg,0.42059638181822767,-0.0878759151615216,0.35773404115244395
Grasshopper_Sparrow_0099_116069.jpg,0.44693468341547804,-0.009643032834016019,0.30820814975486266
Grasshopper_Sparrow_0069_116332.jpg,0.47517367532369337,0.031920501005268664,0.0015267471497395072
Grasshopper_Sparrow_0015_116352.jpg,0.3456918178447468,-0.3650685726620002,0.3346589852435162
Grasshopper_Sparrow_0106_116028.jpg,0.42907066773196045,-0.08736422531305266,-0.3156361368129276
Grasshopper_Sparrow_0012_115849.jpg,0.43432828504013254,-0.03578637780360161,0.11595263270135925
Grasshopper_Sparrow_0021_116107.jpg,0.41517087520135343,-0.12440928435268783,0.4548212656826131
Grasshopper_Sparrow_0121_116110.jpg,0.5122374439945141,0.1793083734305767,0.09345079879210261
Grasshopper_Sparrow_0006_115864.jpg,0.4855813767424181,0.08472086305546944,-0.11913863348629605
Grasshopper_Sparrow_0016_115695.jpg,0.5118081955142915,0.19198763242576633,0.1411569613001235
Grasshopper_Sparrow_0077_116127.jpg,0.40699245907199444,-0.15696712888211084,0.34775404808831045
Grasshopper_Sparrow_0043_115880.jpg,0.4270422717822945,-0.10420089465072624,-0.42942846314222466
Grasshopper_Sparrow_0108_115894.jpg,0.35152703508570593,-0.3317173773939621,0.35348477515955345
Grasshopper_Sparrow_0102_116101.jpg,0.46041448698655274,0.03293536273772435,-0.14046652640098767
Grasshopper_Sparrow_0049_115918.jpg,0.505090970438686,0.177622768427806,0.36175128084839886
Grasshopper_Sparrow_0051_115923.jpg,0.40281103668330076,-0.1880928520681593,-0.04548725425217535
Grasshopper_Sparrow_0011_115937.jpg,0.4576671599763471,0.01687535011854835,-0.11748779080989029
Grasshopper_Sparrow_0101_116094.jpg,0.4474517713823819,-0.0535626455895275,0.37180953681328194
Harris_Sparrow_0007_116484.jpg,0.43603561065580076,-0.06547614955384051,-0.2310251911666549
Harris_Sparrow_0087_116490.jpg,0.4449078663615882,-0.027133624464598993,0.42629688330732657
Harris_Sparrow_0014_116494.jpg,0.4821557920044608,0.07754310159101041,0.2976108488752874
Harris_Sparrow_0042_116499.jpg,0.3974060536278371,-0.19316900120755687,0.6021508441193386
Harris_Sparrow_0076_116509.jpg,0.5347226837483438,0.23732601945930465,-0.17201547772643289
Harris_Sparrow_0084_116519.jpg,0.5184458362223956,0.17553269546650363,0.4366258662331147
Harris_Sparrow_0089_116531.jpg,0.494518879077832,0.09800997976814019,0.4190923728697196
Harris_Sparrow_0085_116534.jpg,0.43440053315706084,-0.04004930552953301,-0.08555375384749442
Harris_Sparrow_0082_116660.jpg,0.47762034017795574,0.0594968067870304,0.08768272259950216
Harris_Sparrow_0090_116664.jpg,0.4614178906819435,-0.011241678961546597,0.3597563414439773
Harris_Sparrow_0060_116576.jpg,0.5449825498192679,0.25409334430485164,0.2967080804576629
Harris_Sparrow_0004_116581.jpg,0.34722292309964387,-0.3558161659881751,0.15410378414468157
Harris_Sparrow_0083_116588.jpg,0.4149725923040297,-0.13204656909200319,0.1296134931147893
Harris_Sparrow_0045_116603.jpg,0.4506701889608188,0.024247744048747633,0.29993973414900044
Harris_Sparrow_0059_116608.jpg,0.4975508951815798,0.12540850730016195,0.22913274807534162
Harris_Sparrow_0002_116356.jpg,0.4658183328860964,0.04688101361614039,0.2048756396026913
Harris_Sparrow_0066_116362.jpg,0.45867204984309407,0.02029726403993426,0.17049715876618085
Harris_Sparrow_0050_116369.jpg,0.47960178525057606,0.07834723770234242,-0.13147613272641712
Harris_Sparrow_0086_116373.jpg,0.41268341716577794,-0.10975040708246753,0.19987105533416938
Harris_Sparrow_0010_116376.jpg,0.42121153158097735,-0.09868484125476029,0.3078704631701607
Harris_Sparrow_0033_116380.jpg,0.4113867639474539,-0.17814311133111738,-0.04676354180036233
Harris_Sparrow_0063_116383.jpg,0.49865732672455354,0.10973469285758641,0.2908911938617941
Harris_Sparrow_0001_116398.jpg,0.5009840231331315,0.1320625856064912,0.5626817928783633
Harris_Sparrow_0021_116399.jpg,0.45634354375529707,0.015236687290085982,0.2614877619472099
Harris_Sparrow_0070_116400.jpg,0.5149954389010984,0.20151477601683265,0.1017464217606826
Harris_Sparrow_0075_116404.jpg,0.37196658756957324,-0.27396229215209544,0.013021054383207971
Harris_Sparrow_0048_116405.jpg,0.4107339707885467,-0.13115277312570695,0.15808083631808298
Harris_Sparrow_0017_116636.jpg,0.4090485501280051,-0.12270008986138037,-0.10371271412522169
Harris_Sparrow_0067_116707.jpg,0.5861113177399525,0.3887090238721831,0.4771606965887466
Harris_Sparrow_0071_116476.jpg,0.4066383635138727,-0.15807311804370805,-0.2758875732513847
Henslow_Sparrow_0046_116740.jpg,0.40095241843860785,-0.19317561781591697,-0.20109205859369209
Henslow_Sparrow_0043_116756.jpg,0.4644842370109765,0.014175353365661891,0.2003187460424873
Henslow_Sparrow_0017_796591.jpg,0.4837539521101989,0.08531277497476863,0.6485175383424477
Henslow_Sparrow_0073_116803.jpg,0.4087375931051934,-0.1635164702992502,0.35685806406960086
Henslow_Sparrow_0075_116805.jpg,0.3577928227710909,-0.32114943764289205,0.11448283102796768
Henslow_Sparrow_0080_11360.jpg,0.4167887904676898,-0.14812489466229972,0.28133977148891454
Henslow_Sparrow_0022_116835.jpg,0.40939090988872184,-0.15907072234219877,0.4133341872471409
Henslow_Sparrow_0112_116845.jpg,0.4589615513098525,0.0031344780504805048,0.2730947703743424
Henslow_Sparrow_0104_796541.jpg,0.4422528472812922,-0.02894512052358289,0.4068503703120371
Henslow_Sparrow_0026_796542.jpg,0.4383029479664212,-0.006672042958958624,0.27698009780236665
Henslow_Sparrow_0086_796545.jpg,0.5309297690770612,0.24416616591573903,0.3310575763860147
Henslow_Sparrow_0055_796557.jpg,0.5485129594285104,0.3022408732299037,0.3152287118127381
Henslow_Sparrow_0040_116882.jpg,0.416591898388594,-0.12076325997487225,0.3685233700569309
Henslow_Sparrow_0100_796565.jpg,0.4472394721508026,-0.002625278870563852,0.2599260508540972
Henslow_Sparrow_0099_796567.jpg,0.390256116797021,-0.20917369601358882,0.15614439236444536
Henslow_Sparrow_0011_796568.jpg,0.47191646877022786,0.0466413700908308,0.49888801791129966
Henslow_Sparrow_0041_796572.jpg,0.3967181586550055,-0.19377741270868953,0.24514019194487177
Henslow_Sparrow_0028_796570.jpg,0.5578347114543494,0.30710457298596805,0.34063496519051295
Henslow_Sparrow_0109_796577.jpg,0.4560259087337668,0.029039386037013504,0.4021823662482514
Henslow_Sparrow_0013_796578.jpg,0.5924526893338702,0.403018048482482,0.29323163782001455
Henslow_Sparrow_0084_796587.jpg,0.5284093034145093,0.237673493395666,0.4634294729967465
Henslow_Sparrow_0039_796589.jpg,0.45310332991561275,-0.010351452869123978,0.5466656011736463
Henslow_Sparrow_0108_796592.jpg,0.49986261011026045,0.12471500442380845,0.33714162389027824
Henslow_Sparrow_0015_796593.jpg,0.45409289609652304,-0.017901058740247278,0.06936192862099776
Henslow_Sparrow_0010_796600.jpg,0.4778044696092828,0.054544457308497996,0.462668480147655
Henslow_Sparrow_0034_796602.jpg,0.48268983566557067,0.06587550908109374,-0.3592563099216621
Henslow_Sparrow_0033_796605.jpg,0.5056413743102537,0.15904146228582694,0.0922294151985602
Henslow_Sparrow_0068_796615.jpg,0.46383047615298356,0.053813307384000475,0.3241165648264891
Henslow_Sparrow_0060_796619.jpg,0.37578296293859537,-0.25200549218655,0.2509670320247008
Henslow_Sparrow_0056_796585.jpg,0.4326206439231661,-0.09110273260182189,0.21542177051443967
Le_Conte_Sparrow_0005_795137.jpg,0.39792378778079285,-0.1703470710506041,0.109722373523685
Le_Conte_Sparrow_0050_795143.jpg,0.46576899055027077,0.04764946898689937,0.3660753482105798
Le_Conte_Sparrow_0006_795146.jpg,0.5539845710859366,0.2855203905427628,0.4120263632629236
Le_Conte_Sparrow_0023_795156.jpg,0.44704861650145444,-0.0322927421007857,0.48600279091022386
Le_Conte_Sparrow_0083_795163.jpg,0.4728512245399519,0.07680039654773207,-0.027241228248078397
Le_Conte_Sparrow_0010_795166.jpg,0.47175764295979794,0.05848546450349246,0.049903068246252576
Le_Conte_Sparrow_0085_795167.jpg,0.5266407838343199,0.21779544914581062,0.33366964807422583
Le_Conte_Sparrow_0088_117040.jpg,0.3745995206879035,-0.26039552239000496,0.09847298549500941
Le_Conte_Sparrow_0086_795170.jpg,0.5690845905878195,0.33942829826069454,0.4940033269962557
Le_Conte_Sparrow_0013_795176.jpg,0.3764580301765077,-0.23908033623831937,-0.0730987330845448
Le_Conte_Sparrow_0097_795183.jpg,0.4891646099939686,0.10749029698548651,-0.08988967887145152
Le_Conte_Sparrow_0053_795187.jpg,0.4558112399607027,0.003555985586632615,0.1871590803732883
Le_Conte_Sparrow_0025_795188.jpg,0.5385944512624228,0.2730153723967774,0.15950078441349352
Le_Conte_Sparrow_0024_795190.jpg,0.5532911016331392,0.2873358377689016,0.008751208350506821
Le_Conte_Sparrow_0047_795192.jpg,0.5408810834455438,0.272217639949929,0.30738487210657145
Le_Conte_Sparrow_0061_795194.jpg,0.4870942846562034,0.10571159631557625,0.24920557253049413
Le_Conte_Sparrow_0102_795195.jpg,0.4625483073752502,0.035359922876809335,0.24936771664955418
Le_Conte_Sparrow_0087_795198.jpg,0.4406882187561769,-0.003989992557547062,0.506440221942281
Le_Conte_Sparrow_0066_795206.jpg,0.5449847177945806,0.2707245503571559,-0.17626191488823906
Le_Conte_Sparrow_0012_795211.jpg,0.479761680709449,0.09644461091815126,-0.12311873461839958
Le_Conte_Sparrow_0035_795214.jpg,0.40652418890803865,-0.1316765315151427,0.49596550274658646
Le_Conte_Sparrow_0041_795218.jpg,0.42875298529749795,-0.077783659545543,0.6135012875024731
Le_Conte_Sparrow_0049_795220.jpg,0.5890504761492035,0.39397666993340585,-0.10298333796572919
Le_Conte_Sparrow_0092_795221.jpg,0.38582944000039376,-0.22430190191125687,0.17219051176543076
Le_Conte_Sparrow_0046_795227.jpg,0.3274437214713237,-0.41208606928934577,-0.28069988426258413
Le_Conte_Sparrow_0098_795231.jpg,0.42688817007480107,-0.08393199279794095,0.047772672119793295
Le_Conte_Sparrow_0039_117054.jpg,0.41583409260202786,-0.10665534292246215,0.4688581201749735
Le_Conte_Sparrow_0044_117116.jpg,0.4918285721419259,0.11145865504973951,0.17711028243682939
Le_Conte_Sparrow_0011_117038.jpg,0.45499269654327,-0.0020959463980716464,0.33675961912128194
Lincoln_Sparrow_0094_117762.jpg,0.4688031394144099,0.012843243503981805,-0.06525557763044418
Lincoln_Sparrow_0010_117263.jpg,0.44898455034576656,-0.029044803559062915,-0.2747764193890924
Lincoln_Sparrow_0049_117265.jpg,0.47801942917167706,0.07400846315150822,-0.0700212700274612
Lincoln_Sparrow_0131_117277.jpg,0.4328017812290442,-0.06525521657841193,0.3198120035800293
Lincoln_Sparrow_0092_117294.jpg,0.3767259879653446,-0.24066360128514774,0.2987960811169489
Lincoln_Sparrow_0069_117812.jpg,0.45025311775074806,-0.005825832053747426,0.12034909703871696
Lincoln_Sparrow_0033_117303.jpg,0.3896401262673591,-0.1930375331773111,-0.0530341060100471
Lincoln_Sparrow_0100_117835.jpg,0.41238357078537013,-0.14224181162757743,0.13132900479481185
Lincoln_Sparrow_0037_117837.jpg,0.4298641782407797,-0.09567321966179865,0.04421130739823157
Lincoln_Sparrow_0113_117603.jpg,0.47665786060059856,0.06356121438780904,-0.02253713051525463
Lincoln_Sparrow_0066_117875.jpg,0.45313435308141525,-0.0005647722892472284,0.1963972303227684
Lincoln_Sparrow_0116_117372.jpg,0.4885469520898048,0.13923252425059296,0.16419260555638537
Lincoln_Sparrow_0035_117383.jpg,0.4174642806165504,-0.13695600368729877,0.43465794861092627
Lincoln_Sparrow_0129_117898.jpg,0.42981244265684126,-0.1031598727949603,0.36437692136648014
Lincoln_Sparrow_0017_117432.jpg,0.3822630545120256,-0.21729040089366936,0.1818019323860819
Lincoln_Sparrow_0047_117442.jpg,0.5049543463639089,0.16960716808102605,0.1501633556986049
Lincoln_Sparrow_0099_117482.jpg,0.4436912449826982,-0.01478898282781782,0.21868901487647674
Lincoln_Sparrow_0078_117483.jpg,0.5069468681382123,0.16562374839382932,0.14733856439111037
Lincoln_Sparrow_0055_117506.jpg,0.41490289285741033,-0.10684589661730448,0.10467843661291627
Lincoln_Sparrow_0052_117521.jpg,0.3999025209576086,-0.1554834392190254,0.24648168890883568
Lincoln_Sparrow_0089_117527.jpg,0.3399418172582622,-0.3783499715351164,-0.3719213262609026
Lincoln_Sparrow_0061_117529.jpg,0.374383666960146,-0.23550028756655284,0.2562460892989615
Lincoln_Sparrow_0020_117542.jpg,0.4596171681004485,0.001305559408272372,0.18097752203451437
Lincoln_Sparrow_0045_117547.jpg,0.46729108971222333,0.021111633733355673,-0.2462739148317788
Lincoln_Sparrow_0074_117584.jpg,0.46162932098008624,0.002003754450691453,0.6257785257613482
Lincoln_Sparrow_0112_117631.jpg,0.4365891464235613,-0.08497854056501275,-0.010974580258377782
Lincoln_Sparrow_0041_117636.jpg,0.49214963774822906,0.09189880033042697,0.13093360299564158
Lincoln_Sparrow_0013_117202.jpg,0.4440481187600125,-0.016941456214677908,0.4421541610985501
Lincoln_Sparrow_0026_117754.jpg,0.4638600592901817,0.037000109962384564,0.20099327466378092
Nelson_Sharp_Tailed_Sparrow_0001_796931.jpg,0.5364496540346994,0.2340492322669523,-0.06960779714117508
Nelson_Sharp_Tailed_Sparrow_0044_796932.jpg,0.5613207862235569,0.30765165451000187,-0.0914012767268702
Nelson_Sharp_Tailed_Sparrow_0065_796933.jpg,0.4614629351872561,0.01465934354840237,-0.2734789817159848
Nelson_Sharp_Tailed_Sparrow_0027_118028.jpg,0.47309521894299067,0.05382643292551503,0.17450651044174553
Nelson_Sharp_Tailed_Sparrow_0046_118032.jpg,0.44964226707180766,-0.03860599269793896,-0.3781335070316396
Nelson_Sharp_Tailed_Sparrow_0032_118036.jpg,0.5258120093350116,0.19780359113624102,0.016880856511637572
Nelson_Sharp_Tailed_Sparrow_0057_796949.jpg,0.49035296687124064,0.11248583505816678,-0.16989785621205988
Nelson_Sharp_Tailed_Sparrow_0034_796950.jpg,0.49084155741808244,0.13179964212020068,0.16014753740602053
Nelson_Sharp_Tailed_Sparrow_0054_796936.jpg,0.3648440663577912,-0.27435689600715274,0.21339792060884283
Nelson_Sharp_Tailed_Sparrow_0072_118012.jpg,0.5722533129963849,0.3572319456726005,0.05133103806615293
Nelson_Sharp_Tailed_Sparrow_0053_118069.jpg,0.4569555365986342,-0.004811651584636589,-0.006689854607428811
Nelson_Sharp_Tailed_Sparrow_0039_118074.jpg,0.5037897913648557,0.12852830181459451,-0.09354772120739159
Nelson_Sharp_Tailed_Sparrow_0036_118075.jpg,0.5278507619434005,0.20731607109570005,0.3771151187132955
Nelson_Sharp_Tailed_Sparrow_0016_118077.jpg,0.4664496734623068,0.08322689562406838,0.397003116327547
Nelson_Sharp_Tailed_Sparrow_0005_118078.jpg,0.5209577604197502,0.188231752345984,0.00764007220092211
Nelson_Sharp_Tailed_Sparrow_0009_796940.jpg,0.43024135736575153,-0.047061622116248536,0.24675833704764952
Nelson_Sharp_Tailed_Sparrow_0024_118010.jpg,0.43428229706670085,-0.06897494494697787,-0.13313886031120953
Nelson_Sharp_Tailed_Sparrow_0008_796944.jpg,0.38129500122780635,-0.21404633049504018,-0.11649748159121004
Nelson_Sharp_Tailed_Sparrow_0025_796945.jpg,0.40557897850535096,-0.16097078661698871,-0.4001478286651764
Nelson_Sharp_Tailed_Sparrow_0052_796903.jpg,0.46174514807837697,0.001352152148933028,0.06286859882473413
Nelson_Sharp_Tailed_Sparrow_0076_117964.jpg,0.4272792820785656,-0.07932415739100618,0.2797916278615178
Nelson_Sharp_Tailed_Sparrow_0037_117986.jpg,0.4713651471496776,0.050933795030515205,-0.028682119618249336
Nelson_Sharp_Tailed_Sparrow_0047_117991.jpg,0.5068778937802643,0.14900409088527145,0.13116646065134138
Nelson_Sharp_Tailed_Sparrow_0061_796907.jpg,0.36456745960965675,-0.27606764658281957,0.36059378370208695
Nelson_Sharp_Tailed_Sparrow_0006_796909.jpg,0.44572553540849136,-0.03301768278282946,-0.11596803146800377
Nelson_Sharp_Tailed_Sparrow_0003_796917.jpg,0.447586543428388,-0.02785302561650349,0.22937524116892494
Nelson_Sharp_Tailed_Sparrow_0029_796923.jpg,0.337845911126499,-0.37697131572727516,0.2034445415825195
Nelson_Sharp_Tailed_Sparrow_0035_796924.jpg,0.42082045308410754,-0.09423662272357225,-0.012832780735872483
Nelson_Sharp_Tailed_Sparrow_0070_796925.jpg,0.4396112674773879,-0.034962733605125695,-0.3912704905030261
Nelson_Sharp_Tailed_Sparrow_0041_796926.jpg,0.43133833466130067,-0.04159081093479067,0.4865743539057927
Savannah_Sparrow_0048_120321.jpg,0.4688198769986981,0.025320554874643464,0.17015286769669877
Savannah_Sparrow_0023_120326.jpg,0.502587090854208,0.138829512674831,-0.17904399934968845
Savannah_Sparrow_0059_119810.jpg,0.441241503661954,-0.03879456618306443,-0.15134673680423744
Savannah_Sparrow_0106_118294.jpg,0.4675741445209981,0.04193888618300867,0.2945198876395352
Savannah_Sparrow_0058_118323.jpg,0.5161378392104238,0.20759863754114927,0.30797022134847196
Savannah_Sparrow_0096_120376.jpg,0.6312967604372219,0.499386446248991,-0.006814358147294207
Savannah_Sparrow_0043_119362.jpg,0.3540584799641091,-0.3208546485867756,-0.12801078449273873
Savannah_Sparrow_0075_116305.jpg,0.38722073809347024,-0.23788570413677634,-0.21644663247039025
Savannah_Sparrow_0115_118882.jpg,0.5009098291022764,0.15629566715413357,0.29490896471391087
Savannah_Sparrow_0117_119917.jpg,0.44273025406237554,-0.05564585753443141,-0.2249824129127622
Savannah_Sparrow_0015_118910.jpg,0.38178239387733315,-0.21376517224597835,0.10563511730677898
Savannah_Sparrow_0131_119946.jpg,0.4669909118694877,0.045543279492127,0.16207999863982847
Savannah_Sparrow_0139_119444.jpg,0.3648395869519909,-0.2818782977595802,-0.1994504281681494
Savannah_Sparrow_0132_119962.jpg,0.40574263601712757,-0.19242306031523637,-0.23771671813519898
Savannah_Sparrow_0028_119982.jpg,0.45536331817895015,-0.013708116419403282,-0.2871383824783302
Savannah_Sparrow_0057_120016.jpg,0.4604997753144561,0.008152337228349293,0.2090375606212243
Savannah_Sparrow_0084_120063.jpg,0.33331526386476684,-0.40024983927194935,-0.16884442776044534
Savannah_Sparrow_0136_119581.jpg,0.3491889083279247,-0.3300168761536866,-0.23510240658634474
Savannah_Sparrow_0035_120099.jpg,0.39612578919789154,-0.1750170521898542,0.20820281016937991
Savannah_Sparrow_0032_120109.jpg,0.38318218621726463,-0.23088679500892684,0.4260944103331081
Savannah_Sparrow_0051_118574.jpg,0.3725245633198545,-0.2864845754009073,-0.38405334042735956
Savannah_Sparrow_0135_119620.jpg,0.3728358678064281,-0.26036123555487123,-0.45531649277299996
Savannah_Sparrow_0025_119124.jpg,0.45056195437130386,0.00550892963815508,0.37070064358860877
Savannah_Sparrow_0095_119670.jpg,0.45182605483790406,-0.03296210745656314,-0.009320571488174369
Savannah_Sparrow_0062_120185.jpg,0.4225686873585621,-0.1194400001220266,-0.17238522116421998
Savannah_Sparrow_0005_119735.jpg,0.4654737878284101,0.06852191001108787,0.04865561557029177
Savannah_Sparrow_0019_118200.jpg,0.41875621249202066,-0.10749224995051243,0.31451358208199093
Savannah_Sparrow_0114_119750.jpg,0.40191638050051914,-0.18992569649959679,-0.24846598027543038
Savannah_Sparrow_0076_120267.jpg,0.4542729233249302,0.009379228776389303,-0.1119177332123634
Savannah_Sparrow_0093_118267.jpg,0.48644655494586886,0.06846444368830029,-0.14754366723538798
Seaside_Sparrow_0052_796498.jpg,0.5212572410957788,0.21315941695637797,0.2586229152214111
Seaside_Sparrow_0062_796503.jpg,0.5394446065134912,0.2810585702990197,0.23512335509612944
Seaside_Sparrow_0065_796504.jpg,0.5650839088551478,0.3204663094767308,0.253226575442037
Seaside_Sparrow_0033_796506.jpg,0.5731240973991804,0.34736660265055996,-0.008694998513360197
Seaside_Sparrow_0054_796507.jpg,0.49898056473854246,0.15469662507071003,0.2600799497255296
Seaside_Sparrow_0043_796510.jpg,0.5066342469230637,0.15320307448661086,0.018238630203423745
Seaside_Sparrow_0004_796514.jpg,0.4503802841399003,0.011382885681859412,0.3104472839670166
Seaside_Sparrow_0068_796515.jpg,0.6732750294234335,0.6037977551006899,-0.05909769382585608
Seaside_Sparrow_0034_796521.jpg,0.555236833138107,0.2992613331181946,0.2314811970342158
Seaside_Sparrow_0031_796526.jpg,0.5143373460727856,0.2276332822865712,0.3405306638728302
Seaside_Sparrow_0037_796531.jpg,0.522465936720763,0.239955692333354,0.19147180920034607
Seaside_Sparrow_0013_796535.jpg,0.6924126330430584,0.6459846698942409,-0.002928648014908044
Seaside_Sparrow_0008_796538.jpg,0.41890262511140475,-0.09796500200243141,0.27403290407735115
Seaside_Sparrow_0003_796539.jpg,0.5113148587276897,0.19654477182548813,0.039747740073070886
Seaside_Sparrow_0070_796540.jpg,0.4502741416138889,0.018219904860726888,0.22134552291987986
Seaside_Sparrow_0063_120707.jpg,0.48199341528844564,0.079928621173181,0.3463063454198033
Seaside_Sparrow_0056_120710.jpg,0.5480781476645746,0.28325710003372573,-0.05886764689016667
Seaside_Sparrow_0018_120716.jpg,0.5349714042271752,0.26128498174166837,0.13473952319462235
Seaside_Sparrow_0022_120721.jpg,0.5727886496822923,0.3519154455578899,0.3828317418213732
Seaside_Sparrow_0020_120743.jpg,0.49208309374832226,0.10051405594058171,-0.11553011563082431
Seaside_Sparrow_0058_120744.jpg,0.3718563115518255,-0.2564819680731343,0.25308414892029674
Seaside_Sparrow_0007_120690.jpg,0.4949549043307341,0.13845546066759673,0.43633786140154296
Seaside_Sparrow_0032_120767.jpg,0.4535927719299414,0.015376223435606295,0.17527046111548097
Seaside_Sparrow_0030_120780.jpg,0.38949143507589845,-0.1876058108594405,0.3892415792355555
Seaside_Sparrow_0059_120794.jpg,0.6250628377555492,0.4877448121151988,0.20972376052548636
Seaside_Sparrow_0026_120798.jpg,0.6974444478575046,0.6662074948572176,0.3725828955912417
Seaside_Sparrow_0069_120700.jpg,0.5797579213015447,0.363015376201257,-0.08917195929406763
Seaside_Sparrow_0038_120819.jpg,0.5392517689013502,0.2645831810754714,-0.09472974130397759
Seaside_Sparrow_0019_120826.jpg,0.6611343480912566,0.5801329625887028,0.24854604675894285
Seaside_Sparrow_0029_120828.jpg,0.6150218372905581,0.46177763516588244,0.2715773952604675
Song_Sparrow_0060_122371.jpg,0.4068123027405548,-0.14933958900158806,-0.07428716479035956
Song_Sparrow_0118_121905.jpg,0.3785916629297069,-0.24861199571631287,0.06285796068361894
Song_Sparrow_0059_120885.jpg,0.5361663206535314,0.2379742116936091,0.2818437784773976
Song_Sparrow_0067_122424.jpg,0.46083111469836835,0.032416409282740144,0.44728560686833224
Song_Sparrow_0003_122425.jpg,0.47191191414580125,0.04079011900190466,0.09663408509429498
Song_Sparrow_0126_120901.jpg,0.5026611818949291,0.15765529389296595,-0.06859098527942671
Song_Sparrow_0071_122446.jpg,0.4256261878101518,-0.08806297807603025,0.40954660010368293
Song_Sparrow_0097_121438.jpg,0.4338563019943473,-0.032893857994622744,0.08487147960634053
Song_Sparrow_0045_121951.jpg,0.45448427450212436,0.0012197470358660256,-0.15667277249834516
Song_Sparrow_0009_121025.jpg,0.5644714653254219,0.3176224974549693,0.11156642613919271
Song_Sparrow_0035_120986.jpg,0.4107769680918829,-0.17265696260995766,0.3010673933618304
Song_Sparrow_0050_121514.jpg,0.440477081927958,-0.042192750962225745,0.10903331933261187
Song_Sparrow_0080_121033.jpg,0.3728201325864262,-0.27953522430679145,-0.05225735496873229
Song_Sparrow_0069_122065.jpg,0.4908923060050182,0.11526943969170234,0.4027003272632011
Song_Sparrow_0053_121554.jpg,0.46198694275658236,0.013927506857123406,0.2879874923642349
Song_Sparrow_0102_122090.jpg,0.3204675699322882,-0.45149668500047335,-0.3699400190718838
Song_Sparrow_0130_121583.jpg,0.36703772788813716,-0.2827909748059627,-0.25440145636771916
Song_Sparrow_0037_121078.jpg,0.44746836324243455,-0.01392844075171884,-0.043887494526916364
Song_Sparrow_0057_121090.jpg,0.5002775139413352,0.13390384536795197,0.21205467834047434
Song_Sparrow_0001_122169.jpg,0.4278688575580496,-0.09436808365657434,-0.034356053430673834
Song_Sparrow_0038_121666.jpg,0.5085419382268362,0.16469625010785482,0.11088905367902505
Song_Sparrow_0015_122081.jpg,0.3942908856905266,-0.1995494081590452,0.321835004923486
Song_Sparrow_0113_121683.jpg,0.376239734052646,-0.23560082996276765,-0.13472042587219318
Song_Sparrow_0099_121193.jpg,0.5041888515906259,0.14086481382011662,0.445209883141378
Song_Sparrow_0106_121154.jpg,0.42035866263944155,-0.1188040380440718,-0.1363412434526477
Song_Sparrow_0114_121233.jpg,0.5159301365603695,0.1956390099310208,0.3338865881646389
Song_Sparrow_0123_121249.jpg,0.42881139320507655,-0.05188816107879912,-0.26049706213928825
Song_Sparrow_0034_121255.jpg,0.4236295364867073,-0.07935939038792572,-0.04697012190632695
Song_Sparrow_0096_121313.jpg,0.44921622363100344,-0.03286663411885549,0.22480048073222358
Song_Sparrow_0108_121327.jpg,0.4476607254947518,-0.028120676045767734,0.16632010294545913
Tree_Sparrow_0066_123569.jpg,0.4720760110640446,0.07932135761453707,0.2810585528017866
Tree_Sparrow_0053_122933.jpg,0.4319443044486211,-0.04871711931087752,-0.21781476844180453
Tree_Sparrow_0044_122946.jpg,0.4069521803661976,-0.1575932083954108,0.2985560191806111
Tree_Sparrow_0005_122949.jpg,0.3461351047696998,-0.3510401391864393,0.04222134046867165
Tree_Sparrow_0011_122964.jpg,0.4256634525819799,-0.10804187430890555,0.16417040200552385
Tree_Sparrow_0112_125014.jpg,0.35122242317494456,-0.3231743852248976,-0.4050063358819129
Tree_Sparrow_0072_123991.jpg,0.48403051219382764,0.10607017596074653,-0.47487538630602827
Tree_Sparrow_0042_124512.jpg,0.47206963013016157,0.06987528276778421,0.4403910456936917
Tree_Sparrow_0062_123000.jpg,0.4265440469518187,-0.07721428100871042,0.2775831870829028
Tree_Sparrow_0076_123669.jpg,0.45023247728888294,0.005594402948993937,0.40504538001344537
Tree_Sparrow_0043_124034.jpg,0.5047596937374429,0.14302711666907397,-0.2124496848149196
Tree_Sparrow_0015_125105.jpg,0.4404054731318273,-0.07611137596697337,-0.2760402890673262
Tree_Sparrow_0095_124090.jpg,0.39739224668465223,-0.18065816333528928,0.3773197932475441
Tree_Sparrow_0058_123591.jpg,0.42093119130624645,-0.08953919481260408,-0.08623890776045495
Tree_Sparrow_0080_124120.jpg,0.520334125022776,0.21189242695668487,-0.01870431474132646
Tree_Sparrow_0113_123613.jpg,0.4602016770830589,0.020058493647098663,-0.3068736852004014
Tree_Sparrow_0068_125230.jpg,0.42596345238860367,-0.05648795218646252,0.08996900811952743
Tree_Sparrow_0025_124233.jpg,0.4427946974258725,-0.016778697390483543,-0.17691905857666154
Tree_Sparrow_0105_123227.jpg,0.4525626180915874,0.032108812576991386,0.03954113515544583
Tree_Sparrow_0088_125305.jpg,0.5112499932252865,0.15704789252267093,-0.31998136983258196
Tree_Sparrow_0090_110145.jpg,0.38576827634072697,-0.19981948465678423,0.18449174605254473
Tree_Sparrow_0127_125322.jpg,0.445242554057219,-0.016472278806356933,0.25270577671815664
Tree_Sparrow_0036_122772.jpg,0.433447282115657,-0.05433696155976242,-0.05408930922734211
Tree_Sparrow_0109_123802.jpg,0.41285213834229006,-0.11117290329749796,0.1313535642364263
Tree_Sparrow_0024_123805.jpg,0.42853205647121995,-0.08307492820758156,0.06025539324940357
Tree_Sparrow_0009_123294.jpg,0.45002915831475043,-0.017854066174642247,0.22187252058948842
Tree_Sparrow_0028_122829.jpg,0.3403635607901213,-0.377514170500691,0.19130419875581758
Tree_Sparrow_0073_123871.jpg,0.3890221766299504,-0.18579598423979982,0.26021321414641324
Tree_Sparrow_0030_122850.jpg,0.39267272741996684,-0.17201202088931677,-0.06829991762515138
Tree_Sparrow_0128_123979.jpg,0.3709033085197283,-0.25398538965449147,-0.362426589009641
Vesper_Sparrow_0052_125444.jpg,0.4447987159415372,-0.026171131169098416,0.2150490580780295
Vesper_Sparrow_0065_125446.jpg,0.402825630726415,-0.13983358925119616,-0.42138793055779966
Vesper_Sparrow_0043_125703.jpg,0.43507772727654137,-0.09007605431308097,-0.008663973308211947
Vesper_Sparrow_0095_125459.jpg,0.4578243811645841,0.042635678587284453,0.339362457473671
Vesper_Sparrow_0083_125718.jpg,0.42740359231126623,-0.08605001702739701,-0.3179486332891365
Vesper_Sparrow_0023_125465.jpg,0.38705499177574565,-0.20200496697761894,0.02793302883880564
Vesper_Sparrow_0047_125788.jpg,0.49304588484823375,0.09714762116471898,-0.29757904783203837
Vesper_Sparrow_0089_125705.jpg,0.42897119510860127,-0.1111964351449799,0.018520990155102914
Vesper_Sparrow_0082_125503.jpg,0.326526009139402,-0.41788885241592677,-0.007851604454690866
Vesper_Sparrow_0086_125776.jpg,0.4092747352842584,-0.1726255592580408,0.49679361848090586
Vesper_Sparrow_0004_125787.jpg,0.4498554171733674,-0.015025188566585301,0.02223816074858398
Vesper_Sparrow_0081_125541.jpg,0.46138815624206897,0.07361448672062998,0.22068538052823125
Vesper_Sparrow_0049_125806.jpg,0.46322916543251447,0.04487921810274009,-0.004221407800742083
Vesper_Sparrow_0032_125564.jpg,0.4331791671251566,-0.07357528799474222,-0.3044759903031884
Vesper_Sparrow_0051_125587.jpg,0.4508258758276278,-0.01226197988064115,0.39283840156837385
Vesper_Sparrow_0077_125597.jpg,0.42743863849499975,-0.08270852618875546,0.07694008869833235
Vesper_Sparrow_0091_125598.jpg,0.4980270401769128,0.14167766117900438,0.11176311177023078
Vesper_Sparrow_0068_125601.jpg,0.5005892199326469,0.11757582433379854,0.2349500385360129
Vesper_Sparrow_0011_125608.jpg,0.48090475844274705,0.10195510129810614,-0.24467115065041825
Vesper_Sparrow_0055_125611.jpg,0.4845207508173114,0.05975963504591708,-0.050021240029314545
Vesper_Sparrow_0016_125615.jpg,0.49171562989543516,0.12161917506793474,0.03700691366735725
Vesper_Sparrow_0028_118217.jpg,0.35837860143237754,-0.31504040155800683,0.13974991324727523
Vesper_Sparrow_0031_125631.jpg,0.3830591152003262,-0.2452452295032388,0.20143709290127498
Vesper_Sparrow_0045_125643.jpg,0.46218782969128336,0.028475558744106455,0.22529745300527604
Vesper_Sparrow_0037_125648.jpg,0.44789904462325436,-0.006789244723891086,-0.010018746991560518
Vesper_Sparrow_0056_125657.jpg,0.5480132024838027,0.2781141105550078,-0.033781876911115755
Vesper_Sparrow_0058_125661.jpg,0.4247469181312783,-0.1018040369449218,0.02993528181054681
Vesper_Sparrow_0030_125663.jpg,0.3730812161420385,-0.28401505854659725,-0.26043059410031444
Vesper_Sparrow_0003_125427.jpg,0.4035375297740186,-0.18256294141863583,-0.11016321550854953
Vesper_Sparrow_0067_125429.jpg,0.4333736449139137,-0.09912753024311871,0.14760450812070994
White_Crowned_Sparrow_0047_127575.jpg,0.501074426378704,0.15834197139952422,-0.0799679247814751
White_Crowned_Sparrow_0116_127512.jpg,0.42882809461022775,-0.097459685356857,-0.13551091962733808
White_Crowned_Sparrow_0098_127019.jpg,0.415037069349117,-0.1066754145702975,-0.16042818664339106
White_Crowned_Sparrow_0093_126531.jpg,0.35556394422873017,-0.3427671936897432,-0.4763627051835525
White_Crowned_Sparrow_0109_128529.jpg,0.3781349379754454,-0.2447464895009499,0.13229855958303077
White_Crowned_Sparrow_0043_127096.jpg,0.38984954277656103,-0.1829071384078622,-0.3775624115910511
White_Crowned_Sparrow_0019_127652.jpg,0.3827320654189902,-0.22148781075767698,-0.13911827989034845
White_Crowned_Sparrow_0009_127658.jpg,0.4247445770005477,-0.07768409289258948,-0.16550652209022854
White_Crowned_Sparrow_0076_127604.jpg,0.43527534520055056,-0.047035368460815796,0.10864757077773211
White_Crowned_Sparrow_0085_127194.jpg,0.5111535147560198,0.17699542191318696,-0.5000925027200288
White_Crowned_Sparrow_0102_127708.jpg,0.3401645087068157,-0.3717903739998598,-0.39303390825912077
White_Crowned_Sparrow_0054_126068.jpg,0.4629078388321991,0.07277033716714043,0.06136354130985159
White_Crowned_Sparrow_0083_128777.jpg,0.3940704794989621,-0.17169244665282535,-0.3175460917120035
White_Crowned_Sparrow_0141_127766.jpg,0.45504359182334553,0.04119290334441095,-0.28868295013254197
White_Crowned_Sparrow_0002_127774.jpg,0.42267159930650355,-0.07615610787610838,-0.2834730383361152
White_Crowned_Sparrow_0017_125829.jpg,0.42460921580289024,-0.0777521161124568,-0.16989896240887836
White_Crowned_Sparrow_0089_127778.jpg,0.3254313137197278,-0.42872628312405126,-0.3124977777021042
White_Crowned_Sparrow_0049_128311.jpg,0.4028941011449193,-0.15260151152216306,-0.20285983478530153
White_Crowned_Sparrow_0040_127313.jpg,0.41007234151074334,-0.1380226441732224,0.2627646404877976
White_Crowned_Sparrow_0012_127853.jpg,0.547698910066291,0.30026702755418366,0.15626282921971651
White_Crowned_Sparrow_0042_128395.jpg,0.3873137933709103,-0.22062512920694832,0.3160933921941376
White_Crowned_Sparrow_0142_128237.jpg,0.36978152767858696,-0.27709197223832027,0.12148386514255352
White_Crowned_Sparrow_0044_127386.jpg,0.4427487110124757,-0.0016338726037559148,0.3543634543539797
White_Crowned_Sparrow_0090_125864.jpg,0.3990545713921728,-0.1792729330105094,-0.22557656614557978
White_Crowned_Sparrow_0111_127404.jpg,0.43350744028120525,-0.062195722188720826,-0.41267945644475024
White_Crowned_Sparrow_0118_127919.jpg,0.44815106389789205,-0.026942258113081374,-0.47525275146654167
White_Crowned_Sparrow_0071_127922.jpg,0.4026843880168859,-0.1524217080025232,-0.3737992229149617
White_Crowned_Sparrow_0037_126969.jpg,0.42589338095230345,-0.07579735833468115,-0.11353388521312732
White_Crowned_Sparrow_0092_125934.jpg,0.4557535908120788,0.028826692164456547,0.08926943525067019
White_Crowned_Sparrow_0031_126457.jpg,0.4367371698427476,-0.03997995692303036,-0.17709850365925062
White_Throated_Sparrow_0078_129041.jpg,0.5135494342176501,0.21733674159371363,0.1945815711432141
White_Throated_Sparrow_0107_129046.jpg,0.3692544162923408,-0.2638493933440076,-0.1877090290161363
White_Throated_Sparrow_0082_129048.jpg,0.4934422336285359,0.10664726129025992,0.005597806159047146
White_Throated_Sparrow_0109_129066.jpg,0.4245173139033632,-0.05588072819782752,0.1820487498246073
White_Throated_Sparrow_0030_129076.jpg,0.40072577441345314,-0.1827748604569137,0.1785795891298947
White_Throated_Sparrow_0076_129088.jpg,0.595416847667185,0.4097800373275601,0.14130745722048277
White_Throated_Sparrow_0098_129089.jpg,0.42733255657469316,-0.08223234406292912,0.03355829766552485
White_Throated_Sparrow_0014_129148.jpg,0.49233384487075427,0.17169982768643832,0.10302554998564363
White_Throated_Sparrow_0121_129201.jpg,0.37624510680735024,-0.2641752422171928,0.34818328638263835
White_Throated_Sparrow_0072_129203.jpg,0.5031320986466978,0.16859143862397263,-0.20955100092604306
White_Throated_Sparrow_0060_128802.jpg,0.46646713427694353,0.01562315880414189,-0.26680362070944796
White_Throated_Sparrow_0063_128803.jpg,0.4172300567872812,-0.12224279980756436,0.5051309411258081
White_Throated_Sparrow_0105_128814.jpg,0.5099532206277992,0.18282384615990221,0.1540675647398059
White_Throated_Sparrow_0106_128815.jpg,0.5310470077100858,0.2519014135447717,0.08529316840248696
White_Throated_Sparrow_0043_128818.jpg,0.455902370056685,0.03358575382319762,0.48070048461734904
White_Throated_Sparrow_0135_128819.jpg,0.43497679365921904,-0.03594141348919355,-0.04437325793195716
White_Throated_Sparrow_0132_128833.jpg,0.3519815237833319,-0.33903176043347827,-0.1034499910932663
White_Throated_Sparrow_0110_128838.jpg,0.4139217449993785,-0.1197554166947199,0.2247997313774818
White_Throated_Sparrow_0026_128843.jpg,0.37670410300718393,-0.24057268309792668,0.2627097687553844
White_Throated_Sparrow_0038_128853.jpg,0.4058285051103987,-0.1654083391311001,-0.04386102912749554
White_Throated_Sparrow_0039_128859.jpg,0.40515412800227424,-0.15040033113361861,-0.056022515772562426
White_Throated_Sparrow_0032_128866.jpg,0.4768579740195742,0.08947929635530638,0.16060111697654206
White_Throated_Sparrow_0007_128918.jpg,0.48682526981400753,0.08210696740026469,0.12704560607336696
White_Throated_Sparrow_0052_128923.jpg,0.44320493750054524,0.005825546427457473,0.3873120559579458
White_Throated_Sparrow_0004_128944.jpg,0.44754276949371696,-0.01306234608309742,-0.11110369014723766
White_Throated_Sparrow_0059_128964.jpg,0.4262782091070111,-0.08417560227520737,-0.40201854512516577
White_Throated_Sparrow_0017_128982.jpg,0.4540967245518307,-0.02175415891889987,-0.267326754066521
White_Throated_Sparrow_0075_128990.jpg,0.4154968594859446,-0.09342589798168421,0.0033687149699899695
White_Throated_Sparrow_0047_129014.jpg,0.47041474422178187,0.04595144898307035,0.11564444027555983
White_Throated_Sparrow_0033_129016.jpg,0.44968262633526723,-0.026849539484903095,0.08962654908720762
Cape_Glossy_Starling_0027_129282.jpg,0.44881510586784257,-0.03421124474177817,0.11687078510356796
Cape_Glossy_Starling_0026_129288.jpg,0.5197736066732506,0.21194520245767712,0.1462912164112256
Cape_Glossy_Starling_0074_129294.jpg,0.40282832272245195,-0.15281354932558266,0.05786851724684801
Cape_Glossy_Starling_0038_129301.jpg,0.394943336056507,-0.16244277576361887,-0.43677113178802524
Cape_Glossy_Starling_0097_129303.jpg,0.3857160138346719,-0.2188349406012562,0.4684593443721856
Cape_Glossy_Starling_0002_129310.jpg,0.4783896420065854,0.06631949186632369,0.27461157362082994
Cape_Glossy_Starling_0025_129341.jpg,0.477421747978919,0.07226989454266242,-0.17763156472883726
Cape_Glossy_Starling_0007_129345.jpg,0.4631681894072628,0.03911287738184721,-0.3685702331601182
Cape_Glossy_Starling_0047_129348.jpg,0.3951723528552892,-0.21898946223222593,0.14643285184298416
Cape_Glossy_Starling_0018_129356.jpg,0.48094791178476726,0.09517429644208608,0.21874488631781128
Cape_Glossy_Starling_0098_129365.jpg,0.4545241074145636,0.037407502480940824,-0.2549847265011351
Cape_Glossy_Starling_0094_129368.jpg,0.3723688050883833,-0.26824579434473717,-0.1255951123839673
Cape_Glossy_Starling_0072_129386.jpg,0.4760962137896908,0.07635697058286894,0.20375620063570526
Cape_Glossy_Starling_0079_129399.jpg,0.4341133899608932,-0.07398964513287742,-0.07217130901351748
Cape_Glossy_Starling_0099_129412.jpg,0.4291361786643204,-0.06948564599599893,-0.21144693500924275
Cape_Glossy_Starling_0022_129414.jpg,0.428785056418738,-0.08931626491483935,-0.24904721296568108
Cape_Glossy_Starling_0068_129446.jpg,0.42017671272644574,-0.0899421110506744,0.44325567666644783
Cape_Glossy_Starling_0087_129481.jpg,0.4669697973100003,0.07635133631089452,0.5378164147084021
Cape_Glossy_Starling_0016_129464.jpg,0.5002741919623197,0.17786281072658106,-0.042765402611218584
Cape_Glossy_Starling_0073_129465.jpg,0.5245020821386273,0.2204233983912679,-0.1702597196935063
Cape_Glossy_Starling_0082_129216.jpg,0.4032413120137275,-0.14547553259885526,0.22935036138951814
Cape_Glossy_Starling_0069_129218.jpg,0.3634452014804348,-0.2747403876789041,-0.5123098168937658
Cape_Glossy_Starling_0053_129219.jpg,0.5146195874797046,0.19583818880930914,-0.24311722429167418
Cape_Glossy_Starling_0081_129220.jpg,0.38872201534123885,-0.1841367867346808,0.23210925780735933
Cape_Glossy_Starling_0060_129222.jpg,0.3367054246456339,-0.3772636370172402,-0.28877488199068185
Cape_Glossy_Starling_0013_129244.jpg,0.43722878978473834,-0.04601248047624029,0.01973517465890375
Cape_Glossy_Starling_0062_129254.jpg,0.4792472102557287,0.055088484326279,-0.20183375669297757
Cape_Glossy_Starling_0005_129262.jpg,0.5025058503070317,0.1788670150560494,0.26886577812720014
Cape_Glossy_Starling_0015_129266.jpg,0.5198851964135722,0.22072396631050661,0.10879074811424437
Cape_Glossy_Starling_0050_129274.jpg,0.4288348623565993,-0.05241846741545797,0.34699454854769574
Bank_Swallow_0013_129563.jpg,0.42172504394330357,-0.10123837120641843,0.33425949069939254
Bank_Swallow_0038_129830.jpg,0.4411031939624954,-0.014607722357877106,0.33724676034828904
Bank_Swallow_0008_129590.jpg,0.35173503489806623,-0.3407583101407585,0.06864319484501916
Bank_Swallow_0039_129599.jpg,0.4332220973431352,-0.07543436277327586,0.38102421415988175
Bank_Swallow_0026_129870.jpg,0.47314851831329774,0.054613506992833405,0.251507576679092
Bank_Swallow_0041_129625.jpg,0.42517012399885934,-0.07904627637647499,0.31093092000259015
Bank_Swallow_0018_129891.jpg,0.45871670047574586,0.0161231558935232,0.4760762193702308
Bank_Swallow_0059_129896.jpg,0.4240197924265895,-0.06287324799982241,0.6337306420449801
Bank_Swallow_0006_129652.jpg,0.5635881319826654,0.355279192762329,0.2706933535745836
Bank_Swallow_0022_129923.jpg,0.40707153591390577,-0.13024267218302077,0.03955052453866082
Bank_Swallow_0014_129668.jpg,0.44394439657783613,-0.004482658714021204,0.30176029412871436
Bank_Swallow_0040_129674.jpg,0.4574020584250854,0.013065406172790728,0.34761536234755896
Bank_Swallow_0043_129685.jpg,0.4351626451282201,-0.03145417337063949,0.1428501892830754
Bank_Swallow_0012_129518.jpg,0.3461788686496514,-0.3534197310290459,0.1905818845126845
Bank_Swallow_0061_129484.jpg,0.3925363104044779,-0.20432408079068387,0.4848119391168741
Bank_Swallow_0046_129742.jpg,0.536127536386035,0.25566939104623854,0.37687264035885076
Bank_Swallow_0032_129491.jpg,0.4750970485859075,0.11590121224595207,0.43381388511356145
Bank_Swallow_0029_129751.jpg,0.4674186413209296,0.051302128598997854,0.28878888011333465
Bank_Swallow_0034_129496.jpg,0.3284702467369601,-0.4106808866704632,0.3993759873029607
Bank_Swallow_0028_129754.jpg,0.41349392915203664,-0.13866011821133983,-0.190607971495219
Bank_Swallow_0027_129503.jpg,0.4591325287085818,0.041066026247459364,0.3873151190300292
Bank_Swallow_0033_129509.jpg,0.42919588227618444,-0.060432911356225194,0.23364884735238575
Bank_Swallow_0001_129516.jpg,0.493316925092923,0.09882447929749638,0.5029413407990698
Bank_Swallow_0063_129774.jpg,0.585240746370994,0.394254975176606,0.4798580657683472
Bank_Swallow_0047_129520.jpg,0.5038015270805295,0.1969358876644498,0.22726638238071198
Bank_Swallow_0025_129521.jpg,0.4492143321384563,0.0014655416095814555,0.43148124474433
Bank_Swallow_0050_129780.jpg,0.4962017130581542,0.12190126928899392,0.5125160524198255
Bank_Swallow_0035_129528.jpg,0.7553604802467677,0.7785408048973234,-0.009282770468901214
Bank_Swallow_0019_129788.jpg,0.38388177346890107,-0.2158446168065007,0.4755130070513525
Bank_Swallow_0016_129791.jpg,0.5028006606949722,0.1423606979962545,0.3244820676573373
Barn_Swallow_0038_132780.jpg,0.48088169988786367,0.10039157203663085,0.5091234589137634
Barn_Swallow_0041_131860.jpg,0.4159479051733608,-0.10690085478092559,0.0755165195454226
Barn_Swallow_0053_130585.jpg,0.46628409232838974,0.030816950422604128,0.3755948982683077
Barn_Swallow_0003_130086.jpg,0.4134871587480835,-0.14396235016002468,0.1957536452884056
Barn_Swallow_0050_130095.jpg,0.43864724851812686,-0.05402407044943636,0.26309050479253826
Barn_Swallow_0034_130099.jpg,0.39572415151595897,-0.1676945992106189,-0.3994581838579126
Barn_Swallow_0022_130631.jpg,0.5329312518491887,0.2376419567976933,0.13784124193233027
Barn_Swallow_0054_131146.jpg,0.4189973948215272,-0.10385390714097964,-0.2482225391594547
Barn_Swallow_0085_132939.jpg,0.4328906369444412,-0.06953698508502004,0.3011752378968331
Barn_Swallow_0083_132949.jpg,0.397326695321222,-0.16734368544943568,-0.16759840934220716
Barn_Swallow_0055_131933.jpg,0.5205293952895824,0.22195594339662472,0.5773811619826301
Barn_Swallow_0089_131934.jpg,0.41025413321797133,-0.1553676442478904,0.23607971406432773
Barn_Swallow_0014_130403.jpg,0.4494343919902374,-0.027544785930708304,0.2947445897899844
Barn_Swallow_0062_132755.jpg,0.6605449619488069,0.5788611688400518,0.21114886233302094
Barn_Swallow_0044_132542.jpg,0.4978718290866122,0.1631627153199331,0.30960966811777546
Barn_Swallow_0086_132477.jpg,0.5757210303299771,0.34726891385817116,-0.26339606930432097
Barn_Swallow_0023_130325.jpg,0.41107970363267954,-0.15586679760366695,-0.21769213413032656
Barn_Swallow_0072_130474.jpg,0.4589313726479569,0.034791902754760407,0.24323763758377379
Barn_Swallow_0093_130121.jpg,0.49907639472771637,0.13793714110196742,0.03702043749878938
Barn_Swallow_0027_129978.jpg,0.5053208111556811,0.1576373392607493,0.20428365566162202
Barn_Swallow_0052_131539.jpg,0.49366142577824557,0.10799381949241893,0.0748185524271749
Barn_Swallow_0007_131030.jpg,0.41570365735263204,-0.13448425912408402,-0.10985047526615824
Barn_Swallow_0063_132572.jpg,0.423611256405345,-0.09698042314889,-0.12494869810217078
Barn_Swallow_0020_132317.jpg,0.398927278858485,-0.17315830550302813,0.0873558414582964
Barn_Swallow_0029_132832.jpg,0.481557936212046,0.11836609437549706,0.30581197084691314
Barn_Swallow_0013_131812.jpg,0.4187689959394729,-0.11042361001346901,0.04870536870015132
Barn_Swallow_0006_131315.jpg,0.3988288088844839,-0.16332251129484598,0.33791009882771955
Barn_Swallow_0080_131829.jpg,0.39618396667139555,-0.20379923727880533,0.17982446140756478
Barn_Swallow_0019_130555.jpg,0.3619998264854061,-0.3025363259701135,0.030760385785870727
Barn_Swallow_0074_132094.jpg,0.3928907825832776,-0.1861476188961757,0.16450595013488975
Cliff_Swallow_0012_133527.jpg,0.5211673615306831,0.22069943618839238,-0.028010259364688213
Cliff_Swallow_0084_133974.jpg,0.43174118853077004,-0.08004682758175363,0.339511853215809
Cliff_Swallow_0098_133130.jpg,0.45133114753594383,-0.03283176284847711,-0.055171006746086125
Cliff_Swallow_0039_133645.jpg,0.4645816878715525,0.017229318470558863,-0.33888828758740025
Cliff_Swallow_0042_133646.jpg,0.5230090858326053,0.19977906778469778,0.13605399901779444
Cliff_Swallow_0100_133665.jpg,0.47701929048462444,0.10588906432532619,0.15139563042242687
Cliff_Swallow_0031_133164.jpg,0.4329310845310351,-0.0644684062792269,-0.2946274885313745
Cliff_Swallow_0036_133168.jpg,0.46972583491800146,0.025416451191908274,-0.37365308995410257
Cliff_Swallow_0013_133169.jpg,0.4915218092057385,0.11623982446766545,0.36264082931137903
Cliff_Swallow_0038_133701.jpg,0.48630459192671194,0.11330754828427114,-0.12178265241314357
Cliff_Swallow_0027_133203.jpg,0.4827886839783492,0.09656204250360467,-0.041442878706353554
Cliff_Swallow_0068_134236.jpg,0.4591801406947289,-0.0030053069612356875,0.14523138985761658
Cliff_Swallow_0099_133948.jpg,0.34570088082305317,-0.34306913220165014,0.038712264166169734
Cliff_Swallow_0006_133489.jpg,0.3849393175223115,-0.21938192813569812,0.15015035722695558
Cliff_Swallow_0003_133496.jpg,0.4144481300137577,-0.11767853953212648,0.2691626300310273
Cliff_Swallow_0061_133259.jpg,0.4791444590419679,0.08618268736687151,0.21965463947578967
Cliff_Swallow_0060_133280.jpg,0.5070634006766161,0.19869893084878332,0.1466910416162174
Cliff_Swallow_0083_133771.jpg,0.4881057560839852,0.14134205826658353,0.28656853817142963
Cliff_Swallow_0089_133545.jpg,0.49963584026661734,0.14920221677967993,0.2672646776119626
Cliff_Swallow_0017_133806.jpg,0.5785199753545065,0.3996547729962303,-0.050995103985963255
Cliff_Swallow_0093_133052.jpg,0.44169141708363924,-0.03914335246638978,0.21767644145337536
Cliff_Swallow_0052_133055.jpg,0.41935967321688983,-0.12015074794139191,-0.0057333955574462
Cliff_Swallow_0085_134338.jpg,0.47619227067710823,0.06207254094406334,-0.19938069715584963
Cliff_Swallow_0056_133921.jpg,0.4551368404337589,0.03200778754051814,0.0112089243461414
Cliff_Swallow_0033_133836.jpg,0.5161138299396185,0.18678215326260017,-0.14278545120941744
Cliff_Swallow_0063_133852.jpg,0.5460325921929448,0.2724138810624873,-0.32405101016529186
Cliff_Swallow_0041_134111.jpg,0.4428655155541783,-0.04131382328522837,-0.14409708469313467
Cliff_Swallow_0081_134119.jpg,0.410793045649287,-0.13547245141256448,0.20892896266257274
Cliff_Swallow_0035_133097.jpg,0.4026420263657401,-0.1656239303892939,0.2513940034695119
Cliff_Swallow_0073_133116.jpg,0.42018674660226085,-0.1246757815604862,-0.10089081873671464
Tree_Swallow_0100_137493.jpg,0.37937439712005194,-0.24020662785669966,0.3806993708014567
Tree_Swallow_0032_136216.jpg,0.4228278351416007,-0.10136356043733685,0.2456966428526633
Tree_Swallow_0098_134916.jpg,0.3808117276677424,-0.23385862459565954,0.18796740284101465
Tree_Swallow_0107_136223.jpg,0.40640441030078467,-0.13736841291495727,0.12162788047696355
Tree_Swallow_0092_136236.jpg,0.37440348330326056,-0.2543605097405348,0.09382383273462971
Tree_Swallow_0044_135984.jpg,0.49150195070504554,0.12043790101809426,0.06412929291340831
Tree_Swallow_0074_135219.jpg,0.5250377729521604,0.20829447656331157,-0.2446509745999326
Tree_Swallow_0061_134712.jpg,0.4398324613010396,-0.04615071723779263,0.2885106915057576
Tree_Swallow_0008_135352.jpg,0.4232954421538957,-0.09400008538357474,0.029983310981528396
Tree_Swallow_0082_135006.jpg,0.47474261726942846,0.07861556410035475,0.010233591316326542
Tree_Swallow_0083_136800.jpg,0.47616395178408233,0.10524339350750322,0.23190456368882556
Tree_Swallow_0066_135788.jpg,0.443290714740715,-0.02377245989450416,0.1725280673523683
Tree_Swallow_0016_135549.jpg,0.4354158335428773,-0.060068209619669855,0.4556129400000726
Tree_Swallow_0039_135038.jpg,0.5046475394075827,0.13058905721077518,0.15398689846631514
Tree_Swallow_0037_134647.jpg,0.4247156885347809,-0.09723676943663007,0.22712756790904304
Tree_Swallow_0020_136587.jpg,0.45170103822563934,0.011102222185750632,0.24405409806568865
Tree_Swallow_0035_136589.jpg,0.44172199764446174,-0.05422492988954741,0.1402655759237964
Tree_Swallow_0113_136849.jpg,0.4197186166510978,-0.09752732229742289,-0.130256472785511
Tree_Swallow_0095_135829.jpg,0.3588054020390762,-0.31361519572120766,0.16215097501939
Tree_Swallow_0115_135832.jpg,0.46384793428136684,0.011123775332271824,0.2829975848565886
Tree_Swallow_0090_135325.jpg,0.4427846052623685,-0.041674237759277144,-0.003898468529793943
Tree_Swallow_0075_136081.jpg,0.3908062198663933,-0.20905715585683904,-0.19407904660776681
Tree_Swallow_0091_136870.jpg,0.49296181310453546,0.1285066823322647,0.34830605504349177
Tree_Swallow_0023_135345.jpg,0.4633054939937259,0.026372902807286436,0.4909857489388828
Tree_Swallow_0050_135104.jpg,0.445315512078985,-0.015278003383264238,0.3458137018449259
Tree_Swallow_0042_136401.jpg,0.4382498962420813,-0.030195282173671734,-0.05597794415460808
Tree_Swallow_0110_136921.jpg,0.4521391331667479,0.00518622611166597,0.4096835515211226
Tree_Swallow_0029_134882.jpg,0.4674381208933235,0.02831899572089447,0.04896514710787931
Tree_Swallow_0056_135079.jpg,0.45085439424189633,-0.0026003381000954118,0.049958509638884985
Tree_Swallow_0073_134997.jpg,0.39759807497321364,-0.19769546509977842,0.1395314365529784
Scarlet_Tanager_0116_138242.jpg,0.46187185144875964,0.006033579234712594,0.43594461616135344
Scarlet_Tanager_0121_138255.jpg,0.5039996404985969,0.14071328402458094,0.5799783788337239
Scarlet_Tanager_0129_137745.jpg,0.4754924536286218,0.04125593969176289,0.03105543263945181
Scarlet_Tanager_0068_137758.jpg,0.4198505521809759,-0.10886389772859739,0.2615548592759119
Scarlet_Tanager_0099_137783.jpg,0.5044655538198113,0.14139708105639204,0.04193211968870143
Scarlet_Tanager_0014_138298.jpg,0.415493519418744,-0.10421339240238092,0.3561088888385459
Scarlet_Tanager_0050_137874.jpg,0.5145250016989598,0.17951168165877118,0.3446279292312108
Scarlet_Tanager_0012_138410.jpg,0.5668563446677328,0.34809651753654103,0.5593283717746694
Scarlet_Tanager_0087_137937.jpg,0.5522458600928699,0.28080167317439764,0.6229535478303074
Scarlet_Tanager_0082_137978.jpg,0.443843634798219,-0.007275988297907654,-0.33078222825859926
Scarlet_Tanager_0021_138199.jpg,0.43875038204354,-0.047111450903584595,0.3714669691397988
Scarlet_Tanager_0039_138010.jpg,0.538962338364808,0.2954820498549279,0.406176242571385
Scarlet_Tanager_0096_138022.jpg,0.4962440965042253,0.1689655660657895,0.23869477596362756
Scarlet_Tanager_0022_138049.jpg,0.49119896529377827,0.12218223003851747,0.43594309312911905
Scarlet_Tanager_0054_138210.jpg,0.5136057423324019,0.18090913154173038,0.6244364845374698
Scarlet_Tanager_0009_138076.jpg,0.449896046540593,0.00324129836937459,0.15173156841847393
Scarlet_Tanager_0073_138108.jpg,0.4801320579180042,0.09819253763791724,0.31701578000608643
Scarlet_Tanager_0008_137607.jpg,0.4618322878261838,0.0650476396577897,0.3312002195475521
Scarlet_Tanager_0065_138683.jpg,0.516624701960811,0.20280287712387568,0.22193533111953745
Scarlet_Tanager_0092_138688.jpg,0.4979214392558896,0.14889450531528414,0.3585820466946597
Scarlet_Tanager_0112_138695.jpg,0.5709989028505773,0.39164164382825983,0.5930010411783758
Scarlet_Tanager_0038_138198.jpg,0.45616144775638157,0.030409423069634345,0.4940735488232607
Scarlet_Tanager_0025_138712.jpg,0.44371579824952,-0.03490477564679817,0.4129479921630128
Scarlet_Tanager_0109_137698.jpg,0.3811577762627547,-0.2437148846598065,0.27001655968164723
Scarlet_Tanager_0135_137699.jpg,0.4641707993859394,0.007349292963048093,0.14686209890739058
Scarlet_Tanager_0076_137702.jpg,0.47530851358662507,0.05566140796654495,0.1454442064266751
Scarlet_Tanager_0043_138236.jpg,0.5422313730984842,0.2680271703569298,0.5328009860325036
Scarlet_Tanager_0063_138227.jpg,0.4875728358348056,0.08290684764698353,0.2880947844654008
Scarlet_Tanager_0097_137717.jpg,0.4942483350948812,0.12068551442225606,0.28934382380122453
Scarlet_Tanager_0003_137724.jpg,0.5119079394712203,0.14848772205631877,0.2706440927221167
Summer_Tanager_0103_139267.jpg,0.5073948881892463,0.15816440068161675,0.45550778794150854
Summer_Tanager_0071_140289.jpg,0.4361002305709043,-0.08096287088065557,0.5411812815785852
Summer_Tanager_0106_139801.jpg,0.4347896605674424,-0.020443510017285726,0.5575645105138555
Summer_Tanager_0052_139804.jpg,0.4200350849677328,-0.09321676731962603,0.4522666986537159
Summer_Tanager_0127_139297.jpg,0.4312233342748376,-0.08353054562420148,0.06149064655104703
Summer_Tanager_0059_140582.jpg,0.5481990338556018,0.28458110721985286,0.7100879594501481
Summer_Tanager_0101_139441.jpg,0.4533918345696286,-0.011055067274434949,0.3492726129692876
Summer_Tanager_0117_140812.jpg,0.5612134535755918,0.3387084865898624,0.5062657382505719
Summer_Tanager_0080_140110.jpg,0.5489521100963655,0.29190765343092306,0.5206093980800017
Summer_Tanager_0075_139858.jpg,0.5131824033581159,0.16618884559455505,0.5925228084736901
Summer_Tanager_0023_139859.jpg,0.43002708043897575,-0.04479287126167142,0.48131535097392725
Summer_Tanager_0094_139351.jpg,0.512952051940909,0.1968778812892269,0.4752190204202412
Summer_Tanager_0062_140633.jpg,0.4908909115563427,0.1517261742638456,0.33723888464922436
Summer_Tanager_0050_139358.jpg,0.42801100986031093,-0.08276314273828733,0.31056915231634985
Summer_Tanager_0038_139371.jpg,0.4801075926093511,0.1136743734224388,0.5078362873243409
Summer_Tanager_0043_139884.jpg,0.46946468230755223,0.048792018400710346,0.40336688030143597
Summer_Tanager_0073_139379.jpg,0.41288762270160484,-0.10179806835974725,0.46039492114419805
Summer_Tanager_0041_139902.jpg,0.37601985932598114,-0.2525328304603067,0.5877818262618427
Summer_Tanager_0074_139592.jpg,0.556880235095492,0.32286678516251277,0.6225343425541515
Summer_Tanager_0017_140173.jpg,0.45763388272716143,0.018117307531824056,0.6653324195191649
Summer_Tanager_0047_140164.jpg,0.42554582094506843,-0.09578469760571773,0.44169745895926843
Summer_Tanager_0069_139941.jpg,0.39244873354712706,-0.17459648397092953,0.3692102944546754
Summer_Tanager_0064_140725.jpg,0.3960420435448315,-0.19409256204282688,0.06841229507606299
Summer_Tanager_0124_139963.jpg,0.4249800948003517,-0.09844678224373182,0.43244068843991523
Summer_Tanager_0044_140611.jpg,0.4461248618119128,0.0012242611868683584,0.4700843268121343
Summer_Tanager_0107_139488.jpg,0.45704942520394276,0.02160749590620248,0.5449628842174459
Summer_Tanager_0091_139602.jpg,0.5107363921600898,0.20946547587325637,0.5250363287873522
Summer_Tanager_0070_137714.jpg,0.42569346381076156,-0.06421011121850118,0.25461234594114834
Summer_Tanager_0115_139253.jpg,0.40141138445686264,-0.14518171227999255,0.3488093002748052
Summer_Tanager_0093_139517.jpg,0.4638553858746347,0.030625096569452004,0.5585447941888417
Artic_Tern_0015_141829.jpg,0.46462205996282835,0.02805127661116691,-0.09629810547732506
Artic_Tern_0035_143366.jpg,0.40560262872566943,-0.1557665402116135,-0.4955511878220337
Artic_Tern_0048_142372.jpg,0.41211531314153105,-0.12178970347372209,-0.05484226377582872
Artic_Tern_0059_141876.jpg,0.5954605402092406,0.42608199742755315,0.17729862931851997
Artic_Tern_0093_141880.jpg,0.5310855216714213,0.24185034032695074,0.2663489179346507
Artic_Tern_0129_141395.jpg,0.4832421711559287,0.1267112747138508,0.10912417776617696
Artic_Tern_0019_141922.jpg,0.5149863284880379,0.20865335959040654,-0.23819291068660955
Artic_Tern_0127_142440.jpg,0.47390785429878923,0.043421091035194315,-0.0518034778002411
Artic_Tern_0036_142447.jpg,0.4820901274932996,0.08443161256665521,-0.28108379118048465
Artic_Tern_0102_141453.jpg,0.4610106932303212,0.03577475836438493,0.31930570684327403
Artic_Tern_0060_141955.jpg,0.5307764193170978,0.2653784876815023,0.09836422472370554
Artic_Tern_0023_140898.jpg,0.47897262958798337,0.06779713435965717,-0.04279406687133744
Artic_Tern_0138_142527.jpg,0.47935835852504016,0.08434496575164652,0.06562837703817465
Artic_Tern_0034_142022.jpg,0.49578269229258765,0.15148362207669608,0.07315911598432728
Artic_Tern_0117_143394.jpg,0.48856878386377534,0.11014194560201629,-0.09865258807282482
Artic_Tern_0115_142570.jpg,0.44568776968892687,-0.022284931411072906,0.4354164657750406
Artic_Tern_0142_142078.jpg,0.4535081529068874,0.0099633552010564,-0.08233449137958442
Artic_Tern_0041_142079.jpg,0.42991786692187284,-0.08498827209443371,0.44120064428957806
Artic_Tern_0083_141579.jpg,0.5232119396298955,0.21088707521481742,0.19512289943799652
Artic_Tern_0027_141617.jpg,0.5044848146506999,0.14482140836283863,0.17900574083130796
Artic_Tern_0082_142127.jpg,0.573064207541431,0.3520796476379412,0.06568193059251565
Artic_Tern_0044_142151.jpg,0.487702021930975,0.13657229147093408,-0.1773637815952477
Artic_Tern_0037_141141.jpg,0.49542341351473695,0.1282360468530026,-0.20534123247426087
Artic_Tern_0119_142682.jpg,0.5001630841782891,0.15358595893126092,0.15515689140879563
Artic_Tern_0014_141716.jpg,0.46719396672211666,0.018027448874305074,-0.012317373571414046
Artic_Tern_0029_142220.jpg,0.527992151492431,0.2175950020007762,0.12583698977187016
Artic_Tern_0024_143268.jpg,0.45807065559246996,0.0010073746291430208,0.01534023269210585
Artic_Tern_0030_141816.jpg,0.47805671737385236,0.09443780491618736,-0.0587298433972457
Artic_Tern_0011_143355.jpg,0.5058814955484159,0.16593758705619566,0.2592494350005231
Black_Tern_0017_143876.jpg,0.48265597520841075,0.09432774282948331,-0.16477487936099663
Black_Tern_0006_144646.jpg,0.3928650821125099,-0.18512495056571798,-0.4380310274215928
Black_Tern_0056_143906.jpg,0.4769052570128375,0.08367800303745576,-0.23888608847842782
Black_Tern_0096_143917.jpg,0.45866433432389053,0.028672198053042885,0.06917248753073585
Black_Tern_0014_143939.jpg,0.4284351484058425,-0.09092823516003623,0.0023136775532830167
Black_Tern_0094_144466.jpg,0.4598383179991189,0.024068044745083728,-0.3269151105178898
Black_Tern_0008_143965.jpg,0.4336766494054517,-0.07286399941850608,0.1779913500564671
Black_Tern_0058_143981.jpg,0.4554770618248528,-0.013281085358022304,-0.07460567989470233
Black_Tern_0023_143985.jpg,0.5221550070931174,0.22867139165645756,0.158519404605104
Black_Tern_0064_143990.jpg,0.4124216099186807,-0.11651042501912379,0.05745867479969827
Black_Tern_0025_144503.jpg,0.49562704945598357,0.15088625809393574,0.21855573843453058
Black_Tern_0107_144661.jpg,0.5183517380310093,0.17414752892232332,0.13264465377606127
Black_Tern_0050_144000.jpg,0.45317820756848015,-0.03292297724264115,0.02141316186258771
Black_Tern_0048_144001.jpg,0.42675629877869214,-0.060868940887203404,-0.08762713495868166
Black_Tern_0044_144021.jpg,0.5817364407408248,0.35481868012167606,0.023115252263178378
Black_Tern_0032_144029.jpg,0.4286966465022245,-0.0834423321499893,0.11539240227389146
Black_Tern_0070_144292.jpg,0.5358296534758437,0.26749957913854816,-0.21017690514491513
Black_Tern_0104_144038.jpg,0.48237862751811367,0.0742052578893242,0.19460406007610195
Black_Tern_0024_144039.jpg,0.4509047535725068,-0.04445557533869615,0.32789016394939224
Black_Tern_0091_144063.jpg,0.534238026323449,0.23806331937438663,0.24674867123444177
Black_Tern_0033_144328.jpg,0.5171358706782425,0.17501489611544996,-0.23953707255127848
Black_Tern_0065_144076.jpg,0.45159018423920916,-0.02432523201947978,0.25063457361065467
Black_Tern_0101_144331.jpg,0.4334221147063737,-0.03104201050310218,-0.1958445974211227
Black_Tern_0073_144638.jpg,0.55011837738419,0.2725935386577065,-0.2961134028231626
Black_Tern_0100_144597.jpg,0.40623217302500825,-0.1497731281658259,-0.1111367291835621
Black_Tern_0102_144344.jpg,0.4974323234770648,0.12757452623925003,0.28072540710921595
Black_Tern_0098_144089.jpg,0.5544157503400695,0.2862095867505884,0.14733728546092045
Black_Tern_0012_144091.jpg,0.48658087125921257,0.10500098507613032,-0.42494780852380426
Black_Tern_0034_144106.jpg,0.5793008315341815,0.372557729705566,-0.06479617044815543
Black_Tern_0105_144380.jpg,0.49725189677517967,0.14932534003546105,-0.37848857746192055
Caspian_Tern_0024_146033.jpg,0.5257527938574185,0.23323407096449422,0.44452243829399196
Caspian_Tern_0097_145923.jpg,0.5517239959501117,0.2856001382824469,0.2133417693904131
Caspian_Tern_0115_145927.jpg,0.46092077065332504,0.01929282250119957,0.4735379469268168
Caspian_Tern_0102_145928.jpg,0.4432105513899217,-0.011838335944225786,-0.4483415533559586
Caspian_Tern_0005_145929.jpg,0.5345567146828789,0.24643097308634354,-0.24408635872554332
Caspian_Tern_0069_145931.jpg,0.5358805324332299,0.26614611927285114,0.14751482160360907
Caspian_Tern_0079_145777.jpg,0.5191014240355859,0.2112299793584228,0.20479904558202383
Caspian_Tern_0099_145939.jpg,0.564729285498415,0.3311261724275588,0.24398923515450469
Caspian_Tern_0010_145667.jpg,0.4591824793113256,0.01599196229972888,0.17477007092421892
Caspian_Tern_0074_145964.jpg,0.5382132514396718,0.26063963173724825,0.3516321354040647
Caspian_Tern_0062_145981.jpg,0.6058922305114263,0.4509244946174241,-0.17813004319108172
Caspian_Tern_0041_144964.jpg,0.458587702832844,0.013740964378568088,0.3263679539126025
Caspian_Tern_0111_145995.jpg,0.5505244675985167,0.30140788418380304,0.09159921139226819
Caspian_Tern_0119_145492.jpg,0.5408711510422957,0.28040627672406715,0.37247097248700756
Caspian_Tern_0060_146007.jpg,0.4838068408789521,0.10403457508961533,0.07117183947834833
Caspian_Tern_0018_146010.jpg,0.6375030458908213,0.5283967496187525,0.10968184189213792
Caspian_Tern_0108_145278.jpg,0.545728301006478,0.2777727370719626,0.2435196132512067
Caspian_Tern_0113_146828.jpg,0.4933432457452329,0.10778549678748661,0.3208126279638416
Caspian_Tern_0063_146082.jpg,0.4514702704361946,0.0015940001021848005,0.12044772597093747
Caspian_Tern_0012_147632.jpg,0.4593706895205596,0.008232083015369152,0.1612736397801852
Caspian_Tern_0068_146615.jpg,0.555907063844354,0.31152032897758186,0.4547291512727409
Caspian_Tern_0106_147645.jpg,0.4220332025573431,-0.10483437808647045,0.2323044597344135
Caspian_Tern_0048_145672.jpg,0.5025261378113196,0.1520911895570759,0.28086536886349023
Caspian_Tern_0016_145314.jpg,0.5007453607794146,0.16996953598720077,0.44705436946755556
Caspian_Tern_0022_144922.jpg,0.47628535031209374,0.065189823924229,0.160162722162058
Caspian_Tern_0067_145107.jpg,0.42832632976031226,-0.0971862925266882,0.08857986293490366
Caspian_Tern_0058_145886.jpg,0.5369725020729904,0.23692078431813612,0.49570944787041243
Caspian_Tern_0054_145890.jpg,0.5166276191602984,0.21079213120732165,0.0669844919609554
Caspian_Tern_0026_145125.jpg,0.5544196629406736,0.3111935844618524,0.10086985597132783
Caspian_Tern_0014_145640.jpg,0.5218564219025466,0.22097515249727617,0.07141933671088137
Common_Tern_0040_147973.jpg,0.463861488452727,0.04389740536435016,0.3202365080648655
Common_Tern_0075_148528.jpg,0.5077340202081544,0.1573594658746278,-0.024963942560749637
Common_Tern_0045_150067.jpg,0.5153276840500829,0.16818427046410334,0.07446300453585751
Common_Tern_0056_148549.jpg,0.5893681520946227,0.41050121358097325,0.04484927357973055
Common_Tern_0063_147789.jpg,0.4752730927508283,0.08161057150935302,-0.46297819536437007
Common_Tern_0037_148048.jpg,0.4960364219897291,0.09793750437806414,-0.31718805280906803
Common_Tern_0105_149841.jpg,0.42159695958375154,-0.12220340216595571,-0.09345556645031013
Common_Tern_0088_147941.jpg,0.5988464363947479,0.41984625507944173,0.3178647114469217
Common_Tern_0027_150113.jpg,0.4474380481752743,-0.02206835709089261,0.08003431895963403
Common_Tern_0028_150117.jpg,0.5164639003271756,0.17992029101193074,0.41657563802117975
Common_Tern_0009_149609.jpg,0.46536690912643464,0.05409605774875115,0.4362703554141509
Common_Tern_0087_147945.jpg,0.519119593089638,0.22448366385288798,0.1356047248451593
Common_Tern_0097_148874.jpg,0.4313910166884497,-0.0781384830939078,0.059126899355353736
Common_Tern_0092_147779.jpg,0.5220613903168909,0.19989854137378793,0.042640467382345455
Common_Tern_0055_149486.jpg,0.43836312508501796,-0.05211059314027677,-0.27697297448372865
Common_Tern_0108_149672.jpg,0.4944510011847303,0.11909597836538077,-0.24183052283586848
Common_Tern_0078_149161.jpg,0.45143260328813395,0.024154357507299218,0.3017382984835149
Common_Tern_0106_149345.jpg,0.5460058284996256,0.29057903550933395,0.04145602975535204
Common_Tern_0042_147897.jpg,0.4844618213749663,0.0754423466628742,-0.2641205378564472
Common_Tern_0120_148670.jpg,0.41258530897994583,-0.1133628746866866,0.2487252271098287
Common_Tern_0050_148928.jpg,0.5138706496173933,0.1809965600753649,0.2727699706749771
Common_Tern_0051_150469.jpg,0.5592320991019494,0.3064170807430734,0.605283389527893
Common_Tern_0044_148680.jpg,0.49443930127154334,0.131451748060311,-0.0998890368183654
Common_Tern_0047_149195.jpg,0.4804962084608808,0.12397012961376297,-0.004530131280485001
Common_Tern_0004_148977.jpg,0.5679974556234151,0.32587672014957325,-0.017270428108837898
Common_Tern_0103_149733.jpg,0.4143032162135831,-0.11705449430315706,-0.13026401198567392
Common_Tern_0014_149194.jpg,0.4831205623532868,0.1093558851167552,0.44209391090083067
Common_Tern_0115_149482.jpg,0.4928720769390359,0.12819709985060534,0.06622787306990459
Common_Tern_0057_149749.jpg,0.5639566237457958,0.3172146619143025,0.22111161901592313
Common_Tern_0012_148477.jpg,0.48610337527041514,0.09954921855035248,0.31301290688676314
Elegant_Tern_0093_150534.jpg,0.4075215125256223,-0.13180900702400122,0.4541877851662321
Elegant_Tern_0080_150538.jpg,0.4742269931647367,0.08179585370919884,0.32691731109986716
Elegant_Tern_0077_150548.jpg,0.4252785513462578,-0.07322576885499177,0.47664110982875657
Elegant_Tern_0030_151067.jpg,0.5471717584232907,0.2942865635262779,-0.07520390687525876
Elegant_Tern_0096_151068.jpg,0.4673948067685094,0.05758683640520823,-0.10612108043722962
Elegant_Tern_0085_151091.jpg,0.5325769885614355,0.21632461429525063,0.3820913954707182
Elegant_Tern_0060_150837.jpg,0.49591305925971174,0.14461963581509574,0.3782478283661912
Elegant_Tern_0024_150852.jpg,0.5865766293633831,0.4023368558065228,0.33241296320053954
Elegant_Tern_0058_150853.jpg,0.5601535462385148,0.3168602896565609,0.38422780354002284
Elegant_Tern_0089_150854.jpg,0.49450640733316764,0.1419709918563371,0.25095099994015774
Elegant_Tern_0106_150872.jpg,0.4977640725414949,0.1625103726352357,0.5357372928946098
Elegant_Tern_0090_45924.jpg,0.4427226326078588,0.0018620870230738884,0.47128329500295846
Elegant_Tern_0023_150654.jpg,0.49485510039343183,0.1818035631241688,0.5901281771551854
Elegant_Tern_0072_150911.jpg,0.5114651937329375,0.17421777984056241,0.5402595336806769
Elegant_Tern_0053_150507.jpg,0.49227053549563327,0.13881822426346535,0.0687742465712685
Elegant_Tern_0084_150922.jpg,0.4889943475998566,0.14680834015305078,0.5814447403114982
Elegant_Tern_0067_151185.jpg,0.44834630255633645,-0.019176492137571888,0.36074252590160844
Elegant_Tern_0042_150851.jpg,0.5249513109322346,0.24133199962268614,0.35572480986382576
Elegant_Tern_0099_150682.jpg,0.5273150871928719,0.23531114449637758,0.16909109224354907
Elegant_Tern_0033_150687.jpg,0.4193994887196888,-0.1429386019268255,0.2172333869032703
Elegant_Tern_0079_150953.jpg,0.48234222108830893,0.11702827460745302,0.3074045104113625
Elegant_Tern_0107_150960.jpg,0.4490588191829872,-0.03538648047171211,0.045090646299273125
Elegant_Tern_0006_150963.jpg,0.4308592339999422,-0.10360410905258233,0.30292505243490375
Elegant_Tern_0005_150708.jpg,0.44621823300904284,0.02013805513657696,0.4083949249628773
Elegant_Tern_0101_150715.jpg,0.4544633100951765,0.011310384842330046,0.0075719417413529794
Elegant_Tern_0036_150972.jpg,0.5397439105109507,0.3053034071221544,0.38945234940529116
Elegant_Tern_0039_150944.jpg,0.4687496650803106,0.017709814359880838,0.23172816546149166
Elegant_Tern_0044_150946.jpg,0.4828218367902338,0.10345277689208943,0.4302646163328766
Elegant_Tern_0035_150744.jpg,0.4731749556553383,0.05954304242960351,0.25095458209557175
Elegant_Tern_0082_150517.jpg,0.41692635416721713,-0.0844121620646765,0.5481626240823417
Forsters_Tern_0012_151558.jpg,0.5035348784956863,0.19788813475101263,0.00877277751696617
Forsters_Tern_0098_151258.jpg,0.5674091355348037,0.3242607640160464,0.16736863637399751
Forsters_Tern_0057_151570.jpg,0.4574461094940997,-0.007582800234942955,-0.07299522648956729
Forsters_Tern_0109_152094.jpg,0.5128159878813208,0.1842590662250264,-0.18755630695953385
Forsters_Tern_0076_151330.jpg,0.502081599259895,0.16528627317580236,-0.23381675424421453
Forsters_Tern_0043_151332.jpg,0.4306693688246541,-0.043120089468852374,-0.2256448739881874
Forsters_Tern_0092_152119.jpg,0.45903504292008745,0.01945331184263699,-0.3601224744928101
Forsters_Tern_0071_152142.jpg,0.5209751145872916,0.1882151370002597,0.4148137312376583
Forsters_Tern_0049_151631.jpg,0.4267495334247817,-0.10404021319049428,-0.4571311361081691
Forsters_Tern_0041_149586.jpg,0.5204176097139521,0.18883781733195726,-0.17146237021047325
Forsters_Tern_0091_151895.jpg,0.5538786065460797,0.31490158308809735,-0.2272879437260626
Forsters_Tern_0032_151384.jpg,0.4877619102648615,0.09367029432183416,-0.2590990610402929
Forsters_Tern_0042_151644.jpg,0.5443948037821975,0.2482161248185618,-0.16800420813989458
Forsters_Tern_0021_144734.jpg,0.38006474252115396,-0.23396942493800132,-0.2605142955641586
Forsters_Tern_0082_151937.jpg,0.5379570743101465,0.23335336818188523,0.08878771622917261
Forsters_Tern_0116_151688.jpg,0.5037040398814003,0.1549370067830188,-0.026878337778025372
Forsters_Tern_0065_152206.jpg,0.5135246894360205,0.15991786373363326,0.2375787872411242
Forsters_Tern_0064_152047.jpg,0.4653069387729699,0.0019384287542166811,0.39104566783026046
Forsters_Tern_0086_152738.jpg,0.48595897281499134,0.07726707216234019,-0.20197668928116413
Forsters_Tern_0097_151731.jpg,0.5159246618621085,0.2188454653812315,-0.049221347694290374
Forsters_Tern_0087_151226.jpg,0.47758790301510934,0.08967518199368563,-0.21355087723810162
Forsters_Tern_0029_151228.jpg,0.4242872617221405,-0.08370341477206633,-0.3133264931000552
Forsters_Tern_0010_151243.jpg,0.5111363053242951,0.17673089522600138,0.1571740573598198
Forsters_Tern_0126_151257.jpg,0.5362439919261934,0.26142152796844476,-0.0425289490406066
Forsters_Tern_0003_151547.jpg,0.490798304453248,0.09226743639494828,-0.1499509967752371
Forsters_Tern_0059_151269.jpg,0.5229348815448289,0.20309817628838844,-0.1963325020060309
Forsters_Tern_0099_152529.jpg,0.45809138435515817,0.002044162321108156,-0.17886661285651123
Forsters_Tern_0095_152067.jpg,0.5372439854852112,0.2417430827547128,-0.22015510436115907
Forsters_Tern_0083_151282.jpg,0.5061337571843746,0.16048421584553896,-0.2693251450896383
Forsters_Tern_0004_152358.jpg,0.4966395287368939,0.1244433950897963,0.21356936409761235
Least_Tern_0127_154141.jpg,0.3626510935256043,-0.2937248324941275,0.23213318885263182
Least_Tern_0007_153661.jpg,0.48687122651104364,0.13944559314277505,0.4111697223814473
Least_Tern_0025_153678.jpg,0.4412371338623692,-0.006145534170229006,0.0835872435768636
Least_Tern_0026_153702.jpg,0.46999881226864504,0.04397892207469867,0.23312758275631276
Least_Tern_0116_153715.jpg,0.41254440627752675,-0.1075636260671966,0.26881185844423866
Least_Tern_0011_153722.jpg,0.49408752363404296,0.15171085203240542,-0.12329907817778238
Least_Tern_0128_153732.jpg,0.39758717936136945,-0.15495831961546713,-0.143110531893083
Least_Tern_0058_153747.jpg,0.4603814118556805,0.016276605476639783,0.15490259632670147
Least_Tern_0014_153757.jpg,0.5108307246770294,0.1525923607141556,0.10622520930993985
Least_Tern_0028_153781.jpg,0.4192452451680899,-0.07097067401716606,0.20677544735806883
Least_Tern_0098_153820.jpg,0.48102303831655224,0.07900840499444817,0.41914414963392427
Least_Tern_0008_153313.jpg,0.5634617716178103,0.3467440786823667,0.09007494575458637
Least_Tern_0024_153317.jpg,0.5353859483114909,0.2373948645505285,0.3813844690274111
Least_Tern_0096_153868.jpg,0.41959265635701637,-0.08277963645033592,0.15757253164223317
Least_Tern_0111_153308.jpg,0.5493796565159041,0.32736870145220276,0.09385656046193888
Least_Tern_0132_154149.jpg,0.5120183665684419,0.1527439125943898,-0.013768221157180089
Least_Tern_0113_153415.jpg,0.36657152910505686,-0.28341590451040855,0.4456859915852468
Least_Tern_0089_152912.jpg,0.4888347998520256,0.10890693853238087,0.24794889365303835
Least_Tern_0035_152932.jpg,0.46411481999757553,0.07054907582694381,0.19613067520070832
Least_Tern_0129_153449.jpg,0.5210771432948712,0.19703244540486187,0.18427045581235865
Least_Tern_0034_153963.jpg,0.4837538826120086,0.09925394916777441,0.48984385640803274
Least_Tern_0100_153461.jpg,0.41159013882174034,-0.1643444183730085,-0.2804183935508588
Least_Tern_0104_152950.jpg,0.5053375010967918,0.14754396995298869,-0.053267094546022305
Least_Tern_0021_153979.jpg,0.4577565578052273,-0.017701881830580524,0.48993190849433305
Least_Tern_0041_153470.jpg,0.4570496607904092,0.04345922420811532,0.25761080737085135
Least_Tern_0131_153983.jpg,0.45011633503102044,-0.03130660702755539,0.29091868397939497
Least_Tern_0125_153996.jpg,0.47160845942101837,0.09121981569929005,0.227031953724028
Least_Tern_0107_154015.jpg,0.4905372073528429,0.10868303289893089,-0.19867022887948974
Least_Tern_0040_153039.jpg,0.39434520877804324,-0.17701719144495698,0.32212695902598626
Least_Tern_0029_154064.jpg,0.4349083279271255,-0.03780921728106046,0.028671917137481115
Green_Tailed_Towhee_0109_797440.jpg,0.4188955704090762,-0.09753902665491831,-0.11226675904753661
Green_Tailed_Towhee_0061_154880.jpg,0.36264074258985535,-0.28564904113068246,-0.1175976155184445
Green_Tailed_Towhee_0035_154888.jpg,0.4955589517371385,0.11218079843386186,-0.06616474372381756
Green_Tailed_Towhee_0050_154898.jpg,0.5005732936327429,0.14454341263186343,-0.2992815438867924
Green_Tailed_Towhee_0101_154907.jpg,0.46248498513056846,0.05126083716318652,0.3852734119843551
Green_Tailed_Towhee_0021_797404.jpg,0.4171526850416357,-0.12920329106639383,-0.13599267460269926
Green_Tailed_Towhee_0044_154934.jpg,0.532657682422277,0.24639971072100042,0.02108889420111485
Green_Tailed_Towhee_0072_154946.jpg,0.4401214148700937,-0.07468202013374015,-0.18298910158904386
Green_Tailed_Towhee_0004_154951.jpg,0.33854968888574344,-0.3814817679509015,0.023367915385297415
Green_Tailed_Towhee_0100_154966.jpg,0.4701405118810883,0.06463764398269711,-0.050607371357030397
Green_Tailed_Towhee_0079_154764.jpg,0.4529766194138516,-0.021155495006578207,0.39030519193406676
Green_Tailed_Towhee_0051_154768.jpg,0.35505193181819705,-0.3323302231217238,-0.10927659099111826
Green_Tailed_Towhee_0047_154776.jpg,0.3954227271869867,-0.18225884273734683,-0.276793285720726
Green_Tailed_Towhee_0005_154784.jpg,0.38573656400117906,-0.20703240224052144,0.4019163612662201
Green_Tailed_Towhee_0053_154921.jpg,0.4454877925644255,-0.0644769827217373,0.02367110438675687
Green_Tailed_Towhee_0085_154822.jpg,0.39832281473728315,-0.1556255538200657,-0.3854341821485023
Green_Tailed_Towhee_0082_797395.jpg,0.5354018424767601,0.24893706303168317,-0.328695871480998
Green_Tailed_Towhee_0092_797397.jpg,0.4503155839018731,-0.030169839216246164,-0.026174566210834346
Green_Tailed_Towhee_0017_797400.jpg,0.4997659048196953,0.13653721255525297,-0.026191958836282243
Green_Tailed_Towhee_0104_797403.jpg,0.56317915961669,0.31590656010631923,0.1961481342600963
Green_Tailed_Towhee_0037_797405.jpg,0.5234389458102026,0.21214793484853012,0.07257289124824656
Green_Tailed_Towhee_0003_797414.jpg,0.4881064592875274,0.1273684226884224,-0.059373095728233675
Green_Tailed_Towhee_0014_797415.jpg,0.46742537848446264,0.04706518596774334,0.045055986257686226
Green_Tailed_Towhee_0030_797417.jpg,0.5060170384800894,0.18701195837189,-0.1451435668157741
Green_Tailed_Towhee_0102_797420.jpg,0.31768108644895254,-0.4542501490645148,-0.17181909222875874
Green_Tailed_Towhee_0062_797424.jpg,0.4173785697200548,-0.10517228739773787,-0.19873752463145797
Green_Tailed_Towhee_0015_797425.jpg,0.4595962779902458,0.027722597028581597,-0.3426189453782581
Green_Tailed_Towhee_0067_797426.jpg,0.4048722073707096,-0.15142218209239244,0.17437241929528105
Green_Tailed_Towhee_0110_154868.jpg,0.38256413774180487,-0.24179129685893463,0.24863336518167858
Green_Tailed_Towhee_0010_797431.jpg,0.44019354843356484,-0.034973813287961786,0.20597575560119114
Brown_Thrasher_0061_155140.jpg,0.44070893980740955,-0.039297518194203684,0.3432808028953518
Brown_Thrasher_0054_155145.jpg,0.3955846031944338,-0.21814345490959086,0.5579679316112899
Brown_Thrasher_0046_155154.jpg,0.47749271210336475,0.07270873015395374,0.34130823908323704
Brown_Thrasher_0057_155164.jpg,0.47139192873511904,0.05384093597736195,0.5440659043981242
Brown_Thrasher_0015_155165.jpg,0.41674323202254093,-0.12930308896027864,0.388986330581072
Brown_Thrasher_0005_155176.jpg,0.49524887668617346,0.11568504059569962,-0.06551657587553794
Brown_Thrasher_0084_155189.jpg,0.44148008671534256,-0.04381674383722389,0.4921846671019657
Brown_Thrasher_0127_155193.jpg,0.4564329745144253,-0.009547841634824472,0.405747195900143
Brown_Thrasher_0080_155200.jpg,0.38265499424855676,-0.2118891269211316,-0.16312271032553474
Brown_Thrasher_0042_155213.jpg,0.46551783216806963,0.034574652930202676,0.4380060645038393
Brown_Thrasher_0020_155223.jpg,0.4333169170758798,-0.048759143566951435,0.5296857934366562
Brown_Thrasher_0065_155229.jpg,0.4827418650408759,0.07584432407130204,0.3940777076182595
Brown_Thrasher_0038_155246.jpg,0.42054480373407055,-0.13833101374167467,-0.06270333038329916
Brown_Thrasher_0132_155337.jpg,0.4223322067127504,-0.09291642450004112,0.3976183710865185
Brown_Thrasher_0070_155343.jpg,0.41410218104283114,-0.12050392889024852,0.3297113357854427
Brown_Thrasher_0130_155350.jpg,0.43571860281507424,-0.061524229874062364,0.3710284046195647
Brown_Thrasher_0024_155363.jpg,0.45960554687302424,-0.010754262169390572,-0.26276811503436825
Brown_Thrasher_0135_155366.jpg,0.42941795431129137,-0.10777220349718486,0.08134576334166921
Brown_Thrasher_0011_155370.jpg,0.5184484600327259,0.2048629994488349,0.47331701104604335
Brown_Thrasher_0073_155376.jpg,0.39754271792202567,-0.16854038287214101,0.11720400522910165
Brown_Thrasher_0096_155412.jpg,0.49696195041490865,0.10394054720701906,-0.0823663731007544
Brown_Thrasher_0092_155415.jpg,0.3680696028747402,-0.26250428374448287,0.034272145787347455
Brown_Thrasher_0014_155421.jpg,0.3899496300403247,-0.19229744937058602,-0.24102499496349067
Brown_Thrasher_0056_155048.jpg,0.45367363252216975,0.03819999867691015,0.32959482579346483
Brown_Thrasher_0124_155052.jpg,0.4020117636023809,-0.15496003460970842,0.32449245982488195
Brown_Thrasher_0049_155110.jpg,0.4506984763950229,-0.029169998741685577,0.38000932008909233
Brown_Thrasher_0113_155111.jpg,0.510318586099177,0.15739647144904878,-0.051620687609189045
Brown_Thrasher_0063_155127.jpg,0.4454380296041497,-0.016510182542262886,-0.31659300133736645
Brown_Thrasher_0120_155133.jpg,0.4133851507409244,-0.1435431273005492,0.4485085976696383
Sage_Thrasher_0097_155564.jpg,0.43951519939343286,-0.04066053426246752,-0.08868636582389815
Sage_Thrasher_0036_796444.jpg,0.46413302202965245,0.026490665757033294,-0.33901797314363613
Sage_Thrasher_0098_796448.jpg,0.4380233436439287,-0.06422214342526411,0.06472658411314645
Sage_Thrasher_0056_796457.jpg,0.45281496732530035,0.014673742166224302,-0.1938364831593903
Sage_Thrasher_0029_796459.jpg,0.3940877259509259,-0.20100054008731338,-0.4023842707461725
Sage_Thrasher_0062_796462.jpg,0.5191580211824979,0.18084489830614425,-0.16612886255972986
Sage_Thrasher_0024_796463.jpg,0.4253420204739998,-0.10043633349000203,-0.037585845578316464
Sage_Thrasher_0003_155479.jpg,0.4808395622066677,0.06472188572179527,-0.4460754135002787
Sage_Thrasher_0022_155447.jpg,0.4697349366413476,0.07248174253554229,-0.31893507645490904
Sage_Thrasher_0068_155452.jpg,0.4445652433500431,-0.04119048091547395,-0.35720325081863735
Sage_Thrasher_0002_155455.jpg,0.517027811131737,0.21313606107408722,0.287751657017014
Sage_Thrasher_0090_155713.jpg,0.4509460400566272,0.010726117862306594,0.04534126110792117
Sage_Thrasher_0055_155467.jpg,0.42328830328664147,-0.1168465063536035,-0.04869540212820242
Sage_Thrasher_0081_155724.jpg,0.46296667034923533,0.017063855019872176,-0.4115770234742862
Sage_Thrasher_0050_155475.jpg,0.4592805571496805,0.002821160589088878,-0.24152640438928455
Sage_Thrasher_0006_155478.jpg,0.37083513514575417,-0.2733870395620579,0.15750472402613047
Sage_Thrasher_0057_155488.jpg,0.5074174008665024,0.14455323351722593,-0.352814388285823
Sage_Thrasher_0084_155490.jpg,0.45931609187894107,0.04262109218110122,-0.5306683864120517
Sage_Thrasher_0038_155498.jpg,0.39314770701161306,-0.20209793289169098,0.3505411724586836
Sage_Thrasher_0064_155531.jpg,0.49374057163472296,0.09571673912275647,-0.48333662254566634
Sage_Thrasher_0072_155539.jpg,0.4238127509145795,-0.0706127931596463,0.03532424079381245
Sage_Thrasher_0061_155462.jpg,0.4096110489580078,-0.14956297989930856,-0.25896438460945664
Sage_Thrasher_0085_155562.jpg,0.351014184762909,-0.35838170291123816,0.06148326577336944
Sage_Thrasher_0009_155463.jpg,0.40433846910983107,-0.1486538039400147,0.08688668391104497
Sage_Thrasher_0016_155566.jpg,0.44987669471254366,-0.03247950753988138,0.10671828185708106
Sage_Thrasher_0005_155569.jpg,0.4540911707557612,0.006022331670997305,0.44111568934809553
Sage_Thrasher_0044_155610.jpg,0.38524328791417106,-0.2233780928074236,-0.14378540318722405
Sage_Thrasher_0073_155614.jpg,0.4720243149811377,0.04379793834396861,0.1511232088464702
Sage_Thrasher_0023_796458.jpg,0.46861317795964585,0.05412318483919232,0.36363463120878187
Sage_Thrasher_0026_155646.jpg,0.4716660605141251,0.05559712034416997,0.21945333480554133
Black_Capped_Vireo_0031_797446.jpg,0.3934993230338387,-0.20051621712456802,-0.15349652149571968
Black_Capped_Vireo_0034_797448.jpg,0.4844539326367664,0.09028070333444216,-0.2560317937162006
Black_Capped_Vireo_0048_797449.jpg,0.49036724216112293,0.10431072840639799,0.35560591559117444
Black_Capped_Vireo_0051_797456.jpg,0.4709953293583672,0.0444882494597455,-0.34935223277164146
Black_Capped_Vireo_0045_797464.jpg,0.4896253025472167,0.09117332350083196,0.26128127459082245
Black_Capped_Vireo_0038_797465.jpg,0.41558584745660576,-0.12441967780633956,0.1499038470493521
Black_Capped_Vireo_0049_797468.jpg,0.4266803304013135,-0.08112302042334885,0.40644895282724114
Black_Capped_Vireo_0032_797470.jpg,0.3499530530452528,-0.36382596571025916,0.045926587813377634
Black_Capped_Vireo_0033_797474.jpg,0.44003589587113967,-0.07864325066624533,0.06136186491862548
Black_Capped_Vireo_0036_797475.jpg,0.36497128579082927,-0.28833575150155655,-0.36006839762583703
Black_Capped_Vireo_0021_797480.jpg,0.4098524230876206,-0.17328819034977516,-0.10578717576576581
Black_Capped_Vireo_0042_797483.jpg,0.37172145001141454,-0.27385066576397366,-0.04488587122038577
Black_Capped_Vireo_0023_797486.jpg,0.4315759459495999,-0.07451252544877729,-0.3447937457589902
Black_Capped_Vireo_0052_797487.jpg,0.5039629298284214,0.13876770408476458,0.3736178435440506
Black_Capped_Vireo_0011_797488.jpg,0.4591598148940942,0.006367753216528715,-0.13120894970131286
Black_Capped_Vireo_0017_797492.jpg,0.4131680074846509,-0.11284862379739713,0.3748377436940782
Black_Capped_Vireo_0046_797494.jpg,0.41032396197651977,-0.12843888780156343,0.33723697450148543
Black_Capped_Vireo_0037_797495.jpg,0.3607040269331422,-0.2923284565764179,-0.4384301313616126
Black_Capped_Vireo_0050_155836.jpg,0.3500522444138364,-0.35305997059965444,0.0796213323430554
Black_Capped_Vireo_0026_155745.jpg,0.43233375749650416,-0.05864148525775836,0.4402126733471305
Black_Capped_Vireo_0019_797479.jpg,0.47389402602193875,0.06151769457992329,0.1366268581367724
Blue_Headed_Vireo_0088_156416.jpg,0.5430321689412521,0.2667958234930675,-0.16657558661471952
Blue_Headed_Vireo_0012_156434.jpg,0.36006671077284214,-0.30521087246654144,0.23528262639366734
Blue_Headed_Vireo_0022_156184.jpg,0.42235446622386275,-0.0775975469341561,0.2547301898850923
Blue_Headed_Vireo_0123_156443.jpg,0.3444564597046552,-0.3774971609375206,-0.19638282762740578
Blue_Headed_Vireo_0091_155934.jpg,0.548139157316382,0.2832231386654961,-0.31437982956885707
Blue_Headed_Vireo_0118_156193.jpg,0.4992390936590938,0.13877382157072737,-0.16839970439702773
Blue_Headed_Vireo_0087_156461.jpg,0.4181286237732329,-0.12216274481648903,0.1669066499126788
Blue_Headed_Vireo_0008_155950.jpg,0.4330096990953487,-0.05651933638124906,0.2841504933834036
Blue_Headed_Vireo_0076_156209.jpg,0.4749618669703243,0.06701872080705207,0.2017319831056297
Blue_Headed_Vireo_0037_155955.jpg,0.4728936904278983,0.06876905238496966,0.4496743806735102
Blue_Headed_Vireo_0028_156217.jpg,0.4510847986735025,-0.03785132479430864,0.0654279601984032
Blue_Headed_Vireo_0105_156229.jpg,0.33332346504941734,-0.4005766969020035,-0.09678505159073439
Blue_Headed_Vireo_0032_156239.jpg,0.4206561201715592,-0.1096790448813163,0.0473130553316252
Blue_Headed_Vireo_0002_156241.jpg,0.38340752972063885,-0.21052799367517783,0.10301751685257203
Blue_Headed_Vireo_0072_155987.jpg,0.38998767460426587,-0.19325602357678995,0.1392020725582709
Blue_Headed_Vireo_0086_156244.jpg,0.4448954398560332,-0.024727289225172422,0.09224093054531714
Blue_Headed_Vireo_0117_156026.jpg,0.4296621318986483,-0.05675663525558261,0.18558769650460386
Blue_Headed_Vireo_0027_155999.jpg,0.3846105480782471,-0.21764378941934615,0.11171794777721537
Blue_Headed_Vireo_0111_156258.jpg,0.4445784269400329,-0.06496585700148394,0.24057487383469026
Blue_Headed_Vireo_0058_156261.jpg,0.4106395926962346,-0.13171304562195774,0.18583524177048485
Blue_Headed_Vireo_0005_156007.jpg,0.4033835030751469,-0.15102257598388924,-0.09558911483963219
Blue_Headed_Vireo_0017_156063.jpg,0.4826474354975544,0.08569338349307087,0.16015390622254308
Blue_Headed_Vireo_0113_156332.jpg,0.349805913111094,-0.33420114966915127,0.3991962818524429
Blue_Headed_Vireo_0044_156080.jpg,0.5150522181250397,0.18266527863193427,0.49785014495462726
Blue_Headed_Vireo_0049_156082.jpg,0.4154270389602507,-0.1346128657524739,0.3862177857410281
Blue_Headed_Vireo_0079_156086.jpg,0.4492549465628778,-0.015031913454756962,-0.020233979638361325
Blue_Headed_Vireo_0115_156099.jpg,0.518183137819987,0.1850540377435469,0.11722095559362011
Blue_Headed_Vireo_0107_156111.jpg,0.45755772890176505,0.012994110096982148,-0.020231169261025514
Blue_Headed_Vireo_0103_156382.jpg,0.4594332221915104,0.002603355893765036,-0.24602615710690037
Blue_Headed_Vireo_0116_156049.jpg,0.32943922821416494,-0.415224319872294,-0.3618691224927236
Philadelphia_Vireo_0044_156548.jpg,0.43151920657001086,-0.07422263615292968,-0.4426381815760448
Philadelphia_Vireo_0008_156551.jpg,0.5089169187658409,0.1856443916136712,0.3755638743158958
Philadelphia_Vireo_0060_156555.jpg,0.4757273818981107,0.09873877827660227,0.4239335754369859
Philadelphia_Vireo_0056_156502.jpg,0.45319326358422385,-0.005230842038196348,-0.033503482888939146
Philadelphia_Vireo_0028_156510.jpg,0.4895436580920891,0.10327483021680717,0.4265650306630474
Philadelphia_Vireo_0057_156525.jpg,0.4934194570700946,0.10802711768996642,0.27170803339960875
Philadelphia_Vireo_0050_156538.jpg,0.43208011900161425,-0.077829245042212,0.1328382593656369
Philadelphia_Vireo_0022_156546.jpg,0.4392748213976049,-0.04840545619605474,0.34288136196292746
Philadelphia_Vireo_0038_794759.jpg,0.468862280967574,0.07174446346399377,0.013092985858880654
Philadelphia_Vireo_0083_794761.jpg,0.33307287907493976,-0.39347447119668666,0.26100906526881656
Philadelphia_Vireo_0021_794765.jpg,0.411161435906247,-0.11477586623008573,0.46294584442842596
Philadelphia_Vireo_0010_794769.jpg,0.48262744954613457,0.09367422512742363,0.01905403458220843
Philadelphia_Vireo_0037_794770.jpg,0.5733978697667865,0.3556057880587412,0.43170583600710327
Philadelphia_Vireo_0062_794777.jpg,0.40732245537597866,-0.13476963470920467,0.0820951042641259
Philadelphia_Vireo_0063_794781.jpg,0.46943980722454404,0.04143990662420016,0.5074831667269241
Philadelphia_Vireo_0082_156574.jpg,0.4138878801993727,-0.14201104436379697,0.47270039805149244
Philadelphia_Vireo_0055_156575.jpg,0.4724315925262125,0.02172394042160397,0.5670408504748587
Philadelphia_Vireo_0084_794790.jpg,0.4611861734343413,0.026892514833598558,-0.042156997936820144
Philadelphia_Vireo_0027_156585.jpg,0.5572325911116398,0.31380809416276734,0.16841669673609094
Philadelphia_Vireo_0023_794797.jpg,0.441814091889294,-0.03614191692398805,0.4363389436099372
Philadelphia_Vireo_0059_794799.jpg,0.4270845202481076,-0.07350552230016372,0.034143435943414624
Philadelphia_Vireo_0035_156596.jpg,0.4999249295356373,0.14362955703994662,0.5552307287960696
Philadelphia_Vireo_0016_156598.jpg,0.4431015381463408,-0.03284750275556858,0.09717857196175962
Philadelphia_Vireo_0005_156599.jpg,0.37863384364296704,-0.2577686560419159,0.16536119220497136
Philadelphia_Vireo_0058_156558.jpg,0.41718324096872794,-0.12386583257008854,0.05265324958638122
Philadelphia_Vireo_0031_156632.jpg,0.545206636696851,0.27183839793669706,-0.2623176758706253
Philadelphia_Vireo_0041_156642.jpg,0.5051404828785961,0.1863655273723187,0.34464943499404765
Philadelphia_Vireo_0072_156655.jpg,0.4246895843295604,-0.09650030718495128,0.04334125785786792
Philadelphia_Vireo_0020_156663.jpg,0.4254500328997942,-0.10460396494822977,0.5314224013637132
Red_Eyed_Vireo_0052_157185.jpg,0.5045301825801235,0.15193797382915364,0.46992560488360524
Red_Eyed_Vireo_0132_156686.jpg,0.5305589186148063,0.22435112496163268,0.19626302448062993
Red_Eyed_Vireo_0061_157202.jpg,0.5133106682372721,0.2152373106966763,0.2571303078605978
Red_Eyed_Vireo_0141_157205.jpg,0.4264484560180808,-0.07715437368344946,0.3308342789483627
Red_Eyed_Vireo_0044_156708.jpg,0.44061379563133707,-0.057796787397188965,0.4778890948024083
Red_Eyed_Vireo_0004_157224.jpg,0.5142470006819317,0.17625902174796837,-0.26034336720844997
Red_Eyed_Vireo_0036_156727.jpg,0.5179853016823559,0.18657535079049747,0.19868607120295695
Red_Eyed_Vireo_0026_156751.jpg,0.5328222509787859,0.22680965979126555,0.3699856207119012
Red_Eyed_Vireo_0046_157265.jpg,0.5755544636051715,0.3756050952985641,0.3525832029812623
Red_Eyed_Vireo_0123_156780.jpg,0.4031861725815402,-0.14146879620371644,0.10383229971071002
Red_Eyed_Vireo_0129_156781.jpg,0.4788093694578719,0.047766144201701,0.2862587946613177
Red_Eyed_Vireo_0049_156785.jpg,0.5648107450537356,0.3166983241064196,0.19158083871003098
Red_Eyed_Vireo_0138_156798.jpg,0.46796591740745885,0.04522929213052285,0.4400017605096096
Red_Eyed_Vireo_0023_156800.jpg,0.4901736575076209,0.12378273116511562,0.5049212829599992
Red_Eyed_Vireo_0020_156875.jpg,0.4864774243102421,0.0937247999515265,-0.06235534006346541
Red_Eyed_Vireo_0032_156897.jpg,0.5223938706672564,0.20422754779847485,0.44842387274436457
Red_Eyed_Vireo_0134_156919.jpg,0.5162046809140832,0.1727656384732279,-0.08393168625397943
Red_Eyed_Vireo_0016_156971.jpg,0.4198417092438578,-0.11342870541842554,-0.05638620277080028
Red_Eyed_Vireo_0059_156974.jpg,0.48742076646554,0.1129453303910043,0.2953617223125545
Red_Eyed_Vireo_0096_157013.jpg,0.5207563447260042,0.1863970986245812,0.16922863391574067
Red_Eyed_Vireo_0065_157019.jpg,0.48890057864564007,0.10035979872612011,0.20551087989672584
Red_Eyed_Vireo_0014_157062.jpg,0.4862142454222833,0.09466423613292763,0.1628455152082378
Red_Eyed_Vireo_0075_158151.jpg,0.39570200741744643,-0.18975741780688038,-0.36858553626960205
Red_Eyed_Vireo_0054_157158.jpg,0.43372879632015493,-0.03904383711755521,0.4053170044007056
Red_Eyed_Vireo_0133_156668.jpg,0.4574555167635237,0.04094037686145313,0.16025246206782764
Red_Eyed_Vireo_0043_157162.jpg,0.5969419649956176,0.4081968644182682,0.05764102271664266
Red_Eyed_Vireo_0074_157170.jpg,0.5209536220164903,0.1873845160807006,0.3134536549122487
Red_Eyed_Vireo_0025_157173.jpg,0.48862167692657776,0.09394683424822492,0.1501263008179916
Red_Eyed_Vireo_0079_158198.jpg,0.42205285415026816,-0.09420831321575429,0.05754627599042602
Red_Eyed_Vireo_0126_157179.jpg,0.5663968065946363,0.33028257890969326,0.34827598987017666
Warbling_Vireo_0009_158721.jpg,0.42762503528004203,-0.09185661283544633,0.31131562402072605
Warbling_Vireo_0105_158727.jpg,0.4956072907574678,0.11282732009720886,0.33287517323934723
Warbling_Vireo_0047_158250.jpg,0.5298620500494045,0.21255003132620687,0.3472513193186087
Warbling_Vireo_0036_158268.jpg,0.5526501146862719,0.3062803606472164,0.3375372963606968
Warbling_Vireo_0083_158284.jpg,0.5205832950511281,0.18634806690377015,0.11962656729405138
Warbling_Vireo_0018_158304.jpg,0.4980795353985793,0.13117741775509872,0.36247278703049773
Warbling_Vireo_0019_158313.jpg,0.5610849439141784,0.3051843253229053,0.38893243020784823
Warbling_Vireo_0054_158321.jpg,0.49414234955398106,0.10919883587329615,0.13136834730699415
Warbling_Vireo_0081_158344.jpg,0.482819325026583,0.06516407158618354,0.2013284003833338
Warbling_Vireo_0099_158744.jpg,0.4784146919270341,0.05656439808695368,0.25319200849994855
Warbling_Vireo_0087_158355.jpg,0.4007341773127131,-0.1844156143784046,0.1316985003585262
Warbling_Vireo_0001_158397.jpg,0.46146468093708026,0.04340725309481863,-0.19120607772314768
Warbling_Vireo_0090_158403.jpg,0.42537945862531,-0.08617586495338925,-0.12954047868545276
Warbling_Vireo_0091_158419.jpg,0.56904010743792,0.32613758677398097,0.11390850543545125
Warbling_Vireo_0072_158422.jpg,0.5181958941727552,0.1908059932345476,0.23720930823509206
Warbling_Vireo_0111_158423.jpg,0.4170096414513027,-0.1340325226088268,0.30196948314655403
Warbling_Vireo_0064_158437.jpg,0.4727210422001312,0.02682778163726962,0.24239419876189552
Warbling_Vireo_0088_158452.jpg,0.4803612324560894,0.08804382995206284,0.24487946277210432
Warbling_Vireo_0006_158467.jpg,0.5724949020256781,0.3355878590303887,0.4355305432553568
Warbling_Vireo_0089_158519.jpg,0.5101955895762709,0.1800212405768975,0.3558146339472488
Warbling_Vireo_0131_158522.jpg,0.4560884383655055,-0.007315447408867026,0.17344919435626452
Warbling_Vireo_0052_158534.jpg,0.4407896630688273,-0.05761367267187212,0.20608016690484154
Warbling_Vireo_0058_158539.jpg,0.4230168568929047,-0.11086926800684149,0.4085217064336782
Warbling_Vireo_0086_158564.jpg,0.48609559830839355,0.08021108000764188,0.27669059435895715
Warbling_Vireo_0113_158588.jpg,0.5155079175755599,0.18379338256762034,0.336130868487853
Warbling_Vireo_0127_158601.jpg,0.4660544937749408,0.032025593776442096,0.26688392577425407
Warbling_Vireo_0068_158684.jpg,0.4520045559991972,-0.021699098344906353,-0.057765853636784215
Warbling_Vireo_0092_158688.jpg,0.46153475968723456,0.003778909869073366,0.26481873076082546
Warbling_Vireo_0126_158696.jpg,0.5148754844463479,0.16028760607547576,0.18944941619209588
Warbling_Vireo_0102_158704.jpg,0.4136842475306064,-0.1474931607699932,0.35294840104826536
White_Eyed_Vireo_0045_159232.jpg,0.5126262176582248,0.1534469335297941,-0.07361260620046958
White_Eyed_Vireo_0001_159237.jpg,0.41507472106885024,-0.14339090625842887,-0.2642833416553333
White_Eyed_Vireo_0120_158991.jpg,0.45300812275856406,0.0051186958015796424,0.08506826494933321
White_Eyed_Vireo_0132_158908.jpg,0.41913609479460656,-0.13538284967344882,0.12991916525756492
White_Eyed_Vireo_0049_158835.jpg,0.41559516851573786,-0.14416177406110942,0.029786955664619336
White_Eyed_Vireo_0046_158849.jpg,0.32795006481411615,-0.41263900693114053,-0.1106679010489499
White_Eyed_Vireo_0111_158864.jpg,0.48141604613728806,0.09844032288031612,0.4052000007978597
White_Eyed_Vireo_0078_159382.jpg,0.46516903915394825,0.02746234922433166,0.2613054454914051
White_Eyed_Vireo_0095_158886.jpg,0.42357334866904917,-0.1053900032695756,8.136295292925761e-05
White_Eyed_Vireo_0134_158889.jpg,0.4316935733519385,-0.08210703412630149,0.22307781807505658
White_Eyed_Vireo_0115_158932.jpg,0.4383376895806479,-0.07023125496016047,0.17095497338621057
White_Eyed_Vireo_0099_158933.jpg,0.39926691936185177,-0.16570485526973555,0.24111333231906237
White_Eyed_Vireo_0018_159450.jpg,0.44115680995133166,-0.04425324043748291,0.2934020604903006
White_Eyed_Vireo_0135_158955.jpg,0.5076047455008426,0.14192834894055095,0.09239552593087055
White_Eyed_Vireo_0090_158958.jpg,0.4726464701830738,0.04397247314667074,-0.5668119616037844
White_Eyed_Vireo_0026_158963.jpg,0.5206445041864245,0.1893138785428644,-0.053323988912186704
White_Eyed_Vireo_0116_159028.jpg,0.43663536638602773,-0.05473275380639797,0.383645626643332
White_Eyed_Vireo_0041_159032.jpg,0.42751731595971254,-0.05434625733433962,-0.033070449558055943
White_Eyed_Vireo_0051_159033.jpg,0.4384956263512071,-0.0311938304129471,0.27792722841389117
White_Eyed_Vireo_0022_159037.jpg,0.444572350356486,-0.03605317128383945,0.05571589288244979
White_Eyed_Vireo_0061_159042.jpg,0.4885146247131982,0.10501285776374181,-0.22563771265228152
White_Eyed_Vireo_0091_159045.jpg,0.42182777125177606,-0.10680567504408245,0.4402289219129858
White_Eyed_Vireo_0130_159075.jpg,0.4306812437157469,-0.07368099587659782,0.27959311823675653
White_Eyed_Vireo_0088_159084.jpg,0.4264350025992891,-0.11450341548702969,-0.026650751677070907
White_Eyed_Vireo_0112_159147.jpg,0.3821321475432313,-0.2327245714267714,0.11363058894553936
White_Eyed_Vireo_0024_159193.jpg,0.4348786107393071,-0.06920573386922335,0.07103973054615931
White_Eyed_Vireo_0086_159202.jpg,0.3955519850534265,-0.19381925878965012,0.3189264942058105
White_Eyed_Vireo_0083_159203.jpg,0.4416243980393354,-0.03681708724537791,0.17810096496793312
White_Eyed_Vireo_0114_159206.jpg,0.45886771562632,-0.01728085295537629,-0.17114187546701243
White_Eyed_Vireo_0059_159225.jpg,0.5442438495847502,0.27275349499754953,-0.2011148872020763
Yellow_Throated_Vireo_0072_794969.jpg,0.3732004346857518,-0.2567015876445835,-0.16004190030716642
Yellow_Throated_Vireo_0022_795012.jpg,0.39869941787962904,-0.161297094894171,-0.4003067587492304
Yellow_Throated_Vireo_0085_159580.jpg,0.3465873590772448,-0.3503669219756147,0.04504897761397712
Yellow_Throated_Vireo_0013_159531.jpg,0.4749501250565509,0.04189068067193913,-0.4984708231349861
Yellow_Throated_Vireo_0055_159532.jpg,0.41612434937143716,-0.13037761826624128,-0.14434360920469888
Yellow_Throated_Vireo_0005_159588.jpg,0.4392265224683185,-0.02202628555326136,0.07368838140812756
Yellow_Throated_Vireo_0023_159584.jpg,0.3684881437281595,-0.29323151354460775,0.4680600641324275
Yellow_Throated_Vireo_0076_794984.jpg,0.4172307868418079,-0.09890229593314248,-0.4332519294822542
Yellow_Throated_Vireo_0057_159570.jpg,0.3961043036366694,-0.17744086050927388,0.013653432360044376
Yellow_Throated_Vireo_0074_159571.jpg,0.3703881228212944,-0.28361243641685974,-0.31710848686890813
Yellow_Throated_Vireo_0059_794970.jpg,0.4489952352044062,-0.023685315063637358,0.17487983915455332
Yellow_Throated_Vireo_0021_794971.jpg,0.4208813051353262,-0.08561387249689711,-0.15950157509260154
Yellow_Throated_Vireo_0007_794972.jpg,0.3547915130513849,-0.3261414430920946,0.46340071157521007
Yellow_Throated_Vireo_0050_794979.jpg,0.3922745611353122,-0.18826748712912278,0.04877703002069124
Yellow_Throated_Vireo_0016_794981.jpg,0.4774483236447483,0.07950473137556147,0.07020222110042519
Yellow_Throated_Vireo_0048_794982.jpg,0.4621447592701715,0.0059813576986318395,0.08230322353081113
Yellow_Throated_Vireo_0011_794986.jpg,0.4570155693461899,0.0022137050733892494,0.48058741367193625
Yellow_Throated_Vireo_0027_794989.jpg,0.49396856808585754,0.14613126020922318,0.40195576713437753
Yellow_Throated_Vireo_0034_794993.jpg,0.4723916498445718,0.0920965581898412,0.41591295972616493
Yellow_Throated_Vireo_0010_795000.jpg,0.5040783296348192,0.13022254342622774,0.5465991127626394
Yellow_Throated_Vireo_0068_159620.jpg,0.4899991239020265,0.10768280431358512,0.14646417836810416
Yellow_Throated_Vireo_0002_159625.jpg,0.4202119479447487,-0.12156135307682203,0.25142810017047806
Yellow_Throated_Vireo_0043_159628.jpg,0.4339580343817888,-0.06245082742026131,0.3037033980190827
Yellow_Throated_Vireo_0082_159597.jpg,0.41627080210230216,-0.135978495838587,0.4187810236629986
Yellow_Throated_Vireo_0020_159634.jpg,0.4861285732188988,0.09593143775131174,0.511685688472796
Yellow_Throated_Vireo_0042_159655.jpg,0.5080012803725917,0.16938841146538308,0.4940308914715756
Yellow_Throated_Vireo_0071_159707.jpg,0.33173597847826974,-0.40562347693522605,0.4138726493078014
Yellow_Throated_Vireo_0014_159709.jpg,0.4663800460998463,0.049793945723159316,0.16831756922282406
Yellow_Throated_Vireo_0031_159712.jpg,0.3368188607990582,-0.38786152625292347,0.25282055904817957
Bay_Breasted_Warbler_0080_159749.jpg,0.4875034581776373,0.11392145330788517,0.27837294156627795
Bay_Breasted_Warbler_0013_159787.jpg,0.43649550364342216,-0.05863131508803443,0.21292089078728352
Bay_Breasted_Warbler_0032_797150.jpg,0.4219462898733747,-0.09284359733512715,0.22841618579137715
Bay_Breasted_Warbler_0057_159818.jpg,0.43909963141215635,-0.05638037474215607,0.1273187885956637
Bay_Breasted_Warbler_0034_159861.jpg,0.41562875115218656,-0.1417255538179365,0.378208753572254
Bay_Breasted_Warbler_0065_159722.jpg,0.4791064171124876,0.07016212265968313,0.14190811642145174
Bay_Breasted_Warbler_0019_159871.jpg,0.4528291927276421,-0.013787088809979142,-0.20691235202308167
Bay_Breasted_Warbler_0102_159887.jpg,0.35872827511654726,-0.330935081310501,0.18056322735732758
Bay_Breasted_Warbler_0067_159895.jpg,0.4405401270009073,-0.07780143152546981,-0.19827166374268917
Bay_Breasted_Warbler_0018_159897.jpg,0.43634715199316554,-0.058702995528591595,-0.15776591838228687
Bay_Breasted_Warbler_0085_797107.jpg,0.41660703901610574,-0.11580111159665618,0.05366938581679819
Bay_Breasted_Warbler_0064_797109.jpg,0.43714479618423485,-0.046042535702264686,0.06710000587927006
Bay_Breasted_Warbler_0008_797115.jpg,0.4125042415242638,-0.11318645429298058,0.21305630970631398
Bay_Breasted_Warbler_0007_797118.jpg,0.5003889797311232,0.16174690612760567,-0.010607063951120424
Bay_Breasted_Warbler_0028_797119.jpg,0.5188445246980369,0.17948551124652856,0.06993727141926928
Bay_Breasted_Warbler_0082_797121.jpg,0.5161740447578678,0.21387857054409365,0.20156245680981222
Bay_Breasted_Warbler_0054_797124.jpg,0.44752094834756406,-0.014160939065590128,-0.06126969774266379
Bay_Breasted_Warbler_0090_797128.jpg,0.41554276869543805,-0.13109026770292775,0.08925498376724952
Bay_Breasted_Warbler_0051_797132.jpg,0.45178419070413445,-0.010970143193134607,0.0018608288537992769
Bay_Breasted_Warbler_0068_797133.jpg,0.3769479720686072,-0.24828212019173979,-0.17421212436409064
Bay_Breasted_Warbler_0016_797134.jpg,0.36640301840649325,-0.2851834433230067,0.15667064320722154
Bay_Breasted_Warbler_0031_797137.jpg,0.4320652290966114,-0.08764959935309768,-0.01567263869116672
Bay_Breasted_Warbler_0025_159957.jpg,0.4464329123324985,-0.061988944413624125,0.5008984615139738
Bay_Breasted_Warbler_0101_797146.jpg,0.38170898126277564,-0.24416381525684216,-0.06542961337634556
Bay_Breasted_Warbler_0039_797152.jpg,0.4225348970894941,-0.11039243243703001,-0.018730427801669797
Bay_Breasted_Warbler_0043_797154.jpg,0.4655500162985369,0.07530124562125551,0.12057745079175511
Bay_Breasted_Warbler_0053_797157.jpg,0.37477900018744825,-0.2544916314125236,-0.26357596504307196
Bay_Breasted_Warbler_0042_797160.jpg,0.37358010254741325,-0.25976853445507464,0.2793942734086868
Bay_Breasted_Warbler_0110_159735.jpg,0.36391988817626486,-0.3037375019932187,0.1233564006054385
Bay_Breasted_Warbler_0076_159996.jpg,0.4091216316768461,-0.12665608508991344,-0.00941346267255443
Black_And_White_Warbler_0128_160803.jpg,0.44984597258687753,0.0034125650725500556,-0.15993868379511425
Black_And_White_Warbler_0071_160308.jpg,0.4744457528204509,0.06318682466865222,-0.19975373404571423
Black_And_White_Warbler_0135_160334.jpg,0.44916797766317307,-0.015395753216341346,0.6548650634889325
Black_And_White_Warbler_0111_160342.jpg,0.46731262909098514,0.03392191444376791,0.4678504248380517
Black_And_White_Warbler_0070_160354.jpg,0.46092132720397194,0.02900079188801763,-0.10028808408795704
Black_And_White_Warbler_0118_160363.jpg,0.49755991224252627,0.13223240362652589,0.38771508555471945
Black_And_White_Warbler_0089_160370.jpg,0.49698932990990197,0.1284744607703011,-0.18170930449484687
Black_And_White_Warbler_0002_160376.jpg,0.36065242223053473,-0.3167295166902018,0.19581628726451972
Black_And_White_Warbler_0091_160896.jpg,0.49025742254585714,0.08639501663825655,-0.020102842763346864
Black_And_White_Warbler_0061_160404.jpg,0.3956633583745486,-0.20209912733376667,-0.24465680175847504
Black_And_White_Warbler_0125_160482.jpg,0.49830412755731535,0.12626940324337665,0.43942620766293977
Black_And_White_Warbler_0106_160014.jpg,0.42973248990949164,-0.0958789300302676,0.17960067063784163
Black_And_White_Warbler_0114_160537.jpg,0.4508357082697456,0.018497336750691096,0.6711176189387741
Black_And_White_Warbler_0073_160539.jpg,0.4627825443179071,0.029902820983426226,0.0421071824013933
Black_And_White_Warbler_0047_160547.jpg,0.43434302545484316,-0.0502943355075256,0.3518525776516544
Black_And_White_Warbler_0024_160057.jpg,0.4942653391951237,0.11222918714376218,-0.047070441061888256
Black_And_White_Warbler_0025_160584.jpg,0.45048132627034543,-0.012872155563059984,0.504766878603072
Black_And_White_Warbler_0030_160592.jpg,0.3856533495691036,-0.196619502999263,-0.16070326481244998
Black_And_White_Warbler_0032_160569.jpg,0.3733777464699145,-0.2748588516770205,-0.2516382428405982
Black_And_White_Warbler_0122_160106.jpg,0.5103466491807289,0.19775442981063573,0.3726135608318571
Black_And_White_Warbler_0085_160110.jpg,0.5200052274322835,0.22191467698808365,0.521512853676867
Black_And_White_Warbler_0083_160237.jpg,0.41299507729298435,-0.11314213689301034,0.5719691446948579
Black_And_White_Warbler_0088_160668.jpg,0.35496804236417323,-0.34637389074609914,0.4775396114206088
Black_And_White_Warbler_0076_160173.jpg,0.4646362965566909,0.04828603846558677,0.12913348714043324
Black_And_White_Warbler_0034_160695.jpg,0.39113683400363886,-0.19283629515050582,0.23768418153044957
Black_And_White_Warbler_0010_160200.jpg,0.4418427432792823,-0.03690656349549948,0.15343084141915508
Black_And_White_Warbler_0090_160247.jpg,0.4204192555460141,-0.09500467186730543,0.26489814112663923
Black_And_White_Warbler_0003_160228.jpg,0.5522627210909836,0.30572930968277634,0.40625913190052193
Black_And_White_Warbler_0049_160749.jpg,0.3556592152116975,-0.33187324728095047,0.23277050438921612
Black_And_White_Warbler_0109_160245.jpg,0.6401429328383121,0.5345842443875719,0.03028733991397278
Black_Throated_Blue_Warbler_0129_161399.jpg,0.4756751970166032,0.08160092296281973,-0.273614922404307
Black_Throated_Blue_Warbler_0136_161400.jpg,0.5254068389616937,0.21736253166095965,0.2638081961672346
Black_Throated_Blue_Warbler_0113_161407.jpg,0.4317568536298133,-0.08266601949893437,0.33838417857946
Black_Throated_Blue_Warbler_0119_161416.jpg,0.36140824732996446,-0.3145374047856875,-0.0993254645033694
Black_Throated_Blue_Warbler_0101_161510.jpg,0.415038226759354,-0.12044926505897369,-0.4083551668514861
Black_Throated_Blue_Warbler_0047_161511.jpg,0.46348315738450185,0.032486949447162905,0.4018253993787587
Black_Throated_Blue_Warbler_0022_161520.jpg,0.5059796549532242,0.1395763847503474,-0.2578177046844796
Black_Throated_Blue_Warbler_0099_161524.jpg,0.45832570102618186,-0.0074562066383141445,-0.16914834760951958
Black_Throated_Blue_Warbler_0009_161534.jpg,0.40654405726005716,-0.17725750481600655,0.2805191413343527
Black_Throated_Blue_Warbler_0111_161615.jpg,0.43079042159506165,-0.0598987207476418,-0.028050165608973422
Black_Throated_Blue_Warbler_0085_161621.jpg,0.4609404846963492,0.01351523307195912,0.05918990892924096
Black_Throated_Blue_Warbler_0100_161622.jpg,0.4187105761994171,-0.11184456660025432,0.1608709371529982
Black_Throated_Blue_Warbler_0109_161635.jpg,0.6660735004818681,0.6079356840129979,0.28386611246855464
Black_Throated_Blue_Warbler_0072_161636.jpg,0.5142266387061843,0.18253885340455,0.10150135016928973
Black_Throated_Blue_Warbler_0096_161654.jpg,0.5331670654658651,0.23182261349329225,-0.029984090898489704
Black_Throated_Blue_Warbler_0064_161656.jpg,0.5568838052352174,0.29504184507812736,-0.16066426756469435
Black_Throated_Blue_Warbler_0048_161665.jpg,0.41267152837969456,-0.14839963171082782,0.5150508802296323
Black_Throated_Blue_Warbler_0102_161161.jpg,0.4205033812011464,-0.09493081434747386,0.47992752183992743
Black_Throated_Blue_Warbler_0076_161162.jpg,0.47822881703834763,0.07384550016169233,-0.20460019511886415
Black_Throated_Blue_Warbler_0080_161681.jpg,0.513804094207549,0.18379187434854571,0.32061208552843384
Black_Throated_Blue_Warbler_0104_161686.jpg,0.43788891461246826,-0.06557058092207058,0.18443104620030543
Black_Throated_Blue_Warbler_0127_161176.jpg,0.557968732299553,0.2987821056134331,0.23002802374522718
Black_Throated_Blue_Warbler_0027_104004.jpg,0.3744494939119679,-0.2686039288518183,-0.03666311741088319
Black_Throated_Blue_Warbler_0001_161189.jpg,0.5178606043669323,0.19039796510096363,0.27522393397258893
Black_Throated_Blue_Warbler_0079_161194.jpg,0.47171743215053197,0.03510361330255374,-0.5272756563924663
Black_Throated_Blue_Warbler_0128_161708.jpg,0.5003541349344225,0.1390637505327137,-0.2651921182248597
Black_Throated_Blue_Warbler_0086_161716.jpg,0.4214634835541373,-0.10754564440516878,0.411502122118416
Black_Throated_Blue_Warbler_0110_161726.jpg,0.41292747919622763,-0.12997507720703738,0.33737910618499806
Black_Throated_Blue_Warbler_0107_161214.jpg,0.43518308234424463,-0.052451362971665416,0.14683836139161144
Blue_Winged_Warbler_0050_162057.jpg,0.4060079269296081,-0.1368188442887166,0.6159052677690842
Blue_Winged_Warbler_0041_161802.jpg,0.3801652247123144,-0.24207847885687483,0.3589836053234393
Blue_Winged_Warbler_0063_161810.jpg,0.45601885662042974,-0.021019683189511085,-0.16539170024018068
Blue_Winged_Warbler_0026_161813.jpg,0.4951557350073562,0.14519971307162494,0.4551809602962792
Blue_Winged_Warbler_0013_161816.jpg,0.3738331656961468,-0.2650886122139422,0.5532725319881102
Blue_Winged_Warbler_0057_162085.jpg,0.3714502796927981,-0.2700069209333509,0.18506770693600044
Blue_Winged_Warbler_0030_162088.jpg,0.36913488154962226,-0.2737968530889183,0.2385979890644565
Blue_Winged_Warbler_0049_161856.jpg,0.46801857086392806,0.0419821816324335,0.5808710638340171
Blue_Winged_Warbler_0067_161860.jpg,0.4718407758046389,0.1027491396896455,0.4613803769664977
Blue_Winged_Warbler_0042_161869.jpg,0.39437670326567575,-0.1687172445700944,0.4257584252122037
Blue_Winged_Warbler_0025_161873.jpg,0.4439525548615877,-0.013208732731323058,0.2692039986841248
Blue_Winged_Warbler_0066_162062.jpg,0.44215442185777376,-0.020944972690442043,0.430324757270175
Blue_Winged_Warbler_0017_161878.jpg,0.40941062149197205,-0.1327815146679716,0.47418029183861005
Blue_Winged_Warbler_0060_161888.jpg,0.5492028066103447,0.3261106374345236,0.06261346990244136
Blue_Winged_Warbler_0078_161889.jpg,0.47105815257687944,0.0713788311974275,0.706181099275651
Blue_Winged_Warbler_0053_161896.jpg,0.32952910608866204,-0.407245927069509,0.4026656244698946
Blue_Winged_Warbler_0061_161984.jpg,0.45648047384402934,-0.0017967251484785063,0.6753234260851517
Blue_Winged_Warbler_0072_161991.jpg,0.41753878507499653,-0.14791546572655023,0.6389019267527043
Blue_Winged_Warbler_0052_161739.jpg,0.4600953205319761,0.00344424880170513,0.5223129981709927
Blue_Winged_Warbler_0055_161996.jpg,0.5845940679788177,0.4162513108032213,0.44596788831034645
Blue_Winged_Warbler_0045_161997.jpg,0.3728248965530002,-0.25804006227681064,0.6244877960777511
Blue_Winged_Warbler_0004_162005.jpg,0.4366564674210279,-0.041307739912780805,0.5112672826644244
Blue_Winged_Warbler_0056_162013.jpg,0.4364673335266007,-0.03530659361341226,0.6851914992230761
Blue_Winged_Warbler_0093_162014.jpg,0.3569495431020506,-0.3312418330825593,0.3430952172167054
Blue_Winged_Warbler_0088_162018.jpg,0.4824888754286034,0.0636040034431794,0.42297261441269324
Blue_Winged_Warbler_0089_162026.jpg,0.4489121823616903,-0.030192691915001513,0.6135897844605295
Blue_Winged_Warbler_0086_162027.jpg,0.5007103716860117,0.19926291612577374,0.5674645869602764
Blue_Winged_Warbler_0065_162030.jpg,0.4603332129863059,0.014157655587860085,0.3914285430963655
Blue_Winged_Warbler_0007_161785.jpg,0.43574272049722496,-0.025986114993540976,0.27753294162958925
Blue_Winged_Warbler_0094_161790.jpg,0.4413977074736537,-0.04688085883446114,0.6227597367715756
Canada_Warbler_0094_26880.jpg,0.40946702339831076,-0.12728178564025883,0.15127202998843145
Canada_Warbler_0119_162307.jpg,0.4373548834572596,-0.06461704243683397,-0.03765557298168076
Canada_Warbler_0115_162309.jpg,0.3670787158051517,-0.26039723381085245,-0.11907184083006064
Canada_Warbler_0067_162314.jpg,0.4075739160204346,-0.14245373691532892,0.08053848246319098
Canada_Warbler_0063_162324.jpg,0.4010522852487276,-0.16715789986971807,0.4994143027857092
Canada_Warbler_0006_103959.jpg,0.3787698639839594,-0.2512475383767927,0.5031220535782147
Canada_Warbler_0103_162339.jpg,0.4227145529805878,-0.08150458346197409,0.481876718061553
Canada_Warbler_0104_162345.jpg,0.5112428556125146,0.18354910819682302,0.4504996734968383
Canada_Warbler_0022_157106.jpg,0.5098805816923906,0.18808968277594607,0.17403060690162866
Canada_Warbler_0020_162354.jpg,0.5442333503997776,0.2703296830511587,0.7251599162900751
Canada_Warbler_0093_162356.jpg,0.446584501821923,-0.03795285723439368,0.5398679531148127
Canada_Warbler_0074_162366.jpg,0.41936175418210053,-0.120532002385632,0.08133790101424851
Canada_Warbler_0105_162372.jpg,0.41040154091364434,-0.13409504028991193,0.5476606396678372
Canada_Warbler_0013_162375.jpg,0.4414169075666602,-0.05727650536275597,0.5047289021334525
Canada_Warbler_0035_162377.jpg,0.4434925260970418,-0.01775150595581465,0.38836798768955666
Canada_Warbler_0023_162383.jpg,0.4080224718161891,-0.16802639314159618,0.4840707209405574
Canada_Warbler_0015_162388.jpg,0.4013421106306626,-0.19274845767130988,0.352225131842706
Canada_Warbler_0117_162394.jpg,0.430867385314749,-0.055326105582773843,0.41128385570847054
Canada_Warbler_0114_162396.jpg,0.48975487034695986,0.13517601149621472,0.4340544281054446
Canada_Warbler_0095_162401.jpg,0.401468024102586,-0.17856991014819124,0.5373404801075058
Canada_Warbler_0037_162405.jpg,0.4070573572503582,-0.14743321776303353,-0.15838024217237914
Canada_Warbler_0056_162407.jpg,0.37260740857695684,-0.2556063151185164,0.5164640012550732
Canada_Warbler_0008_162416.jpg,0.5307950213264959,0.27095248680125583,0.26715993154144674
Canada_Warbler_0002_162426.jpg,0.4568546231196694,-0.013040394679775025,0.4136730502804628
Canada_Warbler_0090_162432.jpg,0.41360764685105844,-0.1299546685089641,0.5874256409072832
Canada_Warbler_0107_162440.jpg,0.4178187677709634,-0.12458869258662464,-0.2819431231600182
Canada_Warbler_0051_162447.jpg,0.5057930380693656,0.17176578891148409,0.5007842605941613
Canada_Warbler_0122_162219.jpg,0.4663655469700234,0.021270856848154884,0.6425194636799129
Canada_Warbler_0027_162223.jpg,0.4525568387289858,0.04325740962272773,0.5558883262830466
Canada_Warbler_0109_93363.jpg,0.49530820531701314,0.1484033506286203,0.41877109266289464
Cape_May_Warbler_0117_163079.jpg,0.47893157526379704,0.046388043858737515,0.6679932924723888
Cape_May_Warbler_0093_163089.jpg,0.45942660167123917,0.011500261308290738,0.5695722443695722
Cape_May_Warbler_0096_163093.jpg,0.4648562996633635,0.08985762256583685,0.18621994192143881
Cape_May_Warbler_0115_163121.jpg,0.5961833839947013,0.4464629733764848,0.5744803800692309
Cape_May_Warbler_0122_163131.jpg,0.4624837154166497,0.02238813612761359,0.5208833440670811
Cape_May_Warbler_0033_162657.jpg,0.48945315302624526,0.09280828676884312,0.5045728705328973
Cape_May_Warbler_0085_162628.jpg,0.4239831380128688,-0.10128938095854134,0.2504816333280542
Cape_May_Warbler_0048_162915.jpg,0.5018591012047848,0.1516309909247714,0.6168233478014731
Cape_May_Warbler_0129_163157.jpg,0.5264524457334987,0.23603489821517198,0.4966192945880032
Cape_May_Warbler_0015_163159.jpg,0.5524051079946769,0.3189020282120171,0.36990872742761677
Cape_May_Warbler_0007_163087.jpg,0.5185664397776764,0.1908922721130707,-0.15092668095001102
Cape_May_Warbler_0046_163167.jpg,0.40502169174345326,-0.1570219231691996,0.5181224126299238
Cape_May_Warbler_0026_162913.jpg,0.501546137751169,0.13777731837290375,0.5113094520342563
Cape_May_Warbler_0035_162658.jpg,0.5313277535091382,0.26996886663889275,0.2886500093798549
Cape_May_Warbler_0055_163171.jpg,0.463618064533871,0.07053008625937085,0.21284762179970323
Cape_May_Warbler_0003_162920.jpg,0.5181546698869991,0.22768249500869608,0.2807232856851052
Cape_May_Warbler_0100_162923.jpg,0.4914932713789748,0.10139788872212485,0.6188097347414677
Cape_May_Warbler_0004_162928.jpg,0.4174258978234707,-0.1327980748247264,0.10060662467803241
Cape_May_Warbler_0107_162941.jpg,0.5470503703460841,0.2749068356635459,0.57082876494656
Cape_May_Warbler_0060_162949.jpg,0.41038161694737685,-0.11839887834711327,-0.25158160442399974
Cape_May_Warbler_0053_162950.jpg,0.4663049414302699,0.07749687185984422,0.3655305608717839
Cape_May_Warbler_0062_162955.jpg,0.406182832280384,-0.16600098707179511,0.32407512761769386
Cape_May_Warbler_0104_162958.jpg,0.4957070029548575,0.13808966680597334,0.42528606620156634
Cape_May_Warbler_0095_162965.jpg,0.5289410875963046,0.2611930670271789,-0.08999268002056365
Cape_May_Warbler_0119_162976.jpg,0.5203823696657908,0.21749804714875842,0.42489962058875635
Cape_May_Warbler_0092_163057.jpg,0.5218442903609335,0.26903376261014933,0.49304212133474556
Cape_May_Warbler_0008_163062.jpg,0.47087895171968797,0.05453773023754349,0.14999257062247906
Cape_May_Warbler_0124_163037.jpg,0.44086207492633434,-0.0621551396426665,0.41121975237366204
Cape_May_Warbler_0067_162539.jpg,0.4765747319665007,0.0906985899863334,0.2503550109167536
Cape_May_Warbler_0044_163055.jpg,0.39499023353743024,-0.17720119903921439,0.4437010171172862
Cerulean_Warbler_0019_797186.jpg,0.4833419892516334,0.08258264589611464,0.48515014759869235
Cerulean_Warbler_0022_797189.jpg,0.46132306000704737,0.011439650148053704,-0.05549321554623805
Cerulean_Warbler_0088_797194.jpg,0.4222278073548481,-0.11147023144789014,-0.16399075008564196
Cerulean_Warbler_0093_797196.jpg,0.3887439633762403,-0.19529765560457757,0.09762275441677215
Cerulean_Warbler_0053_797197.jpg,0.5090025783962302,0.19600993935485622,-0.25833871348564397
Cerulean_Warbler_0017_797198.jpg,0.4019473396093788,-0.18514953082980945,0.2721096865226765
Cerulean_Warbler_0004_797199.jpg,0.4490897801094854,-0.015468809687645857,0.006824593157821849
Cerulean_Warbler_0009_797201.jpg,0.4669678195210305,0.017863060461464908,0.2519303337701726
Cerulean_Warbler_0043_797203.jpg,0.4689771454481637,0.029379069019761395,0.5369207544792168
Cerulean_Warbler_0005_797206.jpg,0.4134956776870278,-0.1442772549898672,0.11149865359116576
Cerulean_Warbler_0037_797212.jpg,0.4069388451234376,-0.15623329383072404,0.21240593613196637
Cerulean_Warbler_0007_797215.jpg,0.46516032467381485,0.049893321786580236,0.11478031202319693
Cerulean_Warbler_0067_797220.jpg,0.4916408942679801,0.1073230152681679,-0.06093164394911817
Cerulean_Warbler_0046_797222.jpg,0.3986332788755458,-0.16415521552457824,0.3650109505965751
Cerulean_Warbler_0042_797223.jpg,0.41846396619252024,-0.13401637814144762,-0.08188014147374521
Cerulean_Warbler_0075_797233.jpg,0.4863021007302516,0.12319632875065989,0.18272211983526399
Cerulean_Warbler_0054_797235.jpg,0.5051987203436589,0.15475591280289658,-0.08886215601260952
Cerulean_Warbler_0024_163406.jpg,0.4962220834033989,0.14450085910088895,0.19994375984107024
Cerulean_Warbler_0092_163455.jpg,0.4363602504990066,-0.05905167952028645,0.2909982378207923
Cerulean_Warbler_0040_163219.jpg,0.4461268196590923,-0.0434479669033867,-0.11042177364093993
Cerulean_Warbler_0057_163227.jpg,0.45303026212717046,-0.011475715743671122,0.09473867388367477
Cerulean_Warbler_0051_163244.jpg,0.405527757564895,-0.16799780101904238,0.041987315413528174
Cerulean_Warbler_0016_163265.jpg,0.4321452925050706,-0.0847368325243989,0.07205248120118353
Cerulean_Warbler_0055_163524.jpg,0.3240295650267958,-0.4339358147960375,0.002000294028154133
Cerulean_Warbler_0041_163535.jpg,0.4645198710409988,0.021914164975675332,-0.013799821289083464
Cerulean_Warbler_0002_797219.jpg,0.3738530080061452,-0.2594925619881756,-0.16383079326562427
Cerulean_Warbler_0028_163302.jpg,0.39301472401238713,-0.21430373092204347,0.14308097569047573
Cerulean_Warbler_0025_797232.jpg,0.46946488284940613,0.038575905826754964,-0.2740078617964372
Cerulean_Warbler_0081_797179.jpg,0.4576628952809647,0.01060037322199614,0.33624346802670985
Cerulean_Warbler_0082_797180.jpg,0.4429549141535475,-0.010422191036616013,0.2830055151046035
Chestnut_Sided_Warbler_0038_164354.jpg,0.41957312305756334,-0.13289538165045411,0.3563583559306275
Chestnut_Sided_Warbler_0108_164356.jpg,0.4410685350858168,-0.04665171450374461,0.08470578068899261
Chestnut_Sided_Warbler_0030_163847.jpg,0.4479814410204098,-0.03465595188745385,0.16754548389044271
Chestnut_Sided_Warbler_0046_163856.jpg,0.40783972378731903,-0.15920867326796406,0.05482838436157016
Chestnut_Sided_Warbler_0096_163672.jpg,0.3967317720147595,-0.18907397943121462,-0.23129838169300554
Chestnut_Sided_Warbler_0062_163859.jpg,0.5174828117329364,0.1983517073415897,-0.00847784238562107
Chestnut_Sided_Warbler_0127_163860.jpg,0.4125471922885183,-0.14265744676627,-0.12723486784509144
Chestnut_Sided_Warbler_0033_163607.jpg,0.32565523494822346,-0.4247377156035177,0.1533910457343376
Chestnut_Sided_Warbler_0084_163872.jpg,0.4762866774850686,0.06339550013083317,-0.008670645948092116
Chestnut_Sided_Warbler_0036_163622.jpg,0.43729958044470574,-0.08891661465664691,-0.1396719402716371
Chestnut_Sided_Warbler_0090_163629.jpg,0.44848310800345803,-0.04814802831749998,0.19278620857134504
Chestnut_Sided_Warbler_0034_163911.jpg,0.40869079964266064,-0.1466963240098198,0.3104167375136395
Chestnut_Sided_Warbler_0103_163669.jpg,0.3998442264804012,-0.1941577407682582,0.0277955646460541
Chestnut_Sided_Warbler_0068_164184.jpg,0.41589046843522537,-0.13042238849794408,0.33135069465716865
Chestnut_Sided_Warbler_0057_163957.jpg,0.5648342410882143,0.3496392915324015,-0.02088689007600655
Chestnut_Sided_Warbler_0087_164221.jpg,0.47702766029496824,0.06000640709177074,0.20870549926386092
Chestnut_Sided_Warbler_0037_164233.jpg,0.41774433237608477,-0.14323556443555163,0.14888699904740893
Chestnut_Sided_Warbler_0061_163978.jpg,0.4527722006742826,-0.010300037065954504,0.2533836434669614
Chestnut_Sided_Warbler_0052_163728.jpg,0.46428866049222683,0.038603182411008574,0.047723655009289545
Chestnut_Sided_Warbler_0058_163990.jpg,0.5017364087758553,0.17532845797846452,0.29079037614175846
Chestnut_Sided_Warbler_0049_163735.jpg,0.3391106761579771,-0.3740626304178236,-0.05263333044736775
Chestnut_Sided_Warbler_0008_164001.jpg,0.42340144733120655,-0.08775940416630768,0.21563541005725162
Chestnut_Sided_Warbler_0004_164279.jpg,0.44722534927405355,-0.019185152461458577,0.22405509593798667
Chestnut_Sided_Warbler_0086_164024.jpg,0.40416437919041215,-0.1879760918025979,-0.16493978800491962
Chestnut_Sided_Warbler_0089_163776.jpg,0.446623918542732,-0.03482440298375611,0.1611189113402491
Chestnut_Sided_Warbler_0125_164247.jpg,0.4127438148900793,-0.11499295408828525,0.057820298132765395
Chestnut_Sided_Warbler_0083_164056.jpg,0.5893774124562842,0.43029316362319325,0.12839563980795152
Chestnut_Sided_Warbler_0005_164061.jpg,0.45326312237932787,-0.012096422659756634,-0.14815846004503708
Chestnut_Sided_Warbler_0117_164066.jpg,0.4764419340883308,0.04855603671936504,0.16801448853403744
Chestnut_Sided_Warbler_0001_163813.jpg,0.37933154330050467,-0.2641798971343263,-0.13550796870697357
Golden_Winged_Warbler_0035_164362.jpg,0.3273420408345057,-0.4229330792574635,0.2808871319357117
Golden_Winged_Warbler_0041_164379.jpg,0.368873526995549,-0.2923372306610261,-0.08101077165845941
Golden_Winged_Warbler_0075_794848.jpg,0.48305149717784945,0.12544282475513124,0.10100451080865001
Golden_Winged_Warbler_0077_164432.jpg,0.36547632911337924,-0.2720616061380463,0.2920721269109612
Golden_Winged_Warbler_0042_164437.jpg,0.3219104145913467,-0.4504419957342074,-0.34136250780024224
Golden_Winged_Warbler_0070_164460.jpg,0.41286981563510394,-0.10319111166759942,-0.4234061282744614
Golden_Winged_Warbler_0084_164541.jpg,0.37059526342751836,-0.2845336926744413,-0.07863981016236563
Golden_Winged_Warbler_0043_164476.jpg,0.5000860266102825,0.11658532325026527,0.07296150638395967
Golden_Winged_Warbler_0081_164487.jpg,0.4202487156991831,-0.1368125786070924,0.20289089678127845
Golden_Winged_Warbler_0049_164509.jpg,0.42146199786210603,-0.10055884111529445,0.19819240814376193
Golden_Winged_Warbler_0034_794800.jpg,0.49548386257776245,0.1356906745057268,-0.007609442581947436
Golden_Winged_Warbler_0052_164529.jpg,0.3679611439492292,-0.29327906558475614,0.23054877817068994
Golden_Winged_Warbler_0091_794808.jpg,0.4246410966462393,-0.08181820287704067,0.3469089364781896
Golden_Winged_Warbler_0095_794809.jpg,0.3768248154134185,-0.2431591446103334,0.30177366524253535
Golden_Winged_Warbler_0087_794810.jpg,0.370037820680737,-0.26472245920990334,0.3105938793316636
Golden_Winged_Warbler_0082_164544.jpg,0.36643898194070745,-0.2941094755433813,0.5097784896048833
Golden_Winged_Warbler_0036_794817.jpg,0.4726882399957977,0.0458500064333387,0.3094446828165441
Golden_Winged_Warbler_0039_794818.jpg,0.4014243257464333,-0.16877925459380827,-0.10955726041268407
Golden_Winged_Warbler_0022_794833.jpg,0.46435028927002064,0.052347511876788544,0.09203177467474817
Golden_Winged_Warbler_0090_794830.jpg,0.3919812915877626,-0.18726730304272365,0.49425075433638993
Golden_Winged_Warbler_0037_794839.jpg,0.3994669923424966,-0.19775242413021332,0.6435478533263964
Golden_Winged_Warbler_0031_794840.jpg,0.3537360757867126,-0.318243680999986,0.12329436955123775
Golden_Winged_Warbler_0065_794842.jpg,0.4026626363346042,-0.1497637047234035,0.37390364577904267
Golden_Winged_Warbler_0086_794844.jpg,0.41646955921239515,-0.14656216393643517,0.3190534226265627
Golden_Winged_Warbler_0067_794846.jpg,0.43359116014319565,-0.08193389582171196,0.10149323475796901
Golden_Winged_Warbler_0032_794849.jpg,0.44864553076723346,-0.01960337042803517,-0.08876908450011578
Golden_Winged_Warbler_0050_164589.jpg,0.35121078259982286,-0.3353585444646785,-0.14814785217573503
Golden_Winged_Warbler_0076_164591.jpg,0.39576921325142533,-0.19701183299607572,-0.382714803515908
Golden_Winged_Warbler_0040_164605.jpg,0.4425315231636403,-0.053868640683077285,-0.3230921759953809
Hooded_Warbler_0106_164869.jpg,0.4411418512029478,-0.05135930986221493,0.4004214432747077
Hooded_Warbler_0068_164872.jpg,0.4047816354139586,-0.17110238639221476,0.5048131086113686
Hooded_Warbler_0028_164883.jpg,0.4734527366560559,0.045363399193548815,0.33507989549950995
Hooded_Warbler_0051_164892.jpg,0.4614736389048554,0.0327888030581831,0.522713610036998
Hooded_Warbler_0042_164895.jpg,0.43576835770508204,-0.05875813379455197,0.40876878896273316
Hooded_Warbler_0030_164897.jpg,0.44417364544246585,-0.007861304889188236,0.36165737019560557
Hooded_Warbler_0017_164911.jpg,0.38069591343971576,-0.23574322048260776,0.5764318414916452
Hooded_Warbler_0125_164925.jpg,0.4706731302649153,0.03046357778205311,0.6080387643686088
Hooded_Warbler_0128_164620.jpg,0.4558671578760679,0.02295552150028357,0.700163291444582
Hooded_Warbler_0072_22097.jpg,0.3798789945539258,-0.2297198465813346,0.5292618526639664
Hooded_Warbler_0118_164991.jpg,0.4701384278878564,0.015800193112884164,0.6041768329273118
Hooded_Warbler_0133_165016.jpg,0.383488518055483,-0.20797658458397716,0.42240457151992333
Hooded_Warbler_0035_165040.jpg,0.4323675357957695,-0.05848349846772716,0.6572234227819599
Hooded_Warbler_0105_165095.jpg,0.3921028029660578,-0.20838054035295284,0.007186831904579652
Hooded_Warbler_0117_165106.jpg,0.40893335950128595,-0.1202194674384287,0.47789378338819044
Hooded_Warbler_0048_164622.jpg,0.35234201268846255,-0.34205572865360523,0.48694100495278814
Hooded_Warbler_0116_164630.jpg,0.4620646467872188,0.05413988924009416,0.5982873986986108
Hooded_Warbler_0007_164633.jpg,0.3557037005166974,-0.31889674061576834,0.4978594659733755
Hooded_Warbler_0122_164635.jpg,0.47137139015881724,0.05050165735658119,0.13635022197828284
Hooded_Warbler_0089_164640.jpg,0.45441318600781,0.02097162918268225,0.3551116385950075
Hooded_Warbler_0112_164650.jpg,0.44877870108275,0.02245624964295312,0.39002752521946227
Hooded_Warbler_0050_164662.jpg,0.5021790636219772,0.13491511725118754,0.4443643560300805
Hooded_Warbler_0033_165213.jpg,0.39504773329570686,-0.18094939571480828,0.595735728436181
Hooded_Warbler_0095_164709.jpg,0.4330495044463113,-0.05199965099254977,0.6554190325154666
Hooded_Warbler_0019_164710.jpg,0.4218366384356883,-0.07333747156548354,0.4816981432396783
Hooded_Warbler_0096_164739.jpg,0.49229081098697547,0.12034596636118888,0.6743391251700536
Hooded_Warbler_0067_164743.jpg,0.4230021715505353,-0.08286801423513057,0.39686172118287544
Hooded_Warbler_0036_164779.jpg,0.4764400009755365,0.04463533892156546,0.6624754508941918
Hooded_Warbler_0090_164794.jpg,0.36638639968400877,-0.2854238603353645,0.6429457643855777
Hooded_Warbler_0101_164806.jpg,0.4534377246408914,0.03521401501991639,0.6563291148758104
Kentucky_Warbler_0063_795904.jpg,0.5618421281735262,0.33654616323348385,0.47680236452808167
Kentucky_Warbler_0076_795907.jpg,0.44032436660371643,-0.055731536426205874,0.5443949554744105
Kentucky_Warbler_0019_165389.jpg,0.41238891382066134,-0.1470998970204469,0.32010898660467046
Kentucky_Warbler_0005_795919.jpg,0.4474987479471104,-0.0016966027249143423,0.5825203931566239
Kentucky_Warbler_0014_165336.jpg,0.38006563720816433,-0.26467824177647326,-0.29854671041313
Kentucky_Warbler_0067_165404.jpg,0.42084938608503764,-0.10521536696959699,0.41629955137027147
Kentucky_Warbler_0044_165436.jpg,0.43296552909942176,-0.08449640119732704,0.3301275482629491
Kentucky_Warbler_0058_165441.jpg,0.4110861198928327,-0.1274235460517794,0.3455087985201825
Kentucky_Warbler_0002_795886.jpg,0.5014923356184995,0.16556790078512973,0.6501842323934814
Kentucky_Warbler_0021_165230.jpg,0.4184994596366962,-0.07456175060945447,0.49177325389714727
Kentucky_Warbler_0043_165240.jpg,0.5302220158541356,0.257145693581033,0.3984620952870092
Kentucky_Warbler_0023_165247.jpg,0.49311638189659623,0.09772437464903472,0.33806421829685246
Kentucky_Warbler_0074_165269.jpg,0.5471816056549378,0.3021217623011645,0.5851205504464728
Kentucky_Warbler_0048_165360.jpg,0.49766003661738123,0.16558650766756056,0.5082171391532149
Kentucky_Warbler_0047_165298.jpg,0.40021348512546606,-0.16692960198451434,-0.300139256291174
Kentucky_Warbler_0049_165313.jpg,0.4392951759659687,-0.017743062626625283,0.45446237613940443
Kentucky_Warbler_0053_165332.jpg,0.4224399243700925,-0.08941700188991297,0.3418708088489998
Kentucky_Warbler_0009_795865.jpg,0.3889767137069673,-0.21102924575942117,0.12735883065014628
Kentucky_Warbler_0015_795867.jpg,0.4430121036375918,-0.0301529558496354,-0.03128231190112395
Kentucky_Warbler_0082_795869.jpg,0.44481614578044104,-0.009787666459408761,0.4597890847953818
Kentucky_Warbler_0036_795872.jpg,0.5225561205932978,0.2219817192295962,0.1907248168594259
Kentucky_Warbler_0012_795875.jpg,0.4889553733376868,0.11244044552266763,0.4490077771285578
Kentucky_Warbler_0057_165349.jpg,0.4539933020425665,0.008868584137828317,0.600524512392986
Kentucky_Warbler_0022_795882.jpg,0.4920102491106263,0.14608647051953427,0.6196605543759317
Kentucky_Warbler_0083_795883.jpg,0.43563656083670965,-0.02109946671534213,0.31144509439277374
Kentucky_Warbler_0030_795885.jpg,0.41110725666357917,-0.11241378154942216,0.6674724774414514
Kentucky_Warbler_0003_795892.jpg,0.41821232614430104,-0.11625569320091511,0.34684052087581896
Kentucky_Warbler_0073_795895.jpg,0.4808245898411856,0.1235269836781473,0.48450752002992054
Kentucky_Warbler_0065_795899.jpg,0.5446013996732382,0.2930188545117042,0.4119574391917119
Magnolia_Warbler_0113_166401.jpg,0.43344140349233784,-0.05897339746797736,0.3942372053964109
Magnolia_Warbler_0047_165900.jpg,0.4640151049317923,0.04585842708929022,0.3128781967972717
Magnolia_Warbler_0021_165919.jpg,0.44977678001028065,-0.017252647860336756,0.44306159458221095
Magnolia_Warbler_0122_165940.jpg,0.47531230436155814,0.03845770984002028,0.5637670479289866
Magnolia_Warbler_0045_165448.jpg,0.6075634837664381,0.4498856226020126,0.6035617418134459
Magnolia_Warbler_0120_165462.jpg,0.398145448157616,-0.1602633376425724,0.23681594253895316
Magnolia_Warbler_0111_165478.jpg,0.47672930089433807,0.04975025974391645,-0.00454031949693409
Magnolia_Warbler_0067_165484.jpg,0.5687529532738955,0.3701284348173074,0.5293591511036262
Magnolia_Warbler_0026_165498.jpg,0.42310742228110343,-0.11310316511734086,0.3479937356369231
Magnolia_Warbler_0039_165532.jpg,0.4076057670613411,-0.15095412091905702,0.18281119124407652
Magnolia_Warbler_0072_165534.jpg,0.37865383146058484,-0.2341679400203216,0.5987324033881295
Magnolia_Warbler_0139_166081.jpg,0.44329388477146414,-0.0439035088513684,0.6568990966264397
Magnolia_Warbler_0034_166097.jpg,0.4996077299479159,0.14210298709346791,0.5113016830003416
Magnolia_Warbler_0095_166098.jpg,0.3395081977416309,-0.3753859797717036,0.4215398265482212
Magnolia_Warbler_0044_165599.jpg,0.437549406443306,-0.06615995649160955,0.5189873305449236
Magnolia_Warbler_0046_166150.jpg,0.45813789318504583,-0.0011622821103596248,0.3243422341607533
Magnolia_Warbler_0051_165646.jpg,0.3954714832923526,-0.1728577451278812,0.5713614232738508
Magnolia_Warbler_0103_165647.jpg,0.47059421873255936,0.06176003549455067,0.4410986037636539
Magnolia_Warbler_0105_165661.jpg,0.3988247473279821,-0.17247492844499202,0.5800572742278097
Magnolia_Warbler_0066_166184.jpg,0.3816211228447982,-0.21542090139324133,0.5259089409084341
Magnolia_Warbler_0057_165673.jpg,0.415081425924984,-0.1047567173076347,0.6080338051989139
Magnolia_Warbler_0131_166197.jpg,0.5169505970713684,0.1905413981796069,0.6919955590661361
Magnolia_Warbler_0022_165693.jpg,0.5093047740396711,0.16695493162313335,0.5071067183503394
Magnolia_Warbler_0043_165774.jpg,0.4297754608965033,-0.08419257026275018,0.5604974387554418
Magnolia_Warbler_0020_166211.jpg,0.42835280696032807,-0.06095343983081669,0.6632730303529182
Magnolia_Warbler_0079_165783.jpg,0.44263292093291173,1.044170994057847e-05,0.5010832671843521
Magnolia_Warbler_0048_165862.jpg,0.46683609754225097,0.04104951315965555,0.32748497227784806
Magnolia_Warbler_0140_165543.jpg,0.4212908470388188,-0.09694118269180696,0.4232422470067613
Magnolia_Warbler_0136_166388.jpg,0.49414651967216994,0.1131122081424768,0.5802266880970002
Mourning_Warbler_0009_166429.jpg,0.3816423701117492,-0.20730435955010562,0.30175531237468795
Mourning_Warbler_0055_166436.jpg,0.4055740321889717,-0.16130956664191753,0.34621431516327456
Mourning_Warbler_0056_166476.jpg,0.4669014349632633,0.027409025415147226,0.5362225855052982
Mourning_Warbler_0033_166489.jpg,0.4833954202426718,0.10779137592484556,0.33723694234436835
Mourning_Warbler_0066_166491.jpg,0.4777449377126879,0.05789356658344824,0.2861744949779477
Mourning_Warbler_0031_166494.jpg,0.4817632947306867,0.10881320707919029,0.41569467797923565
Mourning_Warbler_0039_166546.jpg,0.5282076695133435,0.26303797950248653,0.3213220782566474
Mourning_Warbler_0038_166549.jpg,0.4571396500674626,-0.019167658830728573,-0.11601731992853247
Mourning_Warbler_0077_166567.jpg,0.47340259094027237,0.06913867165264376,0.14461874886464623
Mourning_Warbler_0045_166575.jpg,0.4751417987513403,0.045098869538681585,0.1590691266102886
Mourning_Warbler_0006_166595.jpg,0.5073717854752959,0.15468179153663997,0.3936873257787231
Mourning_Warbler_0048_166596.jpg,0.4787323668093908,0.0848601456921021,0.34014524669810187
Mourning_Warbler_0061_166598.jpg,0.39291738357846073,-0.18667998167193267,0.020815603351565414
Mourning_Warbler_0057_795342.jpg,0.4532819503882273,-0.021427648281730827,0.4114480825021862
Mourning_Warbler_0050_795343.jpg,0.5494203231274368,0.2754960253501819,0.0024940198325707334
Mourning_Warbler_0025_166608.jpg,0.504584159461871,0.1414347276661584,0.06397756404225563
Mourning_Warbler_0053_795345.jpg,0.5498344281282422,0.30188180693550537,0.445810489104182
Mourning_Warbler_0019_795347.jpg,0.5868908322821604,0.4278204683059009,0.1381156405859982
Mourning_Warbler_0067_795353.jpg,0.5515897945528013,0.3191057737390629,0.3217711333768862
Mourning_Warbler_0060_795355.jpg,0.5312661585719463,0.24975141281796076,0.22760159359947651
Mourning_Warbler_0041_795358.jpg,0.4241403402745504,-0.0979932247811921,0.36776398297540247
Mourning_Warbler_0023_795362.jpg,0.48933948264467253,0.09573516035318608,0.4975462034256505
Mourning_Warbler_0024_795363.jpg,0.4633035992656528,0.009476469201713078,0.27270348205659634
Mourning_Warbler_0040_795370.jpg,0.44021930782708596,-0.03652072695005093,-0.23197355139418796
Mourning_Warbler_0005_795372.jpg,0.585705777801075,0.3915371630381339,0.3572696800541581
Mourning_Warbler_0047_795373.jpg,0.5049916835486131,0.18106044344723882,0.23815615811871216
Mourning_Warbler_0065_795374.jpg,0.5001312594127605,0.1258405780337276,-0.01923051909423307
Mourning_Warbler_0083_795376.jpg,0.5813447302901738,0.4001979280763873,0.26646526938899934
Mourning_Warbler_0018_795386.jpg,0.4644052166332526,0.0683657912462301,0.47708220160568776
Mourning_Warbler_0054_795387.jpg,0.4793637036811039,0.07832517691669194,0.250258683482251
Myrtle_Warbler_0094_166922.jpg,0.4804765805500828,0.059453658345458016,0.34553937107991906
Myrtle_Warbler_0086_166926.jpg,0.48479989780218624,0.11373615827682415,0.25417299849577146
Myrtle_Warbler_0071_166692.jpg,0.45777864301051663,0.003465982807481116,0.25569960273230785
Myrtle_Warbler_0039_166709.jpg,0.3670518199434539,-0.26840928296868594,0.31560002163955375
Myrtle_Warbler_0045_166710.jpg,0.42835030402953644,-0.06745772900813418,0.5083193532951437
Myrtle_Warbler_0034_166720.jpg,0.4129389466668617,-0.15695048394770272,0.14203392162022166
Myrtle_Warbler_0054_166985.jpg,0.5004225593220151,0.13467479842518026,0.37266571407063687
Myrtle_Warbler_0093_166986.jpg,0.49142171418352165,0.10719106283593294,0.20932505070689303
Myrtle_Warbler_0047_166987.jpg,0.43945584767668533,-0.035611951688125476,-0.02645710686712695
Myrtle_Warbler_0016_166736.jpg,0.45804394431193607,0.038370121907270405,0.3275957134812248
Myrtle_Warbler_0083_166738.jpg,0.41112760019641303,-0.14876391499506858,0.12252963607682181
Myrtle_Warbler_0020_166997.jpg,0.47223788512008535,0.05940166435425298,0.3612530717508913
Myrtle_Warbler_0097_167001.jpg,0.37688824394749754,-0.2465548380906828,-0.05211896724396507
Myrtle_Warbler_0077_166749.jpg,0.4197954591002293,-0.11542309287021513,-0.15467607543548995
Myrtle_Warbler_0091_166762.jpg,0.46688776341028904,0.04319328798400557,0.26282148966858315
Myrtle_Warbler_0001_166770.jpg,0.37585795844127523,-0.2446767213190768,0.16719957364770155
Myrtle_Warbler_0087_166783.jpg,0.5276814286733893,0.2459807754939416,-0.0029660889700417674
Myrtle_Warbler_0068_166892.jpg,0.45824433252871444,-0.005016458773517973,0.20388225441386065
Myrtle_Warbler_0028_166905.jpg,0.42451621669771766,-0.07825067439543543,-0.2722825037312839
Myrtle_Warbler_0061_166816.jpg,0.44265924905815324,-0.03460956985003483,-0.43354169749855176
Myrtle_Warbler_0014_166831.jpg,0.42921692155510616,-0.050644002870693594,0.22169665877175657
Myrtle_Warbler_0113_166834.jpg,0.3791836339749147,-0.23731686930097262,0.2806005226824646
Myrtle_Warbler_0032_166847.jpg,0.4976380694417478,0.11051907764922642,-0.020180716766855504
Myrtle_Warbler_0063_93378.jpg,0.437981205290519,-0.07170497853248747,0.3531726365968132
Myrtle_Warbler_0044_166852.jpg,0.39328018132586395,-0.21232629558221294,0.16723584565673158
Myrtle_Warbler_0005_166853.jpg,0.3831933968700708,-0.2470732737355119,0.16903753748648156
Myrtle_Warbler_0030_166732.jpg,0.4225354150987646,-0.07745287503473408,-0.022352120167073268
Myrtle_Warbler_0078_166875.jpg,0.4342213823930706,-0.06159821864141657,-0.3013350232869005
Myrtle_Warbler_0074_166637.jpg,0.4489100209701742,-0.05433305744855743,0.36230899529316646
Myrtle_Warbler_0088_166639.jpg,0.4221645327999991,-0.08483736872883463,0.30033847407218117
Nashville_Warbler_0109_167428.jpg,0.4932611261279831,0.10613925581038952,0.07702454365419417
Nashville_Warbler_0015_167429.jpg,0.42980315512004397,-0.0826314397348129,0.11982817067354318
Nashville_Warbler_0105_167452.jpg,0.4648325367055013,0.025984336733411606,0.09221864273733901
Nashville_Warbler_0127_167494.jpg,0.37992058527683414,-0.254535183661734,0.09395951387182165
Nashville_Warbler_0057_167008.jpg,0.3784536022418703,-0.23822788202757872,0.24776318105211423
Nashville_Warbler_0115_167039.jpg,0.40001046019003317,-0.18488321450714418,-0.054612378782928135
Nashville_Warbler_0029_167044.jpg,0.4661492427428081,0.010679546360185754,0.3501964837090911
Nashville_Warbler_0086_167045.jpg,0.4126016696737169,-0.13035687741066848,0.36453303726499653
Nashville_Warbler_0041_167534.jpg,0.423881636218035,-0.09020892784920664,0.2586947282124891
Nashville_Warbler_0130_167101.jpg,0.38424076569039334,-0.24610248216284547,0.1255122666095486
Nashville_Warbler_0005_167103.jpg,0.3949261241889671,-0.20262407944297367,-0.029404914618591956
Nashville_Warbler_0001_167117.jpg,0.3757085609584625,-0.2623540390438399,0.24484950253528506
Nashville_Warbler_0056_167123.jpg,0.43871190960674067,-0.049198919949853925,0.5341131723746715
Nashville_Warbler_0004_167146.jpg,0.40646006646782773,-0.14228025830695534,0.23719672135651818
Nashville_Warbler_0120_167149.jpg,0.5554332596345468,0.33878062619875615,0.1988990741721418
Nashville_Warbler_0107_167186.jpg,0.34516162122564165,-0.3600047554025301,0.22406241497635868
Nashville_Warbler_0014_167190.jpg,0.37440432865454143,-0.24633379522638288,-0.3330527825378206
Nashville_Warbler_0018_167191.jpg,0.3843798827480608,-0.23526194138521217,0.6273172056962736
Nashville_Warbler_0020_167198.jpg,0.40163150400725045,-0.1659202773005366,0.220334836873066
Nashville_Warbler_0027_167224.jpg,0.48824224991739495,0.08259350715785851,0.5048093635978926
Nashville_Warbler_0054_167258.jpg,0.4609239597215832,0.043231245958126885,-0.06923827890294446
Nashville_Warbler_0126_167274.jpg,0.41357896949109474,-0.1382167412329114,0.3407187254827149
Nashville_Warbler_0037_167280.jpg,0.4102796400240273,-0.12640236126041549,0.28927742437019965
Nashville_Warbler_0124_167285.jpg,0.5059493721506703,0.1468673245086748,0.3428975676789995
Nashville_Warbler_0123_167324.jpg,0.45294555746894993,-0.017556217299480315,0.16636487027468744
Nashville_Warbler_0013_167326.jpg,0.40801926644631437,-0.1448050811427959,0.3322247637943136
Nashville_Warbler_0042_167346.jpg,0.41644726065743476,-0.10625053015841246,0.10896711443134102
Nashville_Warbler_0061_167355.jpg,0.41213499515035246,-0.12681773703269217,-0.27059830803227874
Nashville_Warbler_0044_167357.jpg,0.43598618054088245,-0.06194491956120629,0.5752848377481686
Nashville_Warbler_0075_167419.jpg,0.38049273118198657,-0.227326106532723,-0.09810965800809072
Orange_Crowned_Warbler_0065_167952.jpg,0.47845356355888313,0.09211005336471922,0.4019519795244572
Orange_Crowned_Warbler_0064_166929.jpg,0.5019639071133186,0.18290227535936765,0.5848917160735795
Orange_Crowned_Warbler_0078_167964.jpg,0.5138597251620689,0.2096264584333889,0.3908857256754026
Orange_Crowned_Warbler_0037_167687.jpg,0.4197604373676713,-0.0965498113075971,0.3377148565290233
Orange_Crowned_Warbler_0113_167984.jpg,0.4697398998990986,0.06505943256523017,0.21856319658682602
Orange_Crowned_Warbler_0117_167987.jpg,0.47778528141814036,0.08444175135237397,0.3247643431819986
Orange_Crowned_Warbler_0033_167991.jpg,0.45337585600925934,-0.0019521385396406021,0.4835522464767854
Orange_Crowned_Warbler_0006_167998.jpg,0.4138575918572198,-0.12849753934369157,0.6425054957448674
Orange_Crowned_Warbler_0097_168004.jpg,0.46047794069602854,0.013147747571815582,0.23670838073730643
Orange_Crowned_Warbler_0090_167607.jpg,0.46594660328884363,0.04087313910103907,0.3324784488336779
Orange_Crowned_Warbler_0040_168029.jpg,0.41064538201358347,-0.15068444309047657,0.13104757922640958
Orange_Crowned_Warbler_0088_168052.jpg,0.3669570761738222,-0.28142539643846853,0.13795082489406327
Orange_Crowned_Warbler_0007_167545.jpg,0.6019260900098217,0.4584519942015113,0.18271660038783544
Orange_Crowned_Warbler_0016_168082.jpg,0.5112218792660401,0.18129282506269162,0.7586027091315497
Orange_Crowned_Warbler_0094_167584.jpg,0.48762447349751303,0.10106943840450744,0.48299987521716586
Orange_Crowned_Warbler_0048_167610.jpg,0.4584673467164565,0.03314437559909589,0.10271586741914819
Orange_Crowned_Warbler_0011_167615.jpg,0.3786532431823101,-0.23811007622827374,0.5915090326980741
Orange_Crowned_Warbler_0019_167626.jpg,0.48503068844044395,0.11093196525839355,0.5418050690840436
Orange_Crowned_Warbler_0081_167647.jpg,0.5686990222847388,0.33305407499694784,0.40543118180282245
Orange_Crowned_Warbler_0102_168189.jpg,0.47751097775177154,0.10108219241490723,0.07657460064438273
Orange_Crowned_Warbler_0015_168196.jpg,0.46477439967810663,0.04854489958379704,0.0176200428805953
Orange_Crowned_Warbler_0009_168228.jpg,0.5159859041347754,0.17624613292714053,0.4150669614822432
Orange_Crowned_Warbler_0114_167732.jpg,0.4984792313270938,0.13231041669740395,0.11515806778934959
Orange_Crowned_Warbler_0059_168259.jpg,0.5368495341941866,0.26433200321436734,0.31005813139237676
Orange_Crowned_Warbler_0021_168263.jpg,0.3927571807899709,-0.20658001235991508,0.2668321078655853
Orange_Crowned_Warbler_0005_168314.jpg,0.44292020343048877,-0.019596151289138497,0.5499227098513835
Orange_Crowned_Warbler_0027_168381.jpg,0.47178377927400816,0.06616066626968875,0.38181742688492026
Orange_Crowned_Warbler_0038_168384.jpg,0.4192781215482433,-0.11677021728876436,-0.40063080028180503
Orange_Crowned_Warbler_0112_168437.jpg,0.5029161494219269,0.12463536892944305,0.4129934141575821
Orange_Crowned_Warbler_0126_168445.jpg,0.44685092333601895,-0.021352350350279048,0.45538188938940377
Palm_Warbler_0007_169473.jpg,0.4449283143049345,0.007946434708212324,-0.18910345939949944
Palm_Warbler_0051_169487.jpg,0.3624876861801919,-0.2985397640440315,0.5362295880429173
Palm_Warbler_0110_169490.jpg,0.4484143140580663,-0.04672890787410844,0.10287786596581053
Palm_Warbler_0002_169527.jpg,0.4825027870736178,0.11329808958737209,-0.09171831486344839
Palm_Warbler_0050_170042.jpg,0.44472813186888194,-0.049007498570484476,0.10115760338503844
Palm_Warbler_0077_169042.jpg,0.3956105959555256,-0.19228897706268833,-0.002143755505406671
Palm_Warbler_0106_169571.jpg,0.519254696330711,0.1661486328693268,0.40653149243473713
Palm_Warbler_0107_170620.jpg,0.4520878639395016,0.03248497363623859,0.1280441078800841
Palm_Warbler_0046_169837.jpg,0.46879323658675687,0.04214463222828191,-0.0875299172221315
Palm_Warbler_0111_169663.jpg,0.4217258674550529,-0.10300749203663839,0.4797614296927909
Palm_Warbler_0086_169676.jpg,0.40682959026958243,-0.15525555360689847,-0.1411291537075484
Palm_Warbler_0068_170243.jpg,0.4110933082193057,-0.15608815428105705,0.17514499026106728
Palm_Warbler_0082_168709.jpg,0.45269611483911143,0.0011507099132846976,-0.15716115624460242
Palm_Warbler_0100_168725.jpg,0.4306153821527955,-0.07749133591111579,0.14284337759540053
Palm_Warbler_0081_169256.jpg,0.44503497762979316,-0.04836929235507159,0.2488674404933486
Palm_Warbler_0075_168751.jpg,0.4287836356665714,-0.054766704574605196,0.4909231106991024
Palm_Warbler_0073_169781.jpg,0.47793912022867424,0.12092539283174264,0.4416933000118278
Palm_Warbler_0066_169284.jpg,0.5116740553216299,0.176932545437828,-0.039831236549610564
Palm_Warbler_0116_170319.jpg,0.3801153598022067,-0.22941135978057225,0.12799334663661255
Palm_Warbler_0067_169318.jpg,0.3603603770813809,-0.29647020862802687,-0.42998007500065294
Palm_Warbler_0044_169319.jpg,0.4453409299866644,-0.054708887686514274,-0.19041220107369441
Palm_Warbler_0034_170352.jpg,0.41489371566297906,-0.15154993845393405,0.18346838865024642
Palm_Warbler_0096_170867.jpg,0.46423668605834434,0.055713912739540516,0.32583842862213586
Palm_Warbler_0102_168829.jpg,0.3705641660666362,-0.2849253597424626,-0.23106985280074258
Palm_Warbler_0047_169354.jpg,0.37584003042280123,-0.2544121764017906,0.03564752826011848
Palm_Warbler_0039_170894.jpg,0.4100335405947034,-0.16810340328278373,-0.2680762085976726
Palm_Warbler_0105_170429.jpg,0.3900073029792056,-0.18958839114329185,0.3788273398745837
Palm_Warbler_0005_169918.jpg,0.374892452053357,-0.24155023908686912,0.09058672297745905
Palm_Warbler_0013_169411.jpg,0.4615266545159725,0.00957668304098902,0.07197430934549118
Palm_Warbler_0108_169426.jpg,0.39420511778632317,-0.19679460038633567,-0.3814364539581955
Pine_Warbler_0005_171548.jpg,0.39645754576231995,-0.16265016761868534,0.6215458957647103
Pine_Warbler_0119_171551.jpg,0.4564065024229488,-0.01923899220645442,0.58451263905713
Pine_Warbler_0111_171040.jpg,0.47810791355006454,0.061141733430461476,0.6475815826875955
Pine_Warbler_0095_171588.jpg,0.3757473753054863,-0.2604477852827576,0.6180340173584155
Pine_Warbler_0076_172104.jpg,0.3692103226535445,-0.2649704089634486,0.6318901296098638
Pine_Warbler_0065_172119.jpg,0.40983014393001393,-0.11271205542903351,0.48790707264018024
Pine_Warbler_0035_98396.jpg,0.48973518008553474,0.13739568607809083,0.21761115649580026
Pine_Warbler_0044_171104.jpg,0.3728939860193089,-0.27493676454820104,0.564520984717776
Pine_Warbler_0133_171641.jpg,0.4437573337340216,-0.01970941172664009,0.7145347162676114
Pine_Warbler_0045_171150.jpg,0.442925952005346,-0.007435611156290989,0.7205552583372922
Pine_Warbler_0104_171668.jpg,0.5720183617256681,0.35411374333670753,0.5960757630259967
Pine_Warbler_0097_171671.jpg,0.39916698243690285,-0.1707942329343275,0.453213363838967
Pine_Warbler_0002_171176.jpg,0.378641053388742,-0.2271154064794323,0.4452019281703305
Pine_Warbler_0050_159442.jpg,0.40228225198263734,-0.17334683028731668,0.67423218923827
Pine_Warbler_0141_171263.jpg,0.45749033996105304,0.03575111589605917,0.6654690905968206
Pine_Warbler_0122_171274.jpg,0.4728945034527423,0.06155906535263711,0.5802542329534075
Pine_Warbler_0054_171287.jpg,0.6058953256991413,0.44191819774959673,0.6892995112383815
Pine_Warbler_0120_172340.jpg,0.37182237657275063,-0.24921766320832583,0.5742394707853274
Pine_Warbler_0008_171330.jpg,0.44963555086462004,0.018716803126381132,0.19414377851866496
Pine_Warbler_0052_171380.jpg,0.4027763479437151,-0.1373789392660103,0.610531893194184
Pine_Warbler_0136_171382.jpg,0.4513288823387974,0.028219234722207442,0.7699859023901301
Pine_Warbler_0084_172409.jpg,0.5311040460023242,0.2723967916949933,0.6614645457258792
Pine_Warbler_0038_171386.jpg,0.5293386817710771,0.236621300128791,0.3552892415116689
Pine_Warbler_0103_171922.jpg,0.4138611141588805,-0.1157181300055723,0.3992483894740605
Pine_Warbler_0075_171933.jpg,0.5058860205973414,0.1774972930629366,0.4034203774275696
Pine_Warbler_0132_171936.jpg,0.41785766891279175,-0.11282556074593697,0.6441429149779124
Pine_Warbler_0113_172456.jpg,0.40183061976531076,-0.1450285830136564,0.7577362887048857
Pine_Warbler_0080_171975.jpg,0.48169477112215886,0.08159849511119432,0.5876226559608471
Pine_Warbler_0020_171989.jpg,0.522125156361595,0.21153986611101971,0.6548099792711785
Pine_Warbler_0101_171501.jpg,0.42355229921572135,-0.06514302682277973,0.41059077867434246
Prairie_Warbler_0113_172544.jpg,0.4227664228236595,-0.08257697000461883,0.3015226906072384
Prairie_Warbler_0010_172547.jpg,0.47765707745859864,0.05466048480956842,0.14074105161323056
Prairie_Warbler_0037_172550.jpg,0.4138536781812844,-0.12603443204162268,0.7737830184816565
Prairie_Warbler_0108_172559.jpg,0.3730469608636813,-0.25084627780700686,0.5309800069571449
Prairie_Warbler_0058_172573.jpg,0.35751247306582645,-0.29929334018369524,0.2951243429200978
Prairie_Warbler_0096_172577.jpg,0.4753602555977011,0.09593402973472842,0.24460653252582265
Prairie_Warbler_0048_173095.jpg,0.4261146176179048,-0.09955729748107323,0.5792595211293283
Prairie_Warbler_0091_172597.jpg,0.3817758910980109,-0.22653898683906637,0.07361005137992863
Prairie_Warbler_0130_172609.jpg,0.4042470305916158,-0.17015721559892283,0.374335007786925
Prairie_Warbler_0028_173123.jpg,0.5014138676930439,0.1740150499201747,0.37396935612606463
Prairie_Warbler_0029_172618.jpg,0.44604429759403397,-0.0057294998454100465,0.6014640503292209
Prairie_Warbler_0071_173140.jpg,0.35458582388343074,-0.3250840112598763,0.5399384745957816
Prairie_Warbler_0138_172695.jpg,0.37191502117786535,-0.24794706136768507,0.4076695608413579
Prairie_Warbler_0132_172705.jpg,0.42824910100705804,-0.07030900151714503,0.6143990713775284
Prairie_Warbler_0078_172729.jpg,0.3783159744246618,-0.2509658576127298,0.46120879457519703
Prairie_Warbler_0079_172735.jpg,0.4197499874217866,-0.14500285745367059,-0.052061057475414334
Prairie_Warbler_0011_172744.jpg,0.452370314735253,-0.001295528955192804,0.4953868563903449
Prairie_Warbler_0118_173261.jpg,0.43598871930651906,-0.08040011214906917,0.42178600962117047
Prairie_Warbler_0062_172755.jpg,0.4702408513672919,0.060784703496279735,0.42467754611321207
Prairie_Warbler_0133_173279.jpg,0.35137026698755425,-0.33527730954891766,0.46941264129002763
Prairie_Warbler_0066_173350.jpg,0.37091339117455735,-0.2653299233023889,0.5389534615405382
Prairie_Warbler_0094_91950.jpg,0.4624909620578658,0.06987173317398787,0.5605216540605739
Prairie_Warbler_0052_173400.jpg,0.466402662211859,0.06443009663237975,0.6155593099132413
Prairie_Warbler_0021_172902.jpg,0.457755228642175,0.007130417571289294,0.24177380167413554
Prairie_Warbler_0127_172913.jpg,0.4587895236985966,-0.009333598095573992,0.27960248150271266
Prairie_Warbler_0126_172931.jpg,0.4154179891981026,-0.15073123388031173,0.38208846486581555
Prairie_Warbler_0027_172465.jpg,0.40929712826493314,-0.1600092789112637,0.03305466728819388
Prairie_Warbler_0009_173022.jpg,0.3606612306025342,-0.314347061869382,0.20513198582023026
Prairie_Warbler_0125_172536.jpg,0.4163557377761874,-0.09441693676856233,0.7063330430352751
Prairie_Warbler_0014_172542.jpg,0.43853458710851567,-0.06604334248157451,0.4486227804346379
Prothonotary_Warbler_0102_174595.jpg,0.42201020759219143,-0.08711897498152532,0.2046833943336516
Prothonotary_Warbler_0105_174097.jpg,0.4797276046191844,0.10698215062730387,0.15803114040789568
Prothonotary_Warbler_0117_174622.jpg,0.3928687003429119,-0.21530398391030325,0.4840392656342642
Prothonotary_Warbler_0094_173607.jpg,0.4374986718348559,-0.0500586887476282,-0.014430122926076979
Prothonotary_Warbler_0033_174123.jpg,0.46258160654404623,0.023824461680465703,0.32984691301609276
Prothonotary_Warbler_0089_174636.jpg,0.3785599075077257,-0.23620635989105287,0.5368228823045433
Prothonotary_Warbler_0121_174643.jpg,0.4425387145308829,-0.04726592941500796,0.631407804067308
Prothonotary_Warbler_0022_174138.jpg,0.3705821708555861,-0.2752042297944468,-0.09534329074665489
Prothonotary_Warbler_0127_174149.jpg,0.4663885360973409,0.03272601895107252,-0.25661246323291886
Prothonotary_Warbler_0090_174183.jpg,0.4263720854197718,-0.09410304976871386,-0.2035192900109795
Prothonotary_Warbler_0018_174196.jpg,0.351447344032747,-0.3371261440344058,0.3566345691123364
Prothonotary_Warbler_0071_173690.jpg,0.4379425173189132,-0.03694786683914564,0.5597596535410123
Prothonotary_Warbler_0069_174210.jpg,0.43315857918597456,-0.05650503825208153,0.5037685095921071
Prothonotary_Warbler_0049_174213.jpg,0.5062869535456883,0.15751427009593344,0.012582391176300153
Prothonotary_Warbler_0106_174221.jpg,0.37723521355702094,-0.23890457844271595,-0.2753525011507023
Prothonotary_Warbler_0023_173788.jpg,0.4296430190846722,-0.08763274923661069,0.5914119000457364
Prothonotary_Warbler_0057_173865.jpg,0.3734442525842676,-0.2644025344419807,0.43029773378659913
Prothonotary_Warbler_0047_174340.jpg,0.49399196783409316,0.11260863925509901,0.3282250311833842
Prothonotary_Warbler_0085_173829.jpg,0.47010924343632077,0.05751571556361934,0.04534541486472465
Prothonotary_Warbler_0019_173838.jpg,0.4434987521885335,-0.03200076965209964,0.3608570947501172
Prothonotary_Warbler_0107_173921.jpg,0.4307711325910385,-0.07992390335013089,0.6014186544611765
Prothonotary_Warbler_0065_173422.jpg,0.536443933419967,0.2927935033663194,0.49725870447905796
Prothonotary_Warbler_0059_173434.jpg,0.41968014752014404,-0.14037675167407926,-0.3590830710551442
Prothonotary_Warbler_0074_173443.jpg,0.4768299291619018,0.12037513662312149,0.5323836685670988
Prothonotary_Warbler_0040_173447.jpg,0.4290625158964727,-0.08916397271720067,0.39003970132494314
Prothonotary_Warbler_0004_173475.jpg,0.4845975547102179,0.09893558945215108,0.12469107195635744
Prothonotary_Warbler_0081_173510.jpg,0.433363157481799,-0.053696649020113396,-0.1269011257499139
Prothonotary_Warbler_0100_174539.jpg,0.41793028009887556,-0.13075000065623543,0.06041106275476013
Prothonotary_Warbler_0054_174556.jpg,0.4383447185977908,-0.0631955546071894,-0.44824173708416315
Prothonotary_Warbler_0031_174578.jpg,0.41341695072732476,-0.11434359488949575,0.4530118565272025
Swainson_Warbler_0029_794883.jpg,0.6045228666322087,0.4478411966674748,0.16023132395621748
Swainson_Warbler_0010_174724.jpg,0.3717286484985086,-0.2820890884316247,-0.15593285539942697
Swainson_Warbler_0008_794886.jpg,0.39418600557104133,-0.214291581007227,0.09697090258749773
Swainson_Warbler_0015_794891.jpg,0.5219769510249417,0.22967466996558072,0.41700268641660476
Swainson_Warbler_0013_794892.jpg,0.6058436881980782,0.4579623557963477,0.25055086313092934
Swainson_Warbler_0042_794895.jpg,0.43971678531638336,-0.05489856724732256,0.160077958236172
Swainson_Warbler_0028_794896.jpg,0.4622562074122888,0.010091543546825066,0.008521779222118636
Swainson_Warbler_0012_174739.jpg,0.5008161488391887,0.14600066558252012,0.17267130731235272
Swainson_Warbler_0035_174741.jpg,0.38823498322474426,-0.20761792105280907,0.04653465047596203
Swainson_Warbler_0026_794884.jpg,0.4889142048680355,0.08530318013471327,0.256965828657361
Swainson_Warbler_0009_174746.jpg,0.5626426237328778,0.31158258747768663,-0.2601547852333079
Swainson_Warbler_0005_794888.jpg,0.44499494313101473,-0.020574935118693016,0.1736697627923822
Swainson_Warbler_0033_794856.jpg,0.40375762782334157,-0.13983570243383814,0.3741996042849841
Swainson_Warbler_0053_174678.jpg,0.4189050588310894,-0.07503287537948689,0.10365974777099478
Swainson_Warbler_0031_174696.jpg,0.4039799403476194,-0.1637110218343829,0.19946455241189645
Swainson_Warbler_0006_794857.jpg,0.47721770652982165,0.06091650459415454,0.06433960989336886
Swainson_Warbler_0014_794858.jpg,0.6891135640862979,0.641655335485156,0.02209176091799671
Swainson_Warbler_0050_794861.jpg,0.49781991769193035,0.16310964994552057,0.06808275827918263
Swainson_Warbler_0016_174705.jpg,0.38554164969666804,-0.22796147632732522,0.02461098894293182
Swainson_Warbler_0003_794866.jpg,0.4077911327770838,-0.15288363463031507,0.1325944847686159
Swainson_Warbler_0055_794899.jpg,0.48742496616428566,0.10336268355537359,0.2860439562346765
Swainson_Warbler_0001_794869.jpg,0.5241127598039659,0.20945310984810595,0.31330249297289353
Swainson_Warbler_0056_794871.jpg,0.455058750799631,0.010968458976811424,-0.42239533613530483
Swainson_Warbler_0046_794872.jpg,0.6106596936974265,0.45243730052495856,0.49927944321513495
Swainson_Warbler_0052_794875.jpg,0.46251637794660516,0.030534327069485,0.1971603714346039
Swainson_Warbler_0027_794877.jpg,0.5644304931120663,0.33938440672070824,0.1710802339266479
Tennessee_Warbler_0050_174851.jpg,0.36557526450832956,-0.29945669858926927,-0.3282700405920206
Tennessee_Warbler_0014_175126.jpg,0.5312972163629752,0.23424563654467856,0.285800215924118
Tennessee_Warbler_0039_174883.jpg,0.44903061506879405,-0.04152086969365554,-0.2932707137326769
Tennessee_Warbler_0002_174884.jpg,0.5033598950793228,0.16687815573978082,0.2222095033428898
Tennessee_Warbler_0003_175154.jpg,0.4890007847504231,0.08600444814058184,0.10055868612069062
Tennessee_Warbler_0041_174900.jpg,0.42193073201755305,-0.1236946608701539,0.42410912597145956
Tennessee_Warbler_0088_175163.jpg,0.5874862939529519,0.4150841514696295,0.12420579139650932
Tennessee_Warbler_0054_174914.jpg,0.5038935122115216,0.1287958204448657,0.47118905846903725
Tennessee_Warbler_0040_174933.jpg,0.3461875258376138,-0.3455379146563873,0.3852718343759957
Tennessee_Warbler_0009_174937.jpg,0.4195981662482384,-0.0974673392431904,-0.3133963541940783
Tennessee_Warbler_0085_156530.jpg,0.463661011452419,0.03830948243723986,0.29410539386656687
Tennessee_Warbler_0087_174968.jpg,0.39243682550799164,-0.2190200800608979,0.5266059632928218
Tennessee_Warbler_0025_174973.jpg,0.5063852222636176,0.15574738256098053,0.33670665014851814
Tennessee_Warbler_0049_175006.jpg,0.47690684145473883,0.04324121153562632,0.5007625865158226
Tennessee_Warbler_0065_174757.jpg,0.49630727435592326,0.10151694233263053,0.011309211828962745
Tennessee_Warbler_0038_174760.jpg,0.46236615657920443,-0.003833523028306418,0.3214265372406908
Tennessee_Warbler_0075_174763.jpg,0.4320780846949618,-0.05714704907787982,0.2630989538760588
Tennessee_Warbler_0089_174764.jpg,0.5112652062136571,0.19178870125121927,-0.04522174252839015
Tennessee_Warbler_0070_174962.jpg,0.5708504583370777,0.34184518313002177,0.15213832774024053
Tennessee_Warbler_0081_174771.jpg,0.46337234523578474,0.024654999015045975,-0.20347756636998826
Tennessee_Warbler_0042_175092.jpg,0.39590145349853556,-0.20054645610591915,-0.13790135395868425
Tennessee_Warbler_0007_174796.jpg,0.4886889876374916,0.1328222372645027,0.45342573625175275
Tennessee_Warbler_0080_167714.jpg,0.6561599038608201,0.5680266204466025,0.20817940543595673
Tennessee_Warbler_0098_174800.jpg,0.47125212447469056,0.08313269490924724,0.10789278585678447
Tennessee_Warbler_0027_174805.jpg,0.35687203526574807,-0.3118899188826374,0.14039959335540875
Tennessee_Warbler_0076_174807.jpg,0.5460108753992853,0.26345052165926697,0.3868533114817681
Tennessee_Warbler_0092_174810.jpg,0.3926249894511964,-0.1906254397287055,0.1642285762636564
Tennessee_Warbler_0013_163552.jpg,0.4100005088468728,-0.15707207242315757,0.37275212938186697
Tennessee_Warbler_0048_175079.jpg,0.35640584117020724,-0.3204316408621466,0.31497289038862153
Wilson_Warbler_0007_175618.jpg,0.4289276944927506,-0.11377179194359166,0.4800078486582853
Wilson_Warbler_0133_175626.jpg,0.3855279426885708,-0.23776944893089347,0.5917455944895086
Wilson_Warbler_0127_175637.jpg,0.47601952083318955,0.04657496317192811,0.11588675959052297
Wilson_Warbler_0074_175645.jpg,0.30396857686459067,-0.5063748176605241,0.42009621351977483
Wilson_Warbler_0066_117820.jpg,0.44902666206381603,-0.03254108241556852,0.2420206052561847
Wilson_Warbler_0019_175175.jpg,0.4230956777978152,-0.08418441953984823,0.23714606430508728
Wilson_Warbler_0055_175183.jpg,0.40232817932339016,-0.19669853821197103,0.2674908102152309
Wilson_Warbler_0075_175234.jpg,0.4994919282337358,0.12808155650123898,-0.35466689430201603
Wilson_Warbler_0080_175770.jpg,0.5063462607848419,0.1533262907199212,0.24793239926028973
Wilson_Warbler_0067_175261.jpg,0.43981545535045863,-0.06171499864741725,0.1890891577493248
Wilson_Warbler_0118_175779.jpg,0.4389599902889839,-0.0059724369742577554,0.4751676106938108
Wilson_Warbler_0131_175268.jpg,0.43015785855197386,-0.10250548138892857,0.514807500246154
Wilson_Warbler_0056_175269.jpg,0.41672852600405574,-0.10436132447302526,0.21671383304204445
Wilson_Warbler_0024_175278.jpg,0.4646489748060968,0.033686559023255125,-0.30565661745757733
Wilson_Warbler_0027_175290.jpg,0.41427768968472223,-0.11581402207533342,0.4896722435520461
Wilson_Warbler_0012_175328.jpg,0.42784802722079984,-0.080282143277016,0.010197294829813797
Wilson_Warbler_0040_175347.jpg,0.42869382961883884,-0.07860828701049183,0.0054883349377542814
Wilson_Warbler_0064_175361.jpg,0.47538994844370763,0.09926140120027116,-0.05381438642399268
Wilson_Warbler_0134_175374.jpg,0.44417952961412677,-0.05773557073506508,-0.09777621478836014
Wilson_Warbler_0029_175417.jpg,0.43999400427389,-0.02321640265431668,-0.20828115917045684
Wilson_Warbler_0060_175420.jpg,0.4384905551153575,-0.05002261202258462,0.14169159131410453
Wilson_Warbler_0034_175443.jpg,0.3508751809937928,-0.32608102165844177,0.4768895694527281
Wilson_Warbler_0072_175958.jpg,0.3779863993152712,-0.25864110393779693,-0.17843497966547633
Wilson_Warbler_0092_175676.jpg,0.3580307091657221,-0.3219547988782132,0.35745136782051534
Wilson_Warbler_0043_175491.jpg,0.40083880675982286,-0.18006838604888697,0.381181750561775
Wilson_Warbler_0016_175532.jpg,0.47064492680550063,0.06173430126498036,-0.3269352678613132
Wilson_Warbler_0099_175559.jpg,0.38469681310301274,-0.2464629822649247,0.4407631880384083
Wilson_Warbler_0002_175571.jpg,0.3914217754477608,-0.19831119532498587,-0.36335939413851287
Wilson_Warbler_0109_175578.jpg,0.40315144039407935,-0.14936376270780283,0.22466067480707663
Wilson_Warbler_0095_175595.jpg,0.37436898038522026,-0.24306778203276047,-0.12965046862317944
Worm_Eating_Warbler_0075_176045.jpg,0.426049837504452,-0.08956712432412761,-0.05832305473619628
Worm_Eating_Warbler_0066_92460.jpg,0.40232495394462187,-0.14732208466472563,0.11480790956610168
Worm_Eating_Warbler_0046_176053.jpg,0.49544969283262086,0.10329765197937146,0.6912224719497101
Worm_Eating_Warbler_0069_176055.jpg,0.4340404873987228,-0.08249048111628232,0.18418421981379313
Worm_Eating_Warbler_0005_175977.jpg,0.3893913387719009,-0.18450197231120047,0.33402116120315056
Worm_Eating_Warbler_0087_175978.jpg,0.45782512553454,0.020709644220792578,0.3355601908137965
Worm_Eating_Warbler_0045_795518.jpg,0.41213633624561463,-0.10964391839304932,0.42224368771879245
Worm_Eating_Warbler_0067_795520.jpg,0.39313831407805766,-0.20023603469132434,0.41042058724121505
Worm_Eating_Warbler_0090_795523.jpg,0.4319732048580164,-0.049334432460627076,0.2926262137555278
Worm_Eating_Warbler_0016_795528.jpg,0.36922976628157367,-0.2793899256188095,0.081529209480425
Worm_Eating_Warbler_0002_795533.jpg,0.4546857857825284,-0.01799886932252437,0.1562664925944597
Worm_Eating_Warbler_0061_795537.jpg,0.40317314843905994,-0.15364067296920347,0.23628825110696972
Worm_Eating_Warbler_0021_795545.jpg,0.4792811070917218,0.11208142211738226,0.6661302615588088
Worm_Eating_Warbler_0056_795547.jpg,0.4192793170649587,-0.09402279293951943,-0.0016214602970015413
Worm_Eating_Warbler_0019_795554.jpg,0.48828711169833283,0.12474935959086664,0.3160869986429524
Worm_Eating_Warbler_0079_176036.jpg,0.43828961144347833,-0.040424816621266624,0.20276458233949118
Worm_Eating_Warbler_0072_795559.jpg,0.4430705669297995,-0.057786469483493974,-0.3781247474801743
Worm_Eating_Warbler_0014_176042.jpg,0.4684704058055674,0.020018599981199925,0.25716063805099504
Worm_Eating_Warbler_0098_795565.jpg,0.4478065585268497,0.0005201117121886867,0.6317150937476407
Worm_Eating_Warbler_0062_795568.jpg,0.4431347440997222,-0.04910440268715455,0.1632327083851033
Worm_Eating_Warbler_0042_795571.jpg,0.4451773426860528,-0.015669306496176816,0.23582199173667018
Worm_Eating_Warbler_0036_795573.jpg,0.4120212062389145,-0.12165066528329649,-0.14142826161830993
Worm_Eating_Warbler_0027_176062.jpg,0.46607406268247087,0.033727499283068174,-0.08342064320299017
Worm_Eating_Warbler_0051_176068.jpg,0.43080464870221746,-0.0929222347994565,-0.17322923795038422
Worm_Eating_Warbler_0086_176073.jpg,0.48279386150553416,0.0806196821684082,0.3923569143535562
Worm_Eating_Warbler_0031_176075.jpg,0.3867091824040809,-0.22403595935316445,0.07572403161628348
Worm_Eating_Warbler_0053_176079.jpg,0.4392706767213581,-0.0740568843606888,0.3288205906128723
Worm_Eating_Warbler_0076_176086.jpg,0.32123377810130926,-0.4382773723326838,-0.057320801343462395
Worm_Eating_Warbler_0039_176120.jpg,0.42876446257962475,-0.07672381744984169,0.4912069906277873
Yellow_Warbler_0038_176388.jpg,0.3942777843204228,-0.1753222867500832,0.141016593784367
Yellow_Warbler_0071_176655.jpg,0.45455435890820217,-0.0010277274639900469,0.3950222080635824
Yellow_Warbler_0061_176559.jpg,0.3540192213304926,-0.3295656421190172,0.11390269527732086
Yellow_Warbler_0080_176542.jpg,0.502144239106604,0.12828730842473568,0.35198174846344843
Yellow_Warbler_0118_176409.jpg,0.39306083266740344,-0.17599789623065587,0.525147701375553
Yellow_Warbler_0014_176414.jpg,0.44865450302706467,-0.019942770877768856,-0.237404313450165
Yellow_Warbler_0057_176675.jpg,0.3361090235085029,-0.3963310275247125,0.33444623856283473
Yellow_Warbler_0011_176676.jpg,0.3842101070966474,-0.2343495903394286,0.5005765763497639
Yellow_Warbler_0003_176429.jpg,0.40080155828961106,-0.15117106679352843,-0.16168504353247368
Yellow_Warbler_0122_176182.jpg,0.5255962141308643,0.25326852110334974,0.22480740652149175
Yellow_Warbler_0016_176452.jpg,0.44146852233454437,-0.06055140864752562,0.516086718631625
Yellow_Warbler_0047_176456.jpg,0.4024768323403086,-0.1877170210213155,0.3308112907186866
Yellow_Warbler_0114_176201.jpg,0.4725777259633047,0.06977118938273963,0.31363628361429385
Yellow_Warbler_0123_176471.jpg,0.44951752285869273,-0.01256106766592513,0.24729030564251234
Yellow_Warbler_0073_176218.jpg,0.38460325229532555,-0.2135081300803523,-0.02937954468374682
Yellow_Warbler_0093_176490.jpg,0.3466807280775691,-0.35641131260373826,0.2200509171569931
Yellow_Warbler_0040_176954.jpg,0.4424185117920231,-0.027624854963396173,-0.16938082178929947
Yellow_Warbler_0031_176282.jpg,0.44772855360307384,-0.006865618481285196,0.5373824058655091
Yellow_Warbler_0063_176800.jpg,0.36965709895417775,-0.2817391823203659,-0.18273564493383063
Yellow_Warbler_0112_176301.jpg,0.4623572296366303,0.013331191178299728,0.16927142036777795
Yellow_Warbler_0042_176460.jpg,0.44812598621052435,-0.03670226034992319,0.6006674226582039
Yellow_Warbler_0088_176336.jpg,0.35306803776604934,-0.32519263168967383,0.586783648200614
Yellow_Warbler_0026_176337.jpg,0.4270076467875581,-0.08877541660063715,0.010715512118530807
Yellow_Warbler_0029_176855.jpg,0.4073103682434859,-0.13910231332354783,0.4477775213620459
Yellow_Warbler_0101_176864.jpg,0.4247439624122449,-0.08475454793860049,0.058030791692163
Yellow_Warbler_0105_176849.jpg,0.442518105137081,-0.05627769945101524,0.733602431386003
Yellow_Warbler_0035_176360.jpg,0.3622739436103981,-0.2943267830358669,-0.10832867092597792
Yellow_Warbler_0017_176888.jpg,0.5658688668435826,0.3396742915479434,0.6173497417638325
Yellow_Warbler_0058_176891.jpg,0.44968475989208756,0.00012001026766594869,0.6342538506233306
Yellow_Warbler_0106_176383.jpg,0.4377974108739835,-0.04484303791831068,0.5087657298291056
Northern_Waterthrush_0077_177152.jpg,0.4775445318485254,0.09189654761391042,-0.16706484064547128
Northern_Waterthrush_0046_176984.jpg,0.5493283519801094,0.2703715607763755,0.3289922124432043
Northern_Waterthrush_0038_177027.jpg,0.46431499962635314,0.05942675549514187,0.4427209952084267
Northern_Waterthrush_0021_177187.jpg,0.4844205147010643,0.09166356247602514,0.37736771260246577
Northern_Waterthrush_0041_177199.jpg,0.40843388112529566,-0.1680619583995946,-0.06489065409198384
Northern_Waterthrush_0060_177213.jpg,0.5498348180762761,0.2791958449923113,0.02522687307611741
Northern_Waterthrush_0033_177214.jpg,0.37494263728706034,-0.27441608467817846,-0.2402909004372678
Northern_Waterthrush_0081_176972.jpg,0.40487814545475387,-0.13747938411640837,0.4821393582973883
Northern_Waterthrush_0075_176978.jpg,0.3502306740385642,-0.3486899251372537,0.09255879913328299
Northern_Waterthrush_0082_177243.jpg,0.45056011017428244,0.005803644717204404,0.13021404223183378
Northern_Waterthrush_0023_177002.jpg,0.4222875620938811,-0.08870515836405746,0.34022231519883556
Northern_Waterthrush_0096_177007.jpg,0.41212673955145007,-0.1320261490461443,0.08677294701548595
Northern_Waterthrush_0079_177008.jpg,0.4244022656097808,-0.11488541542715058,0.3436738286681472
Northern_Waterthrush_0042_177272.jpg,0.4586997275880713,-0.0021261647632777603,0.011928617683825828
Northern_Waterthrush_0036_177274.jpg,0.4815573941128929,0.06888793976778451,-0.038342427663598216
Northern_Waterthrush_0005_177023.jpg,0.5005441577198368,0.11257971386573107,0.16245366099168834
Northern_Waterthrush_0027_177286.jpg,0.4919296976308253,0.12116806497301036,-0.16754729268218524
Northern_Waterthrush_0057_177291.jpg,0.35955887343550463,-0.30172793987740376,0.16264058454543706
Northern_Waterthrush_0097_177045.jpg,0.38410659369526257,-0.21421849470164833,0.040605729556720226
Northern_Waterthrush_0047_177304.jpg,0.39998503897103777,-0.1622310430695566,0.13771456619389724
Northern_Waterthrush_0073_177063.jpg,0.44907208269086374,-0.033251352517634336,-0.34367059399705924
Northern_Waterthrush_0110_177074.jpg,0.48321189895752015,0.06687317220302025,-0.15988268133148964
Northern_Waterthrush_0063_177346.jpg,0.4576048225493591,-0.009643141405767386,0.1285822444644174
Northern_Waterthrush_0086_177358.jpg,0.36379122180335377,-0.30163269266679804,0.42433377257181454
Northern_Waterthrush_0062_177364.jpg,0.40025547915576243,-0.18009780566578626,-0.3010760395104683
Northern_Waterthrush_0098_177116.jpg,0.43445832330144285,-0.03702091972497512,0.06332012709237494
Northern_Waterthrush_0072_177121.jpg,0.35549336285402877,-0.31595314775472905,-0.0483026757024842
Northern_Waterthrush_0093_177141.jpg,0.3677241313749505,-0.29885724919663725,0.1978803322772524
Northern_Waterthrush_0058_177143.jpg,0.42548231430958705,-0.10274123005625757,-0.3404196357171975
Northern_Waterthrush_0087_177148.jpg,0.46351659473634377,0.04085804778060087,0.29984586034200683
Louisiana_Waterthrush_0027_177539.jpg,0.4640765541259999,0.03317929374534245,0.4249252405842005
Louisiana_Waterthrush_0078_177444.jpg,0.47831648896881795,0.08627093564265553,0.5762219712336727
Louisiana_Waterthrush_0059_177449.jpg,0.39709459265723435,-0.17869630023847027,-0.13100060905882724
Louisiana_Waterthrush_0047_177523.jpg,0.35368959636155317,-0.33507783671124924,0.16965166403496182
Louisiana_Waterthrush_0054_176977.jpg,0.5095051283032518,0.15758287185665565,-0.011236108699658926
Louisiana_Waterthrush_0016_795240.jpg,0.5403881504697984,0.2492359845995481,0.3343697024749396
Louisiana_Waterthrush_0053_795241.jpg,0.4471654531898861,-0.012575704774801633,-0.2843678434814987
Louisiana_Waterthrush_0030_795248.jpg,0.5005153202383028,0.17189665425082223,0.3111163694396502
Louisiana_Waterthrush_0040_795251.jpg,0.5008688695493353,0.17382130500581494,-0.15757962523342006
Louisiana_Waterthrush_0079_795252.jpg,0.5335680873983666,0.22867372820126464,-0.3275928600784267
Louisiana_Waterthrush_0010_795255.jpg,0.5826231451758908,0.36772292227599157,0.06177098766542728
Louisiana_Waterthrush_0076_795257.jpg,0.5143201440219503,0.18288328954608835,-0.222715617723028
Louisiana_Waterthrush_0007_795258.jpg,0.4828228102916864,0.07372796317242347,0.1464560539728639
Louisiana_Waterthrush_0066_795259.jpg,0.5023767041728984,0.1723260883537331,0.3353767788023521
Louisiana_Waterthrush_0086_795263.jpg,0.4606192987322334,0.022340188273544004,0.49381382948009106
Louisiana_Waterthrush_0094_795264.jpg,0.4498179334870178,-0.028404327249527794,0.17686106405900162
Louisiana_Waterthrush_0057_795270.jpg,0.4111136951563966,-0.15458108025274808,-0.2114490895920802
Louisiana_Waterthrush_0055_795280.jpg,0.5045174569803577,0.14936572612073662,-0.05827124016810312
Louisiana_Waterthrush_0033_795281.jpg,0.49552136574371985,0.11719057795289034,0.22510307361027057
Louisiana_Waterthrush_0081_795283.jpg,0.49108650144854016,0.11976464457338432,0.34800271754152406
Louisiana_Waterthrush_0088_795284.jpg,0.5046478024679912,0.15693345000572745,0.17724942395181212
Louisiana_Waterthrush_0002_795285.jpg,0.45632397346618636,0.020874230259047444,0.3139366594980374
Louisiana_Waterthrush_0073_177558.jpg,0.4665911546785919,0.03842043427381947,0.34008226001016606
Louisiana_Waterthrush_0019_177062.jpg,0.4505528755215191,-0.018202085013916847,0.2555203353237122
Louisiana_Waterthrush_0052_177519.jpg,0.4560301140758717,-0.013550731125585802,0.2579534420467676
Louisiana_Waterthrush_0046_177604.jpg,0.4306125387294564,-0.06590805683176093,0.16624282010650818
Louisiana_Waterthrush_0064_177380.jpg,0.39379493428344214,-0.16345180103459955,-0.13873900220590968
Louisiana_Waterthrush_0032_177385.jpg,0.4963376292873821,0.13226314188547073,0.17303177373046755
Louisiana_Waterthrush_0058_177388.jpg,0.43021077994481993,-0.051617691505349006,0.28085419140921136
Louisiana_Waterthrush_0022_177397.jpg,0.4499380442683534,-0.015660674592368196,0.4055327781231715
Bohemian_Waxwing_0001_796680.jpg,0.4547392724105257,0.027465971012194834,-0.14259966755569436
Bohemian_Waxwing_0068_796682.jpg,0.4490726418596841,0.013320411001767618,-0.2582378935621846
Bohemian_Waxwing_0062_796683.jpg,0.562395683486373,0.3420549521533416,-0.22326875636843524
Bohemian_Waxwing_0104_177676.jpg,0.49809166491925416,0.17305039947016598,-0.19624081450891268
Bohemian_Waxwing_0079_796687.jpg,0.4510889655804625,0.03266015448047488,-0.2757572000668149
Bohemian_Waxwing_0037_796638.jpg,0.4926796908560023,0.14740093293747825,0.24492248297276142
Bohemian_Waxwing_0084_796639.jpg,0.6080458194630116,0.443846897703277,-0.07204709021484679
Bohemian_Waxwing_0115_177724.jpg,0.5229535847167117,0.1995180264282982,-0.3855038597550098
Bohemian_Waxwing_0099_177747.jpg,0.4592573980973731,0.05231812177325945,-0.10434313045267105
Bohemian_Waxwing_0098_178009.jpg,0.5013434863453824,0.16204068541354988,0.08221478551326092
Bohemian_Waxwing_0101_796653.jpg,0.4592340443055327,0.05650539382881148,0.28254162058839166
Bohemian_Waxwing_0078_796649.jpg,0.47548439482293015,0.0875896402576003,-0.06737134573539381
Bohemian_Waxwing_0057_177784.jpg,0.577834758996352,0.3768135271732591,-0.17298990013182025
Bohemian_Waxwing_0102_796692.jpg,0.5534211221826433,0.28552129815092886,-0.15655982540618704
Bohemian_Waxwing_0119_177942.jpg,0.5574446891971295,0.34173533402450174,0.06567891167535139
Bohemian_Waxwing_0004_796652.jpg,0.4719024513457336,0.08105753934896409,-0.12753997063780598
Bohemian_Waxwing_0082_796655.jpg,0.4699802112247604,0.06817985988144881,-0.36313110308263497
Bohemian_Waxwing_0121_796658.jpg,0.4838598047535315,0.11933460849618127,-0.491065443702124
Bohemian_Waxwing_0026_177845.jpg,0.4232105659708192,-0.08442951861181758,0.2251681639353577
Bohemian_Waxwing_0054_796623.jpg,0.5491497386971322,0.30617867755895145,-0.219349375408951
Bohemian_Waxwing_0100_796627.jpg,0.48571185488397217,0.09235567413334533,-0.12411668580243264
Bohemian_Waxwing_0050_796630.jpg,0.6359920946486173,0.5240815483247099,0.17421560865935604
Bohemian_Waxwing_0038_796632.jpg,0.603773889366688,0.47706632103867197,0.258321571295929
Bohemian_Waxwing_0081_796636.jpg,0.4121593567099878,-0.12094219189116551,0.030698797128648737
Bohemian_Waxwing_0041_177630.jpg,0.4956417608963204,0.14300105037573907,-0.30523081430831883
Bohemian_Waxwing_0060_796642.jpg,0.550325763986456,0.3113441131406788,-0.15118393711665334
Bohemian_Waxwing_0056_796645.jpg,0.4985268145961511,0.18805075048608721,-0.136741851952607
Bohemian_Waxwing_0034_796646.jpg,0.43645316953677693,-0.021835705671856553,-0.2498788257887566
Bohemian_Waxwing_0036_796661.jpg,0.3791775741439519,-0.21931716894769449,-0.22218201473877022
Bohemian_Waxwing_0029_177915.jpg,0.43831404575532407,-0.03182263598581492,-0.35087349254503497
Cedar_Waxwing_0034_179715.jpg,0.38409247583715855,-0.22674336125178773,-0.3665358210803378
Cedar_Waxwing_0028_179724.jpg,0.43917993683623713,-0.07080462879194216,-0.1454316253858551
Cedar_Waxwing_0030_178202.jpg,0.4559478884738519,-0.020270094201660704,0.3982407657021622
Cedar_Waxwing_0049_178723.jpg,0.46598320162238815,0.021738058134526117,0.27379753768525433
Cedar_Waxwing_0033_178737.jpg,0.4182894954368376,-0.10234300812347907,0.5059521463834074
Cedar_Waxwing_0024_178230.jpg,0.49353262685141075,0.1287007289954809,0.34478826636967635
Cedar_Waxwing_0083_178743.jpg,0.506067577045894,0.172493484974916,0.09237673709656263
Cedar_Waxwing_0061_179305.jpg,0.4147378450142233,-0.11289586750368352,0.2982242454114927
Cedar_Waxwing_0058_178795.jpg,0.4374574125592895,-0.044491198555849376,0.16097149340435135
Cedar_Waxwing_0015_178818.jpg,0.5148156322235422,0.1806929108165195,-0.07304212994401843
Cedar_Waxwing_0057_178370.jpg,0.43568043623728203,-0.08289188632093358,-0.31678834905211206
Cedar_Waxwing_0043_178321.jpg,0.501854077499648,0.1384185683812067,0.22617167772478425
Cedar_Waxwing_0069_179310.jpg,0.4653565553208133,0.039587881759058696,-0.00750199792110692
Cedar_Waxwing_0124_178857.jpg,0.47164809487344794,0.05331813210430847,0.13349387468606078
Cedar_Waxwing_0042_179391.jpg,0.44066128965076146,-0.04100546304678665,0.28296256240665885
Cedar_Waxwing_0074_178888.jpg,0.4750692513320164,0.054593277691357245,0.4590763223777935
Cedar_Waxwing_0010_178891.jpg,0.48110583225220005,0.08716174902379947,-0.18454712246057164
Cedar_Waxwing_0053_178892.jpg,0.44994730091436286,0.019783628604479353,0.3747203539013989
Cedar_Waxwing_0051_178385.jpg,0.52108728288561,0.22725632170627685,0.23329177238023316
Cedar_Waxwing_0019_178654.jpg,0.4397728319828419,-0.05341668593622906,0.15524558570468808
Cedar_Waxwing_0072_178058.jpg,0.49800227222677473,0.13659721420899906,-0.12381772959699623
Cedar_Waxwing_0070_179007.jpg,0.38460689590118613,-0.22728947004928046,0.14090398137763632
Cedar_Waxwing_0059_178500.jpg,0.37271428229236225,-0.25623202515815,0.3938233593010597
Cedar_Waxwing_0002_179071.jpg,0.3731625976145996,-0.28123934201118694,-0.09714118501376487
Cedar_Waxwing_0107_179098.jpg,0.5064807244138588,0.1526456953606573,0.23255013642687059
Cedar_Waxwing_0075_179114.jpg,0.42976355801205834,-0.11540439404351965,0.4541799200429364
Cedar_Waxwing_0113_178627.jpg,0.4212305434533731,-0.07119860745604134,0.13550293635512392
Cedar_Waxwing_0011_179149.jpg,0.5166164739470619,0.20114064375780005,0.04287969741357661
Cedar_Waxwing_0100_178643.jpg,0.5670701576970275,0.332510454903436,0.27720622395821864
Cedar_Waxwing_0001_179170.jpg,0.4886646245764382,0.08848322208072301,0.3110674907276552
American_Three_Toed_Woodpecker_0048_796163.jpg,0.6441562410739472,0.5496460672693033,0.11051979310044346
American_Three_Toed_Woodpecker_0034_796165.jpg,0.5798282792275566,0.3958161302006664,0.3158065073269391
American_Three_Toed_Woodpecker_0028_796175.jpg,0.5358068507816229,0.26518945244493586,0.15178588061448434
American_Three_Toed_Woodpecker_0040_796180.jpg,0.517062337741959,0.18593093188391763,-0.19105885265256253
American_Three_Toed_Woodpecker_0047_796185.jpg,0.5963168581166758,0.43680357548830373,0.43668121310063035
American_Three_Toed_Woodpecker_0050_796186.jpg,0.6101075374493976,0.46271948729645784,0.22862020362284877
American_Three_Toed_Woodpecker_0019_179870.jpg,0.39559255837500873,-0.18085693362938882,0.4260796732786681
American_Three_Toed_Woodpecker_0014_179882.jpg,0.5276479502974618,0.22369770830540547,0.4300278013343035
American_Three_Toed_Woodpecker_0003_179891.jpg,0.583476455656937,0.4012521718783595,0.2525871865748179
American_Three_Toed_Woodpecker_0020_179828.jpg,0.5941525695869794,0.4294690609894356,0.12000600196668824
American_Three_Toed_Woodpecker_0032_796170.jpg,0.4627028720891859,0.05552972084422381,0.18876229696373986
American_Three_Toed_Woodpecker_0005_179902.jpg,0.5586289442296775,0.31617305019281106,0.3972014086814756
American_Three_Toed_Woodpecker_0023_179909.jpg,0.4812338671258377,0.10283330410168623,0.2964043904469074
American_Three_Toed_Woodpecker_0017_179830.jpg,0.6118540839013702,0.4556584970984463,0.5462646744364578
American_Three_Toed_Woodpecker_0022_179933.jpg,0.5019337721059594,0.14231035739608022,0.13559045910678116
American_Three_Toed_Woodpecker_0036_796146.jpg,0.5716620980919778,0.3798118930699951,0.29492462561388266
American_Three_Toed_Woodpecker_0045_796148.jpg,0.6067324251655717,0.4549074855795101,0.16871025985449942
American_Three_Toed_Woodpecker_0042_796149.jpg,0.5928397578627738,0.40231807876208103,0.4742103538097158
American_Three_Toed_Woodpecker_0026_796157.jpg,0.5079611322200066,0.17452500080922462,0.305260328732527
American_Three_Toed_Woodpecker_0035_796158.jpg,0.5350580072354238,0.26416891306573,-0.20945475058947233
Pileated_Woodpecker_0075_180480.jpg,0.40358029825378494,-0.14965536802386614,0.05403077818065616
Pileated_Woodpecker_0012_179976.jpg,0.536136214774816,0.23749074562513328,-0.02253799622529121
Pileated_Woodpecker_0013_180746.jpg,0.5843323176172801,0.3844329985977949,-0.001434126522529292
Pileated_Woodpecker_0082_180523.jpg,0.5156647322894201,0.22467465243033902,-0.05607232312588393
Pileated_Woodpecker_0039_180012.jpg,0.44969398166703134,0.009175372891316647,0.4233624794488481
Pileated_Woodpecker_0002_180024.jpg,0.5869307243178765,0.3815902130513419,0.035253743271761215
Pileated_Woodpecker_0121_180026.jpg,0.5070920774236882,0.1912886116703062,-0.46730932041151935
Pileated_Woodpecker_0070_180034.jpg,0.5454383684499955,0.2984478328241815,-0.04104206891031576
Pileated_Woodpecker_0067_179979.jpg,0.469937319265347,0.07918308690065412,0.5007789095483399
Pileated_Woodpecker_0083_180038.jpg,0.5734090938878487,0.34878816063867635,-0.31621055978951546
Pileated_Woodpecker_0074_180306.jpg,0.5058983710465511,0.14157939303954437,-0.1967867699631654
Pileated_Woodpecker_0015_180072.jpg,0.3732306820817304,-0.23681595504159114,-0.33117207196774323
Pileated_Woodpecker_0123_180076.jpg,0.49251665210451534,0.15152576205782853,0.14957993330576294
Pileated_Woodpecker_0080_180589.jpg,0.45181026121906565,0.005786365367771329,0.14046534467081537
Pileated_Woodpecker_0091_180343.jpg,0.395600599777855,-0.1673707342461639,0.39553245942499643
Pileated_Woodpecker_0073_180345.jpg,0.5250868377388673,0.24507283657945722,0.3687872425205084
Pileated_Woodpecker_0009_180460.jpg,0.5754904471281956,0.38460880918464024,0.027481745036734805
Pileated_Woodpecker_0093_180205.jpg,0.4539243115720323,0.01105854406005391,0.016672119035699925
Pileated_Woodpecker_0026_180078.jpg,0.4062947366994649,-0.13903609754555535,0.16895038309515562
Pileated_Woodpecker_0097_180392.jpg,0.4780365384968961,0.11715175533682254,0.12653457905413162
Pileated_Woodpecker_0118_180138.jpg,0.5096696505848933,0.20234277601791772,0.10374303086123082
Pileated_Woodpecker_0050_180398.jpg,0.4546789259919509,0.016391374862909758,-0.03885252223210947
Pileated_Woodpecker_0086_180096.jpg,0.5548030065850907,0.3085144279392481,0.43967360101473074
Pileated_Woodpecker_0098_180170.jpg,0.5125618632087954,0.21131331911806073,0.31666516522402305
Pileated_Woodpecker_0060_180443.jpg,0.5235776042551886,0.24013949380455635,-0.15899808524918477
Pileated_Woodpecker_0106_180446.jpg,0.5381807021589619,0.25546970245601675,-0.2992898688616812
Pileated_Woodpecker_0114_180455.jpg,0.5112707101767444,0.184722906051222,-0.19457606951764114
Pileated_Woodpecker_0041_180461.jpg,0.5067710211897505,0.16832488246835564,-0.05738933446233142
Pileated_Woodpecker_0027_179956.jpg,0.5878376742542621,0.4218457436985341,-0.09227141826641183
Pileated_Woodpecker_0053_179960.jpg,0.504116561527742,0.17709889894259445,0.29356854876199545
Red_Bellied_Woodpecker_0079_181010.jpg,0.5560000797136404,0.31630779467712544,0.22203210338759455
Red_Bellied_Woodpecker_0049_180755.jpg,0.5376666211455308,0.25970197874778167,0.36039508173696255
Red_Bellied_Woodpecker_0025_180756.jpg,0.4566338864544959,0.012698132283467833,-0.09064132962088495
Red_Bellied_Woodpecker_0106_180757.jpg,0.4167403323359047,-0.096841890959529,-0.18534251593562734
Red_Bellied_Woodpecker_0016_180760.jpg,0.38185537292608285,-0.2192829576030655,0.05700831099911948
Red_Bellied_Woodpecker_0015_182320.jpg,0.48771134975030805,0.10228736672754501,0.15323245924715145
Red_Bellied_Woodpecker_0075_180788.jpg,0.5060878276730314,0.17075000535859997,0.5082578081487041
Red_Bellied_Woodpecker_0081_182336.jpg,0.48965270095668134,0.11827181726504621,0.11481847022529515
Red_Bellied_Woodpecker_0039_180814.jpg,0.4171891990442643,-0.12176992090953997,0.038983181522615484
Red_Bellied_Woodpecker_0032_181587.jpg,0.4338447672724327,-0.06680650056781046,-0.17887451053107942
Red_Bellied_Woodpecker_0044_181122.jpg,0.5393557141535175,0.2742977687613891,-0.05240255951925464
Red_Bellied_Woodpecker_0097_181363.jpg,0.45209305121301735,-0.007777620834044319,0.32433008962813076
Red_Bellied_Woodpecker_0008_180858.jpg,0.5032070297164519,0.13597507823197308,-0.17754013526354012
Red_Bellied_Woodpecker_0078_181887.jpg,0.4718884057660694,0.06915163958930504,-0.24358121261342136
Red_Bellied_Woodpecker_0071_180866.jpg,0.3486488389089466,-0.33146132372137993,-0.33621298500112284
Red_Bellied_Woodpecker_0089_181907.jpg,0.4146700636435293,-0.1308559069117743,-0.5451507363951404
Red_Bellied_Woodpecker_0035_181913.jpg,0.45595983587673383,0.04381202092538561,0.12480292872323406
Red_Bellied_Woodpecker_0054_182031.jpg,0.4382465157828852,-0.051789384011850625,0.39555983603884376
Red_Bellied_Woodpecker_0070_181182.jpg,0.4416347145285029,-0.03965765738865379,-0.11061134894779497
Red_Bellied_Woodpecker_0023_181958.jpg,0.49061318568642565,0.1252541218339247,-0.055918516517301155
Red_Bellied_Woodpecker_0074_180936.jpg,0.5521063069156289,0.32327263988075994,0.0896020420490043
Red_Bellied_Woodpecker_0091_180938.jpg,0.49500278893163285,0.13587565858067152,-0.10690145161843387
Red_Bellied_Woodpecker_0056_180946.jpg,0.5329159007286766,0.24822933634530575,0.16979067077932905
Red_Bellied_Woodpecker_0095_180948.jpg,0.42443924241114184,-0.07334125319596363,-0.0404611344128134
Red_Bellied_Woodpecker_0068_180949.jpg,0.5098173180553516,0.17713021643867355,0.5581560462979397
Red_Bellied_Woodpecker_0092_182235.jpg,0.5886559362480672,0.4139416765162095,0.631373528869967
Red_Bellied_Woodpecker_0108_180956.jpg,0.4448384281880806,-0.015254724111141815,-0.16934034883767857
Red_Bellied_Woodpecker_0007_182242.jpg,0.4901837293355086,0.09863975135726599,0.24678144309670996
Red_Bellied_Woodpecker_0031_180975.jpg,0.47580716927398436,0.09326106533353451,0.34855027525453003
Red_Bellied_Woodpecker_0123_182116.jpg,0.41000320215840014,-0.13834421847754963,0.19119990483719682
Red_Cockaded_Woodpecker_0008_794753.jpg,0.616349504503477,0.45827130609335986,0.5154004439323205
Red_Cockaded_Woodpecker_0041_182408.jpg,0.5154212974284482,0.2016662713683477,0.14893593112957731
Red_Cockaded_Woodpecker_0009_182540.jpg,0.5313541207053488,0.26420344433428034,0.006705269407591988
Red_Cockaded_Woodpecker_0001_182541.jpg,0.6051061663561345,0.4889551989680915,-0.5373914915505347
Red_Cockaded_Woodpecker_0042_182373.jpg,0.6107913532497767,0.4744619645802902,-0.18112103944484373
Red_Cockaded_Woodpecker_0035_182435.jpg,0.5372201016263292,0.29445672026547776,-0.24420542886844754
Red_Cockaded_Woodpecker_0048_182599.jpg,0.42775413873664325,-0.06978136068273355,-0.21276014101275864
Red_Cockaded_Woodpecker_0049_182452.jpg,0.55050862323917,0.32758609154984486,-0.15392635145785274
Red_Cockaded_Woodpecker_0061_794728.jpg,0.5650811804852541,0.3447278055365881,-0.25959564968026727
Red_Cockaded_Woodpecker_0051_182347.jpg,0.5229502329753892,0.21545371549202608,0.3258879883091428
Red_Cockaded_Woodpecker_0003_794695.jpg,0.5358372515041805,0.2863683143440391,0.06810472592382248
Red_Cockaded_Woodpecker_0053_794707.jpg,0.5324001386730756,0.2662398985568927,0.5166984099961954
Red_Cockaded_Woodpecker_0024_794708.jpg,0.5565703124562847,0.3432206313532574,0.14968020136066063
Red_Cockaded_Woodpecker_0025_794710.jpg,0.5645424843558915,0.32297487111520706,0.5397890240000682
Red_Cockaded_Woodpecker_0030_794711.jpg,0.5835607632107888,0.40785095908654123,-0.08994852901778203
Red_Cockaded_Woodpecker_0017_794712.jpg,0.4976646687023538,0.12979676954313735,0.3693062274723022
Red_Cockaded_Woodpecker_0016_182493.jpg,0.49618864523479156,0.15408520464801734,0.3056801285185821
Red_Cockaded_Woodpecker_0014_794718.jpg,0.5834535539052583,0.3899022316019264,-0.1777632321813889
Red_Cockaded_Woodpecker_0038_794719.jpg,0.5496026110517822,0.31257186164727346,0.41753078160064044
Red_Cockaded_Woodpecker_0034_794720.jpg,0.5841799855279444,0.3811798314376055,0.05706473337224927
Red_Cockaded_Woodpecker_0047_794704.jpg,0.49718741070158246,0.15703663394922707,0.051042699107618245
Red_Cockaded_Woodpecker_0046_794722.jpg,0.49203219970420353,0.16542653012720143,0.5175081560431626
Red_Cockaded_Woodpecker_0057_794725.jpg,0.5532350464475662,0.3189454545662983,0.2858747368171605
Red_Cockaded_Woodpecker_0044_182374.jpg,0.5595295765058955,0.35683304362548307,0.19661058089299135
Red_Cockaded_Woodpecker_0045_794727.jpg,0.5232382339656685,0.2464142099504505,-0.21762185654959043
Red_Cockaded_Woodpecker_0056_794734.jpg,0.5251939824521353,0.1975465147408738,0.17031850929273254
Red_Cockaded_Woodpecker_0031_794737.jpg,0.638950336776016,0.5215760112429386,0.6171689180964273
Red_Cockaded_Woodpecker_0013_794740.jpg,0.5395991801003726,0.28885260402352564,-0.288917239602042
Red_Cockaded_Woodpecker_0050_794743.jpg,0.46593328938341894,0.09408181196764775,0.11740114640038024
Red_Headed_Woodpecker_0073_182784.jpg,0.40820706649734284,-0.12900684383491634,0.23244338244090476
Red_Headed_Woodpecker_0024_183297.jpg,0.4443026743084203,-0.011567494652609867,-0.035751099554674835
Red_Headed_Woodpecker_0092_182787.jpg,0.4789551445990853,0.08384634461410445,-0.6551772681828605
Red_Headed_Woodpecker_0087_183271.jpg,0.572473886457987,0.37896813365736604,0.08937049480032608
Red_Headed_Woodpecker_0034_182806.jpg,0.4982632686302918,0.1656119529909409,0.5311803530172874
Red_Headed_Woodpecker_0029_183337.jpg,0.5115999318564619,0.20322625241834225,-0.48531164224196016
Red_Headed_Woodpecker_0058_183086.jpg,0.35683323408686274,-0.3254025967421508,0.050154962961480816
Red_Headed_Woodpecker_0045_182832.jpg,0.48265390895840043,0.10981789546529253,-0.5508988150780046
Red_Headed_Woodpecker_0042_182834.jpg,0.4660304317448063,0.012332839523208516,0.28790690481174847
Red_Headed_Woodpecker_0031_183096.jpg,0.4089910383908977,-0.14380197149846485,0.3966212605562077
Red_Headed_Woodpecker_0086_182715.jpg,0.4419809231215277,-0.03486292674190783,0.23258671480258764
Red_Headed_Woodpecker_0065_182863.jpg,0.5095226050633674,0.20222775429276252,0.30447070172865787
Red_Headed_Woodpecker_0006_183383.jpg,0.5596023791579623,0.34354814104186915,0.5343062952907152
Red_Headed_Woodpecker_0109_183385.jpg,0.5403663471835418,0.28286937906576803,0.514538496384613
Red_Headed_Woodpecker_0044_183141.jpg,0.5051304273814398,0.15455784098996572,0.5228155109993218
Red_Headed_Woodpecker_0091_183144.jpg,0.5088059523508109,0.17845375067770164,0.468385738680904
Red_Headed_Woodpecker_0049_183229.jpg,0.43629251478550746,-0.045401327679698955,0.0804418515505335
Red_Headed_Woodpecker_0089_183435.jpg,0.5318952252983116,0.26777150840785946,-0.19275366116388645
Red_Headed_Woodpecker_0093_182925.jpg,0.4839045369655417,0.10296247195175601,0.27095458884006257
Red_Headed_Woodpecker_0039_183446.jpg,0.3794218744914587,-0.23555522495316938,0.008118478480259834
Red_Headed_Woodpecker_0018_183455.jpg,0.44266406336600295,-0.05370030409927584,0.3201103123413545
Red_Headed_Woodpecker_0067_183710.jpg,0.5551365850928403,0.31331666924795487,0.006645730010916109
Red_Headed_Woodpecker_0032_182815.jpg,0.4288093673689005,-0.07619786087070657,0.4290362072835475
Red_Headed_Woodpecker_0051_182724.jpg,0.4662514906587161,0.057353117457288216,0.3828186071187304
Red_Headed_Woodpecker_0085_182703.jpg,0.3574951121688734,-0.3061544935135614,-0.44557539879914193
Red_Headed_Woodpecker_0084_183004.jpg,0.5249343473840216,0.23902035663170584,0.4327607775398379
Red_Headed_Woodpecker_0099_183524.jpg,0.43717525661822687,-0.03597043653561505,-0.017589298543146913
Red_Headed_Woodpecker_0038_183280.jpg,0.3836363886972348,-0.24217325955612412,0.38861810541103115
Red_Headed_Woodpecker_0027_183029.jpg,0.5672260440851783,0.3582426049371006,0.3286751899647191
Red_Headed_Woodpecker_0107_183290.jpg,0.48533262578292646,0.10894498501425964,-0.2344936242959249
Downy_Woodpecker_0116_184326.jpg,0.4907040864058665,0.11677600924549192,0.1174929375504218
Downy_Woodpecker_0124_184364.jpg,0.5398589668692324,0.25389501387222446,0.15068148786864086
Downy_Woodpecker_0078_184375.jpg,0.4485766351759375,-0.02494423046111649,0.4282651249839706
Downy_Woodpecker_0059_184396.jpg,0.6244874892362483,0.4993336762955347,0.16166073162846678
Downy_Woodpecker_0072_184401.jpg,0.49783786383034656,0.14230371798297659,0.6151466518555914
Downy_Woodpecker_0132_184408.jpg,0.4506576821368927,-0.0044572305471641815,0.4060665613562054
Downy_Woodpecker_0113_184413.jpg,0.5117503108397179,0.187375883625869,0.4336688775949014
Downy_Woodpecker_0074_183907.jpg,0.40753936126395696,-0.1285213954784954,0.14250712210764116
Downy_Woodpecker_0056_183913.jpg,0.4221787033676775,-0.1036128515448369,-0.13212865849689304
Downy_Woodpecker_0082_183922.jpg,0.3901376182201929,-0.2008054588669912,0.13948626798921462
Downy_Woodpecker_0120_183926.jpg,0.46946321339969654,0.05016142380727828,0.3558575129444353
Downy_Woodpecker_0027_183940.jpg,0.5593009855475146,0.35185983238971896,0.5604114314569506
Downy_Woodpecker_0094_184478.jpg,0.42544895465658006,-0.11390517167479319,-0.058359200968743134
Downy_Woodpecker_0037_183968.jpg,0.5739489112494756,0.3818659482246355,0.18672859794489255
Downy_Woodpecker_0001_184484.jpg,0.49509271837300306,0.12562888887736168,0.3340667061248239
Downy_Woodpecker_0058_184520.jpg,0.48351442851675874,0.0811600160945326,-0.13659040433012742
Downy_Woodpecker_0091_184537.jpg,0.4249465075001624,-0.07788764220062849,0.580484466698045
Downy_Woodpecker_0006_184538.jpg,0.4420520546814868,-0.048981167045420104,0.06806999054213544
Downy_Woodpecker_0029_184046.jpg,0.44761622708918536,-0.009407474755428913,0.48674353502125334
Downy_Woodpecker_0036_184048.jpg,0.48526655098468674,0.12174874443700778,0.19065382588600646
Downy_Woodpecker_0131_184446.jpg,0.474539594138884,0.07457104911860413,0.39548549111178516
Downy_Woodpecker_0098_184567.jpg,0.5168117484906416,0.2277266951683503,0.4281187212147089
Downy_Woodpecker_0100_184584.jpg,0.4588683390662369,0.0008946393730507873,-0.3013710163531886
Downy_Woodpecker_0028_184131.jpg,0.45792712655613765,0.016106000214932248,0.1772141200684053
Downy_Woodpecker_0025_184545.jpg,0.5647671503329783,0.350486520443242,0.29598894526916536
Downy_Woodpecker_0004_184648.jpg,0.43069515323066,-0.08792541471702764,0.3659447228892141
Downy_Woodpecker_0048_184164.jpg,0.5078553238452685,0.1688529151652408,0.06729966245708538
Downy_Woodpecker_0039_184243.jpg,0.4430043925358359,-0.03351306428667522,-0.20442213425005581
Downy_Woodpecker_0061_184285.jpg,0.42342514462406333,-0.09153207300990118,-0.3852516728674334
Downy_Woodpecker_0125_184656.jpg,0.4850808379111996,0.1211590238746959,-0.15674217855510086
Bewick_Wren_0056_184834.jpg,0.4719662432085142,0.06928240390970397,-0.0350598779097717
Bewick_Wren_0087_184918.jpg,0.39254664776917125,-0.20460278219591577,0.07870790642105344
Bewick_Wren_0139_184839.jpg,0.4887918287284334,0.12325865220839538,-0.21423775175419132
Bewick_Wren_0060_185366.jpg,0.45554790294010483,0.027893564544341443,0.20705434714813203
Bewick_Wren_0032_184870.jpg,0.3740749130979284,-0.2763875831636302,-0.3357636226209432
Bewick_Wren_0070_184892.jpg,0.46022423174287097,0.02364365731973761,0.30546616880518634
Bewick_Wren_0061_184898.jpg,0.4577534813617361,0.04060503881005273,-0.03184858725017771
Bewick_Wren_0092_184901.jpg,0.4383071967428428,-0.023953858269965655,0.4113647542896994
Bewick_Wren_0051_185425.jpg,0.4219055626967404,-0.06789357674744267,0.46939482825095413
Bewick_Wren_0066_184928.jpg,0.3930959595725949,-0.18129109422783785,0.21745259809714654
Bewick_Wren_0121_184765.jpg,0.40623356535165545,-0.14270266666850207,0.30097672284167765
Bewick_Wren_0085_185474.jpg,0.49899456809739695,0.1225665437635508,-0.11984398745319778
Bewick_Wren_0016_184999.jpg,0.33601259695549457,-0.3869337761581868,0.4564295543806601
Bewick_Wren_0106_185013.jpg,0.3918479473497436,-0.19053399864698162,0.39658664898994217
Bewick_Wren_0082_185021.jpg,0.3796605316036622,-0.23468598793892226,0.3905718697705409
Bewick_Wren_0075_185046.jpg,0.4195997548380095,-0.10278194202226265,-0.16370040130014332
Bewick_Wren_0073_185049.jpg,0.3536717234383111,-0.334442001937012,0.345482147815468
Bewick_Wren_0123_185069.jpg,0.41373894391539456,-0.11115603702897037,-0.09518333047095072
Bewick_Wren_0113_185113.jpg,0.3815453158387081,-0.2573961154389459,-0.19145510227322166
Bewick_Wren_0017_185127.jpg,0.4844836690573203,0.08671890254204839,-0.11464927672040601
Bewick_Wren_0096_185139.jpg,0.44770344855911737,0.014692665178056341,0.47782688710445315
Bewick_Wren_0118_185169.jpg,0.4425892198138246,-0.026233505508554966,0.08115288078782716
Bewick_Wren_0109_185170.jpg,0.5352843082559157,0.25127293761230995,-0.17975673304482112
Bewick_Wren_0005_184699.jpg,0.42336316255719997,-0.07046593078643215,-0.16274609244273583
Bewick_Wren_0027_185212.jpg,0.4623073496016703,0.051171900849328544,0.1040416665280681
Bewick_Wren_0055_185230.jpg,0.4446582519700214,-0.012700670793779123,0.15433298218527206
Bewick_Wren_0127_184756.jpg,0.4633715546570729,0.007782777706110577,-0.29187534510123525
Bewick_Wren_0052_184760.jpg,0.44264702220693775,-0.00523018527782404,0.06097297855545692
Bewick_Wren_0014_184810.jpg,0.42675414624326735,-0.07863051203070937,0.12326178038033987
Bewick_Wren_0037_185332.jpg,0.3814342635675495,-0.22128974808323076,-0.44349303297306447
Cactus_Wren_0040_185859.jpg,0.5612806089441826,0.34761605584086364,0.31583741690312434
Cactus_Wren_0009_185871.jpg,0.543007191394075,0.2514901785285555,0.34954911281143153
Cactus_Wren_0088_185873.jpg,0.41311344114923765,-0.12231624526492935,0.3533348485810883
Cactus_Wren_0056_185626.jpg,0.4456669526905679,-0.04186514069822844,0.3784288448523137
Cactus_Wren_0101_185627.jpg,0.48779948514059246,0.11665440902924362,0.29808949101282606
Cactus_Wren_0095_185633.jpg,0.489326382338937,0.15882502746328664,0.515421430925237
Cactus_Wren_0007_185634.jpg,0.5483861718090561,0.30302122552217503,0.5500219049158807
Cactus_Wren_0027_185893.jpg,0.4805256713470931,0.06956080711913581,0.4284293957831245
Cactus_Wren_0115_185895.jpg,0.3811305040328534,-0.24117065629660606,0.5046303004627092
Cactus_Wren_0096_185898.jpg,0.47353496583102495,0.049404674630582956,0.2786040179731195
Cactus_Wren_0102_185902.jpg,0.4775702370690421,0.10868473726253447,0.2770708461628751
Cactus_Wren_0116_185927.jpg,0.4578012385488287,0.04387237848098147,0.211333992070423
Cactus_Wren_0002_185680.jpg,0.48683791894630124,0.15038656270910977,0.6631588642160259
Cactus_Wren_0092_185951.jpg,0.5009333110985429,0.19377931934241577,0.24379005389846906
Cactus_Wren_0120_185956.jpg,0.4109908753252747,-0.11591752669149602,0.6186659618226996
Cactus_Wren_0014_185993.jpg,0.5647830494830219,0.3203164902069938,0.13703309934684177
Cactus_Wren_0017_185745.jpg,0.4486596667372502,-0.019687695304882125,0.3496006400046745
Cactus_Wren_0077_186003.jpg,0.4321225821272353,-0.03766082308459473,0.4092452190712982
Cactus_Wren_0124_185501.jpg,0.4647681356709248,0.06431518739535214,0.6027063268248275
Cactus_Wren_0046_186017.jpg,0.3704320009261506,-0.28190026096534493,0.4267054066467168
Cactus_Wren_0042_185514.jpg,0.4760902299152927,0.08766349691564934,0.5218264747605814
Cactus_Wren_0085_185515.jpg,0.4951439740592307,0.163071115643457,0.040008366930662696
Cactus_Wren_0067_186034.jpg,0.5718324512788853,0.3884889818951668,0.5491504756072247
Cactus_Wren_0114_185532.jpg,0.48684135012564356,0.13750117634691172,0.4106537901233288
Cactus_Wren_0004_185797.jpg,0.46013570379040103,0.050329073253452816,0.48196011456064247
Cactus_Wren_0076_186067.jpg,0.4655211023734708,0.047305275116909073,0.5186638908844562
Cactus_Wren_0045_185556.jpg,0.4754415657219806,0.04343362683234486,0.007065360695111239
Cactus_Wren_0079_185560.jpg,0.4083047624080681,-0.12876924781572407,0.16170546561877489
Cactus_Wren_0036_185563.jpg,0.5358074382973901,0.23277095122563551,0.3660544870247306
Cactus_Wren_0063_185589.jpg,0.3892565643406848,-0.18429454952375734,0.5570668554059761
Carolina_Wren_0130_186369.jpg,0.39266483621192116,-0.20284105986274859,-0.022761547557425908
Carolina_Wren_0062_186390.jpg,0.34325716838579645,-0.3718525300561226,0.5279403956822699
Carolina_Wren_0080_186919.jpg,0.4861498403479896,0.11918781713189008,0.1927239925845148
Carolina_Wren_0082_186421.jpg,0.47654588063415515,0.09604886424765247,0.47643133935303295
Carolina_Wren_0090_186942.jpg,0.48608034734784367,0.11148174008480416,0.25401272705196226
Carolina_Wren_0001_186455.jpg,0.5291718642330336,0.22285315907374614,0.31657627014175965
Carolina_Wren_0125_187009.jpg,0.48574094091873177,0.0953744366260808,0.5890454981144849
Carolina_Wren_0002_186506.jpg,0.5246520584331809,0.23531104437632266,0.38062896438486193
Carolina_Wren_0028_186526.jpg,0.433043332972312,-0.053135346652379845,0.293392984846482
Carolina_Wren_0019_186527.jpg,0.5134878354664496,0.2123530995401124,-0.01860991066691991
Carolina_Wren_0032_186566.jpg,0.446351413573132,-0.034293751960757124,0.4381060761852917
Carolina_Wren_0078_186570.jpg,0.4001386932573032,-0.1879834645078433,0.16623585960265708
Carolina_Wren_0073_186587.jpg,0.4200962140186728,-0.09482689462344718,0.5692104141050164
Carolina_Wren_0108_186089.jpg,0.3623262264589002,-0.3001756796704804,0.0686027577803738
Carolina_Wren_0005_186109.jpg,0.43976316450582875,-0.004788420758751855,0.5702039050567731
Carolina_Wren_0044_186645.jpg,0.5387009400060587,0.27798550202283756,0.3718969349974703
Carolina_Wren_0126_186654.jpg,0.4571983732256475,0.007729826184813882,0.48109499899284563
Carolina_Wren_0119_186153.jpg,0.44456856321171023,-0.018275307973871335,0.28402739299996954
Carolina_Wren_0021_186683.jpg,0.43109180127974267,-0.0779367134847544,0.25282147842492403
Carolina_Wren_0031_186713.jpg,0.4596583566674022,0.03763381083840156,0.14718821173073313
Carolina_Wren_0036_186722.jpg,0.3822752929970624,-0.23689278206264008,0.5014174128559806
Carolina_Wren_0069_186230.jpg,0.48565214019680025,0.11469713915495383,0.41007721085311155
Carolina_Wren_0077_186294.jpg,0.430366031578856,-0.08893754370789986,0.459447147047279
Carolina_Wren_0060_186296.jpg,0.43925740226619525,-0.022348103902699812,0.42816810684873713
Carolina_Wren_0066_186818.jpg,0.37486705683497645,-0.2523066636496911,0.3518594453701765
Carolina_Wren_0068_186830.jpg,0.3951266136022774,-0.1813491023367524,0.4118373658511766
Carolina_Wren_0083_186324.jpg,0.4376308578236201,-0.04350112853170418,0.174199479125513
Carolina_Wren_0102_186332.jpg,0.4651365822734971,0.05831280173626141,0.32420139192983655
Carolina_Wren_0006_186742.jpg,0.4101519794943951,-0.12645728424762637,0.5326519852518046
Carolina_Wren_0011_186871.jpg,0.45245648055470766,0.01743904684269304,0.47413916249552146
House_Wren_0061_187911.jpg,0.4697277360859573,0.0777492211787052,-0.01610641661265331
House_Wren_0004_187448.jpg,0.3689526259583462,-0.26385018572874364,0.023655719872257355
House_Wren_0012_187973.jpg,0.5027985866714892,0.17947191243544247,0.2768824736839455
House_Wren_0103_187466.jpg,0.42976791667205083,-0.05648269470456335,-0.2595464983538985
House_Wren_0064_187489.jpg,0.39581844605930094,-0.1932646859425875,0.38548446895594607
House_Wren_0005_187493.jpg,0.31326138481365096,-0.4691807258193983,0.09934127865467238
House_Wren_0016_188006.jpg,0.4011737620680307,-0.15832865164298937,0.04754598458169317
House_Wren_0114_188016.jpg,0.4851373254839224,0.08255074175434618,0.059342645377373375
House_Wren_0057_187157.jpg,0.5087361438815372,0.17134745229850112,0.0011287681034221483
House_Wren_0047_188036.jpg,0.5103168854550513,0.15460564095786244,-0.012546788808818451
House_Wren_0123_187095.jpg,0.4594676841270413,0.00625471974212799,0.08052908702487445
House_Wren_0042_187098.jpg,0.37475646490343617,-0.23689870419977677,-0.16568419282764085
House_Wren_0092_187100.jpg,0.39183135233577815,-0.19186719376378947,-0.08319567804283878
House_Wren_0110_187111.jpg,0.446882402543465,-0.015460029510848905,0.15273788037671632
House_Wren_0034_187120.jpg,0.34914293384327055,-0.3326927017024919,0.09052800297956308
House_Wren_0101_187133.jpg,0.4165579616959598,-0.08737810932778567,-0.1094925263892625
House_Wren_0025_187160.jpg,0.5043612593206597,0.1435273766867654,-0.06301760508560747
House_Wren_0139_187177.jpg,0.5160298395729844,0.20182960524058324,0.42097940884722307
House_Wren_0137_187273.jpg,0.4278382439025976,-0.09278929301314665,-0.1438476733048583
House_Wren_0023_187192.jpg,0.39163797824599755,-0.1816293219466567,-0.02212130843599937
House_Wren_0062_187194.jpg,0.45151784252515115,-0.008268137484025662,-0.257159201595796
House_Wren_0043_187224.jpg,0.5249738610032142,0.22705518698615335,-0.19696459749718104
House_Wren_0099_187240.jpg,0.389089887759804,-0.2113010786662579,0.03464335921047973
House_Wren_0090_187762.jpg,0.3826524182849509,-0.23099133894608292,0.2780334294111238
House_Wren_0125_187251.jpg,0.4667500614867186,0.05771741830452515,0.07542930917522812
House_Wren_0086_187815.jpg,0.5300787399938629,0.2427285565715922,-0.0754501166732476
House_Wren_0017_187330.jpg,0.48716692395456695,0.12432420708867264,-0.07043887858969591
House_Wren_0022_187848.jpg,0.41721352163830483,-0.10932747339980575,-0.342418989299016
House_Wren_0098_187368.jpg,0.5235673532461316,0.21742479741600507,-0.10184644767956663
House_Wren_0118_187383.jpg,0.3538151553764707,-0.3248100651221837,-0.1609228271010753
Marsh_Wren_0043_188426.jpg,0.4140135290108503,-0.11088468001341867,0.6356903906330651
Marsh_Wren_0110_188434.jpg,0.4255680725750418,-0.07284989862055924,0.6132990153805873
Marsh_Wren_0115_188443.jpg,0.569628548473514,0.3332067847277477,0.4632498376998452
Marsh_Wren_0049_188540.jpg,0.45514713264884565,0.005641051291965904,0.18851605502752997
Marsh_Wren_0106_188100.jpg,0.5219250680369074,0.20378382684062146,0.132120081956312
Marsh_Wren_0099_188579.jpg,0.3824970660139402,-0.21226524323330787,0.3928961527689703
Marsh_Wren_0053_188276.jpg,0.4616693562486529,0.056184533171863116,0.16054818521533218
Marsh_Wren_0076_188108.jpg,0.5562109029819241,0.2833801433859905,0.5925547577308596
Marsh_Wren_0071_188111.jpg,0.5655084513851976,0.3214584636836959,0.33044089430742435
Marsh_Wren_0055_188123.jpg,0.5306149784152987,0.23813101187455088,0.2574736291954318
Marsh_Wren_0102_188654.jpg,0.5444077335717171,0.2733157319089953,0.3564257240140023
Marsh_Wren_0050_188657.jpg,0.38360382474013277,-0.22052761964843293,0.46160015031720164
Marsh_Wren_0117_188676.jpg,0.52427888405183,0.19284072098235217,0.32946659049057053
Marsh_Wren_0082_188699.jpg,0.35831614189532,-0.3040044353756519,0.2965891654567265
Marsh_Wren_0004_188188.jpg,0.5706784364006328,0.33845861583445624,0.2608122891039961
Marsh_Wren_0145_188193.jpg,0.5062596110597029,0.18358958915125512,0.5053401380565491
Marsh_Wren_0042_188195.jpg,0.4486621016226551,-0.010418134184522199,0.24439709785417968
Marsh_Wren_0070_188205.jpg,0.43308535122365543,-0.0693112185328737,0.2932066450192354
Marsh_Wren_0134_188213.jpg,0.5997380615354871,0.4407692998769338,0.25443673429886576
Marsh_Wren_0072_188764.jpg,0.5417086087781353,0.25110437658537876,0.15810801335761884
Marsh_Wren_0051_188260.jpg,0.4711403942765262,0.04400871216903268,0.24107390277299615
Marsh_Wren_0069_188776.jpg,0.561749655530823,0.32343415474559256,0.1299072767673658
Marsh_Wren_0108_188788.jpg,0.43960743535353597,-0.03982421942362535,0.12771402684281868
Marsh_Wren_0022_188280.jpg,0.5919353594007364,0.4016017458766913,0.04893223939114461
Marsh_Wren_0028_188797.jpg,0.44493055887521227,-0.015257022581367297,0.46359192498782675
Marsh_Wren_0080_188812.jpg,0.488709313263727,0.15555801116125734,0.36122330005663267
Marsh_Wren_0015_188852.jpg,0.5059824504261503,0.1564671267522243,0.5181286649033291
Marsh_Wren_0147_188367.jpg,0.40419290158507515,-0.1406263128705736,0.4617131730291238
Marsh_Wren_0048_188370.jpg,0.6322937537240743,0.5077378692624188,0.18924894668219477
Marsh_Wren_0119_188404.jpg,0.5225566637086068,0.2192077582556562,0.3449595134108521
Rock_Wren_0127_188931.jpg,0.548612646936304,0.30578386851766826,0.33868883788402004
Rock_Wren_0034_187656.jpg,0.3346855416990685,-0.40082162866186577,0.24860803883385632
Rock_Wren_0098_188947.jpg,0.48089141128293855,0.11259150536312845,0.3701230928198805
Rock_Wren_0073_188952.jpg,0.5068952022798453,0.19040899454251492,-0.12409847481646032
Rock_Wren_0078_188960.jpg,0.5057213706805666,0.13388326532251937,0.49905933188075563
Rock_Wren_0041_189227.jpg,0.4983750485263919,0.12712607744764937,-0.051205142278750636
Rock_Wren_0065_188995.jpg,0.4691579628837146,0.0609378701778619,0.567271657997832
Rock_Wren_0035_188998.jpg,0.5322046043757767,0.2519181988094429,0.5204983771888796
Rock_Wren_0025_188897.jpg,0.5188860272437157,0.24339161241442786,0.5917427416476981
Rock_Wren_0037_189256.jpg,0.5045959301070637,0.18994896629490388,0.2239557088056794
Rock_Wren_0042_189006.jpg,0.4959931947580446,0.16553954270543314,0.2218692792063002
Rock_Wren_0066_189034.jpg,0.39092787822138586,-0.19156110042669883,0.38496643951447435
Rock_Wren_0094_189037.jpg,0.44890166830854505,-0.05641444256112638,0.4423312589202585
Rock_Wren_0036_189245.jpg,0.5335424295477994,0.24356159979316672,0.38440994599885364
Rock_Wren_0062_189045.jpg,0.45573412826430193,0.0024811140752650784,0.2363891295801967
Rock_Wren_0050_189207.jpg,0.5426878658818721,0.27440549753331944,0.32354621777291603
Rock_Wren_0038_189328.jpg,0.3960200007890954,-0.1698782145483424,0.4131596160086232
Rock_Wren_0023_189075.jpg,0.42116995940414226,-0.0855572906952633,0.5298037657206544
Rock_Wren_0109_189094.jpg,0.46181666318481684,0.04634235763915662,0.2128863208247141
Rock_Wren_0116_189101.jpg,0.48216184968376774,0.11770179590404417,0.45625984787312845
Rock_Wren_0071_189213.jpg,0.6403157902331855,0.5336383392582283,0.11095357964930713
Rock_Wren_0053_189112.jpg,0.4645129572643638,0.06996306700421961,0.27316982942379214
Rock_Wren_0044_189127.jpg,0.4854029209409142,0.1089338776329235,-0.022661639022321534
Rock_Wren_0058_189346.jpg,0.5045443805992447,0.15471709664195155,0.4030284428959205
Rock_Wren_0029_189145.jpg,0.4366594980520374,-0.04984539933588894,0.08238099936245556
Rock_Wren_0020_188895.jpg,0.4481679556255369,-0.002923213740387176,0.21515211046877944
Rock_Wren_0067_189152.jpg,0.4726131835123669,0.08154660219614773,0.34430068790077417
Rock_Wren_0040_189159.jpg,0.5390235709969655,0.26738477590052134,-0.33244486924354777
Rock_Wren_0104_189161.jpg,0.4770641660331506,0.09119366503779158,0.4192457356865414
Rock_Wren_0100_189426.jpg,0.5096820694735342,0.14777221825663467,0.1785518580552032
Winter_Wren_0122_189475.jpg,0.48069973802691635,0.07495652192137803,0.5407604699738159
Winter_Wren_0013_189500.jpg,0.41060437281772133,-0.14191758574909086,0.45583680293412987
Winter_Wren_0062_189501.jpg,0.5332362340719383,0.26708693752128965,0.24215390055466113
Winter_Wren_0049_189504.jpg,0.4185041964514171,-0.12450671640571964,0.40669996255884566
Winter_Wren_0112_189507.jpg,0.5105777725055283,0.1934143195985405,0.34147873733014156
Winter_Wren_0056_189508.jpg,0.42828763455285757,-0.08039342779732772,0.5754433617100787
Winter_Wren_0038_189510.jpg,0.5303032137851519,0.2602564229183596,0.31164261148723915
Winter_Wren_0083_190025.jpg,0.4247827258277569,-0.08653291861389278,0.6349730009128959
Winter_Wren_0050_189514.jpg,0.5293163339747011,0.24307487226251057,0.2544307232751882
Winter_Wren_0073_190044.jpg,0.5348327696258932,0.2598599228033108,0.5046024936770425
Winter_Wren_0019_189533.jpg,0.5289976641208571,0.22222838516130283,0.3516800914363633
Winter_Wren_0063_189543.jpg,0.3752967458293758,-0.25679134618705834,0.43415314347028167
Winter_Wren_0082_189549.jpg,0.5561784419625653,0.295098663876621,0.14751611440025617
Winter_Wren_0102_189563.jpg,0.402802837320708,-0.1574341354270794,0.5748797835936308
Winter_Wren_0110_189569.jpg,0.5214469153246256,0.22819522795845815,0.32086534220765484
Winter_Wren_0127_190091.jpg,0.5771753820575691,0.3561916990416547,0.3260889515072701
Winter_Wren_0090_190104.jpg,0.45951407983981485,0.0008644690165930946,0.4509256559826841
Winter_Wren_0111_189596.jpg,0.46769091642688376,0.06084122190349883,0.5077477466640888
Winter_Wren_0021_189597.jpg,0.4606705348365715,0.04569333045976309,0.03181481641323874
Winter_Wren_0097_190139.jpg,0.45380042031122536,-0.010721343819304785,0.5905351492858636
Winter_Wren_0141_190152.jpg,0.4559073468277579,0.02778269387401211,0.46161705912509626
Winter_Wren_0004_189670.jpg,0.43427301517178996,-0.03325583393953324,-0.018908489657004902
Winter_Wren_0048_189683.jpg,0.4811634682341607,0.09893114401139746,0.6180505697287526
Winter_Wren_0093_189686.jpg,0.5128641154064844,0.20221248481355758,0.3155576638984411
Winter_Wren_0071_189689.jpg,0.4689510950346374,0.0505144492726145,0.43453197942805044
Winter_Wren_0086_189692.jpg,0.5298148774453866,0.2662394285081936,0.40114853800860845
Winter_Wren_0003_189838.jpg,0.4538908551884031,0.00814206684996499,-0.36811955171722793
Winter_Wren_0132_189861.jpg,0.4337193850241192,-0.05956384600693965,0.5535446615958454
Winter_Wren_0142_190379.jpg,0.4578122780737882,-0.003801534604931156,0.6186876635735699
Winter_Wren_0047_190390.jpg,0.4924967614215505,0.11902261447020246,0.3282116853873145
Common_Yellowthroat_0020_190720.jpg,0.39171225667223464,-0.18051124972143318,0.4460471386377463
Common_Yellowthroat_0016_190986.jpg,0.38475918080383453,-0.22122938309940965,0.663276634706142
Common_Yellowthroat_0114_190501.jpg,0.43494128270611043,-0.050204980901785046,0.42572400414815087
Common_Yellowthroat_0039_190513.jpg,0.4994447829398364,0.13941587622235363,0.3546689153654162
Common_Yellowthroat_0019_190524.jpg,0.4166603832282326,-0.10034318459904012,0.6574689236276956
Common_Yellowthroat_0099_190531.jpg,0.3336386972094666,-0.3955477521367461,0.4751666515721304
Common_Yellowthroat_0125_190902.jpg,0.46390396222794184,0.03888812281651599,0.5612182795045234
Common_Yellowthroat_0050_190535.jpg,0.49087700946085666,0.1240641197285971,0.6200286782487554
Common_Yellowthroat_0025_190547.jpg,0.4200203382610028,-0.12044024404990128,0.570194542120895
Common_Yellowthroat_0118_190805.jpg,0.35955470447572413,-0.2974299911264222,-0.08892048796120958
Common_Yellowthroat_0045_190563.jpg,0.5367713892965524,0.2609031766673171,0.638985263409553
Common_Yellowthroat_0111_190569.jpg,0.48980802007490176,0.11972312457942769,0.6360309148167392
Common_Yellowthroat_0112_190571.jpg,0.3836380832699906,-0.216340364546451,0.5114419560603717
Common_Yellowthroat_0031_190582.jpg,0.4159958092584829,-0.15727060004686022,-0.6158976265215119
Common_Yellowthroat_0059_190584.jpg,0.36533354847050037,-0.3007240794934265,0.38283517790151256
Common_Yellowthroat_0046_190446.jpg,0.4947799330192819,0.13239230045816142,0.6442867835322251
Common_Yellowthroat_0027_190869.jpg,0.39064495065501237,-0.2160635936693207,0.10176972702188578
Common_Yellowthroat_0086_190639.jpg,0.41759652424021776,-0.08061937048569967,0.5953225822334479
Common_Yellowthroat_0066_190646.jpg,0.38544310850028696,-0.20541735886371382,0.6827218925481634
Common_Yellowthroat_0018_190904.jpg,0.3465184859505853,-0.36005314323906723,0.3639213105437717
Common_Yellowthroat_0021_190655.jpg,0.3821755611998594,-0.2153915781826734,0.6202218371841622
Common_Yellowthroat_0011_190401.jpg,0.47798706231126553,0.10242171421272983,0.61358684536623
Common_Yellowthroat_0029_190403.jpg,0.4560135435080712,0.015923765287920277,0.6969919392183289
Common_Yellowthroat_0071_190665.jpg,0.4051057388855901,-0.1445064582906994,0.5544346185208101
Common_Yellowthroat_0070_190678.jpg,0.3772353785586573,-0.24264639505960517,0.503916281142995
Common_Yellowthroat_0040_190427.jpg,0.4245893371133257,-0.11637349289522092,0.602664392572116
Common_Yellowthroat_0063_190440.jpg,0.46542548690382224,0.04255958186249664,0.47279001616374006
Common_Yellowthroat_0058_190958.jpg,0.4191677497298385,-0.116811998063159,0.6117734153672753
Common_Yellowthroat_0008_190703.jpg,0.4830816184349256,0.086097867654219,0.7559204712228753
Common_Yellowthroat_0055_190967.jpg,0.5240005320801964,0.22186450852257067,0.7007336049027894
