filename,JSS,Chi2,PCC
Black_Footed_Albatross_0046_18.jpg,0.47737440674987375,0.11871494544666206,0.26267921126679034
Black_Footed_Albatross_0002_55.jpg,0.49646967750959226,0.11847171031969683,0.32896797379991627
Black_Footed_Albatross_0085_92.jpg,0.5167171737577434,0.19564408646831766,0.29886258283108785
Black_Footed_Albatross_0025_796057.jpg,0.5305979586983697,0.2296007293993717,0.16336888320007695
Black_Footed_Albatross_0086_796062.jpg,0.4065059117035985,-0.1373569955539582,-0.06011850365268884
Black_Footed_Albatross_0049_796063.jpg,0.4891906132077931,0.11935455715070475,-0.2556547243222765
Black_Footed_Albatross_0006_796065.jpg,0.38829101725021187,-0.21334777655068726,0.09739548284128156
Black_Footed_Albatross_0016_796067.jpg,0.40979003368522016,-0.1493312763016923,-0.23903843763934626
Black_Footed_Albatross_0065_796068.jpg,0.44401365410985283,-0.047153534379162476,0.3943344752541103
Black_Footed_Albatross_0042_796071.jpg,0.4574721733432374,0.002722123226614692,0.24619045569366654
Black_Footed_Albatross_0090_796077.jpg,0.6463753773050038,0.5408031972115426,-0.1325326603360387
Black_Footed_Albatross_0061_796082.jpg,0.5850569842188827,0.3745851802070521,-0.059923789200584554
Black_Footed_Albatross_0008_796083.jpg,0.41387467186260807,-0.12487092887178375,-0.11446404966346771
Black_Footed_Albatross_0033_796086.jpg,0.455578435766151,0.009223223957504412,0.10879214621032968
Black_Footed_Albatross_0024_796089.jpg,0.44520564570504084,-0.014853346047148053,-0.06985718070145072
Black_Footed_Albatross_0005_796090.jpg,0.37016050929865063,-0.2512737537441392,-0.0455160619531024
Black_Footed_Albatross_0026_796095.jpg,0.3539479114797891,-0.34233634113524336,-0.4807801552421334
Black_Footed_Albatross_0064_796101.jpg,0.46266727102030203,0.016021842238777895,0.06736548215039702
Black_Footed_Albatross_0076_417.jpg,0.43884304400755636,-0.08543520920737557,-0.16453619351702034
Black_Footed_Albatross_0053_796109.jpg,0.6203853545932222,0.4882463371538214,0.12855740325867054
Black_Footed_Albatross_0001_796111.jpg,0.47738748960591526,0.053923965221743364,0.10970199565555148
Black_Footed_Albatross_0037_796120.jpg,0.3665218539186951,-0.2770479047827281,-0.24536085268164143
Black_Footed_Albatross_0082_796121.jpg,0.40052857258278696,-0.2024689477450652,0.4501887669703431
Black_Footed_Albatross_0050_796125.jpg,0.4259935314380351,-0.040418438774896925,-0.2569058344039828
Black_Footed_Albatross_0078_796126.jpg,0.4373962782663785,-0.021458332834185967,0.7534153159665996
Black_Footed_Albatross_0045_796129.jpg,0.430685089603303,-0.07162142362124202,-0.0008744720713967
Black_Footed_Albatross_0088_796133.jpg,0.3579643897510244,-0.31112507606190265,0.21673486370416273
Black_Footed_Albatross_0003_796136.jpg,0.3997312280756612,-0.19827116482931784,-0.3107839104331469
Black_Footed_Albatross_0035_796140.jpg,0.31847190693198646,-0.457246659016201,0.5365691518917896
Black_Footed_Albatross_0058_796074.jpg,0.39359930783351627,-0.16319464164037623,0.49060386260303684
Laysan_Albatross_0002_1027.jpg,0.4274028855442411,-0.06719693215879086,0.19705230859664738
Laysan_Albatross_0082_524.jpg,0.5778717750681417,0.3519521464639136,0.49792644799129787
Laysan_Albatross_0070_788.jpg,0.7480103720679266,0.7609773040007235,-0.1448756798040714
Laysan_Albatross_0053_543.jpg,0.31054194338890684,-0.46705785886655415,0.10888236696880058
Laysan_Albatross_0001_545.jpg,0.3839986299914505,-0.20813645870462194,-0.050196641276162565
Laysan_Albatross_0023_1059.jpg,0.4447141259877808,-0.006315505850754466,0.3626313220799961
Laysan_Albatross_0060_777.jpg,0.46148095545447343,0.012844421036643072,0.16301745424504155
Laysan_Albatross_0080_821.jpg,0.5116217689399205,0.1629963775951423,0.40258774073671344
Laysan_Albatross_0091_602.jpg,0.4685492280962822,0.028561843189214176,0.5090913782961792
Laysan_Albatross_0102_611.jpg,0.3536854983580908,-0.3112463303865012,0.4080926923989578
Laysan_Albatross_0017_614.jpg,0.5872226957978736,0.3951330294880814,-0.0575424156309028
Laysan_Albatross_0035_876.jpg,0.5457341960158171,0.33229884921388175,-0.4975789959732015
Laysan_Albatross_0098_621.jpg,0.4945572484703361,0.113892888985198,0.45114736475804773
Laysan_Albatross_0034_628.jpg,0.5019276567157962,0.14394311345496524,0.44775754725138894
Laysan_Albatross_0104_630.jpg,0.31663998688433137,-0.44042748396635134,0.3001898203721304
Laysan_Albatross_0058_637.jpg,0.6224719663331167,0.4819172295955306,0.4296403829598015
Laysan_Albatross_0028_643.jpg,0.44174518747707336,-0.0382136467315064,0.4026153773790782
Laysan_Albatross_0033_658.jpg,0.5816774447217227,0.3642340600476569,0.2887787076848956
Laysan_Albatross_0075_668.jpg,0.2431336150499498,-0.730211646158744,-0.08431588151194211
Laysan_Albatross_0064_674.jpg,0.44507276478788793,-0.007178662777724387,0.17817470867454194
Laysan_Albatross_0049_918.jpg,0.5480061891726056,0.29727164738329404,0.6419886358472715
Laysan_Albatross_0012_696.jpg,0.31740348173107646,-0.46128666251295747,0.34772383153910386
Laysan_Albatross_0037_699.jpg,0.3379660232479087,-0.3745848429078382,0.43483823939874394
Laysan_Albatross_0042_801.jpg,0.5835494928366689,0.38887505208446616,0.29716135088261886
Laysan_Albatross_0004_930.jpg,0.5528572148512985,0.30343077431267174,0.2996271762999814
Laysan_Albatross_0093_725.jpg,0.2625718631530157,-0.6612252105731802,0.034033763164378075
Laysan_Albatross_0021_737.jpg,0.5286783446098358,0.2540086131672703,0.16780652056375717
Laysan_Albatross_0059_488.jpg,0.5164579471926535,0.18310790754424755,0.3246089062194114
Laysan_Albatross_0103_504.jpg,0.5763212422690087,0.34674951288904243,-0.04123709583924491
Laysan_Albatross_0079_506.jpg,0.6021280422955888,0.42499274570252166,0.1353727676813272
Sooty_Albatross_0003_1078.jpg,0.5039905595479925,0.1663621303701246,0.032640592995660224
Sooty_Albatross_0044_1105.jpg,0.4508813105285835,0.0052326914403861835,-0.016559130698796283
Sooty_Albatross_0071_1116.jpg,0.33820383391840636,-0.3771538368973939,-0.17918061502400542
Sooty_Albatross_0030_1122.jpg,0.5432331979962346,0.260666331605093,0.19910715406299387
Sooty_Albatross_0054_796347.jpg,0.3338001616872892,-0.40755427524149757,-0.11278663578028107
Sooty_Albatross_0033_1128.jpg,0.41861079087687403,-0.1172488025080547,-0.19624878590117728
Sooty_Albatross_0048_1130.jpg,0.39917850526598975,-0.16659664499473914,-0.375546921445407
Sooty_Albatross_0024_1161.jpg,0.41516653376048007,-0.12530607508925962,0.25723507672978496
Sooty_Albatross_0005_796342.jpg,0.6242279870339613,0.509614206133316,-0.03552238776385376
Sooty_Albatross_0042_1210.jpg,0.3992331578386237,-0.17339488226967714,0.11411406847676006
Sooty_Albatross_0046_1211.jpg,0.5314412646854496,0.2557141813724194,-0.07457488117027723
Sooty_Albatross_0049_796350.jpg,0.4349971198835101,-0.04304676749854486,0.03793233610735347
Sooty_Albatross_0050_796351.jpg,0.41968539139149086,-0.10191423791256105,-0.1804400219166626
Sooty_Albatross_0010_796355.jpg,0.34181438257795016,-0.37907443607449465,-0.38819545847826
Sooty_Albatross_0029_796357.jpg,0.4167245006071938,-0.09265844648333665,0.3851674059175672
Sooty_Albatross_0069_796358.jpg,0.4430653442709295,-0.03904655748692987,-0.44957463952664223
Sooty_Albatross_0020_796359.jpg,0.4260991653800992,-0.0899942244544818,-0.013455947496083783
Sooty_Albatross_0076_796365.jpg,0.45372699450530496,-0.023255027242561566,0.024410882406011063
Sooty_Albatross_0004_796366.jpg,0.3423865946133652,-0.36453783118953,0.22990103210088308
Sooty_Albatross_0065_796367.jpg,0.4141871558790958,-0.11698609201196786,-0.21504777553728768
Sooty_Albatross_0007_796372.jpg,0.6051780127696282,0.4452609098990348,0.4404415546544017
Sooty_Albatross_0051_796374.jpg,0.39978222544547926,-0.161203750682003,0.03304510864708668
Sooty_Albatross_0067_796376.jpg,0.3613755147635026,-0.2943199117228279,-0.02412308804840069
Sooty_Albatross_0066_796382.jpg,0.35868091472772734,-0.29862525275692975,0.19290888494497774
Sooty_Albatross_0036_796387.jpg,0.46411370212243597,0.004052560538734817,-0.09753107383109433
Sooty_Albatross_0006_796390.jpg,0.36825739931769685,-0.2828023264183348,-0.5297624249462481
Sooty_Albatross_0002_796395.jpg,0.5464536316125532,0.2661514547157531,0.04816647233713354
Sooty_Albatross_0013_796402.jpg,0.37952985901211944,-0.22161788719315534,-0.12963400654998283
Groove_Billed_Ani_0068_1538.jpg,0.41100741556434994,-0.14021534880795095,0.24018971898090402
Groove_Billed_Ani_0094_1540.jpg,0.46021617837016127,0.0075288828421528065,0.025792942628524468
Groove_Billed_Ani_0080_1549.jpg,0.5442603093359699,0.2697023706057353,0.3388110984903232
Groove_Billed_Ani_0037_1560.jpg,0.37720312117041854,-0.24723485798412193,0.015267136515440231
Groove_Billed_Ani_0017_1561.jpg,0.5362961795376864,0.22822729600911051,0.18460909507663215
Groove_Billed_Ani_0031_1588.jpg,0.45085731284689046,-0.030072211652675707,0.4041262725162725
Groove_Billed_Ani_0107_1590.jpg,0.39454468378660923,-0.20936082737421047,0.17119295999181924
Groove_Billed_Ani_0035_1591.jpg,0.4929316079124749,0.10632889864701733,0.4598989354948982
Groove_Billed_Ani_0109_1592.jpg,0.4437290050385384,-0.04615001131387042,0.21583021175057893
Groove_Billed_Ani_0075_1617.jpg,0.362959654861565,-0.2947672064515985,0.10176276730885232
Groove_Billed_Ani_0029_1620.jpg,0.3588266440093063,-0.3123920768272499,0.3706306694582793
Groove_Billed_Ani_0108_1639.jpg,0.38504052916685483,-0.2211246262544322,0.1377066085907875
Groove_Billed_Ani_0100_1646.jpg,0.4558449331154466,-0.0027571914993045343,0.28373977540896833
Groove_Billed_Ani_0046_1663.jpg,0.3807025133859444,-0.25050815929635495,-0.00610643760926784
Groove_Billed_Ani_0053_1672.jpg,0.38286686605440345,-0.23129451367387666,0.4813774089614625
Groove_Billed_Ani_0088_1678.jpg,0.43835960026321874,-0.05013219553071813,0.5386276691085297
Groove_Billed_Ani_0082_1697.jpg,0.3245871296165307,-0.4331201931173063,-0.0153930556001893
Groove_Billed_Ani_0101_1700.jpg,0.44826147780724257,0.0065047654120593545,0.010336341770273877
Groove_Billed_Ani_0010_1704.jpg,0.327877896444572,-0.4133635301269596,0.6511935655916664
Groove_Billed_Ani_0040_1715.jpg,0.44212674798478147,-0.04944209290207868,-0.015666052584243133
Groove_Billed_Ani_0074_1730.jpg,0.5997506004014567,0.4188478225854011,0.3360662464670537
Groove_Billed_Ani_0059_1480.jpg,0.3906382544503798,-0.20478079232862023,0.033559183244458286
Groove_Billed_Ani_0005_1750.jpg,0.4401470764976041,0.004694243272316823,0.29745279798468627
Groove_Billed_Ani_0014_1755.jpg,0.4825209748986772,0.11922493436235648,0.23294397608436052
Groove_Billed_Ani_0060_1505.jpg,0.4947255066950902,0.11629436649858771,-0.10263851939934521
Groove_Billed_Ani_0087_1765.jpg,0.378713440439574,-0.2422541413219379,0.11405578469284709
Groove_Billed_Ani_0062_1767.jpg,0.5868091007606346,0.38482406777278566,0.5742646512844268
Groove_Billed_Ani_0092_1516.jpg,0.4226543675557677,-0.09933514530456122,0.16116321444114892
Groove_Billed_Ani_0009_1522.jpg,0.4347536729793948,-0.050743879080033416,0.2548183985866326
Groove_Billed_Ani_0078_1780.jpg,0.3377857830426987,-0.3894555180082917,-0.09242829425499971
Crested_Auklet_0006_1813.jpg,0.3872873260440993,-0.19904297061209042,-0.1912177574493584
Crested_Auklet_0042_794902.jpg,0.48085012184791576,0.10302689295719702,-0.08893072304014082
Crested_Auklet_0041_794910.jpg,0.5650920122179287,0.3804334094825146,0.022404741807321847
Crested_Auklet_0044_1825.jpg,0.3773701746903111,-0.22763340396734733,-0.42236520886649787
Crested_Auklet_0011_794927.jpg,0.4527353619458233,0.017980805307843184,-0.1654523368564521
Crested_Auklet_0059_794929.jpg,0.5263351956186303,0.22976875636658578,-0.18611742406140194
Crested_Auklet_0021_794938.jpg,0.4907517923559641,0.13744546334992092,0.3319672297553788
Crested_Auklet_0074_794949.jpg,0.4414420618598883,-0.026892976110193034,0.14084398245930238
Crested_Auklet_0028_794951.jpg,0.5047723483770441,0.16020780031812876,-0.18947569100103498
Crested_Auklet_0053_794966.jpg,0.4232727808659644,-0.07153555696275982,-0.2371929739323658
Crested_Auklet_0068_785253.jpg,0.2648782794263177,-0.6435629587573508,-0.3385100665862557
Crested_Auklet_0070_785261.jpg,0.4525832939114799,0.01642281692038683,0.4441868080718948
Crested_Auklet_0036_794905.jpg,0.579507652390612,0.36848957108979097,-0.47301594388585116
Crested_Auklet_0048_1791.jpg,0.3730139514087363,-0.2597555238019784,-0.41992218231735146
Least_Auklet_0014_1901.jpg,0.5256866929355728,0.20837023329045679,0.11696442927966667
Least_Auklet_0032_795068.jpg,0.4708642035133531,0.0793739155177301,0.20328077536043807
Least_Auklet_0039_795081.jpg,0.6111570899955425,0.4590515109688873,0.34027571874804113
Least_Auklet_0025_795087.jpg,0.4392924410704834,-0.04077361742794161,0.4326797267078202
Least_Auklet_0028_795094.jpg,0.5581233013991788,0.3108299560661363,-0.08420713422912857
Least_Auklet_0055_795106.jpg,0.5181077669431395,0.19717783749412743,-0.22031134163103616
Least_Auklet_0041_795107.jpg,0.5616783136884855,0.3335671689204259,0.2754569057124368
Least_Auklet_0004_795112.jpg,0.4436630143494066,-0.04131641872327041,0.4389433538829307
Least_Auklet_0023_1898.jpg,0.4907865320731505,0.12984793455842625,-0.06590045788435529
Least_Auklet_0046_795118.jpg,0.4689512973025519,0.07265525709709486,0.14728020140396997
Least_Auklet_0005_795119.jpg,0.41383033278945125,-0.10984428189327944,0.048224565991595476
Parakeet_Auklet_0017_795924.jpg,0.4363060430194854,-0.03805487064849178,0.2898643033164599
Parakeet_Auklet_0072_795929.jpg,0.44822301103799267,-0.021372213155608444,-0.1596310445943092
Parakeet_Auklet_0030_795930.jpg,0.5235719241619896,0.24922874167910547,0.30950381971004104
Parakeet_Auklet_0058_795942.jpg,0.5213652920533918,0.21548749957731594,0.2095945297082733
Parakeet_Auklet_0020_795947.jpg,0.48090269298951227,0.07168910750409208,0.2574610089775041
Parakeet_Auklet_0064_795954.jpg,0.4840766993933786,0.07827763774162733,0.31876253810416405
Parakeet_Auklet_0039_795955.jpg,0.4668944848356501,0.0233415545801815,-0.08232916110112959
Parakeet_Auklet_0050_795957.jpg,0.5249168819032847,0.23062716580219722,0.3483484450279526
Parakeet_Auklet_0031_795960.jpg,0.41897951929219734,-0.108576599887801,0.2631741632394971
Parakeet_Auklet_0026_795962.jpg,0.5147949929027389,0.19071844843170804,0.0452145222404651
Parakeet_Auklet_0055_795963.jpg,0.5141059098229018,0.1933647931863136,0.271496083378617
Parakeet_Auklet_0067_795964.jpg,0.4569660488452998,0.007600563141219929,0.09191036313609642
Parakeet_Auklet_0015_795966.jpg,0.40678398031269103,-0.15591339237507995,0.0664759806763919
Parakeet_Auklet_0013_795970.jpg,0.6331579212915495,0.5093905150261544,0.29332103896940476
Parakeet_Auklet_0051_795971.jpg,0.421571403497764,-0.0920075216038918,0.2656827878096277
Parakeet_Auklet_0040_795974.jpg,0.5335425000242515,0.26442991144702843,0.23081227890223927
Parakeet_Auklet_0016_795977.jpg,0.5527257315042642,0.30203288788853866,-0.14071932856292488
Parakeet_Auklet_0075_795981.jpg,0.4948670658557859,0.14625043194277132,0.332380724664379
Parakeet_Auklet_0061_795990.jpg,0.4967815358255083,0.13197894875611105,0.2951644907889842
Parakeet_Auklet_0008_795992.jpg,0.5050997409951351,0.16439277307789024,0.24782361088744886
Parakeet_Auklet_0034_795994.jpg,0.4067859250391822,-0.1412865616858996,0.2563912802722384
Parakeet_Auklet_0010_795995.jpg,0.47396312667626017,0.07208111352473856,0.12697402400506702
Parakeet_Auklet_0070_795998.jpg,0.500489233424356,0.1568504002817056,0.10079750217238483
Rhinoceros_Auklet_0042_2101.jpg,0.5708162912811265,0.4024084966269399,0.12063714038186732
Rhinoceros_Auklet_0027_797496.jpg,0.42241178862774265,-0.08457362037426797,0.1417011008302696
Rhinoceros_Auklet_0034_797497.jpg,0.2988940339536851,-0.5213211486697216,0.27416577559021116
Rhinoceros_Auklet_0037_797499.jpg,0.3767359498897339,-0.22173829225481367,0.12307381979002036
Rhinoceros_Auklet_0044_797502.jpg,0.5030937475517785,0.14395789411091087,-0.30625736781761975
Rhinoceros_Auklet_0040_797503.jpg,0.4638961819221502,0.03858679249244401,0.18832083805454494
Rhinoceros_Auklet_0025_797508.jpg,0.2855000579532828,-0.5667079504704966,-0.25842835147512394
Rhinoceros_Auklet_0051_797510.jpg,0.29671933840554354,-0.5245136327668543,-0.10326935851738112
Rhinoceros_Auklet_0041_797515.jpg,0.4873168758302078,0.10532669166879471,0.2314863111589309
Rhinoceros_Auklet_0046_797532.jpg,0.4362437754147156,-0.04878947044558157,-0.1297898476008402
Rhinoceros_Auklet_0003_797535.jpg,0.42882842887568684,-0.04268232694699026,-0.14441271455976804
Rhinoceros_Auklet_0045_797536.jpg,0.4249055784345024,-0.1020723412464537,-0.20238099297284456
Rhinoceros_Auklet_0001_797538.jpg,0.46068281620703977,0.03995352130886021,0.058253776676060284
Rhinoceros_Auklet_0004_797541.jpg,0.4039175019213339,-0.10572459403854184,0.42130610034900345
Rhinoceros_Auklet_0048_2162.jpg,0.4334562322718767,-0.061170821003980747,0.19097755201300629
Rhinoceros_Auklet_0035_2166.jpg,0.306138619142283,-0.48676549960964133,-0.0915240019363239
Rhinoceros_Auklet_0022_2170.jpg,0.2902034690725861,-0.55681008155508,0.5450167824678506
Rhinoceros_Auklet_0039_2174.jpg,0.2710257370216619,-0.6259571638442665,-0.27912205662298123
Brewer_Blackbird_0099_2560.jpg,0.5274736067770086,0.22411537208665777,-0.050907722347489914
Brewer_Blackbird_0106_2608.jpg,0.3578764939572239,-0.33478007499803764,0.13136033389448043
Brewer_Blackbird_0009_2616.jpg,0.49412672095191257,0.09566737658598556,0.3273323396068655
Brewer_Blackbird_0102_2620.jpg,0.4905819381177535,0.09812950396273723,0.13180651794531742
Brewer_Blackbird_0101_2630.jpg,0.4477938338471388,-0.03862718535759635,0.013267504219490609
Brewer_Blackbird_0054_2631.jpg,0.4195904390005647,-0.12324772795439443,0.03738636445276881
Brewer_Blackbird_0096_2634.jpg,0.4496439734729656,-0.030729155970544486,0.295991061767718
Brewer_Blackbird_0041_2653.jpg,0.40056400360559485,-0.17891069264947923,0.16957924908339644
Brewer_Blackbird_0090_2658.jpg,0.4632698105593053,0.017236353160188678,0.4526593235402963
Brewer_Blackbird_0017_2668.jpg,0.3432598745085019,-0.3715894290192574,0.4655459623154674
Brewer_Blackbird_0137_2680.jpg,0.4612506944484095,0.019701410637857464,-0.32285009227194733
Brewer_Blackbird_0028_2682.jpg,0.4274171674394378,-0.08503968350710855,0.2436793370649588
Brewer_Blackbird_0046_2688.jpg,0.555180379014149,0.3017135576780243,-0.40217768928674197
Brewer_Blackbird_0012_2691.jpg,0.4276077384188942,-0.09874115277824247,-0.03789275122821703
Brewer_Blackbird_0066_2693.jpg,0.33954796371749063,-0.38215092997097555,-0.31455174014155074
Brewer_Blackbird_0016_2225.jpg,0.46051009405291854,0.022809595388515236,0.35672873422463336
Brewer_Blackbird_0104_2230.jpg,0.4101963427479717,-0.1426653289195261,0.018401628922597047
Brewer_Blackbird_0025_2231.jpg,0.3452411933998969,-0.3458314235278921,-0.3693858208993899
Brewer_Blackbird_0080_2234.jpg,0.4274205531655412,-0.08043825570010465,0.09762849447103142
Brewer_Blackbird_0127_2235.jpg,0.3760650704180756,-0.2662745593393594,0.09416778102881795
Brewer_Blackbird_0049_2258.jpg,0.4062944657138996,-0.17357252858911987,-0.28307434577139895
Brewer_Blackbird_0010_2269.jpg,0.4895848386625816,0.1050209402205251,0.2825552748824216
Brewer_Blackbird_0061_2270.jpg,0.4635883002516359,0.050989792965653424,0.29429051430023834
Brewer_Blackbird_0015_2286.jpg,0.36663997525327063,-0.25287756250599425,-0.24117316598732957
Brewer_Blackbird_0038_2294.jpg,0.4315750512022488,-0.044131842624373085,0.24697149976458388
Brewer_Blackbird_0042_2302.jpg,0.5022756283485361,0.1387800934906641,0.1666368063840714
Brewer_Blackbird_0065_2310.jpg,0.479842715247621,0.0784186010227419,0.41649547972665757
Brewer_Blackbird_0027_2329.jpg,0.44586972807142955,-0.028745794039640504,0.16637937019469543
Brewer_Blackbird_0004_2345.jpg,0.44989254219175334,0.003004890756984957,-0.026920119073935926
Red_Winged_Blackbird_0022_4483.jpg,0.4727095528631161,0.08284400182707152,-0.33801554807235723
Red_Winged_Blackbird_0017_4116.jpg,0.4132545042244322,-0.07988313539627323,-0.09350207904948081
Red_Winged_Blackbird_0058_4141.jpg,0.37733639983394196,-0.2541410262528907,-0.44787981607596433
Red_Winged_Blackbird_0074_4146.jpg,0.2931952861815541,-0.5472986397625752,0.09536677666447366
Red_Winged_Blackbird_0042_3635.jpg,0.31136182386429845,-0.46172462262095726,-0.26552684145766536
Red_Winged_Blackbird_0064_4936.jpg,0.41145602532084724,-0.11279177343022129,-0.17654920228307466
Red_Winged_Blackbird_0104_3918.jpg,0.5740434722327081,0.38643376541265173,-0.24641589270075778
Red_Winged_Blackbird_0024_4180.jpg,0.5815044256665736,0.40241867580050183,0.0098653566194028
Red_Winged_Blackbird_0089_4188.jpg,0.3911101534842033,-0.1902847566396748,-0.20253069138076038
Red_Winged_Blackbird_0109_4454.jpg,0.497405532480929,0.15156183443121818,0.17310558200654563
Red_Winged_Blackbird_0053_4072.jpg,0.47635679476580284,0.057114787169446735,-0.2919267439168659
Red_Winged_Blackbird_0006_6005.jpg,0.4068493316041022,-0.13949740011494494,-0.05564696317156455
Red_Winged_Blackbird_0007_3706.jpg,0.5509353006073432,0.2923174431219665,-0.15277382202069703
Red_Winged_Blackbird_0013_5762.jpg,0.4060837020741841,-0.12602637954789486,0.05102247014723899
Red_Winged_Blackbird_0062_4233.jpg,0.4527202048760689,0.009377942928553762,-0.49390290532599057
Red_Winged_Blackbird_0099_3985.jpg,0.40015433530355793,-0.1647797231259227,-0.46141632746177325
Red_Winged_Blackbird_0071_3988.jpg,0.5052815878389574,0.1709119385319603,0.12121914965701606
Red_Winged_Blackbird_0027_4123.jpg,0.43003945883389993,-0.06754384046330886,-0.2885868636416984
Red_Winged_Blackbird_0088_4007.jpg,0.4452582772120496,0.00046358125093681757,-0.49537223834406546
Red_Winged_Blackbird_0010_6386.jpg,0.45312561451980493,0.05005146006936989,-0.4814069352129835
Red_Winged_Blackbird_0045_4526.jpg,0.5450571434811811,0.26968455249977374,-0.366679406459317
Red_Winged_Blackbird_0065_4026.jpg,0.3003624512839801,-0.526694612944407,0.2758542088629114
Red_Winged_Blackbird_0039_4285.jpg,0.46297226505329825,0.020705182357569796,-0.29495821291573915
Red_Winged_Blackbird_0029_4804.jpg,0.4082469782913605,-0.15094548740298652,0.11321348138551367
Red_Winged_Blackbird_0009_5841.jpg,0.41392340355890445,-0.13303999597017757,-0.35731258647090236
Red_Winged_Blackbird_0011_5845.jpg,0.4116537444935331,-0.1371581040787715,-0.07593357673941335
Red_Winged_Blackbird_0047_3802.jpg,0.32299528528523713,-0.43637239130918704,-0.3888572987436554
Red_Winged_Blackbird_0094_5856.jpg,0.3913661555495094,-0.19395418247195462,-0.5040685692617745
Red_Winged_Blackbird_0072_4338.jpg,0.3654483601976478,-0.2915131892067728,-0.4594337677464867
Red_Winged_Blackbird_0078_5372.jpg,0.4341196060632331,-0.07500305248964767,-0.31968779844899364
Rusty_Blackbird_0055_6923.jpg,0.38339630720665463,-0.2214125665250497,0.426405646901374
Rusty_Blackbird_0020_6679.jpg,0.2980879954871901,-0.5093194313773137,-0.2557819920025798
Rusty_Blackbird_0104_6685.jpg,0.32988232612588597,-0.41103329656544796,0.5368197341862545
Rusty_Blackbird_0043_2597.jpg,0.4327557582276794,-0.07508240130885957,0.07008222045107819
Rusty_Blackbird_0109_6698.jpg,0.4752800094671078,0.06752120771936476,0.4733557273397134
Rusty_Blackbird_0081_6967.jpg,0.4279510346772778,-0.09178135705114565,0.5202001828567582
Rusty_Blackbird_0051_6715.jpg,0.4345761634770141,-0.06055177833721448,0.6119411855596442
Rusty_Blackbird_0075_6717.jpg,0.5034673548789648,0.15212096626245197,0.2873338278876141
Rusty_Blackbird_0112_3415.jpg,0.4175859142509989,-0.09356665680583554,0.6683906033160726
Rusty_Blackbird_0003_6749.jpg,0.49069039116203095,0.0990989273201579,0.5864775020655466
Rusty_Blackbird_0047_7009.jpg,0.3881479005412939,-0.20880742391123208,0.4657784724509918
Rusty_Blackbird_0060_6756.jpg,0.3793246266411683,-0.2535637341143997,0.31384396565568634
Rusty_Blackbird_0120_6762.jpg,0.5403764052952169,0.2471326575810533,0.2221022220543132
Rusty_Blackbird_0026_6768.jpg,0.3478184888516147,-0.3544875496403759,0.6324051248750552
Rusty_Blackbird_0005_6771.jpg,0.4960438187683428,0.13276385961088644,0.20259542800193153
Rusty_Blackbird_0052_7035.jpg,0.4029324836778214,-0.19055312135688762,0.502924696556113
Rusty_Blackbird_0057_6935.jpg,0.388213960986154,-0.204671864325487,0.6851695680701826
Rusty_Blackbird_0111_3220.jpg,0.4640611108484547,0.015634457746041996,0.3605925574554774
Rusty_Blackbird_0105_6937.jpg,0.41237624251796157,-0.13154699912548518,0.5600111087471833
Rusty_Blackbird_0022_6808.jpg,0.43569968120831604,-0.07251041181444506,0.47687751308473714
Rusty_Blackbird_0100_6597.jpg,0.36314002136985424,-0.2940577030245066,0.5062716045450282
Rusty_Blackbird_0092_2727.jpg,0.3770759789288578,-0.2628658271809241,0.369085817910892
Rusty_Blackbird_0094_6582.jpg,0.48900128048022473,0.1200625787929811,0.4665613296578519
Rusty_Blackbird_0096_6846.jpg,0.46372433650899325,0.019155835079180616,0.17916590126228518
Rusty_Blackbird_0027_6593.jpg,0.3418386323989776,-0.3540513972081538,0.5695608155438896
Rusty_Blackbird_0056_6856.jpg,0.514468816103973,0.18147849731997745,0.7189311008957188
Rusty_Blackbird_0080_6877.jpg,0.3357405527265187,-0.3905815011620699,0.19080983409782035
Rusty_Blackbird_0015_6885.jpg,0.35830037341129395,-0.3068844079098185,0.45433414006211587
Rusty_Blackbird_0013_6902.jpg,0.4828826607983302,0.100189000645309,0.42449585261427936
Rusty_Blackbird_0082_6906.jpg,0.48748104651934254,0.09154537804563234,0.40699435472720596
Yellow_Headed_Blackbird_0108_7937.jpg,0.3456384933882416,-0.3651373205779498,0.5644997379334011
Yellow_Headed_Blackbird_0015_8207.jpg,0.3335787227806545,-0.4125019194917936,0.44525289892568115
Yellow_Headed_Blackbird_0061_8208.jpg,0.4769214181273338,0.09764500225202499,0.4643811647119215
Yellow_Headed_Blackbird_0065_8481.jpg,0.46312053620926896,0.02633943400854044,0.33581896990584614
Yellow_Headed_Blackbird_0009_8248.jpg,0.45514210600604277,-0.012789108453561626,0.4170887565226889
Yellow_Headed_Blackbird_0043_8250.jpg,0.3897711505098944,-0.19892268969042415,0.20747961017143512
Yellow_Headed_Blackbird_0088_8257.jpg,0.4692778917511734,0.032591741374800254,0.4961808688486346
Yellow_Headed_Blackbird_0109_8271.jpg,0.2980253174466926,-0.5103727176658841,0.12435495128701708
Yellow_Headed_Blackbird_0034_7736.jpg,0.41689543935546514,-0.1322756716394049,0.013264436425955371
Yellow_Headed_Blackbird_0079_8535.jpg,0.3790200799928999,-0.23416020134924165,0.3959883434123875
Yellow_Headed_Blackbird_0049_8548.jpg,0.3934838905308832,-0.16303035095336327,0.45523481409335537
Yellow_Headed_Blackbird_0042_8574.jpg,0.4771621591530055,0.08962171768935534,0.5244151775803085
Yellow_Headed_Blackbird_0024_8586.jpg,0.5016191748299719,0.1586235137626142,0.4446245736726389
Yellow_Headed_Blackbird_0080_8601.jpg,0.4306599203935103,-0.0829208850431582,0.3280645137953136
Yellow_Headed_Blackbird_0023_7325.jpg,0.4821260502367106,0.09157262638411778,0.471666522237059
Yellow_Headed_Blackbird_0055_8357.jpg,0.5095803006157255,0.157934049365825,0.38155905777379917
Yellow_Headed_Blackbird_0013_8362.jpg,0.48069340457119103,0.08585334292702529,0.3875078692407176
Yellow_Headed_Blackbird_0085_8363.jpg,0.38713420875936166,-0.2376856077260321,0.3362568939175669
Yellow_Headed_Blackbird_0098_8367.jpg,0.36293682803198335,-0.2973328193906639,0.25344699992297914
Yellow_Headed_Blackbird_0059_8079.jpg,0.4168956686712135,-0.1228428945590232,-0.2137342793455359
Yellow_Headed_Blackbird_0100_8407.jpg,0.45846006671508066,0.01614803943480836,0.32589580933442996
Yellow_Headed_Blackbird_0053_8410.jpg,0.3900178534075852,-0.179852233544203,0.47256212474322346
Yellow_Headed_Blackbird_0102_8441.jpg,0.48438361714959666,0.0935067072619602,0.39413024511601524
Yellow_Headed_Blackbird_0047_7929.jpg,0.43110004411852376,-0.060878784788385154,-0.4649683429553807
Yellow_Headed_Blackbird_0012_8443.jpg,0.3525809661880147,-0.34149785781101993,0.41319073620798447
Yellow_Headed_Blackbird_0035_8447.jpg,0.32065211058211196,-0.43667551161153795,0.42305206680202906
Bobolink_0007_9246.jpg,0.49007116268123374,0.11069501545556615,0.7211268762954142
Bobolink_0115_9265.jpg,0.32507129752401276,-0.40880585575910255,0.03785295472589777
Bobolink_0039_9779.jpg,0.5348912651451239,0.25187818277580165,0.6021443119713877
Bobolink_0074_9311.jpg,0.40641524098895,-0.13894066561354723,0.33920029421576064
Bobolink_0120_10859.jpg,0.5001160930910091,0.15523596642470183,0.5559772120433287
Bobolink_0097_10861.jpg,0.2856232491845603,-0.5688356625598368,0.47636892583686274
Bobolink_0109_9869.jpg,0.5122984963543418,0.21162530967806148,0.46931121718574903
Bobolink_0018_9402.jpg,0.4825067172662034,0.135779062960672,0.4383339234212955
Bobolink_0126_11458.jpg,0.27473168708400264,-0.6123185270397549,0.40240487638228556
Bobolink_0081_9439.jpg,0.35723353882725617,-0.3064849744104532,0.455180653660306
Bobolink_0048_9988.jpg,0.5547614752078671,0.2916084880725486,0.5735979137231724
Bobolink_0067_11533.jpg,0.5161242064935525,0.20633557865491492,0.4029951747244655
Bobolink_0110_9496.jpg,0.3482898214786039,-0.3246397477110099,0.11244110977977578
Bobolink_0071_9503.jpg,0.4538394262816836,0.03238406813420647,0.5336906019260145
Bobolink_0128_9947.jpg,0.40711779861092845,-0.12976850284525332,0.5931208790994683
Bobolink_0026_11057.jpg,0.5318783932305151,0.26280220475309923,0.31684653016280306
Bobolink_0112_11073.jpg,0.5669625275155483,0.3332041812883706,0.43255696444069613
Bobolink_0057_10051.jpg,0.5734643763421372,0.36218813785115767,0.28690481984550387
Bobolink_0049_9540.jpg,0.4607191882582553,0.04293222625163773,0.5881285201091485
Bobolink_0027_10569.jpg,0.458407167920583,0.028902055127098314,0.38338870894321503
Bobolink_0076_11093.jpg,0.3886319803164707,-0.18831060217318596,0.45240385475197115
Bobolink_0035_11117.jpg,0.501486247047863,0.14040750369070043,0.2573008844751793
Bobolink_0043_10607.jpg,0.595208763347226,0.4289668114641866,0.4776110347936466
Bobolink_0056_9080.jpg,0.5122613141740864,0.18123895824485103,0.17056400848796435
Bobolink_0021_10623.jpg,0.5252093317478126,0.2212858991197979,0.638128153421316
Bobolink_0070_10624.jpg,0.3541439374751161,-0.31079515675546987,0.26744648386655023
Bobolink_0114_10627.jpg,0.5849868310181902,0.3858376154073012,0.44933530775894126
Bobolink_0106_9126.jpg,0.43802228924081776,-0.04565024154851116,0.3061383362748663
Bobolink_0040_9681.jpg,0.5296901375808669,0.23840787734450197,0.43591872011540117
Bobolink_0079_10736.jpg,0.3413497053296174,-0.37676535661081156,0.522472381900951
Indigo_Bunting_0014_14167.jpg,0.39021994516371206,-0.19594280354527815,0.2052753426691803
Indigo_Bunting_0068_13081.jpg,0.6353210662898601,0.5066183650684593,0.22853379986724462
Indigo_Bunting_0040_11805.jpg,0.39876081012964837,-0.17145638044176126,0.43519789740037856
Indigo_Bunting_0063_11820.jpg,0.391724643433243,-0.22243934736120474,0.240493077517584
Indigo_Bunting_0037_14128.jpg,0.3902815803480211,-0.2143604380884665,-0.36672201493832707
Indigo_Bunting_0027_11579.jpg,0.4083697570387106,-0.16055937042782698,0.699437602803629
Indigo_Bunting_0053_13391.jpg,0.36493060409529077,-0.2908012728498146,0.41919445275751954
Indigo_Bunting_0015_12632.jpg,0.3880459041226987,-0.22688516970139538,0.7040153109720987
Indigo_Bunting_0016_13661.jpg,0.4593942447753516,-0.006795585626220957,0.14487122484813467
Indigo_Bunting_0073_13933.jpg,0.41430183372147056,-0.1405675442804868,0.38076719786351443
Indigo_Bunting_0072_14197.jpg,0.3632946414633925,-0.3043847791003027,0.24486188631993078
Indigo_Bunting_0071_11639.jpg,0.36650719756208394,-0.26427430790973494,0.5535722958485191
Indigo_Bunting_0036_13716.jpg,0.5099253475328234,0.14915015420250533,0.45375634074202154
Indigo_Bunting_0013_12949.jpg,0.3976680301843606,-0.17771508888769705,0.38689505813833186
Indigo_Bunting_0021_13979.jpg,0.4694752887227175,0.04785156684700498,0.4115940995118776
Indigo_Bunting_0060_14495.jpg,0.438105686037191,-0.06286867479871416,-0.2672022540583203
Indigo_Bunting_0058_12207.jpg,0.47227636493100544,0.03233996832681352,0.04190600657332195
Indigo_Bunting_0054_12213.jpg,0.3772488798401531,-0.2559023812528929,0.4281906075100959
Indigo_Bunting_0025_12532.jpg,0.5237934970845075,0.21190006283405716,-0.10099362744765512
Indigo_Bunting_0052_11893.jpg,0.370036520261141,-0.2734448110111787,0.24527321167552776
Indigo_Bunting_0029_13761.jpg,0.3847910198653336,-0.21107291970389808,0.0022928041551341797
Indigo_Bunting_0010_13000.jpg,0.41304243208682656,-0.12688174648356987,0.17680509163810684
Indigo_Bunting_0078_11852.jpg,0.3481754662551094,-0.35225563573515073,0.16193537998188023
Indigo_Bunting_0061_13259.jpg,0.4463592176082676,-0.03884087031473715,0.34595079730126743
Indigo_Bunting_0065_14558.jpg,0.31376614037715345,-0.47852762313234876,0.5338565365416429
Indigo_Bunting_0051_12837.jpg,0.4160264490423583,-0.12254804521041329,0.69074633957176
Indigo_Bunting_0033_12777.jpg,0.6310162500968985,0.5077742973726818,0.3223718824458752
Indigo_Bunting_0077_14060.jpg,0.3747859376296031,-0.2639486336094652,0.3835757990262606
Indigo_Bunting_0031_13300.jpg,0.4505396477239223,-0.018796015768909546,0.4208650877387672
Indigo_Bunting_0074_12829.jpg,0.4576434950338527,0.03147763751585708,0.25638966006479963
Lazuli_Bunting_0047_14863.jpg,0.501714617616867,0.129738619841121,0.10833223014404578
Lazuli_Bunting_0101_14873.jpg,0.5214512586496469,0.22341526225999253,0.4341125103382257
Lazuli_Bunting_0052_14618.jpg,0.45473678673726203,0.00869731698521048,0.18295576826339952
Lazuli_Bunting_0085_14627.jpg,0.5222836851447198,0.19465823008849714,0.06495392572864911
Lazuli_Bunting_0078_15164.jpg,0.2573563126787004,-0.6857924979351218,0.40529887263170755
Lazuli_Bunting_0092_14656.jpg,0.2953728278193136,-0.5312206026906681,0.5032990295363046
Lazuli_Bunting_0066_14914.jpg,0.3686205714127022,-0.2562534046888869,-0.16554712162868201
Lazuli_Bunting_0001_14916.jpg,0.25836969998942183,-0.6785742517902427,0.07596101610410304
Lazuli_Bunting_0076_14662.jpg,0.42123761577557184,-0.11276872963442974,0.5495366602735897
Lazuli_Bunting_0035_14920.jpg,0.4632998722946243,0.018757671593245595,0.12461177061185998
Lazuli_Bunting_0070_14665.jpg,0.3500896898175061,-0.34598162670430277,0.09864347095188397
Lazuli_Bunting_0040_14923.jpg,0.3810516401988201,-0.21527863251079005,0.33902375542654944
Lazuli_Bunting_0026_14669.jpg,0.4524447062088144,0.01365607345239106,-0.06438861839808169
Lazuli_Bunting_0032_14778.jpg,0.47011837625282116,0.044875299927570333,0.36977191521110536
Lazuli_Bunting_0021_14686.jpg,0.27680717414137956,-0.6057430135745947,0.3134343094640424
Lazuli_Bunting_0028_14950.jpg,0.5119915072629564,0.16656722724359874,0.0936375604549901
Lazuli_Bunting_0094_11894.jpg,0.4456126051494562,-0.04769759309205157,-0.031393584283457315
Lazuli_Bunting_0030_14986.jpg,0.3055648564226384,-0.49031581003856073,0.049220926632137216
Lazuli_Bunting_0097_14617.jpg,0.4051789130509127,-0.1741295339530049,0.4704770490084605
Lazuli_Bunting_0059_14749.jpg,0.3913758663013165,-0.18019056213248374,0.2653489626393623
Lazuli_Bunting_0037_15021.jpg,0.25871176618838,-0.6671090745854624,0.503135980881529
Lazuli_Bunting_0093_15030.jpg,0.44287053029511125,-0.03414496792123067,0.3916054611818012
Lazuli_Bunting_0057_14775.jpg,0.40233422416202935,-0.1602520984507949,0.152288054577083
Lazuli_Bunting_0056_15032.jpg,0.48728257390577,0.11973592913921349,0.41612648615464526
Lazuli_Bunting_0084_14815.jpg,0.32790947499638734,-0.4113933160634349,0.5378940595445646
Lazuli_Bunting_0042_14820.jpg,0.5072529696211645,0.15403500439539886,0.1351076124890552
Lazuli_Bunting_0025_15079.jpg,0.4290247084571003,-0.05458270667194509,0.29218400327301736
Lazuli_Bunting_0048_14844.jpg,0.43901570179837535,-0.049792718813740144,0.2874314674194048
Painted_Bunting_0102_16642.jpg,0.48408960646973054,0.11970599879262722,0.33088671313289364
Painted_Bunting_0004_16641.jpg,0.44109556269972094,-0.037588795520395735,0.5112491335262933
Painted_Bunting_0077_16819.jpg,0.41941208084795245,-0.12463235913685433,0.20149294866071552
Painted_Bunting_0053_16404.jpg,0.4624519188920645,0.033848968515964195,-0.11700507132579306
Painted_Bunting_0008_16416.jpg,0.43971815925372437,-0.07481883695114377,0.2461636059623092
Painted_Bunting_0011_16690.jpg,0.37755622783280807,-0.22624616914895568,0.46200125869456027
Painted_Bunting_0040_16691.jpg,0.4668668702015658,0.059595030989216036,0.159079912456069
Painted_Bunting_0010_16948.jpg,0.4787386989757242,0.08255658250774411,0.22459121237228313
Painted_Bunting_0072_16697.jpg,0.23453919425124237,-0.7631956406872884,-0.2644790368872826
Painted_Bunting_0054_16711.jpg,0.3707686093629232,-0.26328883849667273,0.3588675143123015
Painted_Bunting_0069_16462.jpg,0.26961021735865487,-0.6371659005545189,0.6054369411231119
Painted_Bunting_0058_16719.jpg,0.3201820991682168,-0.4521003388193763,0.5389086737159853
Painted_Bunting_0094_16467.jpg,0.5378977520096369,0.2624276427481833,0.2528795841053246
Painted_Bunting_0016_15200.jpg,0.4032207490925849,-0.1685708912908963,0.6206545877571678
Painted_Bunting_0098_15226.jpg,0.5507493026670498,0.2711559124637204,0.5060288088563891
Painted_Bunting_0081_15230.jpg,0.5657076017911801,0.3336379713581198,0.4911420408090811
Painted_Bunting_0019_15231.jpg,0.5105599937418152,0.1730686776620196,0.49473602007380396
Painted_Bunting_0029_16530.jpg,0.5925287004476263,0.3990636141526235,0.4478022249376184
Painted_Bunting_0080_16534.jpg,0.47679491282191466,0.0674154481645397,0.5968791568781228
Painted_Bunting_0027_16536.jpg,0.4933615480003962,0.10530220528051148,0.29676819039874663
Painted_Bunting_0044_16557.jpg,0.49458837558446056,0.12865523673700974,-0.19806230422526241
Painted_Bunting_0085_15282.jpg,0.4324859062407457,-0.0682886884141869,0.2768492118580417
Painted_Bunting_0078_16565.jpg,0.6326805399889525,0.5089872847973342,0.6518835605678651
Painted_Bunting_0013_15294.jpg,0.3986925348926095,-0.20034897252715456,-0.22454295305062963
Painted_Bunting_0021_15295.jpg,0.38640848796186256,-0.2341818185911575,-0.24237936205624605
Painted_Bunting_0009_16674.jpg,0.4762025220758611,0.052038789422281684,0.21852831833520214
Painted_Bunting_0032_16605.jpg,0.36594914100730824,-0.2754812222900065,0.32812066309731125
Painted_Bunting_0049_16869.jpg,0.4114193751832661,-0.12557420313285972,0.45952512673530455
Cardinal_0038_19203.jpg,0.37565471611336065,-0.24853113817622385,0.5272341900457996
Cardinal_0072_17159.jpg,0.5854358252025209,0.37640721257145404,0.01949012547699084
Cardinal_0047_17673.jpg,0.3729858923041053,-0.2743268382383919,-0.4384444361929779
Cardinal_0035_17678.jpg,0.4376564810320266,-0.0642821473869426,0.0328687172252741
Cardinal_0103_17425.jpg,0.5167174978890339,0.2187384778740803,0.052093979289113204
Cardinal_0102_17808.jpg,0.4868609394082696,0.1062835202852801,0.2713148943436587
Cardinal_0006_17684.jpg,0.4463101924623978,-0.037181397603472055,0.17706426045921986
Cardinal_0078_17181.jpg,0.42429201272278716,-0.08552157806930571,-0.14337956888420972
Cardinal_0041_17189.jpg,0.355465121779581,-0.31409204455008943,0.03882800685240834
Cardinal_0040_17477.jpg,0.41358476962074175,-0.11985686896976233,-0.06875556674190861
Cardinal_0093_17676.jpg,0.510036043660262,0.17770901568475916,-0.23088514488850892
Cardinal_0022_17233.jpg,0.4177535538489455,-0.11191347946755847,-0.19545491939310056
Cardinal_0023_19026.jpg,0.36623866048318654,-0.27872508858234335,0.20185021059875563
Cardinal_0033_19215.jpg,0.4527607114385116,-0.009463395744778724,0.12652356193619102
Cardinal_0105_19045.jpg,0.36559484421280464,-0.29819009761301873,-0.12892128389722599
Cardinal_0050_18035.jpg,0.3895052073116201,-0.23077202420713738,0.22642246177662417
Cardinal_0014_17389.jpg,0.48035740310695807,0.07196569009042242,0.0015012272183704868
Cardinal_0001_17057.jpg,0.45731783077115673,0.007273773290772612,0.12729715958294072
Cardinal_0074_18339.jpg,0.5108337024939918,0.167453549799779,-0.026223348410620913
Cardinal_0018_17071.jpg,0.5141885854590329,0.19548989056354593,0.036876878590553885
Cardinal_0062_17334.jpg,0.505441764784853,0.18321203508601125,0.3085323923446304
Cardinal_0095_18108.jpg,0.42229497617224765,-0.08838710169847008,0.05242533060031437
Cardinal_0016_17862.jpg,0.44886847875316715,-0.02670088228497791,0.5225423632449963
Cardinal_0055_18898.jpg,0.49895015217928607,0.15165941578886422,0.2928555235651895
Cardinal_0010_18894.jpg,0.4920164677157691,0.08867556943331223,0.09027706309417287
Cardinal_0049_18258.jpg,0.5607130377191238,0.311623320127009,-0.24979218641486908
Cardinal_0082_17875.jpg,0.622129847833206,0.4836264762409225,0.13838835922976822
Spotted_Catbird_0018_796800.jpg,0.4945972662519954,0.1318037543711723,-0.03748633234084491
Spotted_Catbird_0033_796805.jpg,0.5151967311726506,0.169698032913551,0.22007343805919935
Spotted_Catbird_0015_796808.jpg,0.38660520022507083,-0.2089467670915992,0.32755755830051314
Spotted_Catbird_0044_796809.jpg,0.3685508292099656,-0.268263346837174,-0.024387412111892576
Spotted_Catbird_0048_796817.jpg,0.5332606968516925,0.24775679924776028,0.14796448915176635
Spotted_Catbird_0026_796818.jpg,0.533619080165874,0.22872670429429165,0.16106374630550113
Spotted_Catbird_0040_796820.jpg,0.6012744271195558,0.42886332012818074,0.28034037880118007
Spotted_Catbird_0003_796822.jpg,0.40101014948590863,-0.1712272857019106,0.31750741453276693
Spotted_Catbird_0002_796827.jpg,0.5348470004911674,0.24702764181701442,0.014849643348803093
Spotted_Catbird_0032_796828.jpg,0.3885499999221973,-0.19653273738425114,0.27489009759481325
Spotted_Catbird_0046_19399.jpg,0.34198813127968075,-0.3760446582987125,0.2676545739706433
Spotted_Catbird_0014_19425.jpg,0.4435600888032083,-0.033226443544472684,0.3104449324956712
Spotted_Catbird_0009_796795.jpg,0.4125769725793198,-0.1363372316307474,0.22871422080213183
Spotted_Catbird_0021_796798.jpg,0.4248492519994127,-0.08521351511823894,0.16701153002905367
Spotted_Catbird_0035_796799.jpg,0.42563061223568754,-0.06400194688532435,0.19303994611447123
Gray_Catbird_0043_21008.jpg,0.40013829601397477,-0.18455769257038313,0.4181114019088288
Gray_Catbird_0032_21551.jpg,0.4483636729680953,-0.0063522708779788495,0.10079787526510052
Gray_Catbird_0039_21040.jpg,0.4840239340133533,0.11387182905253601,0.20149015421205216
Gray_Catbird_0069_21065.jpg,0.41579603649956676,-0.10944446640954442,0.2826278305681361
Gray_Catbird_0013_20562.jpg,0.4003918409056175,-0.18972796292736382,-0.47006422683771876
Gray_Catbird_0019_20567.jpg,0.4983043826437421,0.13809565487239261,0.2109361448313011
Gray_Catbird_0130_20328.jpg,0.4363688847543693,-0.08918968482428169,-0.369248155258714
Gray_Catbird_0028_20598.jpg,0.47889576162136693,0.06580688370997545,0.08844526229540872
Gray_Catbird_0022_19585.jpg,0.4423822129505447,-0.029095222439087243,0.36187498943484364
Gray_Catbird_0031_21635.jpg,0.3415497621503112,-0.3806145264061138,0.057682903108353153
Gray_Catbird_0075_21125.jpg,0.5389760351388573,0.24115944601219108,0.3382943021330684
Gray_Catbird_0102_20644.jpg,0.31826439297792486,-0.42211133758070307,-0.12555705875040618
Gray_Catbird_0060_20656.jpg,0.5157940675125547,0.17914106886519277,0.34148871776594886
Gray_Catbird_0101_21178.jpg,0.4624314254443588,0.031137460682425067,0.24333141290599997
Gray_Catbird_0053_20694.jpg,0.4036156721182399,-0.17161208724302934,-0.23609124363948233
Gray_Catbird_0104_20716.jpg,0.5395987593765361,0.2536945997354566,0.08244708502241026
Gray_Catbird_0092_20735.jpg,0.38740339150825454,-0.2298188308849114,0.39606269537879696
Gray_Catbird_0024_20739.jpg,0.3613696203209752,-0.31590548077088143,-0.040923109462317225
Gray_Catbird_0113_21270.jpg,0.5340876052260277,0.23629926861258121,0.43431836636515425
Gray_Catbird_0007_20186.jpg,0.36704627097031906,-0.28256539150653026,0.10093300273521892
Gray_Catbird_0139_21281.jpg,0.3778371839068845,-0.2458135963908643,0.4214188912965556
Gray_Catbird_0049_21311.jpg,0.3612804488387916,-0.30798156306227953,-0.11677674954398179
Gray_Catbird_0105_20864.jpg,0.35309495601627183,-0.3517833437615374,0.08412831318137531
Gray_Catbird_0002_21395.jpg,0.45449618554919824,-0.012203367234541407,-0.10573779579950283
Gray_Catbird_0057_20979.jpg,0.3331572261685388,-0.4052427820729796,0.11896104918122521
Gray_Catbird_0008_20430.jpg,0.29386541805282906,-0.5470311057125568,-0.6852832388581913
Gray_Catbird_0138_20945.jpg,0.44209606731323325,-0.023105868178299405,-0.07258543877485518
Gray_Catbird_0044_20955.jpg,0.47882734252250925,0.061489343466267665,-0.14572018294629335
Gray_Catbird_0071_20974.jpg,0.5209510325809219,0.19203024917858547,0.4567275374633067
Yellow_Breasted_Chat_0029_22017.jpg,0.35505273198235465,-0.3241322498415635,-0.47478066598416213
Yellow_Breasted_Chat_0010_21777.jpg,0.3255248503022017,-0.40067176611567556,-0.145695780328486
Yellow_Breasted_Chat_0063_21783.jpg,0.41980637752547356,-0.11121230206939825,-0.09908705434411387
Yellow_Breasted_Chat_0109_21796.jpg,0.5475329028671421,0.29516387364010044,0.35388993306814265
Yellow_Breasted_Chat_0048_21797.jpg,0.40253728232511643,-0.14984663162698597,0.47820051646281975
Yellow_Breasted_Chat_0011_21820.jpg,0.45279176244905295,-0.02561457541798262,0.613016246086202
Yellow_Breasted_Chat_0084_22082.jpg,0.3094740194849337,-0.4909989026569126,-0.3900818482662304
Yellow_Breasted_Chat_0072_21830.jpg,0.4047229225844423,-0.1464304352718533,0.5475164746629461
Yellow_Breasted_Chat_0095_21832.jpg,0.4497884622635949,-0.025870689217806442,0.25388042856009524
Yellow_Breasted_Chat_0066_21839.jpg,0.3491206893420482,-0.3414603766965092,-0.3846628924901697
Yellow_Breasted_Chat_0091_22111.jpg,0.45674080364784053,0.020407642177237006,-0.007241640702115623
Yellow_Breasted_Chat_0008_21856.jpg,0.31123835139723266,-0.45027181865138477,0.43562619688661103
Yellow_Breasted_Chat_0002_21819.jpg,0.3418460554726229,-0.3635894603806107,0.4206811613430633
Yellow_Breasted_Chat_0035_21870.jpg,0.2923556525249331,-0.5505992007128255,0.43598678672967495
Yellow_Breasted_Chat_0110_21871.jpg,0.5382645803936323,0.25293396669467383,0.7395180989547877
Yellow_Breasted_Chat_0086_21877.jpg,0.5697281248662774,0.35122975843609994,0.23942945692203604
Yellow_Breasted_Chat_0085_21899.jpg,0.429019866706039,-0.07036228472899442,0.22010293163479278
Yellow_Breasted_Chat_0081_21829.jpg,0.4420692124617541,-0.061259163552229934,-0.5324149339757165
Yellow_Breasted_Chat_0023_21664.jpg,0.46473852941642135,0.039968468927242595,0.5417997263250965
Yellow_Breasted_Chat_0001_21928.jpg,0.3685070699222226,-0.27410255706547093,0.14800741093334882
Yellow_Breasted_Chat_0041_21683.jpg,0.49137321778781484,0.09281124165601984,0.04630401009577683
Yellow_Breasted_Chat_0088_21686.jpg,0.5939292616913063,0.41340532069738134,-0.025480461810187875
Yellow_Breasted_Chat_0022_21944.jpg,0.34637870324584075,-0.3424608482705189,0.018235462335776047
Yellow_Breasted_Chat_0087_21695.jpg,0.46259906863357325,0.018302457913182857,0.39351947071632865
Yellow_Breasted_Chat_0034_21955.jpg,0.5430816924329231,0.2770368575625993,0.5511530084177116
Yellow_Breasted_Chat_0030_21964.jpg,0.315651407432453,-0.4607592001405021,0.5998082224968929
Yellow_Breasted_Chat_0061_21967.jpg,0.4589529802111584,-0.0024599521073431774,0.41839631387200543
Yellow_Breasted_Chat_0017_21719.jpg,0.3969960329391401,-0.181404119992999,0.23101318238900517
Yellow_Breasted_Chat_0079_21978.jpg,0.37573608799588243,-0.2421587678062973,0.010167604701740473
Eastern_Towhee_0122_22538.jpg,0.3154666633710722,-0.4545769627604892,0.16585502322415246
Eastern_Towhee_0018_22546.jpg,0.3587436760485069,-0.31223804366165786,0.2777161073921881
Eastern_Towhee_0110_22549.jpg,0.30667603865923765,-0.4882655553778392,0.042309369517375114
Eastern_Towhee_0048_22557.jpg,0.41932306468894487,-0.10165439280214317,0.49400539274669064
Eastern_Towhee_0095_22594.jpg,0.323527915937064,-0.4202329715904012,-0.45392749688151335
Eastern_Towhee_0086_22611.jpg,0.43719957657552233,-0.051567749583883105,0.3248136647368929
Eastern_Towhee_0053_22623.jpg,0.3889645839194644,-0.19096012098466697,0.3044681973721263
Eastern_Towhee_0134_22624.jpg,0.5101735189890595,0.1542178464509596,0.5171555138481307
Eastern_Towhee_0091_22629.jpg,0.4398611393265017,-0.015174891172108573,0.230034831187232
Eastern_Towhee_0017_22138.jpg,0.3701871530232944,-0.28748904444183876,0.4767335013443051
Eastern_Towhee_0020_22141.jpg,0.36326563821180713,-0.289348717952449,0.3424272198334969
Eastern_Towhee_0067_22142.jpg,0.4841775664366804,0.08777142775883062,0.2141231462444427
Eastern_Towhee_0085_22674.jpg,0.4392867142951422,-0.032554170318627396,0.0709384129924344
Eastern_Towhee_0105_22675.jpg,0.39354607994059143,-0.19597283844606483,0.426266742840041
Eastern_Towhee_0098_22676.jpg,0.37273919634616104,-0.26776799987532174,0.17374422277733298
Eastern_Towhee_0108_22182.jpg,0.3588927771005306,-0.3086362823483151,0.20031160974406997
Eastern_Towhee_0125_22220.jpg,0.36766037853964506,-0.29448342060347743,0.15200308317377728
Eastern_Towhee_0112_22231.jpg,0.4400283441644903,-0.026820703972765925,0.34096953378446465
Eastern_Towhee_0031_22233.jpg,0.3436829626685004,-0.37471476441719376,0.2988974887507458
Eastern_Towhee_0015_22275.jpg,0.44744819264776436,0.004713410410640995,0.0775801209715303
Eastern_Towhee_0022_22279.jpg,0.3522771426444873,-0.3469065911142306,0.3610139211480488
Eastern_Towhee_0080_22303.jpg,0.4569978097749965,0.0045838855794883004,0.2281718549790351
Eastern_Towhee_0115_22304.jpg,0.4043615935424897,-0.1722367713944124,-0.07866998001202584
Eastern_Towhee_0001_22314.jpg,0.3633060913026823,-0.2874938720778184,0.33242718552011336
Eastern_Towhee_0121_22319.jpg,0.5318625275148217,0.2266441750859053,0.35869919633464065
Eastern_Towhee_0049_22357.jpg,0.4050194036268925,-0.17199926722330594,0.38027304576949666
Eastern_Towhee_0129_22358.jpg,0.32140608956046035,-0.4376168540603802,0.001313411714123303
Eastern_Towhee_0014_22367.jpg,0.4550321080351982,0.027035488342787795,0.6184125210162104
Eastern_Towhee_0024_22382.jpg,0.3317851844844837,-0.39849221426766634,0.3970533201549491
Eastern_Towhee_0062_22418.jpg,0.40803995967404527,-0.14704202490773133,-0.011460908034774623
Chuck_Will_Widow_0033_22792.jpg,0.6735801791468701,0.6040881773809781,0.6033133040795035
Chuck_Will_Widow_0045_22798.jpg,0.4975020823639368,0.13454447714352635,0.506778623515139
Chuck_Will_Widow_0032_22802.jpg,0.46128388874907644,-0.0034127435206638967,0.6719673294373016
Chuck_Will_Widow_0019_22806.jpg,0.5760506202969198,0.3692950737461974,0.7955646028764285
Chuck_Will_Widow_0021_796952.jpg,0.6279952628329386,0.4984168539716821,0.10032786432865475
Chuck_Will_Widow_0011_796954.jpg,0.4793059225639107,0.07092427641892485,0.08666927364991162
Chuck_Will_Widow_0009_796955.jpg,0.46693103031721495,0.045285999316496794,0.535952815041351
Chuck_Will_Widow_0015_796962.jpg,0.6470794329984775,0.5412719326577105,0.33621923088871897
Chuck_Will_Widow_0010_796964.jpg,0.5584023949029437,0.29706960542151406,0.5942977788757656
Chuck_Will_Widow_0020_796965.jpg,0.5824732098190312,0.3873444464104575,0.3523446473961321
Chuck_Will_Widow_0022_796967.jpg,0.6625769072764849,0.5858868508285089,0.005842311864634991
Chuck_Will_Widow_0047_796971.jpg,0.4085558916961721,-0.16321351529119665,0.21931056667048845
Chuck_Will_Widow_0025_796972.jpg,0.39353685084711354,-0.1913748801726407,0.5673875482889753
Chuck_Will_Widow_0027_796978.jpg,0.5746112098285927,0.39381696411903866,0.3310803529740153
Chuck_Will_Widow_0031_796981.jpg,0.4331068272491153,-0.058648597254485235,0.32438827020415806
Chuck_Will_Widow_0042_796983.jpg,0.5278432059211227,0.20646518872431718,0.47335733626055454
Chuck_Will_Widow_0052_796984.jpg,0.5900175213683503,0.40877372740163054,-0.05955206466378529
Chuck_Will_Widow_0014_796987.jpg,0.4810044414399659,0.06682261142683288,0.1992323249560452
Chuck_Will_Widow_0028_796988.jpg,0.5485570182964425,0.28762536226368907,0.505119516265348
Chuck_Will_Widow_0038_796989.jpg,0.5486812888029001,0.29775275036614923,0.18843079139444835
Chuck_Will_Widow_0051_796991.jpg,0.5192943185220584,0.20235594319857897,0.17503705555922786
Chuck_Will_Widow_0030_796994.jpg,0.5792030420794294,0.36258562395727123,0.49102552764246643
Chuck_Will_Widow_0041_796997.jpg,0.6014774432794223,0.4363949371798863,0.54117587084397
Chuck_Will_Widow_0058_796999.jpg,0.6126714421533466,0.45215903241270106,0.2265096813293136
Chuck_Will_Widow_0039_797000.jpg,0.5618085994296834,0.34217232342609605,0.4436297539015034
Chuck_Will_Widow_0029_22751.jpg,0.4961928063538591,0.11599692738594858,0.4493134033652047
Brandt_Cormorant_0019_23058.jpg,0.461194505882191,0.04301886113876008,0.07889305307043004
Brandt_Cormorant_0092_23061.jpg,0.6420096665494808,0.5301818259579401,0.2587505058787167
Brandt_Cormorant_0002_23072.jpg,0.3938723726676623,-0.18856763548029032,-0.01337494176086268
Brandt_Cormorant_0018_23090.jpg,0.4199806830770788,-0.08073479135095707,0.21513999864297076
Brandt_Cormorant_0052_23356.jpg,0.4886578298324683,0.1321965391600941,-0.04388494120343246
Brandt_Cormorant_0064_22849.jpg,0.3363234823073382,-0.3740167264967982,0.5429382861960413
Brandt_Cormorant_0065_23118.jpg,0.7094479177953785,0.6829178268724359,-0.049360720817821974
Brandt_Cormorant_0079_22874.jpg,0.4700682974810999,0.0712351534178639,0.4705364798652261
Brandt_Cormorant_0001_23398.jpg,0.4341707514099692,-0.04006203559621846,0.33124736998450155
Brandt_Cormorant_0040_23144.jpg,0.43926973094633237,-0.013698086954613942,0.17148255735453616
Brandt_Cormorant_0028_22892.jpg,0.4557674078053099,0.003946683387892724,0.53915718961456
Brandt_Cormorant_0042_23151.jpg,0.5204302871866053,0.19273554365916123,0.17026483874711484
Brandt_Cormorant_0061_22902.jpg,0.5398782752398088,0.25074493829783007,0.2537986820207353
Brandt_Cormorant_0026_22913.jpg,0.5470250618538204,0.2851707502921448,0.16589003747224224
Brandt_Cormorant_0003_22922.jpg,0.5590814963725775,0.3226219858939656,0.2259426241587084
Brandt_Cormorant_0049_22924.jpg,0.5141716796041207,0.18427503664386313,0.5951179711873422
Brandt_Cormorant_0030_22926.jpg,0.4402107065977453,-0.02790950339876419,0.3163290338286284
Brandt_Cormorant_0007_22934.jpg,0.4902677233069733,0.1382482483011942,0.48267985801357527
Brandt_Cormorant_0036_22937.jpg,0.3821221179964783,-0.22516370459247148,0.1687653743869922
Brandt_Cormorant_0091_22825.jpg,0.5872983155275138,0.39900709711219884,0.4742654008568369
Brandt_Cormorant_0039_22945.jpg,0.5089089619901043,0.2014684066435084,0.30346352571900004
Brandt_Cormorant_0078_23203.jpg,0.4393757414827174,-0.07089581915481569,0.7268436668312289
Brandt_Cormorant_0053_22957.jpg,0.5108184288335064,0.21279010951156363,0.3303032121830983
Brandt_Cormorant_0033_22975.jpg,0.4654049003304115,0.02154945539732156,0.26787641134546586
Brandt_Cormorant_0088_22948.jpg,0.5057270524201702,0.18579279982486974,0.10684744573194047
Brandt_Cormorant_0073_23259.jpg,0.49419789226978506,0.12122025345744702,0.04701862254061898
Brandt_Cormorant_0071_23007.jpg,0.5569725510772356,0.3087866144538036,-0.04015417582409511
Brandt_Cormorant_0084_23265.jpg,0.3992426813601123,-0.1832366604365956,0.03334109954863789
Brandt_Cormorant_0047_23337.jpg,0.4518296933112197,-0.01628345051674729,0.26326352398348135
Red_Faced_Cormorant_0026_796289.jpg,0.4029305075764412,-0.1411225898314714,-0.1579703925632517
Red_Faced_Cormorant_0021_796265.jpg,0.6066054737219704,0.4477759623547318,-0.40490579978222785
Red_Faced_Cormorant_0003_796270.jpg,0.4542048511309138,0.009010464131391394,0.39881093189160155
Red_Faced_Cormorant_0069_796274.jpg,0.3808654546616881,-0.22397749633277164,0.34670609519796974
Red_Faced_Cormorant_0013_796278.jpg,0.4149516802260219,-0.10461708819046223,0.11673194111426663
Red_Faced_Cormorant_0063_796284.jpg,0.43840718668386536,-0.05561340827808747,-0.3954669951374332
Red_Faced_Cormorant_0024_796285.jpg,0.42292829473908955,-0.09565112248581253,0.05074700515945556
Red_Faced_Cormorant_0057_796286.jpg,0.509746642297391,0.19481856300734401,0.5988799942113652
Red_Faced_Cormorant_0054_796301.jpg,0.4572129803036832,0.02817488566301085,0.2575879071062253
Red_Faced_Cormorant_0025_796306.jpg,0.4421560589703706,-0.011472407308234622,0.05793789169030722
Red_Faced_Cormorant_0015_796307.jpg,0.4300586710629639,-0.053458149786053344,0.47871964993300853
Red_Faced_Cormorant_0039_796308.jpg,0.43870000316085755,-0.058886168661323346,-0.21075819410751503
Red_Faced_Cormorant_0038_796313.jpg,0.5351715967396422,0.268322586585344,0.3002086732321205
Red_Faced_Cormorant_0058_796315.jpg,0.4418278998344942,-0.02813943570718358,0.2954174373105248
Red_Faced_Cormorant_0020_796318.jpg,0.4959302635643722,0.1406706297601097,0.21499476804978082
Red_Faced_Cormorant_0068_796321.jpg,0.5179544206792075,0.21892383792222803,0.15334451614028394
Red_Faced_Cormorant_0001_796327.jpg,0.41233857386743555,-0.12330330382609223,0.023127970406438828
Red_Faced_Cormorant_0047_796330.jpg,0.4936696665845144,0.1719112098230824,0.4434441127034146
Red_Faced_Cormorant_0066_796333.jpg,0.462250697668513,0.05666915649152471,0.04684972339120544
Red_Faced_Cormorant_0027_23482.jpg,0.3622816472055854,-0.2834197400314571,-0.2571913998021675
Red_Faced_Cormorant_0010_23421.jpg,0.5218411390208063,0.2371868069279277,0.2140703595718847
Red_Faced_Cormorant_0023_796328.jpg,0.44546950475893565,-0.012978754194634456,0.12919510217050734
Pelagic_Cormorant_0009_23561.jpg,0.45691257446849776,0.019391127264273833,0.3103854290057184
Pelagic_Cormorant_0032_23570.jpg,0.46911946253434267,0.02445762928595585,-0.5042807094246
Pelagic_Cormorant_0070_23513.jpg,0.44414918286385174,-0.06315425105535577,0.1073209310893615
Pelagic_Cormorant_0063_23515.jpg,0.537380497330963,0.265481357374762,0.3513737692118173
Pelagic_Cormorant_0046_23588.jpg,0.5590331992555866,0.30101976602107716,-0.16653037153197342
Pelagic_Cormorant_0036_23503.jpg,0.4506344726982874,-0.017007989658952116,0.33548866594554033
Pelagic_Cormorant_0071_23964.jpg,0.4576840271590017,0.010851434903578538,-0.09757191257763971
Pelagic_Cormorant_0042_23522.jpg,0.38235765018848833,-0.2284013035014376,0.1702618008786319
Pelagic_Cormorant_0092_23639.jpg,0.53700405776014,0.23516179873373433,0.3149467625662303
Pelagic_Cormorant_0075_23645.jpg,0.663948975076017,0.581344726799934,0.5354516464318747
Pelagic_Cormorant_0002_23680.jpg,0.3836887055029725,-0.21766256513637838,-0.07760263581621686
Pelagic_Cormorant_0003_23695.jpg,0.3987908205542231,-0.14072675145229896,0.20351619185990544
Pelagic_Cormorant_0010_23711.jpg,0.44092208309987,-0.03268138058241332,0.04056726333075666
Pelagic_Cormorant_0049_23714.jpg,0.3666593523741425,-0.271812861763848,-0.35571309827133735
Pelagic_Cormorant_0005_23720.jpg,0.47961424348645176,0.06281294658386127,0.23071906042069643
Pelagic_Cormorant_0030_23732.jpg,0.5375235698986712,0.2571534445497716,0.23119410476095592
Pelagic_Cormorant_0041_23763.jpg,0.40350323194179605,-0.12116334261232398,0.26848125262244954
Pelagic_Cormorant_0016_23509.jpg,0.4713229409370159,0.06135096859270406,-0.10370217197212776
Pelagic_Cormorant_0074_23511.jpg,0.45329034701853044,-0.0038614911955403564,-0.20169767609465947
Pelagic_Cormorant_0082_23844.jpg,0.47082516440769673,0.050694949727758565,0.011366171926101603
Pelagic_Cormorant_0096_23775.jpg,0.48436638134300225,0.07522717635007437,-0.00221199001348439
Pelagic_Cormorant_0025_23776.jpg,0.583462247946184,0.37851422266988577,-0.16770067483967938
Pelagic_Cormorant_0102_23778.jpg,0.4660153200134778,0.0321517661796864,0.09909934788438989
Pelagic_Cormorant_0076_23523.jpg,0.33938758113740763,-0.3980655801513451,-0.11982976890047796
Pelagic_Cormorant_0098_23783.jpg,0.42674905208902914,-0.11768084647038646,0.04438718304508516
Pelagic_Cormorant_0099_23784.jpg,0.620629204457507,0.47967968235261604,0.5077128815680488
Pelagic_Cormorant_0073_23785.jpg,0.6176799377938407,0.47112192950556486,-0.23609655355223794
Pelagic_Cormorant_0033_23530.jpg,0.5626738552967776,0.3164945146533493,-0.14985255070496797
Pelagic_Cormorant_0001_23538.jpg,0.508254926064841,0.19832599755807467,0.11779043267504927
Pelagic_Cormorant_0014_23801.jpg,0.6017102621827035,0.4275658501970916,0.20269389840849975
Bronzed_Cowbird_0051_24083.jpg,0.5999373513070354,0.4183638171220041,0.43209846851996264
Bronzed_Cowbird_0030_24103.jpg,0.4897636124589847,0.1408048198108246,0.10116233875741065
Bronzed_Cowbird_0034_796209.jpg,0.42804600138800875,-0.05403709220151587,0.027136321146558614
Bronzed_Cowbird_0091_796212.jpg,0.4937091620292454,0.11017050996958433,0.38513058242950454
Bronzed_Cowbird_0025_796213.jpg,0.4229483992383629,-0.08267810695419398,0.44826527113075587
Bronzed_Cowbird_0046_796218.jpg,0.46118545716948134,0.022093309587569387,0.09443901875323542
Bronzed_Cowbird_0022_796221.jpg,0.516151445771214,0.1870883709073512,0.40155317813769476
Bronzed_Cowbird_0087_796223.jpg,0.3374217925477997,-0.3587348043129419,0.043400232559167314
Bronzed_Cowbird_0043_796224.jpg,0.38807455205205943,-0.19042588157404072,0.19644973388138617
Bronzed_Cowbird_0073_796226.jpg,0.3825027361176704,-0.23882487023823784,0.6498264016269473
Bronzed_Cowbird_0013_24131.jpg,0.5046454792110056,0.14394623638368909,0.5914650920695004
Bronzed_Cowbird_0026_796229.jpg,0.45588122334621706,-0.002212249954149481,0.1629351590247324
Bronzed_Cowbird_0061_796232.jpg,0.4512372066878576,-0.020683972876988532,0.09800316092150964
Bronzed_Cowbird_0076_796235.jpg,0.405140623747379,-0.13940157788394525,-0.08865699363165487
Bronzed_Cowbird_0020_796237.jpg,0.41681657666003924,-0.07660655593275023,0.47961165230304076
Bronzed_Cowbird_0062_796238.jpg,0.34840827958002185,-0.3346678353542001,0.5393358466125194
Bronzed_Cowbird_0058_796239.jpg,0.4336908960996023,-0.05419614323555333,0.1293246998071221
Bronzed_Cowbird_0010_24146.jpg,0.3304904711934996,-0.3944594035013016,0.32863769056707925
Bronzed_Cowbird_0049_24147.jpg,0.4658350710068848,0.07251831805566888,0.5068976170124425
Bronzed_Cowbird_0003_796246.jpg,0.45473709977291954,0.03192910182785824,0.340773213113707
Bronzed_Cowbird_0078_796262.jpg,0.42448780178770806,-0.08059171416474431,0.24872417586988024
Bronzed_Cowbird_0024_24167.jpg,0.37117498207705324,-0.2648739515761309,0.48288184873967804
Bronzed_Cowbird_0082_24175.jpg,0.49585616643205876,0.1151224940945701,0.2630463701906383
Bronzed_Cowbird_0021_24189.jpg,0.31699468225838967,-0.4625589536912027,0.566694119376371
Bronzed_Cowbird_0081_24198.jpg,0.30363184703876733,-0.5161341737927951,0.5164419771547984
Bronzed_Cowbird_0064_24199.jpg,0.35328300973450255,-0.3102014247506728,0.6208244216812011
Bronzed_Cowbird_0031_24139.jpg,0.33514445765005363,-0.388502867103268,0.291893309424984
Bronzed_Cowbird_0019_796242.jpg,0.5984015682767336,0.4171994259379219,0.3129321657622495
Bronzed_Cowbird_0037_24032.jpg,0.36584589984589644,-0.2896671001879003,0.5252122886956861
Bronzed_Cowbird_0016_796245.jpg,0.4775226108504631,0.04661989655624865,0.3118000718180196
Shiny_Cowbird_0056_24321.jpg,0.3237383076994619,-0.45194938965085263,0.440236609724878
Shiny_Cowbird_0057_24345.jpg,0.3764613438396298,-0.2550375081282912,-0.21977658561433927
Shiny_Cowbird_0039_24359.jpg,0.4649702730027042,0.040787814110145204,0.37065683302902364
Shiny_Cowbird_0029_24372.jpg,0.4255625920700269,-0.12150625483689503,-0.3092267370399124
Shiny_Cowbird_0067_24392.jpg,0.5176906811562809,0.21628631315532765,-0.27697635987034036
Shiny_Cowbird_0079_24399.jpg,0.45646985300115506,0.00972474860426742,-0.09198977446057614
Shiny_Cowbird_0012_24249.jpg,0.4174768039018998,-0.11740295640889253,-0.11317158577389978
Shiny_Cowbird_0068_24413.jpg,0.41645310705273786,-0.1184973115359036,0.27589267715156846
Shiny_Cowbird_0059_24421.jpg,0.3503955976907791,-0.35388413970266863,-0.061113392415560144
Shiny_Cowbird_0007_24434.jpg,0.39954654544850887,-0.19064896176386448,0.40462832307205177
Shiny_Cowbird_0051_24438.jpg,0.5750879023552358,0.35030991287277213,0.22873524748511959
Shiny_Cowbird_0037_24440.jpg,0.5536399489823178,0.27938344201481724,0.49145246283489336
Shiny_Cowbird_0030_24206.jpg,0.397991728518029,-0.19551766561260275,-0.18704316330622614
Shiny_Cowbird_0018_796830.jpg,0.535278085114099,0.24331453477213572,-0.22377736415534236
Shiny_Cowbird_0081_796833.jpg,0.4542956277891709,-0.005729082594457591,0.3177700499006211
Shiny_Cowbird_0009_796835.jpg,0.5935050552380978,0.3961060133767842,-0.20023382832721184
Shiny_Cowbird_0035_796837.jpg,0.5086601449217107,0.1530496672276107,-0.4194530103377075
Shiny_Cowbird_0085_796839.jpg,0.4953829330728816,0.1404798611076029,-0.03395882195249679
Shiny_Cowbird_0004_796841.jpg,0.46564326572515935,0.03864922310265695,0.2463066126787941
Shiny_Cowbird_0078_796846.jpg,0.3705083653557434,-0.273337340358099,-0.06356933305782542
Shiny_Cowbird_0027_796850.jpg,0.3470359063278241,-0.3586488643855361,0.009585152102741587
Shiny_Cowbird_0031_796851.jpg,0.44674537717343044,-0.027239364044526537,0.10379595296606305
Shiny_Cowbird_0043_796857.jpg,0.5750412989872822,0.35612820508667664,0.03688352987988165
Shiny_Cowbird_0015_796858.jpg,0.3430193672477765,-0.37115904809961564,-0.6759388793135979
Shiny_Cowbird_0080_796875.jpg,0.39048450157684966,-0.173750281643124,-0.1784915432305859
Shiny_Cowbird_0020_24276.jpg,0.3649966219815496,-0.2935569470511421,-0.5308863670716185
Shiny_Cowbird_0082_24279.jpg,0.505264898699253,0.16145897936819098,-0.2507045377222243
Shiny_Cowbird_0005_796873.jpg,0.44777799836049026,0.011397655746698376,0.38429303765975764
Shiny_Cowbird_0032_24284.jpg,0.4972511832986264,0.11161965430489351,0.16982819823468842
Shiny_Cowbird_0074_24297.jpg,0.5607030220124217,0.30945024965819157,-0.15507331005689903
Brown_Creeper_0093_24581.jpg,0.44903162504052374,-0.03380566899805193,0.10462157682803332
Brown_Creeper_0123_24589.jpg,0.5334954387718356,0.22687479151399204,0.4060433928174802
Brown_Creeper_0111_24590.jpg,0.4618933105317814,0.0160751605124686,0.1677213578094519
Brown_Creeper_0069_24618.jpg,0.44652372677952623,-0.040077049514742,0.4577371061336504
Brown_Creeper_0079_24647.jpg,0.39314039724805905,-0.1994881535894144,-0.29259807390255543
Brown_Creeper_0005_24659.jpg,0.32112605031436237,-0.43927037539985414,-0.15046094744937547
Brown_Creeper_0104_24698.jpg,0.5250350910803632,0.21087543407389564,0.3150062520319335
Brown_Creeper_0027_24729.jpg,0.4474830705029821,-0.03660051257985519,0.03751285151702876
Brown_Creeper_0088_24731.jpg,0.4332819945171317,-0.03547601403140188,0.2553239853957072
Brown_Creeper_0107_24827.jpg,0.5130597020663935,0.19358815279946728,0.038607991663418786
Brown_Creeper_0089_24841.jpg,0.501899984258646,0.1378102299802424,-0.09756807807066677
Brown_Creeper_0004_24851.jpg,0.46527227188117204,0.025391724305067087,-0.09613768366864685
Brown_Creeper_0029_24912.jpg,0.5160840906204242,0.1977349014441886,-0.1382517337753309
Brown_Creeper_0065_24464.jpg,0.5738308793300657,0.33664410202897155,0.4411394977489492
Brown_Creeper_0085_24938.jpg,0.4681956079359223,0.051587373112188306,0.104230166363078
Brown_Creeper_0035_24941.jpg,0.5002040830955736,0.15241924094325343,0.14030176357229793
Brown_Creeper_0075_24947.jpg,0.5645322260952454,0.3194379406663387,0.34653869633485174
Brown_Creeper_0012_24956.jpg,0.41811207415842044,-0.07687906943247658,0.16414331813283536
Brown_Creeper_0001_24449.jpg,0.47738702721805804,0.05809648090691333,0.5990086632648091
Brown_Creeper_0124_24963.jpg,0.399285727153059,-0.14516126656001482,0.17684843322536234
Brown_Creeper_0056_24452.jpg,0.5081956745785358,0.1512455766018933,0.11870448972922747
Brown_Creeper_0046_24463.jpg,0.2972922305592328,-0.5293665178751996,0.08327240385601749
Brown_Creeper_0051_24468.jpg,0.576470128364779,0.364947910361894,0.2924618283941926
Brown_Creeper_0101_24987.jpg,0.455820746979578,0.006016716786018006,0.2340491610937999
Brown_Creeper_0031_24999.jpg,0.48330982253735244,0.0766923180656951,0.004578136124896399
Brown_Creeper_0006_25034.jpg,0.5009038592298393,0.14765634329570387,0.2536579487450603
Brown_Creeper_0057_24529.jpg,0.5253706411208301,0.22814450682733067,0.01902189732769352
Brown_Creeper_0073_24546.jpg,0.4352012519723575,-0.05588950185878061,0.43291959742065905
Brown_Creeper_0102_25000.jpg,0.4483727719671067,-0.01589127992215933,0.2970871462164632
American_Crow_0030_25092.jpg,0.40600702471099726,-0.16741783629366425,-0.07154180909651106
American_Crow_0021_25137.jpg,0.5525567964314076,0.3029218897239183,-0.313621279677552
American_Crow_0027_25146.jpg,0.5668568538806995,0.3196335061429575,-0.38991115249525815
American_Crow_0011_25151.jpg,0.45326060073500796,-0.0006099837797897134,0.05314850936452123
American_Crow_0043_25666.jpg,0.43155980753317347,-0.05432625170798144,0.22516220931983286
American_Crow_0139_25186.jpg,0.3419845471382128,-0.35658289886297534,0.2660707580831653
American_Crow_0131_25706.jpg,0.5939428639401965,0.4116941121315433,0.031532211270067514
American_Crow_0122_25200.jpg,0.5857540014356529,0.3770024227636486,0.07251259914334666
American_Crow_0053_25203.jpg,0.517876427737263,0.2105184314088009,-0.08106563939838378
American_Crow_0099_25717.jpg,0.5202888583745219,0.2212226832527462,0.15643006748109317
American_Crow_0121_25720.jpg,0.637287277575057,0.5208155961886667,0.2968567353233889
American_Crow_0080_25220.jpg,0.4246721183981935,-0.08069122746058488,0.08350110265667328
American_Crow_0137_25221.jpg,0.4017080851706005,-0.1595785543537218,-0.09353035004813301
American_Crow_0050_25255.jpg,0.5919427481928565,0.39728178869309905,0.24668196200005657
American_Crow_0085_25260.jpg,0.35282398051927577,-0.315898192758707,0.17825320540083278
American_Crow_0105_25283.jpg,0.5249819438428849,0.2067611546053657,0.22354728894810139
American_Crow_0014_25287.jpg,0.5085101366610236,0.1632079103216122,-0.0743451415798023
American_Crow_0088_25303.jpg,0.4784402975607318,0.06412647765806068,0.4875219263552794
American_Crow_0004_25819.jpg,0.6735782894527984,0.6093679899418957,0.2624703267800164
American_Crow_0127_25412.jpg,0.43147383752777646,-0.1015341943687409,-0.11860010530420885
American_Crow_0066_25827.jpg,0.48954468792870953,0.10635605222152855,0.3072160008555181
American_Crow_0031_25433.jpg,0.47114433265218036,0.05360630629320684,-0.07273135573229687
American_Crow_0067_25443.jpg,0.43332026193637463,-0.08030810325045157,0.0329445541273602
American_Crow_0079_25463.jpg,0.500207289697252,0.1719074940072115,0.10374805760262965
American_Crow_0051_25505.jpg,0.2930971450300104,-0.5578125897953405,0.18479663213213898
American_Crow_0069_25506.jpg,0.5313058548701984,0.23631783178333887,-0.0588340374477006
American_Crow_0110_25541.jpg,0.5691200165268951,0.32670853852586346,-0.3040348935227006
American_Crow_0001_25053.jpg,0.45288192892457146,0.021574608387022187,-0.13520789811127332
American_Crow_0048_25062.jpg,0.42627952345812425,-0.07395915217821392,-0.3295450335331471
American_Crow_0104_25086.jpg,0.573464092596708,0.4004450461749821,-0.13537587436311646
Fish_Crow_0080_25861.jpg,0.35849835569208677,-0.3162315711771855,0.5381656038368144
Fish_Crow_0059_25864.jpg,0.4273467950360541,-0.07204105381247894,0.5149080251272126
Fish_Crow_0067_26124.jpg,0.3966747917396367,-0.1595353084120208,-0.1298481377550999
Fish_Crow_0018_25879.jpg,0.3621848435649051,-0.29784505625077284,0.4532567367372183
Fish_Crow_0041_25887.jpg,0.39497537823671813,-0.18888876298913027,0.46157533388772626
Fish_Crow_0034_25891.jpg,0.5086388804190835,0.17548853186836288,0.3593712256751314
Fish_Crow_0042_26148.jpg,0.42349293517148723,-0.1072311124207066,0.1867144485365001
Fish_Crow_0031_25909.jpg,0.40934519170166095,-0.12312155162002658,0.28567895846632874
Fish_Crow_0036_25911.jpg,0.36492169607702196,-0.30300106199473875,-0.015159254287942332
Fish_Crow_0085_25919.jpg,0.3784232299742025,-0.24707863803707997,0.005963341216099175
Fish_Crow_0071_25155.jpg,0.5709089808266073,0.3401118923032239,0.09607536441184038
Fish_Crow_0040_25158.jpg,0.5138671193884343,0.18082990634637952,0.3359267719299502
Fish_Crow_0051_25934.jpg,0.5212626713334518,0.19912310998919525,0.6390319244464222
Fish_Crow_0013_25939.jpg,0.3809557135060716,-0.23653598202129134,-0.25706875604726925
Fish_Crow_0065_25942.jpg,0.41560193592609496,-0.12436827417497343,0.6265238959025969
Fish_Crow_0072_25945.jpg,0.4249452800916025,-0.10613307292150043,-0.0021490979803145925
Fish_Crow_0012_25946.jpg,0.46577413199371553,0.0765151542237209,0.1332863684864282
Fish_Crow_0073_25977.jpg,0.4270563397591991,-0.08687441821997388,-0.2108922308007787
Fish_Crow_0082_26012.jpg,0.5247531376724044,0.23256956862147182,-0.005277242020145264
Fish_Crow_0032_26014.jpg,0.4572868622578906,0.018688817642735667,0.36489617810530195
Fish_Crow_0061_25884.jpg,0.47202780053794013,0.06409451639922792,0.11829062170515656
Fish_Crow_0020_26027.jpg,0.41133320312538924,-0.16254534566325063,0.4984888459304501
Fish_Crow_0053_26067.jpg,0.38030287774854,-0.24362502955042764,-0.42614653584075507
Fish_Crow_0047_26070.jpg,0.40349137234411114,-0.18612685306462406,0.44861008551139536
Fish_Crow_0037_26071.jpg,0.3152908845500054,-0.46175448700331323,0.21998890568577809
Fish_Crow_0002_26072.jpg,0.6593741865077178,0.5939012880052907,0.17317910479834153
Fish_Crow_0055_26077.jpg,0.4130884741447155,-0.1378987349845313,0.27332941896537044
Fish_Crow_0035_26081.jpg,0.3866488684767443,-0.18430424716521143,0.44458794620821196
Fish_Crow_0063_26094.jpg,0.4160302832393421,-0.10052482671496832,0.6480091076654182
Fish_Crow_0056_25851.jpg,0.46134692455005233,0.02469382596900427,-0.04646510540124699
Black_Billed_Cuckoo_0071_26288.jpg,0.4612447309098979,0.010404609221436711,0.10860605954722219
Black_Billed_Cuckoo_0032_26292.jpg,0.5516347523668231,0.28389923666800543,0.18288456282186413
Black_Billed_Cuckoo_0076_26177.jpg,0.4719711825422329,0.0825839583719864,0.30475692429524015
Black_Billed_Cuckoo_0051_795318.jpg,0.5092617597369131,0.1631270652916441,0.4517829926513425
Black_Billed_Cuckoo_0045_26194.jpg,0.4359697055306375,-0.07379984039543186,0.2240319291098591
Black_Billed_Cuckoo_0065_26203.jpg,0.45472242657148454,0.024817129164615537,0.5506116222339081
Black_Billed_Cuckoo_0015_26208.jpg,0.49462350616639883,0.1047390175882873,0.09050203407708429
Black_Billed_Cuckoo_0018_26218.jpg,0.6465306647494911,0.5412673385463223,0.5178788060867108
Black_Billed_Cuckoo_0017_26221.jpg,0.5229021894278592,0.1920352758873355,0.4377389427625197
Black_Billed_Cuckoo_0052_26232.jpg,0.46238890178017045,0.020950534394135745,0.15269932647477655
Black_Billed_Cuckoo_0006_26233.jpg,0.32214214476134473,-0.4441025959044933,0.1860642715910933
Black_Billed_Cuckoo_0030_26240.jpg,0.44523675944461716,0.0005843337177615648,-0.042362014341154934
Black_Billed_Cuckoo_0044_26243.jpg,0.45236656040424117,0.00350245660591908,0.11688663132972316
Black_Billed_Cuckoo_0091_26246.jpg,0.5757758727083259,0.3618676082330229,-0.11217288475276019
Black_Billed_Cuckoo_0023_26258.jpg,0.7040566673469689,0.6690427366954264,0.189623667253232
Black_Billed_Cuckoo_0085_795294.jpg,0.5593654194754438,0.3100533349741391,0.16827996582909285
Black_Billed_Cuckoo_0073_795304.jpg,0.44677554756013815,-0.014997468053399743,-0.17107361350420486
Black_Billed_Cuckoo_0008_795305.jpg,0.5323649425580474,0.24441996061141347,0.06897566170289167
Black_Billed_Cuckoo_0095_795307.jpg,0.5234494165801976,0.20457839521006338,0.24538926642281905
Black_Billed_Cuckoo_0042_795308.jpg,0.4538941289822531,0.006068577629237737,0.28613275573054453
Black_Billed_Cuckoo_0083_795315.jpg,0.5418216528558958,0.2651063280374648,0.17922320259730448
Black_Billed_Cuckoo_0022_795319.jpg,0.5557546828220581,0.30740347826749115,0.06674397561543541
Black_Billed_Cuckoo_0034_795320.jpg,0.47126007928747793,0.07599653289693298,0.18065228220615315
Black_Billed_Cuckoo_0089_795322.jpg,0.5065100438615666,0.14541319662916274,0.2910519915744555
Black_Billed_Cuckoo_0043_795324.jpg,0.4627974218716995,0.01642050761621594,0.2989022038472536
Black_Billed_Cuckoo_0046_795328.jpg,0.4115948208430029,-0.122036595428763,0.14687222560289762
Black_Billed_Cuckoo_0037_795330.jpg,0.5691480871754242,0.3328945030311621,-0.03351535339953704
Black_Billed_Cuckoo_0024_795331.jpg,0.36833490268923164,-0.3006100274864376,0.2182632291282021
Black_Billed_Cuckoo_0027_26319.jpg,0.4917686719100791,0.09234730677027325,0.1136004841893349
Black_Billed_Cuckoo_0007_26320.jpg,0.36030494968905935,-0.29403347480445596,0.2006469763499321
Mangrove_Cuckoo_0024_794630.jpg,0.5929011390951531,0.4037760972823151,0.12601902909676008
Mangrove_Cuckoo_0040_26378.jpg,0.43283584030112576,-0.07705016581618107,0.09497418810792592
Mangrove_Cuckoo_0037_26389.jpg,0.47764019577378847,0.10708762639782377,-0.11786573190904817
Mangrove_Cuckoo_0053_26390.jpg,0.5107173146263734,0.16815122909243618,0.12340951458877311
Mangrove_Cuckoo_0010_26399.jpg,0.6078199302804639,0.44727328038160963,0.4665107747966637
Mangrove_Cuckoo_0011_26406.jpg,0.4591131758015714,0.016305089955490293,0.36962847372571933
Mangrove_Cuckoo_0023_26409.jpg,0.36093879612641644,-0.2825798131453299,-0.2545371462525696
Mangrove_Cuckoo_0002_26410.jpg,0.39876365390913127,-0.18983218348647157,-0.3551349396207686
Mangrove_Cuckoo_0049_794631.jpg,0.4328050525792486,-0.06145628371643608,0.1306499968826115
Mangrove_Cuckoo_0009_26354.jpg,0.4353995198723519,-0.07616179170819737,-0.17809729384730758
Mangrove_Cuckoo_0030_26350.jpg,0.4998564041400807,0.12845208853699996,0.34119715814237894
Mangrove_Cuckoo_0018_794593.jpg,0.6049462158805787,0.43164019197761627,-0.08800374550146789
Mangrove_Cuckoo_0035_794595.jpg,0.5312367174648545,0.21537828432888917,0.262174555597453
Mangrove_Cuckoo_0001_794601.jpg,0.525591714832085,0.21165370693615393,0.06219134932229555
Mangrove_Cuckoo_0021_794602.jpg,0.6427195166677147,0.5520529922123922,0.008811256867954524
Mangrove_Cuckoo_0032_794603.jpg,0.42455451699635194,-0.0987663984721927,0.15669549391434018
Mangrove_Cuckoo_0047_794604.jpg,0.5014788415971514,0.15511907950623183,0.2642038663088627
Mangrove_Cuckoo_0043_794605.jpg,0.4399987171887455,-0.04639293829544733,-0.09121641444679802
Mangrove_Cuckoo_0026_794609.jpg,0.4953591013346641,0.12167779204502993,0.36842620168680135
Mangrove_Cuckoo_0007_794610.jpg,0.45575007002300305,0.0005657390201644352,-0.08166541891093969
Mangrove_Cuckoo_0008_26357.jpg,0.4046809987973988,-0.1635602522955848,0.2515459615375775
Mangrove_Cuckoo_0003_794619.jpg,0.5566313446351683,0.2881363696164533,0.19825855397357178
Mangrove_Cuckoo_0017_794623.jpg,0.643999461410427,0.5334536180699982,0.10419977725343096
Yellow_Billed_Cuckoo_0023_26637.jpg,0.3661389859539207,-0.25508129291212556,-0.3505821738667413
Yellow_Billed_Cuckoo_0117_26651.jpg,0.5131613069267384,0.17626471178651804,0.14518681565992203
Yellow_Billed_Cuckoo_0078_26888.jpg,0.4558627797055712,0.00990787511545621,0.3486991505813301
Yellow_Billed_Cuckoo_0005_26684.jpg,0.4102438123345348,-0.14000231038436595,0.028452232699453284
Yellow_Billed_Cuckoo_0060_26686.jpg,0.46106785316886334,0.007297510312087363,-0.0790295742361946
Yellow_Billed_Cuckoo_0007_26687.jpg,0.49147478718515525,0.10596056152631195,0.04479722788072255
Yellow_Billed_Cuckoo_0061_26692.jpg,0.41033136604833753,-0.1467882902986557,-0.3353344801764205
Yellow_Billed_Cuckoo_0012_26712.jpg,0.6096034219019765,0.4530546645445793,-0.10977736979792713
Yellow_Billed_Cuckoo_0090_26714.jpg,0.4835222823209637,0.11802369413644342,-0.06493496346062413
Yellow_Billed_Cuckoo_0074_26466.jpg,0.552490893717956,0.2872023338767494,0.1365879622628321
Yellow_Billed_Cuckoo_0053_26738.jpg,0.3593944629310114,-0.2839941298834945,0.12404488747346769
Yellow_Billed_Cuckoo_0073_26744.jpg,0.3243468252535512,-0.4101616533737258,-0.37514389678006776
Yellow_Billed_Cuckoo_0077_26431.jpg,0.42038024967727416,-0.12126276372998213,0.08258202848504372
Yellow_Billed_Cuckoo_0043_26492.jpg,0.46757675048353,0.029492243821046538,-0.48099714498982415
Yellow_Billed_Cuckoo_0014_26754.jpg,0.5264228437313969,0.20760556024661347,-0.1427022028430524
Yellow_Billed_Cuckoo_0098_26501.jpg,0.4290119837422943,-0.06490984881709094,-0.15090459040317727
Yellow_Billed_Cuckoo_0033_26521.jpg,0.3692188266138948,-0.2679572224558475,-0.04459230283171452
Yellow_Billed_Cuckoo_0018_26535.jpg,0.49136065102026205,0.10122033509654782,0.19081129349998527
Yellow_Billed_Cuckoo_0003_26797.jpg,0.4705966708923345,0.07161344600874509,-0.1548389969648497
Yellow_Billed_Cuckoo_0116_26544.jpg,0.46489264222522697,0.031115022578908635,-0.09684426710851632
Yellow_Billed_Cuckoo_0119_26550.jpg,0.3415724892431524,-0.3655817070866081,-0.2861604964066749
Yellow_Billed_Cuckoo_0088_26812.jpg,0.5058062743340908,0.16537836590387156,-0.15119592468131504
Yellow_Billed_Cuckoo_0104_26814.jpg,0.35054511881823247,-0.30706367498850096,-0.09241621039140885
Yellow_Billed_Cuckoo_0024_26832.jpg,0.45340819004605715,0.004046345245866334,-0.09265827002452776
Yellow_Billed_Cuckoo_0006_26578.jpg,0.4684125629554745,0.029965275375596345,0.1278430785965702
Yellow_Billed_Cuckoo_0107_26838.jpg,0.37987049539243345,-0.2153444983070285,-0.009002973177348985
Yellow_Billed_Cuckoo_0066_26600.jpg,0.39657252631113593,-0.17800963371725298,-0.23096147913996642
Yellow_Billed_Cuckoo_0029_26865.jpg,0.4097971416067774,-0.14548959669182704,-0.07351108586364691
Yellow_Billed_Cuckoo_0067_26878.jpg,0.5622024496440947,0.3185620974014619,0.14292302167609042
Gray_Crowned_Rosy_Finch_0078_27136.jpg,0.2926507502402613,-0.5409305295415394,0.23656564818756703
Gray_Crowned_Rosy_Finch_0027_27153.jpg,0.41476016834494,-0.14743025355165829,0.14095905111796836
Gray_Crowned_Rosy_Finch_0019_27192.jpg,0.4785089213679581,0.07663405036095361,-0.2962295219672963
Gray_Crowned_Rosy_Finch_0076_27200.jpg,0.33545010936154807,-0.3912208613980146,0.03785828326348247
Gray_Crowned_Rosy_Finch_0009_26977.jpg,0.3855319901194647,-0.21362818030700015,0.20968282175164973
Gray_Crowned_Rosy_Finch_0018_26978.jpg,0.425087898544959,-0.10744745412434886,0.018419605366304114
Gray_Crowned_Rosy_Finch_0067_797289.jpg,0.4795358428770137,0.10939828861591605,0.16016937467772982
Gray_Crowned_Rosy_Finch_0004_797272.jpg,0.43340230676424507,-0.05183572468399911,0.13021145189133818
Gray_Crowned_Rosy_Finch_0048_27236.jpg,0.3338748174821241,-0.3965150489507172,0.22098367560032542
Gray_Crowned_Rosy_Finch_0053_797276.jpg,0.47499078876994394,0.08588529401282563,0.11540507563875453
Gray_Crowned_Rosy_Finch_0007_797278.jpg,0.37430093030132705,-0.2521281355951619,0.08064163635499894
Gray_Crowned_Rosy_Finch_0083_797281.jpg,0.4211294294163168,-0.07793233405670597,0.1817322487311559
Gray_Crowned_Rosy_Finch_0036_797287.jpg,0.3483660453618732,-0.3574907841614927,-0.05332373333453532
Gray_Crowned_Rosy_Finch_0023_797288.jpg,0.465635908401837,0.04568329576937602,0.16491886938174316
Gray_Crowned_Rosy_Finch_0040_26985.jpg,0.41663003763215944,-0.10222410359174616,0.34601491214727126
Gray_Crowned_Rosy_Finch_0079_797294.jpg,0.3824966958646051,-0.243005339864526,0.03128670141134901
Gray_Crowned_Rosy_Finch_0066_797298.jpg,0.4448835174571054,0.001246191214336223,0.22097948093539482
Gray_Crowned_Rosy_Finch_0031_797299.jpg,0.42526318466789237,-0.08179968891045042,-0.1149008553236113
Gray_Crowned_Rosy_Finch_0029_797300.jpg,0.4097001956905897,-0.14488679839927054,-0.048319168678582776
Gray_Crowned_Rosy_Finch_0034_797305.jpg,0.3967291805001877,-0.17138529079070697,0.4745207751128302
Gray_Crowned_Rosy_Finch_0064_27007.jpg,0.32061639944691556,-0.4327089068920065,-0.10152762604586069
Gray_Crowned_Rosy_Finch_0072_26993.jpg,0.33772386727121073,-0.3790933753172967,0.3609434637519848
Gray_Crowned_Rosy_Finch_0022_27028.jpg,0.4988834834759899,0.15635303672936263,-0.1463792302644765
Gray_Crowned_Rosy_Finch_0084_27034.jpg,0.4306314607887397,-0.050018765795777353,0.26639760968847714
Gray_Crowned_Rosy_Finch_0037_27088.jpg,0.3960510450198029,-0.2096587822114664,-0.1234369987132929
Gray_Crowned_Rosy_Finch_0073_27104.jpg,0.410833101813577,-0.11506012091877182,0.1816653950384161
Gray_Crowned_Rosy_Finch_0041_27105.jpg,0.42198918090405635,-0.1083763403495206,0.2529361543138122
Gray_Crowned_Rosy_Finch_0057_27107.jpg,0.5291891216086728,0.24231989223386963,0.40729626875917524
Gray_Crowned_Rosy_Finch_0028_27114.jpg,0.43342886568264605,-0.09176877392905469,-0.10795968245285652
Purple_Finch_0115_28190.jpg,0.5008684198016318,0.15870758405007246,0.5225383767669463
Purple_Finch_0001_27571.jpg,0.3751658889649391,-0.256754399485114,-0.5329019992161624
Purple_Finch_0021_28235.jpg,0.4037753324200747,-0.15658589911871523,-0.7332110937057433
Purple_Finch_0031_28175.jpg,0.4827935419169834,0.10888752311410721,-0.4786306712755457
Purple_Finch_0030_27255.jpg,0.4184949179082966,-0.10021661063694332,-0.01087441793255417
Purple_Finch_0079_27258.jpg,0.4833387793976307,0.09353803353344725,0.5183614471102981
Purple_Finch_0119_27260.jpg,0.45424405744830154,0.002855216314307074,-0.15956377933368102
Purple_Finch_0002_27266.jpg,0.4127806190131589,-0.10487500381624137,-0.0296301922187951
Purple_Finch_0098_27280.jpg,0.39742703885013797,-0.18703985751118868,-0.44808569801340653
Purple_Finch_0097_27288.jpg,0.4977157428020591,0.12222830964687292,0.32176619877536355
Purple_Finch_0046_27295.jpg,0.39441965958031844,-0.1954757203268318,0.26577215495827605
Purple_Finch_0117_27427.jpg,0.4432180327388864,-0.05160870562600084,0.5697667135437607
Purple_Finch_0033_27926.jpg,0.43617731325249276,-0.033677649255648534,0.36568208376395406
Purple_Finch_0133_27928.jpg,0.3957879981098381,-0.19860254051787818,0.14781521021185395
Purple_Finch_0091_27425.jpg,0.598908481165451,0.41904462675297904,0.21711032272553188
Purple_Finch_0076_27441.jpg,0.5522875217220111,0.2831118319741265,-0.38119632420609967
Purple_Finch_0020_27961.jpg,0.48022377479962797,0.08092180451729203,0.7017142776372549
Purple_Finch_0059_27966.jpg,0.34773527927575165,-0.35466543172564036,-0.3219279521265231
Purple_Finch_0008_27455.jpg,0.47157774415852993,0.0905063355308301,0.5924231479348101
Purple_Finch_0035_27972.jpg,0.4567260442263611,0.0004560919295463206,0.5106499086737659
Purple_Finch_0103_27461.jpg,0.48377015071277474,0.08776110581666485,0.2354206772226553
Purple_Finch_0065_27473.jpg,0.4518113244373434,-0.0006879298520452437,0.5228719588434725
Purple_Finch_0130_27555.jpg,0.5586882172595143,0.30919803628830655,0.11246293382353567
Purple_Finch_0124_27567.jpg,0.366022153435266,-0.2820418468703447,-0.01484442166946668
Purple_Finch_0120_27597.jpg,0.4655174596700785,0.05849434899318284,0.39709402494605833
Purple_Finch_0118_27604.jpg,0.3584258921986134,-0.29054818723708165,0.3017946400385354
Purple_Finch_0043_28117.jpg,0.4352400799565771,-0.04505732639168958,0.35388067408120305
Purple_Finch_0106_27607.jpg,0.45121206653335966,0.008906287418614989,0.10573261215315607
Purple_Finch_0023_27986.jpg,0.2892437604387108,-0.5654532670082271,0.6811821272084367
Purple_Finch_0067_27431.jpg,0.4051782013469154,-0.15154995258645654,0.01791620569689454
Northern_Flicker_0072_28678.jpg,0.4906550835327619,0.10437872905533752,-0.0906959278937105
Northern_Flicker_0041_28697.jpg,0.4580311026833679,0.008442705534826067,0.0710689545664805
Northern_Flicker_0093_28700.jpg,0.5034828418308592,0.14749293788989737,0.21668862894319882
Northern_Flicker_0094_28726.jpg,0.4396547599775309,-0.043597726010860205,0.5990580906511274
Northern_Flicker_0034_28740.jpg,0.5090703595300605,0.18250826889228722,0.06868119659810365
Northern_Flicker_0021_28741.jpg,0.43987881261313966,-0.038603721697087146,0.2531581242358242
Northern_Flicker_0006_28290.jpg,0.48934481863120705,0.10674977533682883,0.32441604610082037
Northern_Flicker_0135_28291.jpg,0.5987814425780897,0.43688636582168994,0.016154002308840138
Northern_Flicker_0099_28312.jpg,0.4691536261293876,0.04836029925160612,-0.04462329341949404
Northern_Flicker_0084_28318.jpg,0.5981086684175965,0.4190619265779363,0.39499733371366924
Northern_Flicker_0068_28330.jpg,0.41344237644228266,-0.12336252446425955,-0.01848857560191506
Northern_Flicker_0055_28344.jpg,0.5992544829266994,0.43560120937714775,0.14632960529406183
Northern_Flicker_0086_28360.jpg,0.5912001268251388,0.3961183796573212,0.0632144649844244
Northern_Flicker_0104_28371.jpg,0.4778212147714783,0.0855776809800598,0.12840738285504327
Northern_Flicker_0100_28898.jpg,0.5001473513029243,0.16118870064240243,-0.26428153679038896
Northern_Flicker_0046_28391.jpg,0.44689453076806407,-0.015653423220120644,-0.2537056079872927
Northern_Flicker_0136_28918.jpg,0.39407125699909507,-0.19131501889708447,0.19175071154299497
Northern_Flicker_0022_28952.jpg,0.45433877820963675,0.008534813382709894,0.05566641412323028
Northern_Flicker_0053_28445.jpg,0.5643535135133986,0.3146407082236493,0.5303978381598294
Northern_Flicker_0045_28805.jpg,0.48012379904925684,0.09312645937886155,0.3376778786261215
Northern_Flicker_0131_28962.jpg,0.41435879742749115,-0.08402925373309622,0.23539635635338874
Northern_Flicker_0124_28966.jpg,0.3848382134146897,-0.22533403468214375,-0.17508877555977106
Northern_Flicker_0125_28485.jpg,0.4877190471252898,0.09678272314164005,0.2300912252473988
Northern_Flicker_0090_28491.jpg,0.5164333704947264,0.18464823675068587,0.3939439033586579
Northern_Flicker_0108_28502.jpg,0.4410950252641891,-0.03437377263331687,0.24018549599814584
Northern_Flicker_0129_29022.jpg,0.5885385893072128,0.3919394368654068,-0.03260296289090454
Northern_Flicker_0044_28592.jpg,0.4805922084913645,0.0688631896977917,0.2392492827230858
Northern_Flicker_0079_28630.jpg,0.3900764128372698,-0.18438665511318342,-0.44297956859780807
Northern_Flicker_0127_28411.jpg,0.44309764908828075,-0.0010952869563445322,-0.23188133372157935
Northern_Flicker_0051_28650.jpg,0.4736720750976865,0.07034564898009732,0.5216163893376138
Acadian_Flycatcher_0022_29145.jpg,0.44721018737167095,-0.016757925885882097,-0.40609548040316956
Acadian_Flycatcher_0013_29232.jpg,0.37932847981273576,-0.2317736424946597,-0.07248646126338354
Acadian_Flycatcher_0070_29150.jpg,0.3816026293237884,-0.19631272314646164,0.2913842557125032
Acadian_Flycatcher_0036_795577.jpg,0.4106004803555007,-0.134846997612875,-0.029184908545078422
Acadian_Flycatcher_0069_795579.jpg,0.3770952239462241,-0.24652420809860676,0.21983938048649085
Acadian_Flycatcher_0030_795591.jpg,0.31112330273165345,-0.4598586380398737,-0.30876495739578447
Acadian_Flycatcher_0051_29077.jpg,0.5191249035821156,0.21937549998502992,0.012908049302987223
Acadian_Flycatcher_0059_29102.jpg,0.3377591756936512,-0.36685056266750116,-0.05381205954753343
Acadian_Flycatcher_0015_795578.jpg,0.43349662313839343,-0.0453155958808209,0.3531977718266374
Acadian_Flycatcher_0043_29115.jpg,0.4186628034474036,-0.09898976306255691,-0.08695177391822365
Acadian_Flycatcher_0049_795580.jpg,0.33428753100350816,-0.39512081602710114,0.4284699117912488
Acadian_Flycatcher_0031_795582.jpg,0.5048507296926372,0.1447858512216379,0.3620049886007084
Acadian_Flycatcher_0034_795583.jpg,0.37933460223129556,-0.21102754174460991,0.4180631397398746
Acadian_Flycatcher_0064_795584.jpg,0.4471176470284878,-0.03659284095529536,-0.0048402043705270265
Acadian_Flycatcher_0042_29127.jpg,0.5193484510943,0.20200262760185694,-0.07344271856399612
Acadian_Flycatcher_0021_795594.jpg,0.29477654579227164,-0.5373922861030198,-0.2193998513400831
Acadian_Flycatcher_0046_795596.jpg,0.44521793668398657,0.00837518179887109,-0.12621211926631185
Acadian_Flycatcher_0072_795603.jpg,0.3632468501310674,-0.28668925975956583,0.10491194272769433
Acadian_Flycatcher_0060_795604.jpg,0.48603779685250614,0.10555269383198129,0.19775970268471996
Acadian_Flycatcher_0041_795605.jpg,0.4650784070057302,0.049350080630940485,-0.18386468129449407
Acadian_Flycatcher_0050_795608.jpg,0.4865055445957076,0.11377950106099188,0.20875743111229356
Acadian_Flycatcher_0052_795610.jpg,0.34493834134638734,-0.35110558784276535,0.20634718375917846
Acadian_Flycatcher_0012_795612.jpg,0.43436021844116324,-0.047335018184876176,0.12164136139466393
Acadian_Flycatcher_0038_795616.jpg,0.43747328730745416,-0.07198719839331291,-0.14615314504612104
Acadian_Flycatcher_0005_29157.jpg,0.3446991067210362,-0.34035328009404675,0.08714894745473997
Acadian_Flycatcher_0044_795624.jpg,0.3678908889041652,-0.27865226168244783,-0.06574322761971295
Acadian_Flycatcher_0071_795627.jpg,0.5324971477048654,0.2493313159415005,0.09483264866727338
Acadian_Flycatcher_0073_795628.jpg,0.49051464303270154,0.16002022221015244,-0.04760643712687594
Acadian_Flycatcher_0024_29173.jpg,0.41466802434928096,-0.1048763246646176,-0.04470018013068445
Great_Crested_Flycatcher_0028_29696.jpg,0.5507931987418342,0.28369618226816273,0.20958994050181093
Great_Crested_Flycatcher_0012_29264.jpg,0.4081413619736842,-0.13412400028544091,-0.20362186702438503
Great_Crested_Flycatcher_0119_29778.jpg,0.3274094913658111,-0.40934792012279586,0.08245090808140115
Great_Crested_Flycatcher_0007_29280.jpg,0.41816714429157353,-0.09882062754696985,-0.30277679371549016
Great_Crested_Flycatcher_0124_29294.jpg,0.33700616411127393,-0.38276349827725786,0.6184804475299093
Great_Crested_Flycatcher_0061_29807.jpg,0.4446130756258425,-0.0360472978256019,0.24894410280879847
Great_Crested_Flycatcher_0132_29300.jpg,0.5857616557207117,0.3814955189113649,0.1597104888977849
Great_Crested_Flycatcher_0139_29302.jpg,0.47367951571538913,0.0551315992886382,0.4642397170236982
Great_Crested_Flycatcher_0031_29825.jpg,0.3319897805230464,-0.407890241772878,-0.11770082940825426
Great_Crested_Flycatcher_0133_29314.jpg,0.44274877315602545,-0.011041918450704902,-0.09510391612534978
Great_Crested_Flycatcher_0131_29329.jpg,0.37602276690885017,-0.20940043879229697,0.27833588757493294
Great_Crested_Flycatcher_0073_29330.jpg,0.39016621639067006,-0.2021421452809271,0.15378204133259663
Great_Crested_Flycatcher_0120_29472.jpg,0.35842760943758656,-0.2931661293074017,-0.03710620436987837
Great_Crested_Flycatcher_0010_29396.jpg,0.41642213649677207,-0.10695797482588687,0.5142744925231367
Great_Crested_Flycatcher_0097_29398.jpg,0.4010800876847651,-0.17241031968868126,0.1587628133741938
Great_Crested_Flycatcher_0016_29406.jpg,0.37729039880618065,-0.21779774384438388,0.14764634145318387
Great_Crested_Flycatcher_0021_29929.jpg,0.45503912912481503,-0.01735864182632496,0.1367460238835055
Great_Crested_Flycatcher_0042_29438.jpg,0.4434305970121739,-0.03125058264408187,0.2514845158810349
Great_Crested_Flycatcher_0033_29959.jpg,0.42659648221174806,-0.06296424311281656,0.5567951343270952
Great_Crested_Flycatcher_0044_29995.jpg,0.34213178121430843,-0.3569542820279328,-0.09738006628380855
Great_Crested_Flycatcher_0013_29496.jpg,0.46500816340401596,0.03559354583460961,-0.06835692960013999
Great_Crested_Flycatcher_0024_29516.jpg,0.5638573373047596,0.32678776006650245,0.10244940157260006
Great_Crested_Flycatcher_0041_29521.jpg,0.4176412536972268,-0.10821465766613914,0.38916672701745986
Great_Crested_Flycatcher_0051_29530.jpg,0.5298954145033443,0.2610531924619154,0.5574036390149552
Great_Crested_Flycatcher_0111_29543.jpg,0.4039291715798419,-0.14118186582309922,0.47230924368236205
Great_Crested_Flycatcher_0064_29546.jpg,0.3009932318374029,-0.5138998331356206,0.3122430598716623
Great_Crested_Flycatcher_0074_29553.jpg,0.5143630508792247,0.21099300160438395,0.0386082373661554
Great_Crested_Flycatcher_0125_29593.jpg,0.4216938849025518,-0.07419109138979274,-0.35803897765909853
Great_Crested_Flycatcher_0030_29645.jpg,0.32395694628194394,-0.41571639928642856,0.6269792987578151
Great_Crested_Flycatcher_0036_29693.jpg,0.3671312371690685,-0.25810613801963167,0.12081573802824234
Least_Flycatcher_0079_30256.jpg,0.368478016308489,-0.26445183829321217,0.20649956630235827
Least_Flycatcher_0006_30262.jpg,0.3987102560461965,-0.18146836713493486,0.4224172267194936
Least_Flycatcher_0015_30280.jpg,0.4204220300947399,-0.10174439900459098,-0.08006912965167214
Least_Flycatcher_0057_30282.jpg,0.40973195318791233,-0.13357800371090556,0.08058615730763036
Least_Flycatcher_0009_30303.jpg,0.3505875094234877,-0.33438155056436414,0.2919280308776631
Least_Flycatcher_0046_30316.jpg,0.3995860532320735,-0.17071257545432128,0.16813625857553208
Least_Flycatcher_0085_30318.jpg,0.39984255385799217,-0.15508277325803288,-0.34811342144019686
Least_Flycatcher_0052_30321.jpg,0.2805595779365645,-0.5822251600922788,-0.03401513867358556
Least_Flycatcher_0007_30339.jpg,0.40371452973732225,-0.17398287891694042,-0.08340272511310089
Least_Flycatcher_0044_30349.jpg,0.5893978418724255,0.39624735570229097,0.1269823021455156
Least_Flycatcher_0023_30352.jpg,0.39128843155879445,-0.2126400338442993,0.06865426131306224
Least_Flycatcher_0029_30362.jpg,0.3089851125363897,-0.4689257431221763,0.21848275405277434
Least_Flycatcher_0040_30366.jpg,0.38427028525515194,-0.227688236380583,0.3120313783565178
Least_Flycatcher_0097_30122.jpg,0.4210561047618391,-0.08939704949264837,-0.21014277028775605
Least_Flycatcher_0087_30123.jpg,0.26550637641084607,-0.6399759883504927,-0.018419734897696844
Least_Flycatcher_0038_30127.jpg,0.3966543577313236,-0.16142641696786808,-0.044838741062237314
Least_Flycatcher_0062_30131.jpg,0.41491978047717837,-0.11200260091790071,0.2945217466479865
Least_Flycatcher_0004_30140.jpg,0.47817669679258656,0.07748957792130395,-0.062478081627522795
Least_Flycatcher_0005_30142.jpg,0.35596287291675044,-0.32032864994541166,-0.06332694229543634
Least_Flycatcher_0058_30143.jpg,0.36817117364829977,-0.2603094643638246,-0.001637951705250778
Least_Flycatcher_0032_30146.jpg,0.6546223668428321,0.5637861584199997,-0.0022179729805520314
Least_Flycatcher_0059_30152.jpg,0.44844169026258507,0.005398570845850603,0.24105176727062153
Least_Flycatcher_0061_30429.jpg,0.3769727940289018,-0.2312443025363875,0.10294504483049295
Least_Flycatcher_0045_30174.jpg,0.5432443753262333,0.2583338129787921,-0.017834049300011638
Least_Flycatcher_0075_30441.jpg,0.3337515678771932,-0.38954414138079185,0.21222772026183195
Least_Flycatcher_0050_30189.jpg,0.3931170914703691,-0.1867202742774039,-0.15461856898971824
Least_Flycatcher_0054_30450.jpg,0.48747273277756553,0.11723778433889631,-0.08589564335666933
Least_Flycatcher_0017_30460.jpg,0.3038766720032918,-0.4881857279716395,0.2988603678625506
Least_Flycatcher_0018_30462.jpg,0.5391868571838943,0.2637873092636346,-0.27962795062988133
Olive_Sided_Flycatcher_0041_30470.jpg,0.40629635598395786,-0.12176323821028578,-0.21335103870515643
Olive_Sided_Flycatcher_0025_30486.jpg,0.4921807516339882,0.11962693626605492,0.1380989196285403
Olive_Sided_Flycatcher_0077_30492.jpg,0.3221019842558418,-0.4338927077833892,-0.02688544777067914
Olive_Sided_Flycatcher_0031_30502.jpg,0.45283797926430946,-0.01315630982906435,-0.3541464359735785
Olive_Sided_Flycatcher_0026_30525.jpg,0.5485558950534587,0.31054381025127753,-0.004154333417862199
Olive_Sided_Flycatcher_0046_30529.jpg,0.3895940367705071,-0.20130363795479145,-0.11147790891898417
Olive_Sided_Flycatcher_0069_30544.jpg,0.30297612900019844,-0.5062832915010949,0.20474708557850615
Olive_Sided_Flycatcher_0072_796877.jpg,0.3309339335541236,-0.4034879335494965,0.2949796844816182
Olive_Sided_Flycatcher_0013_30550.jpg,0.4025868308145204,-0.1356502418463259,-0.1241654078718242
Olive_Sided_Flycatcher_0074_30816.jpg,0.49139263551237233,0.1112127221999315,-0.18638559010789005
Olive_Sided_Flycatcher_0006_30824.jpg,0.3775173875987695,-0.24700333944823627,0.4823686489617905
Olive_Sided_Flycatcher_0056_30570.jpg,0.4216392847247471,-0.10077355938618315,-0.1148114385329895
Olive_Sided_Flycatcher_0043_30632.jpg,0.42513590457082273,-0.08098825538632459,-0.26910847105756514
Olive_Sided_Flycatcher_0048_30656.jpg,0.4343727738214005,-0.05515658811381785,-0.06141246819464047
Olive_Sided_Flycatcher_0079_30662.jpg,0.3733952558505892,-0.28608783706171215,0.09808436185395163
Olive_Sided_Flycatcher_0050_796878.jpg,0.4828777366353323,0.09657031294322638,-0.046775225725721147
Olive_Sided_Flycatcher_0055_796879.jpg,0.4524590406593375,0.014298370552932038,-0.3541308081280698
Olive_Sided_Flycatcher_0058_796883.jpg,0.47529473579297044,0.0814445260941491,0.059742737299737
Olive_Sided_Flycatcher_0038_796884.jpg,0.3881909074117207,-0.20098553486602522,-0.10259980917007325
Olive_Sided_Flycatcher_0042_796886.jpg,0.535460958729864,0.24814265973761906,0.07519772160406639
Olive_Sided_Flycatcher_0045_796888.jpg,0.44757735553870914,-0.01917334622486666,0.18740662094869326
Olive_Sided_Flycatcher_0082_796893.jpg,0.42671967358209884,-0.05388980476612848,0.27802374210013137
Olive_Sided_Flycatcher_0008_30686.jpg,0.46618698753809995,0.0457761553430307,-0.16149390208453898
Olive_Sided_Flycatcher_0081_796895.jpg,0.5364818744660298,0.24714162855599664,0.11867013329704655
Olive_Sided_Flycatcher_0030_796896.jpg,0.5456328472444092,0.27281881750298376,0.039640178685713116
Olive_Sided_Flycatcher_0021_796880.jpg,0.5587842524101341,0.32647460215118707,0.4246421815887438
Olive_Sided_Flycatcher_0057_796898.jpg,0.394299071482315,-0.18210582927101227,0.14743968093595788
Olive_Sided_Flycatcher_0075_30712.jpg,0.3666087530942531,-0.2827285524089369,0.13937079080627005
Olive_Sided_Flycatcher_0032_30713.jpg,0.48981545762833734,0.11525508757819458,-0.11272014452076011
Olive_Sided_Flycatcher_0027_30549.jpg,0.4077136462597408,-0.14355377945602932,-0.5117856761454984
Scissor_Tailed_Flycatcher_0096_41733.jpg,0.3506044281676446,-0.29939280467561513,-0.0933510453102718
Scissor_Tailed_Flycatcher_0042_41990.jpg,0.39567432406808845,-0.1436518071881765,0.2689959958298992
Scissor_Tailed_Flycatcher_0059_41998.jpg,0.42158243686373953,-0.05664529118078687,0.20394024569670482
Scissor_Tailed_Flycatcher_0044_42002.jpg,0.4488278743110128,-0.003145764636418802,0.5923503657507141
Scissor_Tailed_Flycatcher_0108_42013.jpg,0.517304234565532,0.21779333528477451,0.33547755110365785
Scissor_Tailed_Flycatcher_0094_42018.jpg,0.43851837688535655,-0.022304452639914985,0.15260386478941493
Scissor_Tailed_Flycatcher_0013_42024.jpg,0.40375622940994027,-0.15090113257507198,0.06003927716394807
Scissor_Tailed_Flycatcher_0117_42026.jpg,0.4232391570665056,-0.04306539434757206,0.185972303961486
Scissor_Tailed_Flycatcher_0125_41906.jpg,0.3765540940616098,-0.2574712822254208,0.1983942339959922
Scissor_Tailed_Flycatcher_0025_42032.jpg,0.4578493081309618,0.03393180268008755,0.5745275139371432
Scissor_Tailed_Flycatcher_0033_41782.jpg,0.5267751518943422,0.222516241680225,0.22175011343696813
Scissor_Tailed_Flycatcher_0055_42051.jpg,0.5380248023812915,0.25964556877995026,0.27933305095530564
Scissor_Tailed_Flycatcher_0100_41796.jpg,0.4419173234359567,-0.018802977431404244,0.13280859037551057
Scissor_Tailed_Flycatcher_0118_42067.jpg,0.4271464241026517,-0.05483534764799414,0.2308991850776018
Scissor_Tailed_Flycatcher_0072_42085.jpg,0.40570352902442597,-0.13683606072675536,0.3471143740864944
Scissor_Tailed_Flycatcher_0031_41836.jpg,0.44918975174402165,0.017111275194567788,-0.03522619158899483
Scissor_Tailed_Flycatcher_0121_41843.jpg,0.30009801718982454,-0.520527239473564,0.3406255538454796
Scissor_Tailed_Flycatcher_0082_41852.jpg,0.31334091314684,-0.45581259370560856,0.24748796037937848
Scissor_Tailed_Flycatcher_0076_41597.jpg,0.4005907284826937,-0.134763566628741,0.6602256731838919
Scissor_Tailed_Flycatcher_0006_41601.jpg,0.41991582094146074,-0.08514707160088664,0.020657423602290313
Scissor_Tailed_Flycatcher_0019_41936.jpg,0.3856525610085262,-0.1923216262650027,0.301327655129977
Scissor_Tailed_Flycatcher_0123_41638.jpg,0.5225521777547536,0.21518178179362268,0.3322327074178473
Scissor_Tailed_Flycatcher_0004_41643.jpg,0.4806331972853255,0.1067813129413594,0.45088178549922675
Scissor_Tailed_Flycatcher_0048_41646.jpg,0.3319035872072257,-0.3793972482676933,0.21518558953586933
Scissor_Tailed_Flycatcher_0060_41655.jpg,0.4167219749353255,-0.08340983655429435,0.018482217065826638
Scissor_Tailed_Flycatcher_0007_41917.jpg,0.4346270260897389,-0.04877671164254771,0.26741714800161076
Scissor_Tailed_Flycatcher_0122_41679.jpg,0.3608078488195716,-0.2676009425168606,0.17525486478449856
Scissor_Tailed_Flycatcher_0103_41938.jpg,0.36819443199093116,-0.25424734471785326,0.15063786856114522
Scissor_Tailed_Flycatcher_0058_41948.jpg,0.4305836401438504,-0.052887435940053296,0.3802807284509921
Scissor_Tailed_Flycatcher_0012_41853.jpg,0.4389225493006863,-0.029008183447071456,0.3800659330457875
Vermilion_Flycatcher_0019_42241.jpg,0.4226858328082601,-0.09792205239022955,-0.24622163771962594
Vermilion_Flycatcher_0070_42250.jpg,0.32964263115780756,-0.3899604793573026,-0.5850029066883257
Vermilion_Flycatcher_0059_42261.jpg,0.47488433458439494,0.0769904867996194,0.42991239811246384
Vermilion_Flycatcher_0038_42262.jpg,0.4850221816895538,0.07567366505626028,0.5289519089113219
Vermilion_Flycatcher_0030_42523.jpg,0.46895351956104525,0.038992645697574324,0.466092094912402
Vermilion_Flycatcher_0014_42533.jpg,0.456035388818231,0.034588274787326734,-0.07722829611976083
Vermilion_Flycatcher_0068_42535.jpg,0.43987233439200124,-0.0564733621130884,-0.2034357132447062
Vermilion_Flycatcher_0035_42282.jpg,0.5381024100923557,0.24377766235014753,0.3958293590201978
Vermilion_Flycatcher_0052_42551.jpg,0.4783778243450022,0.08758736789821309,0.6156307618925524
Vermilion_Flycatcher_0062_42552.jpg,0.3269954002207657,-0.3970692628852013,0.23487426006770443
Vermilion_Flycatcher_0048_42298.jpg,0.4331486068998036,-0.07617817297152207,0.342808493525498
Vermilion_Flycatcher_0024_42506.jpg,0.5938329897571498,0.4045087613925007,0.205462176676179
Vermilion_Flycatcher_0044_42305.jpg,0.34446217622424147,-0.33483412651847066,-0.13751040125988145
Vermilion_Flycatcher_0057_42562.jpg,0.3337736750428737,-0.4043689947638429,0.6026377479621432
Vermilion_Flycatcher_0058_42311.jpg,0.4122948894363586,-0.1152946635651082,-0.1511421444707126
Vermilion_Flycatcher_0073_42573.jpg,0.41543818194642446,-0.11137005462679372,-0.2943652698529067
Vermilion_Flycatcher_0011_42554.jpg,0.35682176572115,-0.3143174190177207,0.43358049268905097
Vermilion_Flycatcher_0018_42474.jpg,0.45772753198403815,0.018918060751131893,0.11648445746793712
Vermilion_Flycatcher_0026_42375.jpg,0.4627722850890089,0.034746545582328925,0.5809916986671608
Vermilion_Flycatcher_0021_42378.jpg,0.3545028581937467,-0.32336871429870695,0.1942457303869862
Vermilion_Flycatcher_0049_42380.jpg,0.4109236211581956,-0.13555886990008448,0.42286660562589834
Vermilion_Flycatcher_0017_42407.jpg,0.3580824293617535,-0.29513889835342577,-0.573336876476443
Vermilion_Flycatcher_0039_42423.jpg,0.3781483315142341,-0.26978185170221547,-0.11548222162286396
Vermilion_Flycatcher_0063_42179.jpg,0.45430884544234096,0.006018054459900002,0.01176141767904992
Vermilion_Flycatcher_0043_42182.jpg,0.49752128676189733,0.14511531297535507,0.527821543499174
Vermilion_Flycatcher_0028_42197.jpg,0.49470909577832745,0.1161956426962446,0.4716276130606097
Vermilion_Flycatcher_0031_42201.jpg,0.48055403584899714,0.08280200927275716,0.34064227669465197
Vermilion_Flycatcher_0032_42216.jpg,0.5627454020803724,0.33952186846114796,0.5730421715139273
Vermilion_Flycatcher_0047_42488.jpg,0.4521114272661456,-0.007577687246495213,0.029550025135124256
Vermilion_Flycatcher_0009_42234.jpg,0.5586309045298662,0.3292281138371973,0.05665375051513315
Yellow_Bellied_Flycatcher_0013_42769.jpg,0.38117031294117854,-0.2247298407428493,0.014316362609270114
Yellow_Bellied_Flycatcher_0050_42598.jpg,0.48928979730779454,0.1324363909957741,0.30042499673480577
Yellow_Bellied_Flycatcher_0036_42591.jpg,0.35769425808035726,-0.312953120553761,0.2918520455999954
Yellow_Bellied_Flycatcher_0040_795465.jpg,0.4446842707675779,-0.010541931511923286,0.44886116801873926
Yellow_Bellied_Flycatcher_0012_795469.jpg,0.391609060552665,-0.19582202312273944,0.1389100249708485
Yellow_Bellied_Flycatcher_0021_795472.jpg,0.34625307732749777,-0.3484238914381059,0.06466873271443907
Yellow_Bellied_Flycatcher_0032_42578.jpg,0.3847984382324966,-0.2194959159372012,-0.31609771379389856
Yellow_Bellied_Flycatcher_0061_795479.jpg,0.5392173784142096,0.26740386308978026,0.3929569121760861
Yellow_Bellied_Flycatcher_0029_795483.jpg,0.39725016227433163,-0.1858641574263009,0.16707154116087075
Yellow_Bellied_Flycatcher_0025_795484.jpg,0.5795111681548968,0.3605824048576205,0.11345106050305218
Yellow_Bellied_Flycatcher_0001_795488.jpg,0.3659187233030866,-0.2864264541735393,0.1726257005243334
Yellow_Bellied_Flycatcher_0026_795489.jpg,0.44975915087214213,-0.016155893155602508,-0.030655738786414
Yellow_Bellied_Flycatcher_0017_795490.jpg,0.4014677510890706,-0.1648209759639785,0.5465637204492373
Yellow_Bellied_Flycatcher_0007_795491.jpg,0.6041026055769795,0.4751647237871277,0.2217626440882253
Yellow_Bellied_Flycatcher_0053_795493.jpg,0.404090344364483,-0.14855202681803426,0.42759686277228703
Yellow_Bellied_Flycatcher_0015_795504.jpg,0.26937891421795146,-0.6268903739386296,0.10856411861339287
Yellow_Bellied_Flycatcher_0055_795507.jpg,0.511678824076342,0.18212226687841837,0.17963702889626662
Yellow_Bellied_Flycatcher_0046_795508.jpg,0.553514645959419,0.2958987459289454,0.19606714424341526
Yellow_Bellied_Flycatcher_0066_795514.jpg,0.3294089736623623,-0.40520471934039803,0.21036789272224027
Yellow_Bellied_Flycatcher_0005_42627.jpg,0.3455489331534338,-0.3601876833892941,0.46723600414268235
Yellow_Bellied_Flycatcher_0065_42635.jpg,0.35743453954965687,-0.3073307587655163,0.3545122636811728
Yellow_Bellied_Flycatcher_0028_42639.jpg,0.2794672493990934,-0.5812633182737874,0.5013493397571398
Yellow_Bellied_Flycatcher_0027_42649.jpg,0.4083857764938994,-0.14370946052309774,-0.29274697203843664
Yellow_Bellied_Flycatcher_0014_42608.jpg,0.29147316066915885,-0.5468716904045918,0.6168812883074577
Yellow_Bellied_Flycatcher_0033_42695.jpg,0.5567241133391342,0.32882932670061404,0.14142448571001964
Yellow_Bellied_Flycatcher_0024_42616.jpg,0.3967484625416168,-0.17818365420865745,0.08672506681243014
Yellow_Bellied_Flycatcher_0060_42595.jpg,0.49116611511883956,0.10052440407967289,0.41918515140509566
Yellow_Bellied_Flycatcher_0039_795471.jpg,0.3371690433901924,-0.382287072656466,0.15447076258450015
Yellow_Bellied_Flycatcher_0011_42734.jpg,0.4998466252577203,0.1587706814169071,0.3524826896077747
Frigatebird_0089_43013.jpg,0.4234462956331667,-0.06689242264286688,0.11713584994631868
Frigatebird_0054_43019.jpg,0.45462794466465317,0.041387968438214684,-0.20434763863197064
Frigatebird_0069_43541.jpg,0.5292589879780034,0.22915106003488583,-0.2652808501386677
Frigatebird_0074_43035.jpg,0.5701757808431412,0.37975248769616565,0.4109172025642648
Frigatebird_0122_43549.jpg,0.5677343921156959,0.3723878386454048,0.6679081206441252
Frigatebird_0073_43038.jpg,0.350699338507403,-0.32061365004365916,0.45225745743529056
Frigatebird_0034_43053.jpg,0.4294032256141965,-0.041373418861101685,0.06747244139017113
Frigatebird_0060_43054.jpg,0.3991450318800689,-0.17140656517621933,0.15340691572801504
Frigatebird_0097_43567.jpg,0.6322043827942905,0.504085724663712,0.35548361363069986
Frigatebird_0096_43571.jpg,0.4466683983563089,-0.008875895833575509,0.5162393192313897
Frigatebird_0091_43066.jpg,0.4925520809856486,0.12641463879341863,0.3575211352608557
Frigatebird_0050_43084.jpg,0.4332554986537046,-0.0359048378571738,0.30682851543163536
Frigatebird_0023_43110.jpg,0.5473946368637614,0.28933044875097236,0.07654814127545698
Frigatebird_0015_43132.jpg,0.5145033799979382,0.21483772691427694,-0.3318114722120431
Frigatebird_0016_43159.jpg,0.43688261333343237,-0.04322239448137011,0.4627062932476559
Frigatebird_0129_43183.jpg,0.46152579304135455,0.04677620254770698,-0.12521939022488585
Frigatebird_0118_43189.jpg,0.3725534183174022,-0.2530454943614515,0.6545237835019145
Frigatebird_0062_43193.jpg,0.5704687100918946,0.34535482219394875,0.09898182226129532
Frigatebird_0088_43201.jpg,0.5168466232429552,0.20062923639241914,0.22205908851894846
Frigatebird_0092_43206.jpg,0.4751637373466431,0.09729409198987848,0.01606032548954854
Frigatebird_0098_43207.jpg,0.6295555579429766,0.49896785357283124,0.47842250846038525
Frigatebird_0011_43213.jpg,0.3629353608768836,-0.28441204371378337,0.14712902180970228
Frigatebird_0058_43251.jpg,0.448069606921497,0.007532675638403097,0.3702010119270693
Frigatebird_0081_42779.jpg,0.6653108231167493,0.5953600820706331,0.25085469948035816
Frigatebird_0120_43300.jpg,0.3631974956690489,-0.2781318315496675,0.2722095468623199
Frigatebird_0121_42791.jpg,0.5657674924011237,0.3416475508214897,0.06781153581377539
Frigatebird_0063_42812.jpg,0.49898976758651603,0.1286101702641005,0.4710716629468191
Frigatebird_0019_43348.jpg,0.3825276891547421,-0.22256573855544914,0.026743547600111675
Frigatebird_0052_43411.jpg,0.3762566402414398,-0.2424457225545935,0.657200665096773
Frigatebird_0031_42979.jpg,0.518203668026868,0.21259204817679855,0.17228509407885742
Northern_Fulmar_0033_43794.jpg,0.47210776653568076,0.06429949831000659,0.16600054353453744
Northern_Fulmar_0103_44062.jpg,0.4458926605077689,-0.034622011692314825,0.13642633297544274
Northern_Fulmar_0045_43581.jpg,0.5185501147633356,0.2165397009854343,0.036205102030999095
Northern_Fulmar_0053_43843.jpg,0.47174445851321356,0.08926425073774646,0.057770305332697426
Northern_Fulmar_0038_43846.jpg,0.3463596840546266,-0.3191401146623951,-0.46909880956855654
Northern_Fulmar_0091_44120.jpg,0.6193322953879495,0.4700664552577398,-0.1684222087322268
Northern_Fulmar_0097_43865.jpg,0.38951223214420516,-0.19642087034197742,-0.016558927369667922
Northern_Fulmar_0090_43867.jpg,0.30818172868177773,-0.47536482841315797,0.11268007750375882
Northern_Fulmar_0012_44131.jpg,0.30849679226122395,-0.481135572420075,0.07724706661384932
Northern_Fulmar_0056_43880.jpg,0.42836884117061746,-0.09287180576153209,0.4494487956119784
Northern_Fulmar_0063_43631.jpg,0.4832797708184694,0.07282491432253202,0.10683069149540578
Northern_Fulmar_0008_43647.jpg,0.3834838818410201,-0.22037833273668528,0.14293502423555524
Northern_Fulmar_0049_43906.jpg,0.353995255597479,-0.34139882646444475,-0.4464211884801599
Northern_Fulmar_0096_43654.jpg,0.46632127269457235,0.037836116518985,-0.000747649071064415
Northern_Fulmar_0015_43658.jpg,0.32726510977911083,-0.4193025439582412,0.4605165544774308
Northern_Fulmar_0016_43958.jpg,0.49474265578215326,0.14417219391471037,0.389115689342373
Northern_Fulmar_0027_43705.jpg,0.4712347337369309,0.04755321614896102,0.16936046996217977
Northern_Fulmar_0064_43710.jpg,0.30704912854706246,-0.48498568409704923,0.3812954553289788
Northern_Fulmar_0037_43712.jpg,0.5255023001290188,0.21339276433471766,0.3329139688087641
Northern_Fulmar_0036_43718.jpg,0.4265951825655434,-0.08116660555904809,0.10645015331744835
Northern_Fulmar_0077_43730.jpg,0.5239743081003598,0.24316733507150745,-0.20729643768811207
Northern_Fulmar_0042_43739.jpg,0.5336664139213624,0.23705299127188206,0.05256433548469376
Northern_Fulmar_0021_43743.jpg,0.6178166245448264,0.4962804386781714,-0.0023624768041803227
Northern_Fulmar_0078_43985.jpg,0.47073088225914894,0.05873176437751748,0.45326068955945914
Northern_Fulmar_0001_43749.jpg,0.40147909977955487,-0.17126161437950316,0.3902156669713809
Northern_Fulmar_0031_43750.jpg,0.5436257458350797,0.2786187072268559,0.1456112718754304
Northern_Fulmar_0052_43857.jpg,0.3388074209930456,-0.37954007296935255,0.14988695440358796
Northern_Fulmar_0028_43752.jpg,0.6100466229503645,0.4613644842053084,0.013669118408821151
Northern_Fulmar_0011_43769.jpg,0.5758971074466059,0.3869718713981367,0.03791708731449309
Northern_Fulmar_0018_43771.jpg,0.4385586572142858,-0.056038661127545186,0.10847629159173384
Gadwall_0022_31616.jpg,0.61794446617856,0.46653648736947173,0.42306904844522286
Gadwall_0019_30984.jpg,0.47029735562586594,0.032385737990515695,-0.14463875593558942
Gadwall_0058_31660.jpg,0.45033877456811555,-0.017719387407642673,-0.045476668451689566
Gadwall_0080_31747.jpg,0.46017259668552524,0.05490770501556541,-0.048204514669847216
Gadwall_0040_31788.jpg,0.534402963646289,0.22322855428328214,0.30356601315890386
Gadwall_0007_31537.jpg,0.36346898564581864,-0.2964956794776954,0.007850645303587374
Gadwall_0004_31669.jpg,0.5080281641322713,0.18216067870905928,0.3356523917983218
Gadwall_0082_31301.jpg,0.3973648237904511,-0.21072455578551486,0.28181302050468615
Gadwall_0079_31052.jpg,0.6326119406000423,0.5039835782489139,0.2596393764193272
Gadwall_0087_31821.jpg,0.518976229681051,0.18522658114308477,-0.06712849689424594
Gadwall_0014_31570.jpg,0.4175734191584497,-0.13993838007137893,-0.036091241415306896
Gadwall_0041_31064.jpg,0.5134568812013696,0.2088386698984006,0.4503349228191209
Gadwall_0092_31162.jpg,0.5645979484133175,0.3201267259123266,0.19237027224256426
Gadwall_0009_31847.jpg,0.6266923246449976,0.4914339841711969,0.3049948392831488
Gadwall_0088_31854.jpg,0.5169518596057563,0.16189776957993063,0.18243344485939045
Gadwall_0047_31360.jpg,0.44935939831038807,-0.019676097419245586,-0.07986086147926542
Gadwall_0028_31623.jpg,0.5841970539852757,0.367345179938819,0.27675901420111937
Gadwall_0085_31171.jpg,0.608497301440008,0.4382533408328886,0.26665466197366827
Gadwall_0059_31646.jpg,0.5384987460409294,0.23240886534597371,0.16812140054710023
Gadwall_0068_30886.jpg,0.5112633972164644,0.15880909872719506,0.1878437292207366
Gadwall_0093_30898.jpg,0.4581061504391005,0.005684226736434872,0.22821639999666288
Gadwall_0010_31158.jpg,0.44474853829472116,-0.04396535978222693,-0.01994426575587855
Gadwall_0095_30911.jpg,0.5184492511785901,0.1837593797789432,0.4528389202900595
Gadwall_0055_30912.jpg,0.4900379909478313,0.10450626103706673,0.054242083192353824
Gadwall_0065_31659.jpg,0.4641785620507668,0.002093776497912536,-0.033722429647715976
Gadwall_0052_30915.jpg,0.49552632862617374,0.13180986511603543,0.0648245805300098
Gadwall_0050_31223.jpg,0.5903024831488908,0.39111868517288495,0.3569305199096905
Gadwall_0025_30933.jpg,0.4831839596189874,0.1017512656799433,-0.0065999267883369295
Gadwall_0027_30966.jpg,0.4725130631804728,0.050681950992305214,0.38906622419191994
Gadwall_0013_31020.jpg,0.4330659229185553,-0.057583149434762726,0.10020979553699245
American_Goldfinch_0074_32265.jpg,0.5336993167421463,0.24060844255498848,0.45825955601818663
American_Goldfinch_0136_32277.jpg,0.43943743613171726,-0.025244762498681572,0.40402679463465435
American_Goldfinch_0061_32281.jpg,0.5607919055507322,0.3085619458499673,0.36756932777666507
American_Goldfinch_0084_32295.jpg,0.42264331679497513,-0.08788102236524487,0.27760923514399394
American_Goldfinch_0040_32323.jpg,0.43894722029697264,-0.06359862410981454,-0.19281040995664647
American_Goldfinch_0018_32324.jpg,0.5279179549960871,0.2565966379725618,0.5160735218812191
American_Goldfinch_0012_32338.jpg,0.43333052703150776,-0.0428099898675216,0.0424155424994401
American_Goldfinch_0115_32362.jpg,0.45276010411646084,0.0015351225522713952,0.6466860345193062
American_Goldfinch_0049_31889.jpg,0.640392053726582,0.5324648937143351,0.28852074349953005
American_Goldfinch_0082_31890.jpg,0.4688416354629039,0.04486889619863488,-0.009938659653915742
American_Goldfinch_0090_31893.jpg,0.37630582317619954,-0.25797914988319115,-0.18896302414834298
American_Goldfinch_0004_31903.jpg,0.6365180457390465,0.5191690187980789,0.47474675708424624
American_Goldfinch_0036_31910.jpg,0.34231614193220994,-0.3687886548003618,0.5151479452408003
American_Goldfinch_0050_31913.jpg,0.5711512218825123,0.34647649332265495,0.6572450664429704
American_Goldfinch_0062_31921.jpg,0.47377097801561774,0.08298894651650157,0.291743099026801
American_Goldfinch_0032_31922.jpg,0.3248582177582534,-0.42739356927422256,0.032254069043453515
American_Goldfinch_0034_32371.jpg,0.4594171073860458,0.021723559227134537,0.6547685636786058
American_Goldfinch_0116_31943.jpg,0.4671443631793907,0.048120866982750976,0.13384813116988747
American_Goldfinch_0108_32974.jpg,0.49022736494850183,0.10709336712174566,-0.2128272511080882
American_Goldfinch_0042_31979.jpg,0.5670092059943118,0.34289024671833035,0.3268146352545562
American_Goldfinch_0123_32505.jpg,0.37957838117538867,-0.22091984383714403,-0.12791181118669945
American_Goldfinch_0131_32911.jpg,0.4391143803114179,-0.04950738445529934,0.719931339340806
American_Goldfinch_0107_32618.jpg,0.5694025681423444,0.34267940461423085,0.5278608365925748
American_Goldfinch_0022_32111.jpg,0.640715798465962,0.5278932261704332,0.41412955978121996
American_Goldfinch_0129_32625.jpg,0.3396864667829903,-0.37603126664840003,0.39152403680837256
American_Goldfinch_0064_32142.jpg,0.5325288903642236,0.26304400708505127,0.3481668651932886
American_Goldfinch_0118_32210.jpg,0.5109356467675711,0.16491607284297005,0.5595059417547379
American_Goldfinch_0029_32218.jpg,0.5510721086182524,0.299831581385558,0.44931353876820274
American_Goldfinch_0103_32225.jpg,0.3752469168258993,-0.25186823975811445,0.3974185367164796
American_Goldfinch_0105_32238.jpg,0.41701833416166423,-0.09299930216295471,0.24130794290234445
European_Goldfinch_0073_794633.jpg,0.42488141950971514,-0.05261000166481411,0.1560986093877209
European_Goldfinch_0104_794634.jpg,0.6243949496766856,0.4882820672489374,0.4051533603441152
European_Goldfinch_0067_794637.jpg,0.5332177071992912,0.2556414064570256,-0.05283596259181004
European_Goldfinch_0017_794638.jpg,0.706639820445697,0.6792236867437174,0.5062329856713773
European_Goldfinch_0036_794642.jpg,0.3625466710994292,-0.27728425063990403,0.3149531280883398
European_Goldfinch_0040_794643.jpg,0.3415214828496941,-0.36061426666148977,0.21454968897316756
European_Goldfinch_0020_794644.jpg,0.33081723291916554,-0.37110798116030286,0.21423987579167245
European_Goldfinch_0048_794656.jpg,0.5076982437316062,0.15156048072509154,-0.13226027442117988
European_Goldfinch_0075_794660.jpg,0.5713487315433579,0.3439255173272475,0.362040063865849
European_Goldfinch_0058_794665.jpg,0.5599289981479005,0.3069680369479153,0.3677062005603485
European_Goldfinch_0080_33322.jpg,0.5401752990621622,0.2933559884391248,0.4386496180482688
European_Goldfinch_0092_794671.jpg,0.4624406214941911,0.022290156260205474,0.3961596130079232
European_Goldfinch_0094_794673.jpg,0.42629914666213375,-0.09853499077650718,0.3687584271467357
European_Goldfinch_0022_794674.jpg,0.500255087279629,0.16517960374990748,0.5878613903611846
European_Goldfinch_0038_794675.jpg,0.5135831805862363,0.19779809576290375,0.17371084716274163
European_Goldfinch_0047_33332.jpg,0.34559715740628594,-0.3158029426779414,0.4712073510915799
European_Goldfinch_0085_794682.jpg,0.5184533999413508,0.21519667761953787,0.3870185959172076
European_Goldfinch_0077_33346.jpg,0.45191334250391,0.022193987841125917,-0.2358800417138047
European_Goldfinch_0087_794693.jpg,0.5117684406170817,0.18763770207288777,0.08133872571247842
European_Goldfinch_0070_33084.jpg,0.3928840512200418,-0.170087530400854,0.5900376910852493
European_Goldfinch_0106_33298.jpg,0.4495418998691073,0.025059208280784118,0.31967243368735737
European_Goldfinch_0037_33149.jpg,0.44428298857446347,-0.026900298416312918,-0.06850098444877693
European_Goldfinch_0108_33176.jpg,0.3218314352814837,-0.4135825787196761,0.1611507172765911
European_Goldfinch_0081_33259.jpg,0.5774187517133068,0.3734823768881612,0.06996682676815004
European_Goldfinch_0011_794676.jpg,0.42501735651443473,-0.08840777175563885,0.2586699043864541
European_Goldfinch_0062_794657.jpg,0.4711738520438439,0.050621717851785264,0.5471301484859208
European_Goldfinch_0084_33147.jpg,0.4507748966188774,-0.005029096190623861,0.2460428509509948
European_Goldfinch_0034_33256.jpg,0.4567598372849432,0.04277785026102099,0.5197689215981353
European_Goldfinch_0005_33263.jpg,0.4980921494690428,0.12513080661504183,-0.4958163489021508
European_Goldfinch_0089_33279.jpg,0.5140627199913914,0.1903065678977105,0.584019285221658
Boat_Tailed_Grackle_0096_33801.jpg,0.2913444785896646,-0.542494378839294,-0.23711409508385536
Boat_Tailed_Grackle_0116_33808.jpg,0.5377718214573817,0.25307409790217783,-0.21123506246391738
Boat_Tailed_Grackle_0066_33368.jpg,0.49963420127808,0.12649603400066045,-0.09958539225856344
Boat_Tailed_Grackle_0095_33568.jpg,0.313588398805541,-0.4603977413671807,-0.3508309672504718
Boat_Tailed_Grackle_0075_33839.jpg,0.486156663894574,0.08756688536289503,-0.3013013420138711
Boat_Tailed_Grackle_0060_33589.jpg,0.4100756488490558,-0.15128466319580203,0.1607787709667787
Boat_Tailed_Grackle_0051_33600.jpg,0.4240853176127424,-0.09636443487266377,0.05935499368935417
Boat_Tailed_Grackle_0004_33858.jpg,0.5334613048782337,0.2671073501852368,-0.4839370331535046
Boat_Tailed_Grackle_0083_33590.jpg,0.38653740019056737,-0.20581686062117988,-0.19370802385011396
Boat_Tailed_Grackle_0125_33867.jpg,0.42829521619310107,-0.06871030063216255,-0.08740674001454478
Boat_Tailed_Grackle_0087_33369.jpg,0.5002650700015934,0.128508167925808,-0.15559143239445078
Boat_Tailed_Grackle_0009_33373.jpg,0.44356674017195485,-0.019150860147616022,-0.0785910157227869
Boat_Tailed_Grackle_0054_33633.jpg,0.4548127911825698,-0.01232159660930554,0.0095184922180853
Boat_Tailed_Grackle_0024_33393.jpg,0.45807482416172474,-0.012806459866128383,-0.2539992402845807
Boat_Tailed_Grackle_0108_33398.jpg,0.44062943802555044,-0.031053025542333357,-0.0304054318705871
Boat_Tailed_Grackle_0052_33676.jpg,0.405972577428083,-0.16751702529483192,0.16638288840636214
Boat_Tailed_Grackle_0049_33422.jpg,0.4378455991431812,-0.06001580970726872,-0.3263196517457094
Boat_Tailed_Grackle_0065_33423.jpg,0.39060807644205386,-0.21172812019519016,-0.2938357460127554
Boat_Tailed_Grackle_0069_33685.jpg,0.5374119303075717,0.2435012984660333,0.3107067812734923
Boat_Tailed_Grackle_0019_33687.jpg,0.5173336454393325,0.21510707939767537,0.2516827440328367
Boat_Tailed_Grackle_0088_33448.jpg,0.4720404653706446,0.04669083472216806,0.050134206880267505
Boat_Tailed_Grackle_0099_33455.jpg,0.3960157135592487,-0.18320759603174364,0.12269119442228282
Boat_Tailed_Grackle_0101_33611.jpg,0.49255913997613987,0.12398960466193087,0.41491385686982796
Boat_Tailed_Grackle_0014_33485.jpg,0.370338467556929,-0.26963370359532,-0.265029453933663
Boat_Tailed_Grackle_0012_33998.jpg,0.3903379007525042,-0.2142386816997277,0.24484772564211124
Boat_Tailed_Grackle_0035_33750.jpg,0.5057429380999012,0.1654470605009758,-0.1799275361840363
Boat_Tailed_Grackle_0091_33504.jpg,0.4623049502516017,0.0025760143765126697,-0.30840716511481175
Boat_Tailed_Grackle_0122_34023.jpg,0.40283674488242904,-0.15772383973056936,-0.0967953386225047
Boat_Tailed_Grackle_0055_33774.jpg,0.5022756686355052,0.14500789144492476,-0.21144729131423198
Boat_Tailed_Grackle_0105_33663.jpg,0.4127598748897813,-0.11773070292492327,0.05783920916321242
Eared_Grebe_0036_34048.jpg,0.3969842912748168,-0.19474745106891844,0.43179055135773
Eared_Grebe_0065_34049.jpg,0.5671800092727588,0.32606055836372694,0.46026585474733595
Eared_Grebe_0063_34054.jpg,0.34828156647959985,-0.3464983365374683,0.3614564900668939
Eared_Grebe_0071_34311.jpg,0.3649355681332366,-0.27262641293830403,0.5417859341390697
Eared_Grebe_0085_34063.jpg,0.36726739520893414,-0.27969457702696277,-0.06866641170755375
Eared_Grebe_0086_34064.jpg,0.4129574705908424,-0.13446730082891567,0.3102910084229299
Eared_Grebe_0032_34078.jpg,0.42943998829876906,-0.06087868980165112,0.5828184893883079
Eared_Grebe_0049_34100.jpg,0.4073378668988611,-0.1387568913992232,0.32993086731985327
Eared_Grebe_0018_34357.jpg,0.5327277325204897,0.27886175289644266,0.4865403705884119
Eared_Grebe_0084_34364.jpg,0.4447668072166544,-0.011019394659648185,0.36611906566062935
Eared_Grebe_0075_34115.jpg,0.498509888109514,0.1474674403671018,0.4457391367540976
Eared_Grebe_0042_34132.jpg,0.32320617883299296,-0.41643760865296,-0.05429264386100236
Eared_Grebe_0060_34133.jpg,0.407657610743712,-0.14740769769575168,0.2905848167491986
Eared_Grebe_0035_34137.jpg,0.4869616319455088,0.0894776156532322,0.1723544103213621
Eared_Grebe_0081_34153.jpg,0.4883145433315058,0.0803635167877701,-0.31586538454327057
Eared_Grebe_0037_34169.jpg,0.3851361348007083,-0.2283647740700121,0.28760987955176404
Eared_Grebe_0043_34427.jpg,0.4847143142198046,0.09203298255929038,0.30731675550191323
Eared_Grebe_0048_34175.jpg,0.45753875641932573,0.018995263389472994,0.37796489994601895
Eared_Grebe_0001_34433.jpg,0.396524120541608,-0.18806358546435242,-0.09819151801765023
Eared_Grebe_0069_34199.jpg,0.5241534473058977,0.2109165027341312,0.04840800904607126
Eared_Grebe_0047_34204.jpg,0.38349162187294705,-0.21147242067807537,0.20399265275208178
Eared_Grebe_0054_34289.jpg,0.48342996200907973,0.08651447055246675,-0.1973357942635012
Eared_Grebe_0080_34223.jpg,0.39028553916892084,-0.20069820294449348,0.12110826228661199
Eared_Grebe_0082_34227.jpg,0.573470982902226,0.3569294736063131,0.13714349827390154
Eared_Grebe_0007_34236.jpg,0.4235947526550561,-0.10121668910080572,0.20115147954034734
Eared_Grebe_0074_34238.jpg,0.4505739816603792,-0.005124447596247084,0.3010434675946405
Eared_Grebe_0009_34244.jpg,0.5739439623911564,0.35177099404838763,0.18806278291779838
Eared_Grebe_0039_34257.jpg,0.3813494957803273,-0.24420488616952563,0.5650773689806035
Eared_Grebe_0031_34262.jpg,0.4483298930130887,-0.03017403146681974,0.02550380533318703
Eared_Grebe_0057_34274.jpg,0.6197689359882446,0.47246743889055887,0.2466520478021689
Horned_Grebe_0050_34561.jpg,0.3787153561503753,-0.245648184541299,0.19450738046935803
Horned_Grebe_0058_34568.jpg,0.42358919881024315,-0.10389627514793709,0.3445408669320846
Horned_Grebe_0077_34587.jpg,0.5299146910479794,0.2114754087084365,0.027260875985899297
Horned_Grebe_0057_34590.jpg,0.4822554673758994,0.10697436415959938,0.22529846391559938
Horned_Grebe_0071_35078.jpg,0.496805858012097,0.1168558282157679,0.5085479861885451
Horned_Grebe_0106_35112.jpg,0.49276275686048554,0.11853857175140448,0.27959629414963766
Horned_Grebe_0045_34859.jpg,0.44859093045068965,0.002907562991117829,0.22274693914144766
Horned_Grebe_0061_34613.jpg,0.5882262451667823,0.3894913637885805,0.3084637209896648
Horned_Grebe_0051_35143.jpg,0.4991273300354846,0.13838821032777981,0.3407424150250771
Horned_Grebe_0067_34654.jpg,0.5293216909796539,0.2494735239729029,0.2589885287083841
Horned_Grebe_0005_34657.jpg,0.39572843702735405,-0.18865770325946363,0.5368202106099182
Horned_Grebe_0084_34936.jpg,0.40503153387794477,-0.17962300958662492,-0.07999477312941074
Horned_Grebe_0009_34952.jpg,0.38231028344532436,-0.24156364007725362,-0.015466965939225866
Horned_Grebe_0096_34452.jpg,0.43458935229918305,-0.026323125430576244,0.12607886442826927
Horned_Grebe_0063_34966.jpg,0.44809678844403045,0.007684921744021689,0.5470520372287541
Horned_Grebe_0014_34968.jpg,0.42123135761813546,-0.09746110176881095,0.17685702191783317
Horned_Grebe_0085_34713.jpg,0.5299203120139243,0.21619574615727477,0.2457471662199656
Horned_Grebe_0100_34462.jpg,0.4859281045030027,0.08921578784179174,-0.22101668285904658
Horned_Grebe_0001_34723.jpg,0.5136137836021446,0.1751914201356003,0.10558785860159772
Horned_Grebe_0082_34725.jpg,0.5530105064916229,0.28373932859383955,0.490832309184794
Horned_Grebe_0010_34716.jpg,0.4179007296272367,-0.11705283318230864,0.22880291762229119
Horned_Grebe_0069_34990.jpg,0.5408982495106167,0.2565753682797204,0.23785055073588063
Horned_Grebe_0095_34491.jpg,0.5133108098851622,0.20225636515183998,0.3591701300283958
Horned_Grebe_0110_35012.jpg,0.6195742609697251,0.4684869338438562,0.19413147362005237
Horned_Grebe_0064_35015.jpg,0.4816426874034916,0.08436694799345745,0.3871844788203932
Horned_Grebe_0053_34512.jpg,0.5065453731996171,0.16067885543688742,0.4539076462327449
Horned_Grebe_0008_34515.jpg,0.4537106364451219,0.00760538369109609,0.22754793818241856
Horned_Grebe_0114_34517.jpg,0.5659610527511618,0.35380069059202424,0.1261967839729089
Horned_Grebe_0062_34523.jpg,0.5789416589003002,0.36969513157839506,0.37927382540741555
Horned_Grebe_0029_34557.jpg,0.5234209773962348,0.2147809351524771,0.4306393673107141
Pied_Billed_Grebe_0038_35798.jpg,0.5645563236562563,0.32790440881648764,0.28023243531915154
Pied_Billed_Grebe_0037_35598.jpg,0.490495613541004,0.1379545528396049,0.0735582587957663
Pied_Billed_Grebe_0013_35882.jpg,0.6680123597569932,0.5878582893118935,0.2480801208262065
Pied_Billed_Grebe_0071_35386.jpg,0.481318529664556,0.09106471112593117,0.14785115672507826
Pied_Billed_Grebe_0007_35399.jpg,0.5745054437371637,0.35917871049185035,0.3960195934019122
Pied_Billed_Grebe_0040_35981.jpg,0.49547060323836234,0.13084419365029698,0.43485482518881846
Pied_Billed_Grebe_0078_35410.jpg,0.3814467566956523,-0.23274899446787822,-0.06181049414978773
Pied_Billed_Grebe_0106_35418.jpg,0.3383331077141971,-0.3783122349494994,-0.2254809756732729
Pied_Billed_Grebe_0004_35808.jpg,0.6258279588472231,0.48492809659454583,-0.07266494744190374
Pied_Billed_Grebe_0014_35424.jpg,0.47955501928188027,0.11102478625585688,0.26371910115807307
Pied_Billed_Grebe_0023_35687.jpg,0.6715691815920979,0.5998833831250769,0.12398096105201285
Pied_Billed_Grebe_0053_35262.jpg,0.5121407192799358,0.1907209417039637,-0.04417124880176511
Pied_Billed_Grebe_0020_35958.jpg,0.5605559952020176,0.3167516488457188,0.2176777112795595
Pied_Billed_Grebe_0045_35962.jpg,0.48998072605326193,0.11023548849739107,0.24925671204013672
Pied_Billed_Grebe_0065_35713.jpg,0.6244806839850842,0.48495188531820554,0.418669542554154
Pied_Billed_Grebe_0101_35464.jpg,0.5064925289287369,0.17117723240172755,-0.10160779711751233
Pied_Billed_Grebe_0067_35465.jpg,0.4251395124472205,-0.06981453676621752,0.15564494201522328
Pied_Billed_Grebe_0084_35863.jpg,0.5405721425440639,0.24844825840533724,0.17379903815055908
Pied_Billed_Grebe_0049_35980.jpg,0.5181878829982562,0.21204130802705146,0.11942736265209086
Pied_Billed_Grebe_0041_35224.jpg,0.5707002896481206,0.3504256833647511,0.2605728186855833
Pied_Billed_Grebe_0095_35496.jpg,0.5259872314236922,0.21877411855870865,-0.005304895415679885
Pied_Billed_Grebe_0030_35498.jpg,0.6138340387637118,0.4680641033348444,0.22527291153089118
Pied_Billed_Grebe_0055_35502.jpg,0.4707899430092938,0.04046558613097062,0.4479542530844368
Pied_Billed_Grebe_0059_35507.jpg,0.4799230708149582,0.09661280394092164,0.23716108076791134
Pied_Billed_Grebe_0035_35518.jpg,0.5754075716219902,0.3581526186321502,-0.07779352430286028
Pied_Billed_Grebe_0091_35276.jpg,0.37883969386931127,-0.21141630777513298,0.34457680162601784
Pied_Billed_Grebe_0029_35551.jpg,0.40563534305339166,-0.14462391487015824,0.09775883493867209
Pied_Billed_Grebe_0073_35553.jpg,0.5943875348737298,0.40070225843748986,0.2953193468973518
Pied_Billed_Grebe_0062_35955.jpg,0.5458218674480262,0.2698249794762885,-0.21485140168468422
Pied_Billed_Grebe_0056_35623.jpg,0.5086176811971354,0.15752284949087636,0.13461851396728577
Western_Grebe_0077_36355.jpg,0.44064775517412913,-0.027674421142336758,0.0813059076140672
Western_Grebe_0064_36613.jpg,0.36174976814345117,-0.2849961244118848,0.18735559766894616
Western_Grebe_0038_36363.jpg,0.3993173876869115,-0.16975050413440607,0.5304667157832826
Western_Grebe_0102_36116.jpg,0.3602582888347968,-0.2846227711792335,0.18069537378014336
Western_Grebe_0029_36379.jpg,0.44328639040102547,-0.023150791545048177,0.2786122961377232
Western_Grebe_0013_36383.jpg,0.5567329620640686,0.29647636901957053,0.4674758806877723
Western_Grebe_0033_36395.jpg,0.4602455379242608,0.038498063709196506,0.430251930151323
Western_Grebe_0048_36399.jpg,0.5043957061439855,0.1500365206222043,-0.09389968290408626
Western_Grebe_0089_36154.jpg,0.6110594445642816,0.44661696610597323,0.45859555989843337
Western_Grebe_0104_36164.jpg,0.4712197955243309,0.051676050825169684,-0.027676903511584548
Western_Grebe_0081_36578.jpg,0.4074750641351128,-0.13512148868670137,-0.020688703212209742
Western_Grebe_0090_36182.jpg,0.4305417039930467,-0.07375694204058902,0.5356340911741916
Western_Grebe_0044_36188.jpg,0.48976390862229935,0.11000532873800017,0.26617697362286646
Western_Grebe_0091_36194.jpg,0.4024294687630272,-0.15398999183182838,-0.018707987824423202
Western_Grebe_0009_36477.jpg,0.4079982340425904,-0.1352222253726174,0.39413921146326564
Western_Grebe_0083_36033.jpg,0.44061693166414484,-0.038634206167221574,0.33571817809299154
Western_Grebe_0020_36241.jpg,0.43744651132759127,-0.07160193247575153,0.5261034724959686
Western_Grebe_0051_36249.jpg,0.4628611220155703,0.023966993903896006,0.34458618713156874
Western_Grebe_0106_36509.jpg,0.4238879407402065,-0.11114589223883042,0.43726470714489674
Western_Grebe_0043_36183.jpg,0.4194711354781743,-0.10564398150169718,0.4895953275527317
Western_Grebe_0103_36515.jpg,0.5472914263533915,0.27425084858058413,0.4446912047442293
Western_Grebe_0002_36518.jpg,0.4863133427415468,0.0739555563273524,-0.1594950342117853
Western_Grebe_0036_36521.jpg,0.45225910589308427,0.007030437115019272,0.2608893673527681
Western_Grebe_0011_36522.jpg,0.35340063422158086,-0.3203804684206819,0.3778954273135844
Western_Grebe_0071_36536.jpg,0.4791360173097623,0.07891226916258964,0.29412269408317165
Western_Grebe_0021_36282.jpg,0.5069558361571993,0.1559696365479165,0.3769336696100132
Western_Grebe_0105_36542.jpg,0.509340536841451,0.17849440191801125,0.3317210299692195
Western_Grebe_0042_36035.jpg,0.438780335118809,-0.008275097947340493,0.5621293384179309
Western_Grebe_0087_36570.jpg,0.4897574250813256,0.13306682752725474,0.526268801391246
Western_Grebe_0049_36219.jpg,0.46033226185413023,0.029034337873777405,0.14350928119930453
Blue_Grosbeak_0061_36633.jpg,0.33485398496160457,-0.38059499202014746,0.1945926278606714
Blue_Grosbeak_0078_36655.jpg,0.33775464725089543,-0.3862623514600818,0.23808383405340228
Blue_Grosbeak_0074_37155.jpg,0.4501080233497581,-0.0013030111401446387,0.3571402022201733
Blue_Grosbeak_0042_36742.jpg,0.5288446752451792,0.2137503621166822,-0.08885376909597184
Blue_Grosbeak_0025_36646.jpg,0.37595726841365695,-0.26932889885798694,0.06091765430694217
Blue_Grosbeak_0109_36914.jpg,0.45194773814612166,-0.03870294893656401,0.17699795374238378
Blue_Grosbeak_0041_37174.jpg,0.42353415589399124,-0.07400793745418843,0.011460328715664724
Blue_Grosbeak_0049_37180.jpg,0.41214337134432466,-0.11168842899254305,-0.09346801717952125
Blue_Grosbeak_0112_36679.jpg,0.4825480114771403,0.08706105032410227,0.30768523403605164
Blue_Grosbeak_0024_36680.jpg,0.33782767922592283,-0.36573618568540045,-0.14165079836882702
Blue_Grosbeak_0071_36948.jpg,0.4861006229413486,0.0910654303778301,-0.005563090120396677
Blue_Grosbeak_0075_36963.jpg,0.29576976647320097,-0.5376485650326899,0.08730334910791719
Blue_Grosbeak_0014_36708.jpg,0.39720275159195284,-0.18041041582067918,0.2729821453976934
Blue_Grosbeak_0104_36984.jpg,0.42384515447517523,-0.07300435683300499,0.07589831159888141
Blue_Grosbeak_0015_36985.jpg,0.3807871092784899,-0.2532086004160663,-0.16930387866765492
Blue_Grosbeak_0106_36986.jpg,0.4664460029000508,0.07786569280754163,0.07079851970121251
Blue_Grosbeak_0085_36990.jpg,0.6000529051531118,0.4165044985754758,0.36488997487453156
Blue_Grosbeak_0082_36991.jpg,0.25693509558365135,-0.6745778546382819,0.2135852577495052
Blue_Grosbeak_0019_37205.jpg,0.47238304194749914,0.06580702949163175,0.10906406705735625
Blue_Grosbeak_0095_37007.jpg,0.36040247373207,-0.2902757566439953,0.30677360249957036
Blue_Grosbeak_0027_36703.jpg,0.35047685494310554,-0.3268153716350244,0.020908109690294906
Blue_Grosbeak_0081_37034.jpg,0.527958089418586,0.20312845434989135,0.17591340197260805
Blue_Grosbeak_0087_36780.jpg,0.3805363626615016,-0.24653792337190583,0.6203409405293717
Blue_Grosbeak_0048_36809.jpg,0.35383035488944015,-0.31754463384881126,0.5032196675057169
Blue_Grosbeak_0097_37067.jpg,0.3386794707418965,-0.3905316737440385,0.36387755340164324
Blue_Grosbeak_0022_37082.jpg,0.26354083128611183,-0.6380921267484425,-0.020809464898753453
Blue_Grosbeak_0002_36648.jpg,0.41510703454541065,-0.12627902293819537,0.32813700428883463
Blue_Grosbeak_0057_37116.jpg,0.38503862018304436,-0.21619079445371092,0.04568148175152249
Blue_Grosbeak_0016_36862.jpg,0.3491039301494846,-0.33590239418126866,0.7086197348031404
Blue_Grosbeak_0046_37119.jpg,0.4090210731194226,-0.1490128462037843,0.3448813884968744
Evening_Grosbeak_0120_37378.jpg,0.4233806382878619,-0.08605472383958812,0.23588265851221152
Evening_Grosbeak_0017_37379.jpg,0.5462315215456464,0.2737310891708127,0.09958362532148922
Evening_Grosbeak_0141_37398.jpg,0.28615211337261315,-0.5783988527727282,0.19049997225881654
Evening_Grosbeak_0024_37404.jpg,0.4405747086628833,-0.012752791976694988,0.26148186494664544
Evening_Grosbeak_0063_37409.jpg,0.3932928761790958,-0.19501508970909498,0.20395336240230333
Evening_Grosbeak_0028_37410.jpg,0.43561460946117037,-0.0354828933348188,0.1526877261691202
Evening_Grosbeak_0114_37416.jpg,0.427566908793685,-0.05420133924624415,0.18408013072563928
Evening_Grosbeak_0040_37429.jpg,0.5359266739636802,0.2500271462190031,-0.11673386732010592
Evening_Grosbeak_0004_37960.jpg,0.39641867125156083,-0.17072173884755837,-0.21458865464655236
Evening_Grosbeak_0036_37978.jpg,0.6415945684994337,0.5338318261821307,0.3891828118510934
Evening_Grosbeak_0085_37487.jpg,0.4428747400671931,-0.04210623436353789,0.17988333631223502
Evening_Grosbeak_0053_38005.jpg,0.3932727207973534,-0.1829598203335887,0.4104393250878293
Evening_Grosbeak_0007_37312.jpg,0.5656737952573787,0.32441596242849313,0.014644883691274745
Evening_Grosbeak_0061_38026.jpg,0.4173473507186961,-0.09116085242652416,0.15698001243572424
Evening_Grosbeak_0098_37532.jpg,0.5494141408720916,0.28542855468083994,-0.07978381467639718
Evening_Grosbeak_0086_38048.jpg,0.4331447690330148,-0.05987853367652507,0.27489011733096097
Evening_Grosbeak_0078_38051.jpg,0.4650523768749695,0.024089261857769384,0.4364493972517445
Evening_Grosbeak_0077_38160.jpg,0.49954835519605667,0.14518029165127133,0.45391529213048487
Evening_Grosbeak_0003_37698.jpg,0.5635956682886818,0.3155177024043012,-0.23716905106428351
Evening_Grosbeak_0090_37225.jpg,0.4626430681512568,0.05166546579367193,0.42203540958793834
Evening_Grosbeak_0038_37228.jpg,0.43470343789990984,-0.03864696334646589,0.3312171244042747
Evening_Grosbeak_0025_37230.jpg,0.5162880530831129,0.188087637759902,0.19167775384384142
Evening_Grosbeak_0015_37238.jpg,0.3712246523928334,-0.25379802510888694,0.29227754506835146
Evening_Grosbeak_0031_37239.jpg,0.44542116063323245,-0.03980921184456232,0.5497888852636436
Evening_Grosbeak_0021_37789.jpg,0.47119599929151934,0.07758537574721858,0.40542433800183497
Evening_Grosbeak_0118_37299.jpg,0.5415267876004262,0.2691202403231068,0.32454352954743987
Evening_Grosbeak_0076_37818.jpg,0.40895040439988617,-0.1214645979246376,0.22115615905751865
Evening_Grosbeak_0129_37831.jpg,0.42983306971831603,-0.06162370398862449,0.2620130009962378
Evening_Grosbeak_0005_37331.jpg,0.42136713034663087,-0.08586345442315735,0.28056889471866703
Evening_Grosbeak_0050_37336.jpg,0.5318916421689224,0.2424785606142833,0.07479389144465058
Pine_Grosbeak_0039_38400.jpg,0.47591178018558167,0.08447628847365485,-0.10502531250398879
Pine_Grosbeak_0094_38912.jpg,0.2927716729910168,-0.5496887066640364,0.6604073493591169
Pine_Grosbeak_0024_38403.jpg,0.5795175395182142,0.3594638804355462,0.44313468157858577
Pine_Grosbeak_0077_38929.jpg,0.4598583742748189,0.012195279414387139,-0.0008888862878986671
Pine_Grosbeak_0056_38940.jpg,0.4750160593037608,0.06959511221943881,0.5051608021958264
Pine_Grosbeak_0042_38432.jpg,0.5088636502290991,0.17001173996545993,0.5994929413470781
Pine_Grosbeak_0096_38441.jpg,0.4293706619778772,-0.07514153168746063,0.09627721189975194
Pine_Grosbeak_0109_38451.jpg,0.4579436487965022,0.011085917481464258,0.28871447378697007
Pine_Grosbeak_0071_38207.jpg,0.4227854083205994,-0.08865805196191867,0.16422121411858417
Pine_Grosbeak_0032_38473.jpg,0.3697620120110433,-0.2713706237589686,0.5669273398290021
Pine_Grosbeak_0029_38995.jpg,0.4507151971392094,-0.015558299026790623,-0.2002501719644939
Pine_Grosbeak_0008_38486.jpg,0.4281689837840814,-0.07985423965617566,0.3974924130935604
Pine_Grosbeak_0016_38743.jpg,0.4233238415156043,-0.08368979867511261,0.4070337276978455
Pine_Grosbeak_0106_38218.jpg,0.40256750440970235,-0.17690950610251166,-0.1923423395323408
Pine_Grosbeak_0083_38508.jpg,0.3777099237481898,-0.24123586463970725,-0.34201293394294485
Pine_Grosbeak_0044_38766.jpg,0.37246819561840727,-0.2597155672606919,-0.0985258760117324
Pine_Grosbeak_0067_38524.jpg,0.4500279113016946,-0.002291069781167332,0.7467003778013142
Pine_Grosbeak_0055_38730.jpg,0.33768817515779626,-0.3918643248011142,0.06395378916816806
Pine_Grosbeak_0046_38275.jpg,0.44815793746770805,-0.04944279582246902,0.28094179043910855
Pine_Grosbeak_0108_38281.jpg,0.3635019834604728,-0.30894983966114564,0.5412479885228834
Pine_Grosbeak_0052_38804.jpg,0.5165286087847115,0.18934535105435624,-0.03908258103174424
Pine_Grosbeak_0053_38805.jpg,0.40706575752682383,-0.12604913844606047,0.31950854658177896
Pine_Grosbeak_0091_38811.jpg,0.498368672424672,0.15825562013791916,0.3173146503800378
Pine_Grosbeak_0034_38987.jpg,0.5641848086631622,0.3400786153406413,-0.34743106955026287
Pine_Grosbeak_0009_38609.jpg,0.39591748714525676,-0.19249613815600974,-0.39839275132441637
Pine_Grosbeak_0075_38619.jpg,0.3130825340260257,-0.4733755942096667,0.0854814197614377
Pine_Grosbeak_0018_38374.jpg,0.4840614167700037,0.10143082686765192,0.33966876398623247
Pine_Grosbeak_0021_38382.jpg,0.43226178609009736,-0.07067257336453059,0.08518226688752853
Pine_Grosbeak_0014_38398.jpg,0.5413844205859137,0.25382857081434307,0.41063305128990196
Pine_Grosbeak_0004_38396.jpg,0.4303650497974876,-0.07781547869993166,0.27706236128192147
Rose_Breasted_Grosbeak_0008_39481.jpg,0.45289980409670905,0.009366301989494286,0.07069260341004
Rose_Breasted_Grosbeak_0045_39489.jpg,0.3826518412733114,-0.21186880321309776,0.3974753414309798
Rose_Breasted_Grosbeak_0101_39495.jpg,0.37706331100600765,-0.220069815916619,0.639176127074197
Rose_Breasted_Grosbeak_0108_39000.jpg,0.4331585935649134,-0.03920222367021231,0.00384338142871999
Rose_Breasted_Grosbeak_0014_39037.jpg,0.5708426651108331,0.3436013118105731,0.5591492560469433
Rose_Breasted_Grosbeak_0052_39044.jpg,0.35040529574747836,-0.3112155246310224,0.6860450365389644
Rose_Breasted_Grosbeak_0059_39045.jpg,0.43778420857824696,-0.004487391366761795,0.3084793938501804
Rose_Breasted_Grosbeak_0103_39580.jpg,0.45640945652637976,0.01748292116368111,0.16131166903561778
Rose_Breasted_Grosbeak_0117_39601.jpg,0.5123061199610901,0.18438368563605168,0.2899877398284082
Rose_Breasted_Grosbeak_0033_39290.jpg,0.37577194477972464,-0.21630546118356953,-0.5772234114872168
Rose_Breasted_Grosbeak_0004_39143.jpg,0.31784575424481687,-0.43940779404535424,-0.22629645792340367
Rose_Breasted_Grosbeak_0055_39154.jpg,0.5136450419206577,0.21218682139595813,0.31796710014009416
Rose_Breasted_Grosbeak_0040_39689.jpg,0.32632185999923036,-0.40393775030960977,0.05602670339948081
Rose_Breasted_Grosbeak_0026_39191.jpg,0.44339817758326694,-0.0009300266492795473,0.613760189502176
Rose_Breasted_Grosbeak_0128_39204.jpg,0.37233559466423227,-0.24871258508350036,0.06403210445812131
Rose_Breasted_Grosbeak_0089_39211.jpg,0.3833532659162604,-0.19256442568505205,0.6682481962338086
Rose_Breasted_Grosbeak_0018_39731.jpg,0.475410606453032,0.05786954699432223,-0.24848203496898422
Rose_Breasted_Grosbeak_0003_39223.jpg,0.33356515252109087,-0.37445817107292356,0.23888325791279133
Rose_Breasted_Grosbeak_0010_39238.jpg,0.4673177938322364,0.04947691525789921,0.3804917192764402
Rose_Breasted_Grosbeak_0025_39252.jpg,0.49072488852228036,0.10959029817738697,0.39879654487637306
Rose_Breasted_Grosbeak_0069_39254.jpg,0.3602388343125591,-0.29185125596478256,0.5613272512071175
Rose_Breasted_Grosbeak_0032_39772.jpg,0.4765050001261586,0.08787798370523503,0.3498288560343001
Rose_Breasted_Grosbeak_0016_39265.jpg,0.5295770779455908,0.26699684212788477,0.2917853160193713
Rose_Breasted_Grosbeak_0028_39271.jpg,0.46628349681784864,0.05219884476124581,0.19995850135874088
Rose_Breasted_Grosbeak_0060_39279.jpg,0.4223288892937085,-0.07959512530590374,0.05985434202045302
Rose_Breasted_Grosbeak_0087_39280.jpg,0.3589855450060714,-0.2798873154192263,-0.27478647864224093
Rose_Breasted_Grosbeak_0122_39284.jpg,0.3084906059085223,-0.4638013927661859,0.1367375889016061
Rose_Breasted_Grosbeak_0051_39798.jpg,0.622448644932855,0.4863168991787826,0.18349052346885045
Rose_Breasted_Grosbeak_0126_39361.jpg,0.4095004508337684,-0.12177085569647383,0.4485299669678634
Rose_Breasted_Grosbeak_0110_39373.jpg,0.45564487711675694,0.007493057120949498,0.014798707687407833
Pigeon_Guillemot_0012_40236.jpg,0.4704136988230615,0.04492254200042356,-0.41458562124961684
Pigeon_Guillemot_0062_39853.jpg,0.5856529711464433,0.3856407752050225,-0.41530913784345597
Pigeon_Guillemot_0071_40216.jpg,0.4700795829741017,0.05937101222534347,-0.3172217096378679
Pigeon_Guillemot_0009_40218.jpg,0.5066732692093433,0.14602645054671992,0.373762866172191
Pigeon_Guillemot_0015_40232.jpg,0.4565038593403,0.008926042933859235,-0.1271025110126115
Pigeon_Guillemot_0108_40235.jpg,0.5330293990529134,0.22784346877868122,0.1589622614459979
Pigeon_Guillemot_0003_39986.jpg,0.43802804627584635,-0.07479881213742101,0.32272333138961706
Pigeon_Guillemot_0096_39995.jpg,0.5482457199743551,0.2761187739295531,0.3435267983921128
Pigeon_Guillemot_0013_40253.jpg,0.39130755173208864,-0.2227741780644521,-0.16184629688814017
Pigeon_Guillemot_0089_40008.jpg,0.4713547868173834,0.04866992295232786,-0.3500184889060606
Pigeon_Guillemot_0040_40270.jpg,0.48390567865467915,0.0925001602872485,-0.16989607733133066
Pigeon_Guillemot_0023_39829.jpg,0.4976623844828445,0.1357129942794587,0.00491065981767784
Pigeon_Guillemot_0042_40281.jpg,0.5083966603979,0.17063939925755223,0.07833511230880194
Pigeon_Guillemot_0082_40290.jpg,0.6020739345624178,0.4299320846104574,0.13589451368383226
Pigeon_Guillemot_0038_40035.jpg,0.6505092441012471,0.5486690294625536,0.004629280498210767
Pigeon_Guillemot_0030_40089.jpg,0.5556851842159323,0.31273385251079866,0.41432138378276545
Pigeon_Guillemot_0043_39861.jpg,0.5627417105213912,0.3166896223058451,0.09561473751645239
Pigeon_Guillemot_0109_39872.jpg,0.4318389753776791,-0.04406729803001053,-0.32383155280531417
Pigeon_Guillemot_0057_40130.jpg,0.5246011494539085,0.19350395491319972,-0.15637635401949504
Pigeon_Guillemot_0079_40389.jpg,0.6053513688838511,0.42647664011809494,0.3995485562003567
Pigeon_Guillemot_0052_40137.jpg,0.46342246164411893,0.016942443569665677,0.4269662939110277
Pigeon_Guillemot_0029_39889.jpg,0.4815849851793147,0.06713470330602533,0.30615514600055
Pigeon_Guillemot_0037_40149.jpg,0.5066748653049267,0.16665885450464157,-0.14082567139019792
Pigeon_Guillemot_0007_40313.jpg,0.370673097923658,-0.2579899548948874,0.12014637773690826
Pigeon_Guillemot_0087_39897.jpg,0.526944943956186,0.2173982128460572,0.23936834435703225
Pigeon_Guillemot_0075_40159.jpg,0.45076271138242086,-0.00592553909943172,0.13414472290791563
Pigeon_Guillemot_0100_40179.jpg,0.5131508813068588,0.15575301854164803,0.11778545517334998
Pigeon_Guillemot_0011_39935.jpg,0.5248338521127549,0.2101896612795594,0.3793123628176067
California_Gull_0131_40963.jpg,0.4197542297388843,-0.09995580911641522,0.3737964764738695
California_Gull_0067_40973.jpg,0.38144317782587056,-0.22558138626759638,0.5140254245334605
California_Gull_0102_40986.jpg,0.4606877099206472,0.001496743362392916,0.3307293932876162
California_Gull_0039_41034.jpg,0.42083833599709064,-0.07845263606746244,0.18497412709420052
California_Gull_0034_41548.jpg,0.38081847831124505,-0.21860792103358717,0.5247769543387392
California_Gull_0078_41550.jpg,0.3956384651566055,-0.1871400523216873,0.05482787869570721
California_Gull_0086_41040.jpg,0.47279900093810345,0.10299496733559765,0.381364837102804
California_Gull_0110_41063.jpg,0.4674317832407564,0.047187638452422354,0.14174447448700359
California_Gull_0037_41066.jpg,0.518442710314388,0.18211801425695362,0.2982898817098575
California_Gull_0027_41083.jpg,0.5358514780404096,0.235461747579353,0.34078880679466983
California_Gull_0048_41121.jpg,0.454843703636595,7.169350449742762e-05,0.2607561942180371
California_Gull_0101_41140.jpg,0.43236302893525946,-0.06971866971041174,-0.001619573220629668
California_Gull_0028_40666.jpg,0.34464388409412594,-0.3426380574574126,0.23868589040185012
California_Gull_0089_40716.jpg,0.6174372866403391,0.47007360304499357,0.2276370834851617
California_Gull_0010_40735.jpg,0.49520383746211316,0.11972491787766604,0.3029652951511513
California_Gull_0117_41292.jpg,0.40337207243187856,-0.16993649091855856,0.19856160999996156
California_Gull_0088_41296.jpg,0.5862875422048519,0.40053512394393864,0.19633793203860803
California_Gull_0001_40786.jpg,0.4554587220137588,0.011242913572051205,-0.002483546220064674
California_Gull_0081_41318.jpg,0.3455330022219083,-0.3526944785620483,0.1870890329877797
California_Gull_0091_41276.jpg,0.4825858747540963,0.1275302738573979,0.4863881500230159
California_Gull_0043_41326.jpg,0.48987514974840274,0.10369208260279483,0.06074345403288774
California_Gull_0123_41330.jpg,0.42360285017073973,-0.10980207455685842,0.21976512409534504
California_Gull_0132_40836.jpg,0.39851011426401217,-0.1640456850951777,0.1636816593387923
California_Gull_0030_41354.jpg,0.545028822122327,0.2697925746355938,0.16785201095998015
California_Gull_0058_40858.jpg,0.38080931443996946,-0.21465510767438145,0.3281652818307457
California_Gull_0038_40865.jpg,0.5814747340363886,0.36434398973813964,0.17429270005560268
California_Gull_0054_40871.jpg,0.3421501362804016,-0.34716751596489837,-0.1255048304579136
California_Gull_0026_41386.jpg,0.3684115518358133,-0.2860755573395879,0.6130353519454678
California_Gull_0014_40880.jpg,0.33102308380078016,-0.40961681953684614,0.010799685815686707
California_Gull_0087_40909.jpg,0.5266402029847499,0.2270695351898877,0.12465273796915091
Glaucous_Winged_Gull_0136_45059.jpg,0.5302527490091156,0.25542009813418654,0.03693121546464234
Glaucous_Winged_Gull_0007_44575.jpg,0.5192500207841004,0.20006210059655583,0.21662533770997602
Glaucous_Winged_Gull_0035_44576.jpg,0.46167240604149584,0.03735163740247982,0.03796602809290366
Glaucous_Winged_Gull_0118_2081.jpg,0.3929763537467934,-0.19176311594025863,0.38429416850227416
Glaucous_Winged_Gull_0102_44579.jpg,0.43946591454357886,-0.05520282083818273,0.008398273086515475
Glaucous_Winged_Gull_0112_44731.jpg,0.6035446929654912,0.4381559835089136,0.060338895020843955
Glaucous_Winged_Gull_0056_44658.jpg,0.5120573400701476,0.18996548658236156,0.09068298821323328
Glaucous_Winged_Gull_0124_44663.jpg,0.48957522479457705,0.1051604097414347,0.017411868502385866
Glaucous_Winged_Gull_0066_44669.jpg,0.4481926974909488,-0.007309292134225709,0.4284514381767206
Glaucous_Winged_Gull_0094_44696.jpg,0.5034616572411503,0.14535535155041168,-0.08576152444287931
Glaucous_Winged_Gull_0130_45210.jpg,0.5378546736755063,0.24052239756203886,0.28533427768499925
Glaucous_Winged_Gull_0015_44198.jpg,0.631446808482987,0.5107757775445123,-0.32079145170051065
Glaucous_Winged_Gull_0017_45224.jpg,0.46465417735721004,0.028545281184839455,0.1629539571373798
Glaucous_Winged_Gull_0101_44718.jpg,0.4210423462472682,-0.07572329869389405,-0.2276043756327075
Glaucous_Winged_Gull_0038_44719.jpg,0.5161600931982236,0.17796493069012853,-0.2216966613550672
Glaucous_Winged_Gull_0116_45236.jpg,0.4421270461775978,-0.044743534291636244,-0.19849760320423768
Glaucous_Winged_Gull_0022_44733.jpg,0.5533239220707581,0.2956662686615763,-0.24624592036588952
Glaucous_Winged_Gull_0076_44744.jpg,0.5051368489573895,0.1667102163029398,-0.0967722955099514
Glaucous_Winged_Gull_0084_44775.jpg,0.5144110974658591,0.22306901437189697,-0.2232145558777226
Glaucous_Winged_Gull_0117_44298.jpg,0.5462182795425621,0.2739855385808424,0.1896557030199736
Glaucous_Winged_Gull_0011_44827.jpg,0.5678888553948405,0.3220914022786209,0.35651786557542015
Glaucous_Winged_Gull_0090_44836.jpg,0.4909651374935392,0.12617655090192492,-0.06969990914781798
Glaucous_Winged_Gull_0061_44852.jpg,0.3752386903914534,-0.2622370674893122,0.07447294741675288
Glaucous_Winged_Gull_0111_44856.jpg,0.47692843162954246,0.07199178939304496,0.16061087463142448
Glaucous_Winged_Gull_0004_44361.jpg,0.5822908794332176,0.3630599228802618,0.26344852240632916
Glaucous_Winged_Gull_0053_44881.jpg,0.5034957475169377,0.15973435128683422,-0.07337516811019944
Glaucous_Winged_Gull_0013_44381.jpg,0.40686987261042806,-0.1483541060825948,-0.03955322121987685
Glaucous_Winged_Gull_0075_44455.jpg,0.49463965222513706,0.12270214226787302,0.13822621485440503
Glaucous_Winged_Gull_0082_44528.jpg,0.3922154635414018,-0.2239711184514961,-0.2854457971458322
Heermann_Gull_0093_45576.jpg,0.48909949606621195,0.12175083397114572,0.15250683927965328
Heermann_Gull_0018_45608.jpg,0.34277557382551105,-0.37270482781736214,-0.1608522193716832
Heermann_Gull_0109_45619.jpg,0.5742512537271582,0.3708526463584456,-0.09808559227333036
Heermann_Gull_0051_45622.jpg,0.4838493736690631,0.12923389525886098,0.19301210923836679
Heermann_Gull_0118_45626.jpg,0.378096746762145,-0.2504495261978308,0.041823410840989075
Heermann_Gull_0059_45642.jpg,0.48598524195904347,0.11297105620257952,0.060561766171467434
Heermann_Gull_0111_45652.jpg,0.449785028858119,-0.003393385639009372,0.11306157898421748
Heermann_Gull_0087_45658.jpg,0.47050371658365664,0.04581209999590219,0.150218078254724
Heermann_Gull_0023_45686.jpg,0.4040349237114236,-0.14444414148864793,-0.28880237187845886
Heermann_Gull_0034_45693.jpg,0.4338876240338332,-0.04983930838994133,-0.16742744493298012
Heermann_Gull_0071_45735.jpg,0.5126583859983136,0.16122934517749876,-0.16943660363947968
Heermann_Gull_0013_45771.jpg,0.5611543434834755,0.30978945568835115,0.502428913064524
Heermann_Gull_0138_45269.jpg,0.42315636671037704,-0.08474898771664141,0.19671489688141516
Heermann_Gull_0097_45783.jpg,0.4854206305821205,0.08039017806170246,-0.0294941178794405
Heermann_Gull_0033_45792.jpg,0.55059403269007,0.2702100438295353,-0.16382881545846512
Heermann_Gull_0075_45295.jpg,0.4361435729390596,-0.039558290406475516,0.1633131932333332
Heermann_Gull_0031_45822.jpg,0.4565285177031324,0.0034152312540166596,0.18281284489672042
Heermann_Gull_0090_45834.jpg,0.3295235451281625,-0.4082030088715256,-0.05205991592222076
Heermann_Gull_0074_45351.jpg,0.38368567264379094,-0.23479899499204193,-0.4074840909504296
Heermann_Gull_0027_45864.jpg,0.46809629865415614,0.02806914041972508,0.0035159174689730916
Heermann_Gull_0091_45363.jpg,0.45350872869165115,0.018241318223435887,0.3089875222427833
Heermann_Gull_0083_45879.jpg,0.37013227229376067,-0.23189251316189718,-0.16974949198856035
Heermann_Gull_0121_45375.jpg,0.5385469844942712,0.24278604775028179,0.22089310509794705
Heermann_Gull_0046_45888.jpg,0.5227568236124092,0.19656757469013675,0.06521037443758168
Heermann_Gull_0055_45901.jpg,0.49853520517350924,0.15371613803806272,-0.020408631146725944
Heermann_Gull_0133_45415.jpg,0.49355962153714306,0.12716875212662404,-0.14644048802716061
Heermann_Gull_0136_45416.jpg,0.5519453451911374,0.30178974218579546,0.04914604512114475
Heermann_Gull_0004_45936.jpg,0.47040042112359604,0.04153935150710775,-0.06971830345705225
Heermann_Gull_0110_45968.jpg,0.5891337781367892,0.40715263728513373,0.16126296706833732
Heermann_Gull_0001_45472.jpg,0.3678039329101994,-0.27774992617158323,0.1116670305484107
Herring_Gull_0049_46508.jpg,0.3844997468539745,-0.22387758672893776,-0.14818569661899167
Herring_Gull_0037_48655.jpg,0.41473998972061066,-0.10229711926520935,-0.19395921050437917
Herring_Gull_0115_47123.jpg,0.5147388556644118,0.20043296278793976,-0.002494180895495456
Herring_Gull_0070_46615.jpg,0.5814197530239845,0.3695607241386736,-0.00959852758172968
Herring_Gull_0083_48674.jpg,0.46108749266853,0.054345119060382197,-0.02895503897505277
Herring_Gull_0012_46654.jpg,0.45241506089375483,-0.0031394817388752383,0.1573527701509084
Herring_Gull_0001_48205.jpg,0.49530988133025666,0.11074221854105881,0.20063058028519115
Herring_Gull_0078_48718.jpg,0.5334148434521078,0.23715535879541338,-0.0871082779188119
Herring_Gull_0071_48751.jpg,0.4239542693135434,-0.11061474534093674,-0.1743778682348655
Herring_Gull_0145_46220.jpg,0.4601426875191067,0.02749236402054267,0.19552648892027952
Herring_Gull_0120_48822.jpg,0.5447455421824504,0.30445758517361166,-0.10271323813508672
Herring_Gull_0056_46783.jpg,0.4300776352227872,-0.06093086046566354,0.15625930320290463
Herring_Gull_0080_46806.jpg,0.45377560973166287,-0.020142265599214282,0.25022796858861346
Herring_Gull_0087_47841.jpg,0.48334107160402606,0.1131366796796065,0.04528388790620554
Herring_Gull_0098_46971.jpg,0.49546476629013847,0.12339562110867142,-0.017386529723875853
Herring_Gull_0045_46845.jpg,0.513228798789966,0.18288555726345912,-0.01243067447131489
Herring_Gull_0015_46353.jpg,0.3721719891270151,-0.25238787971617027,-0.20463306201930717
Herring_Gull_0058_47383.jpg,0.5077124246662202,0.1663898674039459,0.057313265143073305
Herring_Gull_0132_47395.jpg,0.4656522176905308,0.053217965715626425,-0.03275572505521132
Herring_Gull_0027_46389.jpg,0.34173418064035455,-0.375034656541789,0.07653148737982743
Herring_Gull_0068_46392.jpg,0.5838247727873114,0.37441043041677524,-0.11604787535816534
Herring_Gull_0055_47994.jpg,0.5838784935183998,0.38455635173508695,0.11378755550406122
Herring_Gull_0076_47497.jpg,0.4849707139505284,0.08906199093455591,0.09808731827304705
Herring_Gull_0138_48023.jpg,0.6036749003735535,0.4453063505086311,0.10899394614950064
Herring_Gull_0061_46501.jpg,0.37762254760852043,-0.2333925224410358,-0.47104553132188337
Herring_Gull_0103_45996.jpg,0.4975359096779073,0.11270390106464856,-0.26326950864867366
Herring_Gull_0082_47540.jpg,0.4204719110701146,-0.09857915231498549,0.18325314841633336
Herring_Gull_0016_48969.jpg,0.4795662650581076,0.054188978262104226,-0.14227386531570613
Herring_Gull_0093_46029.jpg,0.60278272794202,0.4292152140352583,0.06079246795143971
Herring_Gull_0102_48078.jpg,0.4246855716684014,-0.10231076235927605,-0.0006467589339645266
Ivory_Gull_0110_49408.jpg,0.4562902622674655,0.03833016704599279,0.2001885032178737
Ivory_Gull_0010_49169.jpg,0.5698113784352752,0.34319534324986634,0.3903088537981979
Ivory_Gull_0088_49177.jpg,0.44468207248899994,-0.016622947637663588,0.602988225575845
Ivory_Gull_0085_49456.jpg,0.40370210786620897,-0.16065896962693893,-0.11012947231606712
Ivory_Gull_0118_49191.jpg,0.3847870212008092,-0.21724001008372684,0.4415191942692436
Ivory_Gull_0024_49195.jpg,0.5752648026215657,0.3558564784518451,0.31635494632204586
Ivory_Gull_0086_49532.jpg,0.4095177364116135,-0.12733004946250492,0.33876687394221
Ivory_Gull_0087_49202.jpg,0.5167865881001241,0.20720511895439242,0.5602107408113449
Ivory_Gull_0062_49722.jpg,0.48361660215988034,0.09720883467209707,0.21260398685865453
Ivory_Gull_0092_49996.jpg,0.5448274842489202,0.29122873702131247,0.43903798259355215
Ivory_Gull_0080_49748.jpg,0.5219000419857982,0.19322889743371108,0.45726876943929085
Ivory_Gull_0014_48983.jpg,0.5308984529061744,0.2501246910862731,0.21424775518016312
Ivory_Gull_0050_49245.jpg,0.4975734758501341,0.1714749840517451,0.3784567383069828
Ivory_Gull_0004_49019.jpg,0.5899075090208132,0.408652377487255,0.025513284348505368
Ivory_Gull_0002_49788.jpg,0.6005827998989605,0.415351627718467,0.5034859346236275
Ivory_Gull_0101_49790.jpg,0.3290894288944608,-0.41134528079864285,0.11860277441305796
Ivory_Gull_0114_49535.jpg,0.4839096069802734,0.12946473386039703,0.3492322321186499
Ivory_Gull_0073_49287.jpg,0.5682251820627038,0.33172664676334185,0.2828533243827872
Ivory_Gull_0038_49298.jpg,0.5891524681484496,0.39475106285688766,0.4056823589172325
Ivory_Gull_0018_49988.jpg,0.5554424270038478,0.3063097234694613,0.3227126941695142
Ivory_Gull_0077_49051.jpg,0.5191883306237726,0.206444242486702,0.3833125472364881
Ivory_Gull_0093_49052.jpg,0.4877579760053452,0.08435915311900288,0.3547757231040788
Ivory_Gull_0032_49322.jpg,0.5390863796898546,0.24711847172231027,0.6254899407472633
Ivory_Gull_0094_49347.jpg,0.5411800662710653,0.2445227145288803,0.4091365828335254
Ivory_Gull_0108_49356.jpg,0.5589350397164408,0.3052041842974851,0.42768966073086323
Ivory_Gull_0007_49364.jpg,0.5889316974123044,0.3869107918999294,0.2583259197592321
Ivory_Gull_0026_49466.jpg,0.4071549158243448,-0.16241980744893558,0.2593087694787066
Ivory_Gull_0023_49385.jpg,0.5259831605636636,0.22591958760211484,0.5353111731902134
Ivory_Gull_0071_49402.jpg,0.5730946354920692,0.3611139625837476,0.38574337292941335
Ivory_Gull_0064_49406.jpg,0.37127800927704024,-0.24844900175703666,0.6034108837707284
Ring_Billed_Gull_0013_50180.jpg,0.4446368346357241,-0.017333373251139594,-0.039624427231337196
Ring_Billed_Gull_0079_51206.jpg,0.3749172408877779,-0.24236340277562918,0.13669967142082043
Ring_Billed_Gull_0039_50191.jpg,0.45106845795114314,-0.01708318100314421,0.4154276082153948
Ring_Billed_Gull_0045_50215.jpg,0.38994381721896076,-0.18479781479930968,-0.2981463786607742
Ring_Billed_Gull_0044_50239.jpg,0.5249298288950062,0.20399422201047468,0.1309901945061754
Ring_Billed_Gull_0034_51270.jpg,0.47307224732837605,0.06932830166653514,0.3080630240888102
Ring_Billed_Gull_0038_51275.jpg,0.43981339467903857,-0.022790811763156338,-0.0232217742882975
Ring_Billed_Gull_0085_51292.jpg,0.5474116800126261,0.292585903437646,0.23115717832302793
Ring_Billed_Gull_0021_51300.jpg,0.538300792652135,0.2642147266586006,0.07854257288208814
Ring_Billed_Gull_0009_51301.jpg,0.49889554139025294,0.12079284654761469,0.5315902732832134
Ring_Billed_Gull_0093_51303.jpg,0.40851613007267507,-0.13900245441848513,0.14481554808168648
Ring_Billed_Gull_0107_51306.jpg,0.40599626296446,-0.14707316103001733,0.29211440662731036
Ring_Billed_Gull_0057_51315.jpg,0.3426145112269193,-0.35743165050734693,-0.4507878349403214
Ring_Billed_Gull_0089_51348.jpg,0.4370652834777504,-0.048470484543921444,0.26620884230761493
Ring_Billed_Gull_0115_51891.jpg,0.45385554200775957,0.007531381613534505,0.0053713303079101936
Ring_Billed_Gull_0128_51403.jpg,0.463339512174858,0.05748852648086977,-0.021066409771521015
Ring_Billed_Gull_0083_51407.jpg,0.44095567350404175,-0.04338788563307894,-0.12269840730730977
Ring_Billed_Gull_0007_51430.jpg,0.4648335431289422,0.004197271137100889,0.28920108967818003
Ring_Billed_Gull_0051_51440.jpg,0.5665122908032081,0.33471068380542657,-0.14846205721432626
Ring_Billed_Gull_0036_51461.jpg,0.46639289173586607,0.06917262894880005,0.47909635168765535
Ring_Billed_Gull_0016_50392.jpg,0.4139685378041408,-0.12539530621549222,-0.19263524034158858
Ring_Billed_Gull_0078_51494.jpg,0.4855312336424231,0.11022972490742622,0.4408425331955598
Ring_Billed_Gull_0105_51513.jpg,0.3588811354902929,-0.3266423031394241,-0.027268029210329645
Ring_Billed_Gull_0071_52845.jpg,0.6261003320430925,0.4831585606744053,-0.18792844173708625
Ring_Billed_Gull_0056_51523.jpg,0.5582260203667624,0.32287549750900557,0.0011399359295625076
Ring_Billed_Gull_0113_51525.jpg,0.3781956549883573,-0.2429125172851494,-0.1013204026395132
Ring_Billed_Gull_0132_51552.jpg,0.6164932671014576,0.47021207475816795,-0.27999341397093874
Ring_Billed_Gull_0029_52613.jpg,0.5309842299274552,0.2652350934029898,0.13318407151557557
Ring_Billed_Gull_0104_52614.jpg,0.5296801647560335,0.22515522317386805,0.2031838684679349
Ring_Billed_Gull_0106_52729.jpg,0.4573345142176607,0.02719571759385131,0.16412592246456936
Slaty_Backed_Gull_0017_796034.jpg,0.5010456350526238,0.17910324723234872,0.22652204201096407
Slaty_Backed_Gull_0061_53309.jpg,0.5954978979143561,0.422467351951769,0.5041063432713844
Slaty_Backed_Gull_0007_53334.jpg,0.4749801176899646,0.09272406908471098,0.4590697529876081
Slaty_Backed_Gull_0027_53080.jpg,0.5781974226855555,0.384027026033285,-0.04336930496728137
Slaty_Backed_Gull_0015_796004.jpg,0.36676257603926465,-0.2645460549811962,0.3245319830894504
Slaty_Backed_Gull_0066_796016.jpg,0.5528897264741698,0.32886329291389793,0.3875338415073962
Slaty_Backed_Gull_0079_796020.jpg,0.4093284487173743,-0.13067171166213098,0.23801239101957103
Slaty_Backed_Gull_0022_796022.jpg,0.5748147626658404,0.36418133357638505,0.3317889149334942
Slaty_Backed_Gull_0035_796026.jpg,0.45140452409664567,-0.02498802015863988,0.2974181285743057
Slaty_Backed_Gull_0075_796027.jpg,0.6593903279175217,0.5696487590667663,0.445515845989557
Slaty_Backed_Gull_0024_796028.jpg,0.49055994350842,0.1267006426229852,0.5405912830561003
Slaty_Backed_Gull_0023_796030.jpg,0.48777363387822237,0.12765042630012047,0.5401380094273299
Slaty_Backed_Gull_0003_796032.jpg,0.6282637003145681,0.501541841319834,0.499968165034521
Slaty_Backed_Gull_0078_796042.jpg,0.31209464369852546,-0.4673475083322782,0.199904257853918
Slaty_Backed_Gull_0050_796045.jpg,0.4511454587617958,0.02229442074103627,0.4080005344166954
Slaty_Backed_Gull_0063_796050.jpg,0.4077706016129792,-0.13159677136468995,0.23501595877121173
Slaty_Backed_Gull_0036_796053.jpg,0.5248055913221461,0.21205824705020704,-0.06060062349074264
Slaty_Backed_Gull_0008_53145.jpg,0.5917876318587019,0.41831638148036,0.3038707459692651
Slaty_Backed_Gull_0085_53158.jpg,0.5786388344019333,0.3751359786123123,0.22400164408723788
Slaty_Backed_Gull_0083_786386.jpg,0.5142574145321501,0.18121270838968995,0.520409230809142
Western_Gull_0013_54794.jpg,0.5827029991798435,0.37132836136795333,0.1833344871530057
Western_Gull_0048_53776.jpg,0.5213169158086325,0.20879819064955618,0.06719479882651191
Western_Gull_0078_53595.jpg,0.4102889385873303,-0.13151148717521233,0.3665732573440486
Western_Gull_0104_53816.jpg,0.43815326645662744,-0.038644989229200455,0.007097699871817563
Western_Gull_0110_53861.jpg,0.46589554457704196,0.07391508950622927,0.3414533472782131
Western_Gull_0012_53605.jpg,0.4526732819244259,0.024583707090765516,-0.07424615693099378
Western_Gull_0143_54909.jpg,0.32686010369873797,-0.4248684253122208,0.16728217992777855
Western_Gull_0050_54425.jpg,0.38772703880764403,-0.19185917520959817,-0.5453432814497504
Western_Gull_0091_55465.jpg,0.4792731345008252,0.07853571204859988,0.2014709273651245
Western_Gull_0007_53431.jpg,0.5576196968920268,0.3067677025800034,0.20121837630400508
Western_Gull_0070_54978.jpg,0.4678944326024005,0.06693893446190158,0.2923919459407885
Western_Gull_0027_53994.jpg,0.5277509708536305,0.2338099331400887,0.1595492350341123
Western_Gull_0029_54143.jpg,0.5685573382385363,0.3443061175523209,0.23571638398969685
Western_Gull_0116_54037.jpg,0.44335655473456104,-0.020519194697132814,0.5152374964170521
Western_Gull_0069_53553.jpg,0.4434516203129192,-0.06494884788321675,0.30329768487608355
Western_Gull_0041_53554.jpg,0.3583865560602294,-0.2927623298329245,0.1908300123550674
Western_Gull_0133_55639.jpg,0.5432975442904319,0.27848951164095737,0.23749357661715015
Western_Gull_0066_54105.jpg,0.595211273728294,0.40799136682298964,0.16627247478011112
Western_Gull_0021_54649.jpg,0.4186830002169456,-0.10479987975015637,0.46175301509555355
Western_Gull_0024_53631.jpg,0.4050610462453287,-0.1403208650134904,0.05208734838290994
Western_Gull_0035_55703.jpg,0.5556199284375094,0.3087026701442519,0.16450256584907028
Western_Gull_0099_53670.jpg,0.4262822084496658,-0.04422261405078687,-0.2941206648560989
Western_Gull_0065_55728.jpg,0.42712893723699286,-0.09904402364036602,0.27200090179422914
Western_Gull_0087_54193.jpg,0.3789990086450443,-0.2515535288043489,0.1947241011224273
Western_Gull_0043_54706.jpg,0.4846095624402158,0.12299264814623012,0.267651863342598
Western_Gull_0071_54207.jpg,0.6348185341650535,0.5243016754418524,0.4610258080590679
Western_Gull_0045_54735.jpg,0.43829606754284123,-0.07386416564837006,0.39113840854729026
Western_Gull_0011_53713.jpg,0.5625692571165797,0.3301564489637081,0.2575714661295183
Western_Gull_0100_54761.jpg,0.44472468851071123,-0.0084177402953034,-0.002931768808344091
Western_Gull_0049_53748.jpg,0.49343552275976776,0.16074809136383006,0.05223940895304953
Anna_Hummingbird_0106_56335.jpg,0.5305988356035423,0.23778563679474063,-0.12760660772595836
Anna_Hummingbird_0093_56851.jpg,0.5639084525896053,0.31731965248643323,0.15791298340269994
Anna_Hummingbird_0126_55983.jpg,0.46352498611689663,0.049972238402173574,0.4601423797126899
Anna_Hummingbird_0080_56366.jpg,0.6592146796766762,0.5722121432187885,0.256211491938952
Anna_Hummingbird_0027_55873.jpg,0.4727221971537966,0.08878118992286277,0.5123344117328088
Anna_Hummingbird_0055_56396.jpg,0.3452561809913398,-0.3501999796606934,0.2999447284180244
Anna_Hummingbird_0074_56917.jpg,0.39218377012392447,-0.19783710030623602,0.1876814323767394
Anna_Hummingbird_0099_55916.jpg,0.5331261065972203,0.2318084614273136,0.001392814961342325
Anna_Hummingbird_0087_56435.jpg,0.435246370211947,-0.06436231073475285,0.3884680996464073
Anna_Hummingbird_0001_56960.jpg,0.40355374575823943,-0.16329597112638616,-0.2723205946477804
Anna_Hummingbird_0101_56459.jpg,0.4776355998418741,0.10633242836202417,-0.0739425261133517
Anna_Hummingbird_0066_56486.jpg,0.4176094886547357,-0.11374407136550646,0.49502250169525913
Anna_Hummingbird_0086_56495.jpg,0.3929467729890188,-0.17896672527420288,0.6166497180965651
Anna_Hummingbird_0019_57025.jpg,0.46002177458061067,0.06009921644229643,-0.03250820956815091
Anna_Hummingbird_0037_56587.jpg,0.40726154926694214,-0.14982214438464814,0.10588378719837903
Anna_Hummingbird_0070_56085.jpg,0.561641031563403,0.3159041141998856,0.27864843632010244
Anna_Hummingbird_0053_56112.jpg,0.4523852709545043,0.005752516944578789,0.360559563840245
Anna_Hummingbird_0034_56614.jpg,0.49495557023297687,0.15511211318083262,0.3219037761991428
Anna_Hummingbird_0122_56622.jpg,0.3618151179205066,-0.28539401169333223,0.4579194491321036
Anna_Hummingbird_0130_56122.jpg,0.3439204111668829,-0.34628574820234115,-0.28462070725041844
Anna_Hummingbird_0022_55779.jpg,0.4347683005485218,-0.04064351823349277,0.45089650087689503
Anna_Hummingbird_0065_56154.jpg,0.4295973173398169,-0.06685110483489254,0.49406957147280167
Anna_Hummingbird_0059_56674.jpg,0.31858621030596734,-0.4495535020695851,0.28911051373041596
Anna_Hummingbird_0117_55785.jpg,0.4673306091203857,0.06774514644797025,0.5693802200752043
Anna_Hummingbird_0031_56709.jpg,0.3961153356546375,-0.194160826508313,0.20790114127851494
Anna_Hummingbird_0018_56732.jpg,0.5123691757400326,0.20423847990027288,0.2738006908989111
Anna_Hummingbird_0096_56754.jpg,0.47738279035161535,0.0896268265877328,0.002622851545517505
Anna_Hummingbird_0085_56756.jpg,0.5505152051678903,0.2911833939724725,0.20323339957965755
Anna_Hummingbird_0036_56809.jpg,0.5465739337014145,0.290732826441806,0.28042819659418855
Anna_Hummingbird_0119_56309.jpg,0.3593230947138665,-0.29979244052042286,-0.031444578244317366
Ruby_Throated_Hummingbird_0005_57349.jpg,0.4938032043597528,0.15178261474090327,0.3565276488904216
Ruby_Throated_Hummingbird_0077_57858.jpg,0.4971302070571927,0.14323259105204045,0.45485047080667323
Ruby_Throated_Hummingbird_0123_57745.jpg,0.4899710834827705,0.12565226098268556,-0.009786801023071274
Ruby_Throated_Hummingbird_0126_57371.jpg,0.46162456824862097,0.06039465971101987,0.5184785885717654
Ruby_Throated_Hummingbird_0007_57388.jpg,0.4945103088925694,0.14536840041754484,0.5211177811165775
Ruby_Throated_Hummingbird_0072_57391.jpg,0.5471480729563554,0.2876557926529335,0.5773531265601808
Ruby_Throated_Hummingbird_0009_57904.jpg,0.30408196076753613,-0.5027703419532856,0.5437277289948653
Ruby_Throated_Hummingbird_0090_57411.jpg,0.47172676560284643,0.05548173214960239,0.33141468807463986
Ruby_Throated_Hummingbird_0052_57432.jpg,0.44801745385542635,-0.031031723465514194,0.1421280171887562
Ruby_Throated_Hummingbird_0040_57982.jpg,0.44450317155786745,-0.00452523279058048,0.4474485170569194
Ruby_Throated_Hummingbird_0014_57477.jpg,0.5126239815287781,0.1869887348315017,0.285295911496364
Ruby_Throated_Hummingbird_0050_57510.jpg,0.43960517342504224,-0.053854835310366944,0.10873963781470518
Ruby_Throated_Hummingbird_0066_57518.jpg,0.38912056593790956,-0.1857150728001964,0.4824125541846109
Ruby_Throated_Hummingbird_0116_58031.jpg,0.5209753784757358,0.24256184952345805,-0.0059116121924765765
Ruby_Throated_Hummingbird_0118_57536.jpg,0.5123066949462024,0.17890144040538647,0.6705633136283558
Ruby_Throated_Hummingbird_0075_57537.jpg,0.5247043714142916,0.23691081404784176,0.40745495671900234
Ruby_Throated_Hummingbird_0115_58067.jpg,0.4012535420243525,-0.15110446536598698,0.24238282865137334
Ruby_Throated_Hummingbird_0103_57573.jpg,0.5498804934802064,0.3055291033677585,0.03988266728243328
Ruby_Throated_Hummingbird_0048_57222.jpg,0.5174287949092038,0.22189345266236848,0.4443487131120401
Ruby_Throated_Hummingbird_0076_57649.jpg,0.4027950254638871,-0.135158856159028,0.4664879522755184
Ruby_Throated_Hummingbird_0108_57653.jpg,0.5118005432858589,0.19886893821053442,0.5047095140946484
Ruby_Throated_Hummingbird_0032_58168.jpg,0.36848757545626776,-0.28215990920463874,-0.04452329364405655
Ruby_Throated_Hummingbird_0129_57666.jpg,0.46078688818727065,0.04022480589834976,0.12308384884509325
Ruby_Throated_Hummingbird_0008_58204.jpg,0.4022125766184259,-0.14839843910188355,0.4248254224096548
Ruby_Throated_Hummingbird_0013_57212.jpg,0.462438003250928,0.029115025277758444,0.30297341247509424
Ruby_Throated_Hummingbird_0025_57835.jpg,0.4654798664367267,0.05996991450663314,0.6032127566810963
Ruby_Throated_Hummingbird_0046_57225.jpg,0.5781635379089333,0.37002574662681764,0.2793034282937972
Ruby_Throated_Hummingbird_0128_58281.jpg,0.4528043502467697,0.024685541203872785,0.4339740344754902
Ruby_Throated_Hummingbird_0120_58316.jpg,0.370120797082675,-0.26210857917322117,0.20280913259022953
Ruby_Throated_Hummingbird_0131_57813.jpg,0.5112265327878789,0.18801883877750214,0.14170080053050255
Rufous_Hummingbird_0009_59405.jpg,0.3953031286362717,-0.18280628583109748,0.2578081606400037
Rufous_Hummingbird_0002_58387.jpg,0.4907902451445376,0.12813931089048436,-0.15355648960244728
Rufous_Hummingbird_0101_59420.jpg,0.39380103470718775,-0.16935937210626806,0.05940117626739419
Rufous_Hummingbird_0021_58408.jpg,0.34660807257500026,-0.3344263897561073,0.14304905093468404
Rufous_Hummingbird_0125_58932.jpg,0.4663868424071633,0.05357100904448797,-0.010005000071524918
Rufous_Hummingbird_0134_59449.jpg,0.43835796178272324,-0.04110920649157035,0.27978276856406625
Rufous_Hummingbird_0027_59456.jpg,0.30451341374126495,-0.4908600234253653,-0.28923192014861343
Rufous_Hummingbird_0007_58433.jpg,0.4178841284702124,-0.10469480275112852,0.06378605170990236
Rufous_Hummingbird_0014_59476.jpg,0.42160237725752214,-0.08661975615917816,-0.009223472143201279
Rufous_Hummingbird_0011_59480.jpg,0.4307096867265655,-0.06919117611469439,0.2718140887399627
Rufous_Hummingbird_0057_59489.jpg,0.44791678832396764,-0.021043392023455842,0.13482862028843368
Rufous_Hummingbird_0130_59500.jpg,0.4012635916678915,-0.16022685751201093,0.036993974926284076
Rufous_Hummingbird_0052_59581.jpg,0.47341277405296645,0.05733656775697027,0.24271945829030897
Rufous_Hummingbird_0071_59505.jpg,0.48579423131942123,0.09834298034239108,0.16398274203133603
Rufous_Hummingbird_0067_59510.jpg,0.537431123683833,0.25902846574944116,0.10499857496187946
Rufous_Hummingbird_0017_59520.jpg,0.48067378842104036,0.09504802093759046,0.14330804448064438
Rufous_Hummingbird_0065_58497.jpg,0.4000986058345559,-0.15191773248191098,-0.17123356710676865
Rufous_Hummingbird_0124_58465.jpg,0.454317324592152,0.018020621170060425,0.23669993062174238
Rufous_Hummingbird_0100_59541.jpg,0.34175354270695346,-0.3736152261944008,-0.042230791961883174
Rufous_Hummingbird_0036_59562.jpg,0.40924487824795486,-0.13415955152634762,-0.007936195315925716
Rufous_Hummingbird_0076_59563.jpg,0.4155762003710508,-0.11233200461836557,0.24313642051312573
Rufous_Hummingbird_0081_59592.jpg,0.3533853337756079,-0.34786041462127115,-0.04648074997224495
Rufous_Hummingbird_0090_58598.jpg,0.3403023578343395,-0.37266911845166684,0.10857836984049234
Rufous_Hummingbird_0046_59647.jpg,0.4471815953404966,0.004012435983083873,-0.06149268811449629
Rufous_Hummingbird_0016_59660.jpg,0.5164942497363101,0.19450895848962368,0.08607327726471989
Rufous_Hummingbird_0119_59681.jpg,0.42299185405983253,-0.09309650361834798,0.20363064840694267
Rufous_Hummingbird_0075_59619.jpg,0.4990085046215985,0.12604281349705948,0.13663019234881002
Rufous_Hummingbird_0074_59231.jpg,0.5934999347968913,0.41424257298561395,0.23701020176063936
Rufous_Hummingbird_0128_60398.jpg,0.4670877805414507,0.04248409003271758,0.30182469615699165
Rufous_Hummingbird_0121_59376.jpg,0.5376822418989043,0.24107440217993847,0.07394271589036697
Green_Violetear_0064_795661.jpg,0.4429451807358048,-0.016220909238768844,0.5040031660880595
Green_Violetear_0003_795662.jpg,0.411179601146884,-0.14110426809826437,0.27408783846882623
Green_Violetear_0073_795680.jpg,0.45907045644706423,0.002853338966036234,0.292943500945505
Green_Violetear_0066_795682.jpg,0.4223995233994202,-0.0850451982748226,0.5046009965000104
Green_Violetear_0002_795699.jpg,0.4412675753609262,-0.018287772764152166,0.4305647021567773
Green_Violetear_0057_795701.jpg,0.5385405092753808,0.26231168452064724,0.16743859242661033
Green_Violetear_0008_795703.jpg,0.4212165269326469,-0.10246727197044647,0.6710745267542922
Green_Violetear_0092_795704.jpg,0.5089612554030127,0.16492285835583798,0.33131713307584537
Green_Violetear_0024_795705.jpg,0.5145082894801195,0.2033889666928128,0.2960364194440422
Green_Violetear_0032_795707.jpg,0.6700280475590721,0.5949252618668768,0.48204382028182235
Green_Violetear_0055_795712.jpg,0.46654189044905414,0.037785927983536305,0.14705781488201783
Green_Violetear_0112_795713.jpg,0.5665697945539317,0.3389107265794795,0.3242134796189595
Green_Violetear_0044_795717.jpg,0.39851861058450977,-0.18403443070107062,0.1567289010023989
Green_Violetear_0074_795720.jpg,0.3659727553255565,-0.28798988255603497,0.2608949250621029
Green_Violetear_0069_795723.jpg,0.48697328649060356,0.10070439771958006,-0.1884185309827039
Green_Violetear_0119_795724.jpg,0.41687988665017206,-0.09685361351963429,0.38268189836088623
Green_Violetear_0045_60765.jpg,0.3292060405399143,-0.4086791186335761,0.42682847245564287
Green_Violetear_0031_60774.jpg,0.42509184107944376,-0.08631993708561314,0.0040923668879038425
Green_Violetear_0107_60781.jpg,0.5041734786899252,0.1429651615733739,0.3291742806852209
Green_Violetear_0048_60789.jpg,0.4079491584427777,-0.13306112164867656,0.4062538095039927
Green_Violetear_0034_60792.jpg,0.3538301591497659,-0.3332735416059651,0.0541211404736166
Green_Violetear_0022_60799.jpg,0.4415520816180034,-0.01789218998606379,0.5102953636739147
Green_Violetear_0029_60808.jpg,0.4300926412541537,-0.08234626460774863,0.645714332863694
Green_Violetear_0114_60809.jpg,0.4942082972709233,0.11356446039919166,0.6835362515794667
Green_Violetear_0078_60844.jpg,0.3958772714105676,-0.17818241879756958,0.49352488827867597
Green_Violetear_0072_60858.jpg,0.446892732641759,-0.003606797285629515,0.5438513856776838
Green_Violetear_0110_60866.jpg,0.38734126980947114,-0.22093756759768235,0.621480649152392
Green_Violetear_0059_60873.jpg,0.397496921401718,-0.17359014656851257,0.45243958739556794
Green_Violetear_0081_795638.jpg,0.5064843238389074,0.14886894871589507,0.5161214953606473
Green_Violetear_0106_795643.jpg,0.4999159144986517,0.14471725073638075,0.28845250788698146
Long_Tailed_Jaeger_0025_60937.jpg,0.4893355756154939,0.13685436339907642,0.03223253498507507
Long_Tailed_Jaeger_0033_60955.jpg,0.43827989071618345,-0.057815954092656385,0.23174610539399315
Long_Tailed_Jaeger_0030_60961.jpg,0.33861059695135576,-0.38003561865738034,-0.3710318308606001
Long_Tailed_Jaeger_0044_60968.jpg,0.33934392001858604,-0.3810500143706945,-0.2720263898516692
Long_Tailed_Jaeger_0019_60970.jpg,0.4190393452585187,-0.08938462749180687,-0.2984174972767046
Long_Tailed_Jaeger_0017_797081.jpg,0.4971897845123291,0.12412722842171875,0.13587088365757716
Long_Tailed_Jaeger_0064_60999.jpg,0.29896531897946843,-0.5067365220508662,-0.26580297020431226
Long_Tailed_Jaeger_0045_61007.jpg,0.49587657378924777,0.1098017596940769,0.2712172042089219
Long_Tailed_Jaeger_0065_61042.jpg,0.3299526035841698,-0.4091460894092658,-0.06821355389318595
Long_Tailed_Jaeger_0055_61046.jpg,0.3405888627268482,-0.36815407290923474,-0.059408301388513496
Long_Tailed_Jaeger_0049_797063.jpg,0.39745720915502525,-0.1592293896413699,0.22065696351653524
Long_Tailed_Jaeger_0023_797072.jpg,0.39565882064481595,-0.16680513064127722,0.10961548467309802
Long_Tailed_Jaeger_0063_797073.jpg,0.5531658873997183,0.3199201078411704,0.1855059285198397
Long_Tailed_Jaeger_0047_797075.jpg,0.41443944474836125,-0.11657675546695834,-0.6039996514477401
Long_Tailed_Jaeger_0036_797076.jpg,0.47068974269373054,0.07184612891516218,0.31190515576949424
Long_Tailed_Jaeger_0059_797079.jpg,0.3334337445578711,-0.3975006672633934,0.4161300778066746
Long_Tailed_Jaeger_0003_61082.jpg,0.34727829407706334,-0.3415836530448171,0.25253720316433786
Long_Tailed_Jaeger_0020_61084.jpg,0.4064907678001609,-0.13074675526566404,-0.2575600635071743
Long_Tailed_Jaeger_0028_797082.jpg,0.3776920626546417,-0.22371003698657543,-0.18717032925340063
Long_Tailed_Jaeger_0014_797086.jpg,0.39907490297931814,-0.15677937397194164,-0.04030416599537781
Long_Tailed_Jaeger_0066_60921.jpg,0.33735967622431917,-0.3820484964421009,-0.2940461768819918
Long_Tailed_Jaeger_0057_797094.jpg,0.5896901911420485,0.3999427981037661,-0.1896094496621604
Long_Tailed_Jaeger_0051_797095.jpg,0.40372374043848935,-0.13643468158185224,0.17771568390359724
Long_Tailed_Jaeger_0016_797084.jpg,0.4718023195042079,0.05490169752143015,0.1308874959245342
Long_Tailed_Jaeger_0026_797098.jpg,0.5109019285775659,0.17055797497317393,-0.039248294443483836
Long_Tailed_Jaeger_0035_797100.jpg,0.3510276741505056,-0.3282037566833633,0.1154981793855012
Long_Tailed_Jaeger_0034_797102.jpg,0.41788439516669906,-0.09231521683355237,0.18941610573043594
Long_Tailed_Jaeger_0046_797103.jpg,0.3980213396241399,-0.15178805255744487,0.2022581433363188
Long_Tailed_Jaeger_0010_60895.jpg,0.46887294223267073,0.05488590135184146,-0.29718785820261207
Long_Tailed_Jaeger_0024_60915.jpg,0.5106278188530031,0.1873820981222014,0.23917332570337607
Pomarine_Jaeger_0030_61447.jpg,0.5109737887523464,0.17228903673680396,-0.03350958143181407
Pomarine_Jaeger_0010_61457.jpg,0.3924789533467228,-0.1760695093758593,-0.1502971486603931
Pomarine_Jaeger_0008_61231.jpg,0.34056807646946674,-0.3739230940062217,-0.3604155462943123
Pomarine_Jaeger_0034_61247.jpg,0.3560883233669072,-0.313736249038429,-0.3120077501623842
Pomarine_Jaeger_0051_795738.jpg,0.3858848051239836,-0.19421690436070627,0.15390444868982533
Pomarine_Jaeger_0077_795739.jpg,0.31791452293492994,-0.4515032963262373,0.3806635403786838
Pomarine_Jaeger_0058_795746.jpg,0.4929710210697893,0.10388296085570847,0.13614361327487842
Pomarine_Jaeger_0033_795749.jpg,0.3959138141661638,-0.17293078541778772,-0.07697634649526194
Pomarine_Jaeger_0045_795750.jpg,0.38903771747121085,-0.1958180579690587,0.07091655108875876
Pomarine_Jaeger_0080_795751.jpg,0.4258966231293405,-0.09680409913620713,-0.2412862223584574
Pomarine_Jaeger_0042_795755.jpg,0.49533687667448634,0.13616189820119173,0.23911437364883603
Pomarine_Jaeger_0027_795767.jpg,0.42647247160313373,-0.09304983750530682,-0.49123528159622765
Pomarine_Jaeger_0056_795770.jpg,0.2960504648918151,-0.5307075806934232,0.1871823706794329
Pomarine_Jaeger_0021_795776.jpg,0.4077105014634129,-0.1275871981393335,-0.2451589377380276
Pomarine_Jaeger_0011_795777.jpg,0.37362557726678003,-0.2534271501505887,0.06875257502039417
Pomarine_Jaeger_0017_795782.jpg,0.44129815079416224,-0.043169778929400104,-0.1754457582122588
Pomarine_Jaeger_0054_795791.jpg,0.45538557720779893,-0.01906495632493388,-0.08408452262964503
Pomarine_Jaeger_0053_795792.jpg,0.35119561548124445,-0.32582995688921335,-0.4825846747778335
Pomarine_Jaeger_0049_795795.jpg,0.3333190128138013,-0.3921331009364708,-0.14862155419596323
Pomarine_Jaeger_0028_795797.jpg,0.4478511571184761,0.002945656645584216,-0.32990173152779745
Pomarine_Jaeger_0014_61335.jpg,0.3350955079008088,-0.38934569561891985,0.15368774204308144
Pomarine_Jaeger_0073_795800.jpg,0.4141878399438743,-0.13222310182227615,0.25482448607796326
Pomarine_Jaeger_0059_61347.jpg,0.33186259327929946,-0.40427970243330136,-0.008243970920760176
Pomarine_Jaeger_0062_61351.jpg,0.33824785018927084,-0.3759102684822555,0.055957485710775634
Pomarine_Jaeger_0002_61361.jpg,0.4050068003078142,-0.17488590274827387,0.16184635196907646
Pomarine_Jaeger_0029_61365.jpg,0.3659029473480312,-0.2751148593056587,0.0082617613633905
Pomarine_Jaeger_0069_61381.jpg,0.3641690523148212,-0.3084496881179446,-0.3592905319128458
Pomarine_Jaeger_0063_61406.jpg,0.30338313896704616,-0.5015208592117006,-0.08368708957357504
Pomarine_Jaeger_0015_61429.jpg,0.40211960613750186,-0.14978790243693707,-0.1506316788278984
Pomarine_Jaeger_0023_61431.jpg,0.35114841601816704,-0.34368283878430117,-0.33735250879395307
Blue_Jay_0033_62024.jpg,0.38232331588775004,-0.2676769578754912,-0.2117903758062574
Blue_Jay_0006_63504.jpg,0.5272899770771264,0.2248977110668442,-0.58688146417424
Blue_Jay_0081_61714.jpg,0.4468465948492343,-0.042450922226987764,-0.16698194530697436
Blue_Jay_0053_62744.jpg,0.5166222888348944,0.17730069140010096,-0.49327751936317654
Blue_Jay_0056_61723.jpg,0.48581682422139194,0.07550091179249674,-0.054700345011190775
Blue_Jay_0088_63264.jpg,0.457662499375046,-0.01308704342003364,0.4128068061511023
Blue_Jay_0044_62759.jpg,0.5315461292934758,0.23957513421508225,-0.4617606326599928
Blue_Jay_0083_61492.jpg,0.5549247055580052,0.28461773014202374,-0.5399547149274837
Blue_Jay_0012_63753.jpg,0.4855691602782054,0.11830831626550964,-0.2966647922797076
Blue_Jay_0082_62524.jpg,0.4125633772050241,-0.15385266259170227,-0.1106992350357962
Blue_Jay_0055_61507.jpg,0.452957953012626,0.0035050156251634768,-0.28338912293644325
Blue_Jay_0096_63330.jpg,0.6460396144548496,0.5367788287238168,-0.004118026152538297
Blue_Jay_0068_61543.jpg,0.4771923720539244,0.08313256378460909,0.5111555959471308
Blue_Jay_0060_62570.jpg,0.3981755489610984,-0.14680550908364287,-0.3929651763795612
Blue_Jay_0028_63599.jpg,0.3050164804622605,-0.4879123035070716,-0.406508426978803
Blue_Jay_0020_63604.jpg,0.40312845896827576,-0.1685262987321161,-0.5271936220898785
Blue_Jay_0036_61560.jpg,0.439784983410345,-0.0565001673452985,-0.29339222847750124
Blue_Jay_0062_62585.jpg,0.5471151187234442,0.2795179606478143,-0.29670371600341644
Blue_Jay_0049_63082.jpg,0.3791707280346365,-0.2568132228341966,-0.25961426600062604
Blue_Jay_0031_62913.jpg,0.5979433487349963,0.4086278638126897,-0.30118957040449
Blue_Jay_0079_62626.jpg,0.6296783701882387,0.4931946928508989,-0.29932862829407836
Blue_Jay_0011_63660.jpg,0.4482324877609851,-0.025426214314928197,-0.31277646663597575
Blue_Jay_0101_62882.jpg,0.4692821484318551,0.07324432008782211,0.13211701170870516
Blue_Jay_0092_61654.jpg,0.4681760827348386,0.057813489712166266,-0.3272765304358734
Blue_Jay_0076_61817.jpg,0.4608823792347029,0.03168786377512545,-0.4448557354932086
Blue_Jay_0018_63455.jpg,0.3745884709176892,-0.25216145038052074,-0.25316598972365156
Blue_Jay_0072_62944.jpg,0.3527169256584942,-0.3504389669863057,0.32733753038976
Blue_Jay_0094_62698.jpg,0.46730871038634436,0.03656472871459715,-0.3448967004021261
Blue_Jay_0029_62199.jpg,0.4440762390859364,0.006659881241856125,-0.17333483450322112
Blue_Jay_0050_62974.jpg,0.4062383646726211,-0.13403094426893225,-0.5252089537725831
Florida_Jay_0105_64522.jpg,0.6296533003261306,0.5028952885403304,0.17160117969649666
Florida_Jay_0004_65042.jpg,0.4465343218965635,-0.05031150562772013,0.16018513057856318
Florida_Jay_0086_65025.jpg,0.4355928885813225,-0.06885443536810643,0.1879702887592113
Florida_Jay_0103_64537.jpg,0.558815774810691,0.31265477449849033,0.1819353527737553
Florida_Jay_0016_65051.jpg,0.46462084505134393,0.04487743013938772,0.4450709804446573
Florida_Jay_0061_65097.jpg,0.3760369103573755,-0.2662231096840406,-0.24015524629080426
Florida_Jay_0083_64599.jpg,0.37642223064838665,-0.23278507362165035,0.07186546514546745
Florida_Jay_0110_64605.jpg,0.44009568842871516,-0.07077360632681184,0.2637795847867114
Florida_Jay_0012_64887.jpg,0.45916104378475897,-0.01759877276307864,0.2078275177537129
Florida_Jay_0052_64633.jpg,0.3781162390196462,-0.25715703374600896,-0.20804635382826064
Florida_Jay_0100_64645.jpg,0.4202533257833223,-0.1387531204474579,0.28088754160391854
Florida_Jay_0097_64906.jpg,0.4949221569348612,0.13786208984875103,-0.1976316252463159
Florida_Jay_0011_64920.jpg,0.4164501921806597,-0.1035649703140511,0.21844553233135283
Florida_Jay_0044_64664.jpg,0.4155926579024283,-0.11103180835486781,0.17144011814578733
Florida_Jay_0026_64938.jpg,0.3792094803141455,-0.24445327508009917,0.15541856206063842
Florida_Jay_0005_64940.jpg,0.4382730734004586,-0.07977060659112434,0.17482280421254576
Florida_Jay_0027_64689.jpg,0.3922450078263575,-0.2008557726576714,0.20830643708387836
Florida_Jay_0078_64692.jpg,0.43630418382010405,-0.07649898074363692,-0.08177476730628692
Florida_Jay_0013_64706.jpg,0.34334666623096,-0.36572746536657497,0.4421594523766304
Florida_Jay_0007_64708.jpg,0.5827819424057327,0.36867537995467714,0.11441092262921446
Florida_Jay_0009_64723.jpg,0.3687652903879305,-0.3040680353865517,-0.0897722166478547
Florida_Jay_0080_64505.jpg,0.5209199648623963,0.18790171207638673,0.23700363552152243
Florida_Jay_0041_64734.jpg,0.3864580777418183,-0.21446275369824352,0.11535391464530051
Florida_Jay_0099_64735.jpg,0.38394004027070516,-0.23714769879054165,0.031218274962729626
Florida_Jay_0065_64739.jpg,0.30540403814253747,-0.4963692717056998,0.13632050238678486
Florida_Jay_0062_64996.jpg,0.5186841065339494,0.18033009085129592,0.14185648712173418
Florida_Jay_0058_64997.jpg,0.3443164936816654,-0.37931916143317235,0.4150750752861636
Florida_Jay_0046_64488.jpg,0.5173730578706157,0.19827904246204986,-0.0718851567029946
Florida_Jay_0073_64896.jpg,0.4042797715349097,-0.16703287731492455,0.17885794103729516
Florida_Jay_0017_65017.jpg,0.445079855036132,0.005883980411141243,0.10117468454604578
Green_Jay_0041_65548.jpg,0.5127239011405187,0.167883639760804,0.059491146117977546
Green_Jay_0064_65552.jpg,0.3686200570181004,-0.28901756425227076,0.2686659239763736
Green_Jay_0089_66075.jpg,0.46840981137756377,0.02309123163132576,0.10500728410620958
Green_Jay_0059_65586.jpg,0.46543429425732286,0.02330459555985498,0.4460028684483066
Green_Jay_0126_65716.jpg,0.406257508931669,-0.16674413130738674,0.7498209490638278
Green_Jay_0029_65637.jpg,0.5168516270321819,0.18624725841275613,0.1667708451792708
Green_Jay_0052_66174.jpg,0.5019293767759996,0.14645661449431735,0.5489889802533248
Green_Jay_0038_65702.jpg,0.4507736052558099,-0.01936370556475575,0.36052704257056783
Green_Jay_0028_65719.jpg,0.3828656981309553,-0.23191314740545277,0.45832479608417515
Green_Jay_0077_65736.jpg,0.342904344496892,-0.3601710698379841,0.22338055104839188
Green_Jay_0118_66251.jpg,0.5333907779546732,0.2604145442831749,0.3787675549131796
Green_Jay_0042_65740.jpg,0.5117136510693608,0.1984806280836907,0.14461823937990548
Green_Jay_0115_65745.jpg,0.3354612110179622,-0.3947286711752205,0.2814494054866412
Green_Jay_0047_65757.jpg,0.3845904354593578,-0.2142662250400318,0.342196191729161
Green_Jay_0027_65783.jpg,0.4025492228672848,-0.15635305230840935,0.33595108958000747
Green_Jay_0106_65811.jpg,0.3757501051855322,-0.26256877510089804,0.02761364763640681
Green_Jay_0030_65824.jpg,0.47158518462358634,0.03583566507434088,0.1678588170294094
Green_Jay_0124_65848.jpg,0.5280273061076592,0.23375428815844246,0.27932932455657516
Green_Jay_0098_65857.jpg,0.38598319965182293,-0.22731409331800112,0.3794803771227621
Green_Jay_0092_65884.jpg,0.41481638514757957,-0.12491508320627531,0.2523523889099909
Green_Jay_0130_65885.jpg,0.41682589586456176,-0.13935815825801812,0.38629055537433604
Green_Jay_0132_65886.jpg,0.3624934428441321,-0.3088033464344162,0.2843973427912031
Green_Jay_0074_65889.jpg,0.36545254705123065,-0.284989369597237,0.2991286878953062
Green_Jay_0090_65895.jpg,0.42161569860563897,-0.09459575191905123,0.4483804430662001
Green_Jay_0104_65908.jpg,0.6084175765021654,0.43841055425223074,0.3609124374235173
Green_Jay_0063_65925.jpg,0.35581374163654267,-0.3096937071214365,0.6895435382662346
Green_Jay_0011_65947.jpg,0.5723570622657076,0.36838374301536825,0.15598897523529684
Dark_Eyed_Junco_0015_66576.jpg,0.5162465440444437,0.17808623042354077,-0.0909181432124359
Dark_Eyed_Junco_0057_68650.jpg,0.5023883293240217,0.13790559532079916,0.20429238450143214
Dark_Eyed_Junco_0106_68139.jpg,0.4408572585785645,-0.023380987481968374,0.3602903119462063
Dark_Eyed_Junco_0023_68661.jpg,0.39234218167754065,-0.20278070967607698,0.4186477004203032
Dark_Eyed_Junco_0124_67664.jpg,0.42638327837767276,-0.08530666116504837,-0.12143860693993867
Dark_Eyed_Junco_0010_66649.jpg,0.4360638813822425,-0.042799049046593485,0.3397490593588004
Dark_Eyed_Junco_0017_67676.jpg,0.41969777752968374,-0.08301235682637587,0.38506528817209706
Dark_Eyed_Junco_0063_67688.jpg,0.5643635968425138,0.323916661986942,-0.0695934261104189
Dark_Eyed_Junco_0044_68213.jpg,0.500808496376818,0.12577531885192528,-0.0020532122732137164
Dark_Eyed_Junco_0040_66689.jpg,0.4845954964431529,0.07895693339654475,0.35443074498447125
Dark_Eyed_Junco_0016_68738.jpg,0.46945684837599844,0.04088577783834224,-0.11820688207608096
Dark_Eyed_Junco_0058_68784.jpg,0.5355937918071245,0.25022710912731794,0.13196637583179618
Dark_Eyed_Junco_0014_66258.jpg,0.5213213279778208,0.20726116896467583,-0.08664004809896933
Dark_Eyed_Junco_0021_66261.jpg,0.42824615520117915,-0.08580120838598204,0.14855979843723
Dark_Eyed_Junco_0031_66785.jpg,0.5520545276596718,0.2960893890362757,-0.21414568917293053
Dark_Eyed_Junco_0011_66280.jpg,0.4363130866706598,-0.026637942003439274,0.2944448421215061
Dark_Eyed_Junco_0104_67820.jpg,0.5443495104803817,0.2933288020597721,-0.16725139661914998
Dark_Eyed_Junco_0059_66305.jpg,0.3616418336870062,-0.27506226914418774,-0.0339461694384549
Dark_Eyed_Junco_0093_67335.jpg,0.46708308546129096,0.04032907428717525,0.054684689531867295
Dark_Eyed_Junco_0037_66321.jpg,0.6685098727298076,0.5999310431185416,0.04704039688834234
Dark_Eyed_Junco_0078_66866.jpg,0.41680283932777706,-0.13198537639062402,0.1293089409550914
Dark_Eyed_Junco_0069_68416.jpg,0.3708292711679889,-0.25564815052429335,-0.22171899002265869
Dark_Eyed_Junco_0102_67402.jpg,0.4228205706560577,-0.09707018758162733,0.23943573061624795
Dark_Eyed_Junco_0024_68961.jpg,0.43873992959192665,-0.03668359917238817,-0.17120538812907396
Dark_Eyed_Junco_0131_66423.jpg,0.3730328961115714,-0.2642675785755624,-0.7120141268456183
Dark_Eyed_Junco_0114_67964.jpg,0.3730873888303037,-0.25770815016802673,0.4542071089826142
Dark_Eyed_Junco_0083_66449.jpg,0.5294759764329988,0.21531156615135028,0.27249949488116354
Dark_Eyed_Junco_0041_66464.jpg,0.4740583440981554,0.05437725646453695,0.20061560308915144
Dark_Eyed_Junco_0105_66479.jpg,0.46711860279019113,0.020746526005414156,-0.15692419053316528
Dark_Eyed_Junco_0111_66488.jpg,0.5462068094516714,0.27292739089958484,0.23430735001414255
Tropical_Kingbird_0019_69643.jpg,0.4255971005879077,-0.09258493130074763,0.06339981666059637
Tropical_Kingbird_0068_69397.jpg,0.34126982939114103,-0.35564723879543725,-0.3116581164733408
Tropical_Kingbird_0073_69401.jpg,0.4020620079836822,-0.16954344363221296,-0.07552874707246586
Tropical_Kingbird_0006_69521.jpg,0.5459170847803363,0.2706945443044978,0.6030921991815444
Tropical_Kingbird_0005_69662.jpg,0.4437236443243058,-0.0162940808174854,0.22471935432798226
Tropical_Kingbird_0002_69595.jpg,0.3959566341999591,-0.18581259293905128,0.19222163464123143
Tropical_Kingbird_0036_69939.jpg,0.41636927323737993,-0.0914434815057028,0.6640532109851082
Tropical_Kingbird_0045_69605.jpg,0.3488476972524023,-0.3422255939725809,-0.3012549039796576
Tropical_Kingbird_0114_69700.jpg,0.3209621998919304,-0.44134410694637394,0.5616604708861831
Tropical_Kingbird_0038_69455.jpg,0.3993648966010829,-0.15854872759750438,0.2609542105996552
Tropical_Kingbird_0047_69719.jpg,0.4690969303735453,0.04082352048225901,0.41953097691022057
Tropical_Kingbird_0075_69978.jpg,0.3669895941185456,-0.26576698383969055,0.47224643355553786
Tropical_Kingbird_0040_69728.jpg,0.4771789687950173,0.08125296806126947,0.46342854298118374
Tropical_Kingbird_0110_69731.jpg,0.34957892280670844,-0.30042017701501744,0.5928172875157061
Tropical_Kingbird_0027_69735.jpg,0.2764923639235929,-0.594319782120047,-0.08201529241251881
Tropical_Kingbird_0095_69482.jpg,0.3362713649125151,-0.37976075402454046,0.0020189995151485302
Tropical_Kingbird_0052_69739.jpg,0.38783260328830516,-0.2147112528447479,0.6482478033692417
Tropical_Kingbird_0115_69485.jpg,0.41095814510895845,-0.12714402940534453,0.38957476567918875
Tropical_Kingbird_0022_69742.jpg,0.4102291265950544,-0.15112208731278431,0.534056000693904
Tropical_Kingbird_0034_69242.jpg,0.3676648247569726,-0.2678514512494714,0.5138441743895714
Tropical_Kingbird_0039_69253.jpg,0.37342101015428575,-0.24485065974408293,0.2957773140381837
Tropical_Kingbird_0067_69792.jpg,0.477429473140895,0.10218818076558667,0.5289945489193822
Tropical_Kingbird_0084_69312.jpg,0.5290719071213781,0.22495972058762903,0.544392448552894
Tropical_Kingbird_0066_69320.jpg,0.3759615800384636,-0.24742138361891275,0.41809497163248865
Tropical_Kingbird_0024_69582.jpg,0.36008240632713073,-0.2892229361335714,0.6089369656276501
Tropical_Kingbird_0088_69856.jpg,0.3432340955999361,-0.35013252741671863,0.07300407667771648
Tropical_Kingbird_0051_69609.jpg,0.3690494249083205,-0.2519551500326851,0.045903668571584705
Tropical_Kingbird_0043_69613.jpg,0.41158718062650546,-0.11005185086780123,0.45142791016146844
Tropical_Kingbird_0079_69371.jpg,0.3968656630391397,-0.1612498225959753,0.5075876370700296
Tropical_Kingbird_0063_69589.jpg,0.30270164408586486,-0.5014876900677157,0.5795495202664803
Gray_Kingbird_0056_70156.jpg,0.5036172440999844,0.1472955588425403,-0.059324766527714325
Gray_Kingbird_0017_70161.jpg,0.36251228740093056,-0.30217818561913434,0.17524496102272932
Gray_Kingbird_0053_70166.jpg,0.5653440011173142,0.33276150755489864,0.0840751390169674
Gray_Kingbird_0084_70171.jpg,0.47218977408587515,0.08581281517507189,-0.0012660239978120095
Gray_Kingbird_0036_70184.jpg,0.3890690370849095,-0.18114213623349862,0.03706383294081655
Gray_Kingbird_0075_70188.jpg,0.34279320764619625,-0.3559809798014475,0.19434875321278935
Gray_Kingbird_0077_70191.jpg,0.4293907310795041,-0.07795757643539636,-0.00039801990169137055
Gray_Kingbird_0001_70224.jpg,0.3866652028689407,-0.1946435672833231,0.2557592192238264
Gray_Kingbird_0014_70227.jpg,0.3783136681563599,-0.2326811553493262,0.36357891959110383
Gray_Kingbird_0021_70228.jpg,0.4800148752309039,0.08321669731245884,0.04202833479818542
Gray_Kingbird_0049_795022.jpg,0.4403885973532189,-0.026416392981745362,0.2936653952002846
Gray_Kingbird_0054_70264.jpg,0.5553132831513432,0.30629160779119435,-0.09922919119294572
Gray_Kingbird_0081_70276.jpg,0.42858097270322393,-0.0663376604079875,0.31183076284722977
Gray_Kingbird_0019_795013.jpg,0.5688674527253601,0.34131325639812427,0.2749969192233389
Gray_Kingbird_0082_795014.jpg,0.3955376012031607,-0.15497320974568596,0.1827677005564951
Gray_Kingbird_0029_795015.jpg,0.4439829703448789,-0.029803405119339432,0.14452831251746848
Gray_Kingbird_0055_70290.jpg,0.36939493914096966,-0.270704929096784,0.3022358847612207
Gray_Kingbird_0004_70293.jpg,0.3673348106741062,-0.26774460541708844,-0.031754948829801705
Gray_Kingbird_0043_795032.jpg,0.4397985313921787,-0.03289167698277673,0.22937902642816635
Gray_Kingbird_0070_70051.jpg,0.47417596441076393,0.04920974834713687,0.3898871710138221
Gray_Kingbird_0031_70308.jpg,0.4145415862060685,-0.10721467408202412,-0.28969578105336047
Gray_Kingbird_0010_70057.jpg,0.46169693031229186,0.04018336040608783,0.03624516555682866
Gray_Kingbird_0044_70322.jpg,0.5633865582759172,0.3468386694987551,0.3091267761659941
Gray_Kingbird_0034_70069.jpg,0.4555403292643343,0.019783411627114833,-0.000293166704062528
Gray_Kingbird_0076_70070.jpg,0.502802529371812,0.16505154792669707,-0.03719829036711871
Gray_Kingbird_0013_70135.jpg,0.42815059343868234,-0.09035991415873612,-0.0869360131130081
Gray_Kingbird_0005_70103.jpg,0.3968879036344073,-0.1837895908600662,0.19108541813597607
Gray_Kingbird_0032_70111.jpg,0.5178722280875383,0.2078024359498587,-0.040130711987822115
Gray_Kingbird_0051_70139.jpg,0.42185012807199473,-0.08382859148476118,0.06854968979647398
Belted_Kingfisher_0008_70668.jpg,0.33621916429413856,-0.35386524200843095,-0.24322583113032636
Belted_Kingfisher_0094_70698.jpg,0.4589879220125752,0.012898484509782926,-0.16809682641490054
Belted_Kingfisher_0019_70744.jpg,0.4335229397784448,-0.05801955158548622,-0.18225970063750996
Belted_Kingfisher_0025_70501.jpg,0.5666097635530682,0.3271756005405131,-0.1384680733403066
Belted_Kingfisher_0057_70582.jpg,0.5254865226411737,0.21580443401372396,0.17998807023627972
Belted_Kingfisher_0079_70524.jpg,0.4360345188172281,-0.05200532570506167,-0.544377182759279
Belted_Kingfisher_0009_70536.jpg,0.3693770985402868,-0.27078287588722194,-0.2569746015032646
Belted_Kingfisher_0104_70596.jpg,0.45300901892003265,0.009881627368875878,-0.06952030334449945
Belted_Kingfisher_0108_70554.jpg,0.37378397654891005,-0.2519061118894892,0.46966809331837295
Belted_Kingfisher_0065_70560.jpg,0.4715605614963002,0.0655490774229539,0.031378076147483516
Belted_Kingfisher_0086_70569.jpg,0.36457132063776154,-0.2767845362226009,-0.19288475669129926
Belted_Kingfisher_0032_70573.jpg,0.352381956869411,-0.3202274315952591,0.14077248468831452
Belted_Kingfisher_0063_70835.jpg,0.42922313561444536,-0.0795881263399687,0.004292320276046722
Belted_Kingfisher_0012_70325.jpg,0.5120675534006104,0.1721443621787344,-0.05314202372478538
Belted_Kingfisher_0071_70584.jpg,0.3248290832158174,-0.39494296499137915,-0.2915510178501751
Belted_Kingfisher_0034_70329.jpg,0.3302912345318697,-0.39772222587409156,-0.021458741467928758
Belted_Kingfisher_0058_70848.jpg,0.3816746083524247,-0.21307899855574042,-0.27583739848985944
Belted_Kingfisher_0017_70342.jpg,0.38794542775584373,-0.17598458194179312,-0.10357527969038058
Belted_Kingfisher_0096_70347.jpg,0.4036714440910296,-0.14795181383570588,-0.2536300367496376
Belted_Kingfisher_0066_70356.jpg,0.40417663620821753,-0.17137724688968148,0.13844696894952108
Belted_Kingfisher_0028_70358.jpg,0.5006796493586743,0.16845953902769217,0.19447505004131196
Belted_Kingfisher_0093_70360.jpg,0.3574196154567898,-0.3090602173058494,0.3894424335084931
Belted_Kingfisher_0077_70620.jpg,0.45564207023536685,0.002521243509997051,-0.049785271511545784
Belted_Kingfisher_0078_70366.jpg,0.3851044137307069,-0.19921367383240796,-0.37585263769998917
Belted_Kingfisher_0006_70625.jpg,0.3846140892586828,-0.2370886615361747,-0.4796964661407176
Belted_Kingfisher_0107_70883.jpg,0.44336868421799425,-0.010368618918992878,0.38980353863011014
Belted_Kingfisher_0112_70634.jpg,0.4537877091656308,0.012536654469058162,0.2153008846132653
Belted_Kingfisher_0015_70638.jpg,0.33106192440558724,-0.3898581316078431,0.3116381922950547
Belted_Kingfisher_0027_70397.jpg,0.3978188584359942,-0.17193350493560433,0.023664119207237117
Belted_Kingfisher_0014_70910.jpg,0.4003009047000936,-0.15915947941902475,0.008199812116130143
Green_Kingfisher_0046_71178.jpg,0.3621591282480455,-0.27542644591405785,0.28210122316863573
Green_Kingfisher_0093_71185.jpg,0.3683503104400311,-0.272973470928374,0.33081068671712405
Green_Kingfisher_0060_66074.jpg,0.3839273370777878,-0.23095783180589735,-0.15436802154213441
Green_Kingfisher_0043_71212.jpg,0.30888555311097177,-0.479144240576451,0.5847478213711966
Green_Kingfisher_0017_70957.jpg,0.4173081858666876,-0.11640818304818734,0.7326250787462727
Green_Kingfisher_0074_71214.jpg,0.4159203852471006,-0.12569944973044156,-0.29695234513133945
Green_Kingfisher_0003_70970.jpg,0.39644792303723764,-0.17244228977441778,0.6459465470809532
Green_Kingfisher_0028_70981.jpg,0.3555112320641811,-0.3158349252413013,0.3141305784390764
Green_Kingfisher_0057_71096.jpg,0.35697453656279854,-0.30945015893737393,0.4902299796615738
Green_Kingfisher_0021_71009.jpg,0.3480001243421692,-0.36517533936988267,-0.01124710966462352
Green_Kingfisher_0079_71267.jpg,0.3208208759298865,-0.432994452616114,0.3418840671351804
Green_Kingfisher_0026_71059.jpg,0.31267225533789844,-0.4669212974431374,-0.04276640684032146
Green_Kingfisher_0092_71106.jpg,0.4416515711835334,-0.040231374765020034,-0.42055236535433954
Green_Kingfisher_0013_71293.jpg,0.3763740914941891,-0.24861410940637296,0.32937599043032567
Green_Kingfisher_0009_70933.jpg,0.35009418310131624,-0.3453755353232726,0.277897882684354
Green_Kingfisher_0006_71297.jpg,0.39696254217082316,-0.1528057692022453,0.5822578045307564
Green_Kingfisher_0015_71042.jpg,0.457036874757372,-0.009133215060930233,0.3833638630526963
Green_Kingfisher_0002_71055.jpg,0.39291770979189145,-0.18839269454008956,0.3621884729108716
Green_Kingfisher_0053_71319.jpg,0.36456034720793773,-0.2882349455712203,-0.28553950518213367
Green_Kingfisher_0045_71064.jpg,0.37155265376985325,-0.27531709364005574,0.44441472362000983
Green_Kingfisher_0089_71325.jpg,0.2889443174944166,-0.5569299265544945,0.39392854417647877
Green_Kingfisher_0034_71075.jpg,0.35223538777142804,-0.3188695845300007,0.29566585318226324
Green_Kingfisher_0088_71122.jpg,0.4541909423906305,-0.004624437321371966,0.40493836571458314
Green_Kingfisher_0077_71129.jpg,0.5046734121364724,0.191152731864066,0.27885061739588246
Green_Kingfisher_0070_71387.jpg,0.3383199648554154,-0.38140723842934254,0.6068577700166672
Green_Kingfisher_0035_71133.jpg,0.3442541001217595,-0.35791746746726294,-0.1782364847452402
Green_Kingfisher_0001_71138.jpg,0.39136952724284435,-0.19451150115171423,-0.09426485117482322
Green_Kingfisher_0039_71037.jpg,0.3511695557254916,-0.3322883566276693,0.35850973322553437
Green_Kingfisher_0036_71156.jpg,0.35124277070032506,-0.3246718156280779,0.07275622102663372
Green_Kingfisher_0007_71163.jpg,0.43242359490716864,-0.05631708792612766,-0.011603119035116878
Pied_Kingfisher_0132_72706.jpg,0.40765525237006883,-0.12858852099164442,-0.1767949419589334
Pied_Kingfisher_0002_71698.jpg,0.42714393272108975,-0.09620726375082844,0.4873499802326035
Pied_Kingfisher_0028_72221.jpg,0.46587882815854154,0.04549418195820154,0.3422725023576835
Pied_Kingfisher_0053_72761.jpg,0.3274666275712066,-0.4012037820034551,-0.14668934779602943
Pied_Kingfisher_0036_72275.jpg,0.39848085421686597,-0.15491247404545927,-0.6862529171001285
Pied_Kingfisher_0068_72278.jpg,0.4105387641800754,-0.13330186631210772,0.5614974708576008
Pied_Kingfisher_0054_72296.jpg,0.43356826468708387,-0.07462563571100578,-0.21867588873713809
Pied_Kingfisher_0015_72299.jpg,0.32215009910335024,-0.4260951001961273,-0.031184313962592216
Pied_Kingfisher_0032_71792.jpg,0.38164511519367983,-0.2100860565159801,0.5445159235148956
Pied_Kingfisher_0031_71829.jpg,0.4139151169686037,-0.11716279476888225,0.3748529078106938
Pied_Kingfisher_0102_72349.jpg,0.4138191521025991,-0.12016724972327752,0.19320903330622613
Pied_Kingfisher_0065_71871.jpg,0.3941326043695369,-0.16866072933734322,0.3366889771828977
Pied_Kingfisher_0047_72401.jpg,0.3725816364052251,-0.24505867291963868,0.34128368606738396
Pied_Kingfisher_0097_71895.jpg,0.37317176220447335,-0.24679772750525686,0.05396646320706206
Pied_Kingfisher_0116_71900.jpg,0.40967768403738225,-0.13970143987709505,-0.04125672946392248
Pied_Kingfisher_0027_71434.jpg,0.3658179873900894,-0.2976495351091146,0.03570204698190828
Pied_Kingfisher_0117_71947.jpg,0.525484038783263,0.23688113938608446,0.5813356576149296
Pied_Kingfisher_0025_72469.jpg,0.33793909551876455,-0.39235413266089036,0.30689789528411343
Pied_Kingfisher_0059_72492.jpg,0.331197922595848,-0.40161220047472,0.09323002611535083
Pied_Kingfisher_0078_71985.jpg,0.4162911789929613,-0.1276196579254525,0.4211634046513212
Pied_Kingfisher_0021_72498.jpg,0.3828331989464855,-0.24321619836101416,-0.08258196761332466
Pied_Kingfisher_0095_72008.jpg,0.37618433600301593,-0.24250389235801428,0.36068390315354104
Pied_Kingfisher_0030_72603.jpg,0.4092262135144057,-0.12554771118503472,0.3022207603308672
Pied_Kingfisher_0013_72114.jpg,0.5031642450300116,0.16774604522349834,-0.15599902556646764
Pied_Kingfisher_0118_72115.jpg,0.4932586876491767,0.13577666598105131,0.5163804401135227
Pied_Kingfisher_0004_72135.jpg,0.40658788579304683,-0.1330156407782357,0.2751683531245007
Pied_Kingfisher_0067_71641.jpg,0.33053014286229543,-0.37354596114883964,-0.17395669615948037
Pied_Kingfisher_0045_71143.jpg,0.3966262347245506,-0.1624611663001605,-0.30854945494275193
Pied_Kingfisher_0018_71657.jpg,0.40353400712253373,-0.16243683543554277,0.09850288584803127
Pied_Kingfisher_0085_71557.jpg,0.320093163760661,-0.4368724738443024,0.3478084044705596
Ringed_Kingfisher_0079_72961.jpg,0.307966053172961,-0.48471779257213177,-0.4809520699956298
Ringed_Kingfisher_0012_72974.jpg,0.3598828220415249,-0.2862606712988298,0.049805224357219374
Ringed_Kingfisher_0033_73133.jpg,0.3002880976597697,-0.5073014441276529,0.12262127305418179
Ringed_Kingfisher_0107_72983.jpg,0.37757726120951707,-0.258978491978497,-0.5394997154708941
Ringed_Kingfisher_0075_73135.jpg,0.37554937483150685,-0.2337109705425433,-0.25501550032278575
Ringed_Kingfisher_0003_72994.jpg,0.43995504018260945,-0.031214798602289706,-0.22037066086586682
Ringed_Kingfisher_0051_72997.jpg,0.23668881189612,-0.7506249701879828,-0.26400542235080526
Ringed_Kingfisher_0035_73012.jpg,0.3665737239309931,-0.27845801151913685,0.22606798720754168
Ringed_Kingfisher_0038_73041.jpg,0.36395452367189685,-0.2820205070212629,-0.23348130725728367
Ringed_Kingfisher_0009_72786.jpg,0.4843372592653631,0.08500977857590752,0.14194376759062635
Ringed_Kingfisher_0001_73048.jpg,0.35689372707187494,-0.30853212752822223,-0.5431733741962945
Ringed_Kingfisher_0087_72794.jpg,0.4217043688823897,-0.09207684561841245,0.2136746359226091
Ringed_Kingfisher_0025_72795.jpg,0.49255882937584805,0.12043936711156356,-0.20158663457870302
Ringed_Kingfisher_0083_73053.jpg,0.34156175821382373,-0.3597505630343829,-0.3755075241948385
Ringed_Kingfisher_0078_72826.jpg,0.38963743294816267,-0.19063860020163603,0.10384589252364028
Ringed_Kingfisher_0005_73086.jpg,0.40910000047844497,-0.1344446580814116,-0.1723574301758151
Ringed_Kingfisher_0091_72839.jpg,0.44564453442413654,-0.020568047436671177,-0.35492244151584335
Ringed_Kingfisher_0040_72852.jpg,0.437375264530784,-0.02039815437907988,-0.5480278831440931
Ringed_Kingfisher_0073_73118.jpg,0.4084171785585672,-0.14608396544129265,-0.03949595562879955
Ringed_Kingfisher_0074_73130.jpg,0.4136487343852735,-0.10020299641685004,-0.28840905502555886
Ringed_Kingfisher_0060_73132.jpg,0.3895042249868329,-0.19762121234194474,-0.0551162925762167
Ringed_Kingfisher_0043_72877.jpg,0.4351394889422312,-0.07056191738171957,0.5050346155015928
Ringed_Kingfisher_0020_72888.jpg,0.4964740537036664,0.1517907822092811,-0.16344873033860907
Ringed_Kingfisher_0023_72910.jpg,0.37604147108003494,-0.2359653043068648,-0.014657761799462387
Ringed_Kingfisher_0101_72919.jpg,0.3860723785311885,-0.20041513896490448,-0.15886806444385213
Ringed_Kingfisher_0080_72923.jpg,0.33076863210740026,-0.3818252261410562,-0.17206964064954708
Ringed_Kingfisher_0102_72941.jpg,0.3337427165709558,-0.36720506792431395,-0.47838076100581195
Ringed_Kingfisher_0089_72947.jpg,0.37732116339427013,-0.2578740472026153,-0.287989383468426
Ringed_Kingfisher_0072_72954.jpg,0.37562866200720113,-0.2586537183142126,0.3609665522504946
Ringed_Kingfisher_0018_72957.jpg,0.41921530827722087,-0.0802641363524439,-0.01286787626198937
White_Breasted_Kingfisher_0037_73220.jpg,0.5058244180764832,0.16299085992432027,0.20303573009385634
White_Breasted_Kingfisher_0098_73227.jpg,0.43309692016016943,-0.08531669673564912,0.48426007865308546
White_Breasted_Kingfisher_0004_73741.jpg,0.49555261700429587,0.1400878586843407,0.5713695978018494
White_Breasted_Kingfisher_0023_73230.jpg,0.4244884903312103,-0.10058414549422423,-0.45264329793854885
White_Breasted_Kingfisher_0029_73233.jpg,0.42117038201429113,-0.09462247545347502,0.3235910879450287
White_Breasted_Kingfisher_0071_73236.jpg,0.48120043105598265,0.10403579425598464,0.06031877074689582
White_Breasted_Kingfisher_0073_73498.jpg,0.3723192533052341,-0.26867319721756866,0.5610499170136822
White_Breasted_Kingfisher_0047_73251.jpg,0.4976985903123239,0.1351782653930832,0.5489783562875415
White_Breasted_Kingfisher_0101_73261.jpg,0.34117260369369784,-0.3707266909156117,0.393550432927815
White_Breasted_Kingfisher_0040_73266.jpg,0.42995983123399406,-0.09390859150309816,0.620084031118746
White_Breasted_Kingfisher_0048_73292.jpg,0.3317703242372213,-0.38911989376841793,0.2396694005961124
White_Breasted_Kingfisher_0116_73295.jpg,0.5455030202619691,0.2623605600706487,0.4941162521009127
White_Breasted_Kingfisher_0096_73552.jpg,0.3682621300075226,-0.2813033870300712,0.5063433425671682
White_Breasted_Kingfisher_0067_73300.jpg,0.4298235436281249,-0.06919978552750083,0.5663038515159926
White_Breasted_Kingfisher_0019_73306.jpg,0.34513259999730383,-0.36009104802262293,0.05208204682574738
White_Breasted_Kingfisher_0030_73335.jpg,0.45746176508233816,-0.0029274573992332797,0.6579131526371722
White_Breasted_Kingfisher_0003_73195.jpg,0.4083376066236202,-0.15745756018711665,-0.27908707406314215
White_Breasted_Kingfisher_0045_73600.jpg,0.5024870566266803,0.16148739543139323,0.20244886096647738
White_Breasted_Kingfisher_0017_73355.jpg,0.318019025871106,-0.463065151621995,0.05503463877314749
White_Breasted_Kingfisher_0063_73365.jpg,0.4210290233356563,-0.08249819782721457,0.41999287622175135
White_Breasted_Kingfisher_0012_73367.jpg,0.45426430835895437,0.022007129733988884,0.2819766195844958
White_Breasted_Kingfisher_0111_73369.jpg,0.3622779812739444,-0.2824760678928975,0.4355354961568934
White_Breasted_Kingfisher_0089_73371.jpg,0.3902551894460362,-0.20858661384051103,0.6515650083431417
White_Breasted_Kingfisher_0065_73372.jpg,0.36570405584220766,-0.26479630801327025,0.41863724294563237
White_Breasted_Kingfisher_0078_73373.jpg,0.37441444828283676,-0.2520981386964807,0.5226354241552656
White_Breasted_Kingfisher_0104_73398.jpg,0.3264787616354662,-0.42468048060978014,-0.10690259538729377
White_Breasted_Kingfisher_0119_73401.jpg,0.47377705369147605,0.06891259647828085,0.21530455001809007
White_Breasted_Kingfisher_0050_73682.jpg,0.27011535991553104,-0.6318710216926509,0.5702032779501601
White_Breasted_Kingfisher_0052_73446.jpg,0.3498979178380167,-0.33486450897633446,0.42895562955253397
White_Breasted_Kingfisher_0015_73192.jpg,0.5192819777285884,0.18738529953744953,0.5700688416426967
Red_Legged_Kittiwake_0033_795395.jpg,0.4264613165376232,-0.038057973249609134,0.17158590695925346
Red_Legged_Kittiwake_0050_795397.jpg,0.4227493009704901,-0.0673074198403909,0.40931627012706584
Red_Legged_Kittiwake_0051_795404.jpg,0.6300547131587153,0.4991158108393001,0.14902981157679956
Red_Legged_Kittiwake_0013_795413.jpg,0.4665089084764775,0.06031292731254578,0.22336187244393432
Red_Legged_Kittiwake_0060_795414.jpg,0.55104419132819,0.28161187175417135,-0.46902451409950063
Red_Legged_Kittiwake_0043_795416.jpg,0.4865225163266713,0.12421316018748585,0.15971091775918556
Red_Legged_Kittiwake_0058_795417.jpg,0.4011248581312111,-0.1373300251994618,0.26158705279266276
Red_Legged_Kittiwake_0059_795424.jpg,0.35886098583778536,-0.2689151887915493,0.18278615747196236
Red_Legged_Kittiwake_0039_795429.jpg,0.4822966650466274,0.09852138988704195,0.07918672265532622
Red_Legged_Kittiwake_0014_795432.jpg,0.4294674759497228,-0.044854315434862624,-0.2650765250647941
Red_Legged_Kittiwake_0048_73770.jpg,0.2832000725289576,-0.5469323681142382,0.11900498260795245
Red_Legged_Kittiwake_0020_795439.jpg,0.5737015669906409,0.3874001272946558,0.4045685216684441
Red_Legged_Kittiwake_0047_795445.jpg,0.5213810047762473,0.21104831710646976,0.3505963551516812
Red_Legged_Kittiwake_0028_795450.jpg,0.5164657103991347,0.18170088030496867,0.21680878707617338
Red_Legged_Kittiwake_0017_795451.jpg,0.3655604385911996,-0.2669211946212371,0.17102660625803937
Red_Legged_Kittiwake_0040_795455.jpg,0.45720096231338225,0.0553107637499336,0.3376926647020515
Red_Legged_Kittiwake_0015_73792.jpg,0.40865106009603014,-0.09811816514155325,0.7330192528558208
Red_Legged_Kittiwake_0042_795457.jpg,0.5740451926887826,0.3819681073700656,0.32387798388465566
Red_Legged_Kittiwake_0009_795459.jpg,0.415532706399675,-0.07738844300244452,0.3565171607393351
Red_Legged_Kittiwake_0037_73794.jpg,0.3400360699780677,-0.36564790200463104,0.03132723610402412
Red_Legged_Kittiwake_0061_795420.jpg,0.48802752748717515,0.15961550862503282,0.11285274876449913
Red_Legged_Kittiwake_0003_795389.jpg,0.3906404709439141,-0.1654293436313341,-0.17889945723421327
Red_Legged_Kittiwake_0062_795434.jpg,0.5359815903665386,0.27431436761065553,0.38078880831830053
Horned_Lark_0115_74271.jpg,0.33624486557163924,-0.3683287795434307,-0.20668821027235532
Horned_Lark_0065_74279.jpg,0.5099688854097817,0.16027891345406664,-0.08358763254971707
Horned_Lark_0110_73826.jpg,0.49370820143616523,0.13509389638877145,-0.22171291340892585
Horned_Lark_0033_74344.jpg,0.4395794051677664,-0.06002132224242018,-0.15885945473011012
Horned_Lark_0082_73833.jpg,0.5404899633736132,0.25243132721462125,0.22155706528612504
Horned_Lark_0006_73836.jpg,0.3512859610934128,-0.32554481315697203,-0.6016538281354541
Horned_Lark_0126_74354.jpg,0.45754516111333976,0.004158366800245172,-0.5422279933938094
Horned_Lark_0001_73835.jpg,0.3553124581565055,-0.3105734823262418,-0.670536371981362
Horned_Lark_0004_73861.jpg,0.3915622974600951,-0.20978574559447916,0.08552921697375046
Horned_Lark_0056_74896.jpg,0.358321364010201,-0.2933132473542952,0.1432096654923887
Horned_Lark_0141_74396.jpg,0.33367608533428017,-0.39391619696476865,-0.44409145291673396
Horned_Lark_0026_74910.jpg,0.3886132545290021,-0.22465712873282673,0.20150574256572618
Horned_Lark_0064_74864.jpg,0.5492477630260176,0.2838186736082221,0.28911776736784467
Horned_Lark_0048_73894.jpg,0.3427731172638907,-0.3577026205470386,-0.18097644179763578
Horned_Lark_0094_74407.jpg,0.3408263182030612,-0.36318969604039664,-0.14943839411055385
Horned_Lark_0125_73910.jpg,0.3734277994542111,-0.26157718764806037,-0.17808998846422755
Horned_Lark_0020_73914.jpg,0.3053852289399651,-0.48454002010845776,0.385041288973782
Horned_Lark_0083_74444.jpg,0.36352561714510534,-0.2856053869803401,-0.2907030218905443
Horned_Lark_0034_73940.jpg,0.4102707830809258,-0.12314206063898592,-0.20269539050076982
Horned_Lark_0014_74963.jpg,0.36789601789217197,-0.2602218639130853,0.07056102470686525
Horned_Lark_0139_74492.jpg,0.3451734066295863,-0.35473607689452025,-0.08315370532177861
Horned_Lark_0087_73989.jpg,0.5180344374384556,0.18340102724180973,0.42814067456144056
Horned_Lark_0019_73996.jpg,0.2898859785097009,-0.5451337675407846,-0.22035066155323985
Horned_Lark_0012_74511.jpg,0.4015454368678657,-0.1380037646648824,0.11701377518387727
Horned_Lark_0075_74126.jpg,0.4570839792886524,0.049436545732976955,-0.3472205887733038
Horned_Lark_0104_74142.jpg,0.5640707375990077,0.3208475001019351,-0.35646211874058753
Horned_Lark_0112_73971.jpg,0.3881095381763412,-0.19415216776196975,-0.18421857523773483
Horned_Lark_0037_74696.jpg,0.32559085757390416,-0.4124832560525926,-0.12429825004957078
Horned_Lark_0108_74193.jpg,0.43449168489446566,-0.03995724124020095,-0.32501615335218415
Horned_Lark_0040_74214.jpg,0.3829235100393411,-0.22876489858762072,-0.012761865092263024
Pacific_Loon_0001_75521.jpg,0.4997562710886355,0.13347351720157052,-0.05922729660257642
Pacific_Loon_0048_75524.jpg,0.3232541156563974,-0.4401144078000401,0.049405184958257256
Pacific_Loon_0064_75532.jpg,0.4809525259078621,0.0886670151974962,-0.15798478206794167
Pacific_Loon_0027_75542.jpg,0.5091951188297421,0.15691055410153076,-0.17267300694113855
Pacific_Loon_0049_75780.jpg,0.4381235493750023,-0.031051218958812354,-0.0003279138613142417
Pacific_Loon_0024_75555.jpg,0.45219388459986143,0.0032241333577948117,-0.05427956921599537
Pacific_Loon_0041_75782.jpg,0.5050190378356765,0.14070617254897222,0.11561220369058464
Pacific_Loon_0004_75815.jpg,0.4831014619384121,0.09559093723401657,0.09331378356174853
Pacific_Loon_0010_75818.jpg,0.6200101172884369,0.47033310109243087,-0.16322313387558549
Pacific_Loon_0018_75564.jpg,0.3837359704528265,-0.21813590506074454,-0.40519670319210715
Pacific_Loon_0033_75571.jpg,0.4658350272450049,0.058165874329994094,-0.34948814252410215
Pacific_Loon_0005_75829.jpg,0.52495525399353,0.2033060359248453,0.08212367013225275
Pacific_Loon_0068_75836.jpg,0.37042409323001935,-0.28036608803509777,-0.4174189225812716
Pacific_Loon_0062_75587.jpg,0.3460724147226121,-0.34632942834301184,-0.17909948695029232
Pacific_Loon_0045_75589.jpg,0.45176232797721083,0.011909132903415665,-0.09202682370521445
Pacific_Loon_0026_75593.jpg,0.5131703727972319,0.15551237779627558,0.0860046201969384
Pacific_Loon_0020_75596.jpg,0.45082409116100985,-0.016185952118463076,-0.3114699270337853
Pacific_Loon_0053_77673.jpg,0.4160696850930353,-0.12900052186388988,-0.26726732320493085
Pacific_Loon_0042_75385.jpg,0.3863621010812269,-0.20709683631451847,-0.12533016988120613
Pacific_Loon_0050_75388.jpg,0.42131471385357777,-0.0908544526419397,-0.11019005423692897
Pacific_Loon_0047_75393.jpg,0.45876129396097587,-0.0058055299290920015,-0.49608865191405205
Pacific_Loon_0040_75414.jpg,0.35982606842248277,-0.3099741418542519,-0.17898284577927673
Pacific_Loon_0008_75428.jpg,0.32686986080547153,-0.4306877176046289,-0.01588885703817237
Pacific_Loon_0032_75441.jpg,0.48510233799524094,0.11533408206955276,0.2240800719701893
Pacific_Loon_0003_75442.jpg,0.5045108956412238,0.14541242968972523,0.1872824293474271
Pacific_Loon_0069_75446.jpg,0.6616412755064747,0.5777052214630609,-0.1685589295731937
Pacific_Loon_0059_75706.jpg,0.3891751983043824,-0.20087859377134065,-0.0797448546312693
Pacific_Loon_0044_75467.jpg,0.4638950316814223,0.05373842424369801,-0.18953883292648277
Pacific_Loon_0043_75747.jpg,0.4250917382189785,-0.09790846566354916,-0.5623959112239111
Pacific_Loon_0002_75775.jpg,0.3931409199800574,-0.2035230319561112,-0.03026908555142019
Mallard_0131_76296.jpg,0.47002085275577343,0.08274581095873801,0.4173154474354292
Mallard_0016_76315.jpg,0.6605206085140534,0.5792283899366482,0.16117025455538156
Mallard_0044_76317.jpg,0.6381777569638425,0.5228028721178524,0.17619745008623175
Mallard_0130_76836.jpg,0.474105269941982,0.08476824909935565,0.36723862349455816
Mallard_0115_76840.jpg,0.6408171144310613,0.5354317412445355,0.03543129684277697
Mallard_0128_77396.jpg,0.5171586571214308,0.2200217160962149,0.1428104113090855
Mallard_0038_76902.jpg,0.6521456360763107,0.5535350474221146,0.23690067761093858
Mallard_0033_76565.jpg,0.4434034392194839,-0.0021295846010827013,0.2901545907314885
Mallard_0064_76654.jpg,0.61778647409634,0.4668127074847527,0.2640418024344308
Mallard_0024_75932.jpg,0.4514517167061184,-0.021511355299572488,0.08907472680509483
Mallard_0048_76995.jpg,0.6060744136840424,0.452737869546063,0.29869830514602425
Mallard_0107_76498.jpg,0.5044198323346281,0.1449344239064273,0.04888481845969748
Mallard_0028_76010.jpg,0.5211277942523583,0.2187610191477386,0.13853425287804186
Mallard_0043_77038.jpg,0.41887148556306464,-0.10504928999797647,0.3916019192469597
Mallard_0112_77046.jpg,0.46930011593803445,0.09523283201253163,0.30991238102368607
Mallard_0083_77052.jpg,0.720355738442382,0.706085241906118,0.12139752236243266
Mallard_0106_77568.jpg,0.5441207907338339,0.2686241946338155,0.27823828028077957
Mallard_0089_77068.jpg,0.5662402220801805,0.3434677313570147,0.025250089674908313
Mallard_0070_77588.jpg,0.5135452559029758,0.1780065802144255,0.5832728594024965
Mallard_0035_77095.jpg,0.6348296326742057,0.5112995665918931,0.1382765230364686
Mallard_0109_76616.jpg,0.600421055540626,0.43656145581893635,0.011407202129669267
Mallard_0045_77129.jpg,0.5654242685742272,0.3294767235716656,0.3597781636691371
Mallard_0067_77623.jpg,0.5224644131591751,0.1910772459065344,-0.09637992194828014
Mallard_0087_77499.jpg,0.5884346957085813,0.39623063431772365,0.24472001698540158
Mallard_0006_77171.jpg,0.6626865443089685,0.5800888505846167,-0.3735007333969958
Mallard_0046_76165.jpg,0.5201036121706164,0.20323800992530228,0.3542982217876111
Mallard_0138_76735.jpg,0.43535517368253684,-0.04273163145273684,-0.025382705373361836
Mallard_0078_76238.jpg,0.47168599691559776,0.09189600314087565,0.14424500951485414
Mallard_0081_76266.jpg,0.536494025382269,0.2595045826337976,0.3470030283459872
Mallard_0004_76958.jpg,0.66716857910068,0.5862594080331547,0.1494495605903505
Western_Meadowlark_0034_78869.jpg,0.481302886597366,0.12225624855963024,0.3614755884511633
Western_Meadowlark_0060_78368.jpg,0.4243735466520663,-0.0830439540890413,-0.020661667620027753
Western_Meadowlark_0116_77862.jpg,0.3876348557089615,-0.19165532470853353,0.5762844541208778
Western_Meadowlark_0032_78633.jpg,0.4123424059043621,-0.1282027219003632,0.04297328492216687
Western_Meadowlark_0086_78636.jpg,0.3790081379057064,-0.2316217073577329,0.49605305416839873
Western_Meadowlark_0019_77876.jpg,0.4506851951295302,-0.03622944158533925,0.3893686144416265
Western_Meadowlark_0018_77880.jpg,0.39274448046588206,-0.18958362438218712,0.5894503331267539
Western_Meadowlark_0115_77882.jpg,0.4547743978106831,0.01765989043345495,0.37728043745335516
Western_Meadowlark_0099_78176.jpg,0.35648709953512225,-0.3124186555125861,0.17603435909781465
Western_Meadowlark_0121_78402.jpg,0.3897732321582994,-0.1995259428426499,0.17866232796401443
Western_Meadowlark_0022_78410.jpg,0.4944007983381622,0.13722589563127607,0.15888045933852696
Western_Meadowlark_0108_78155.jpg,0.5505082567272267,0.2821978396236515,-0.15696562487677437
Western_Meadowlark_0096_77901.jpg,0.30133182392491653,-0.503467841095566,0.12600714195738008
Western_Meadowlark_0111_78674.jpg,0.40126587633759214,-0.15925130767037743,0.4804025880498934
Western_Meadowlark_0014_78421.jpg,0.3047438074542633,-0.5112681014250213,0.08237942450955836
Western_Meadowlark_0107_78608.jpg,0.4464134899751644,-0.011442682848992636,0.2590444833544411
Western_Meadowlark_0026_78438.jpg,0.38963184385483696,-0.18080905408424264,0.41679308623908295
Western_Meadowlark_0033_78312.jpg,0.39091118565653926,-0.17120030131631658,0.13318517839690436
Western_Meadowlark_0083_78197.jpg,0.6279598288560847,0.5045303690807308,0.42478080934273954
Western_Meadowlark_0063_77946.jpg,0.504179366901735,0.1710398412686135,0.5117309810595282
Western_Meadowlark_0028_78487.jpg,0.39428203043004206,-0.16972680651777838,0.024758831177709835
Western_Meadowlark_0101_78899.jpg,0.4974552011286404,0.13171172868773895,0.4171903134263035
Western_Meadowlark_0103_78500.jpg,0.2964151513296156,-0.5359386324258832,0.5608345666467327
Western_Meadowlark_0037_77759.jpg,0.4430700756409408,-0.02932790044074607,-0.1710498420106495
Western_Meadowlark_0067_78529.jpg,0.2828096654335558,-0.5680525794787807,-0.4636522041902098
Western_Meadowlark_0064_78027.jpg,0.5165468486293386,0.1863143502523329,0.7540380649196994
Western_Meadowlark_0100_78037.jpg,0.45335467076580893,0.011101496248886122,0.5466478992105079
Western_Meadowlark_0029_78832.jpg,0.2947748450577481,-0.5368824805712225,-0.08333898937231195
Western_Meadowlark_0091_78576.jpg,0.41438555661747567,-0.11501576139328651,0.5087002928540855
Western_Meadowlark_0076_77811.jpg,0.3907955446616479,-0.18674237832977125,-0.13638900349877922
Hooded_Merganser_0056_79112.jpg,0.47869098560906687,0.06394149724684439,-0.09452415599636763
Hooded_Merganser_0022_79153.jpg,0.4163002923592769,-0.1277228514681672,-0.28198042359437986
Hooded_Merganser_0037_796731.jpg,0.49324751187132776,0.15254393216759388,-0.07469397904218919
Hooded_Merganser_0007_79157.jpg,0.5057468885647238,0.14524880551237263,-0.16577745203706554
Hooded_Merganser_0012_796748.jpg,0.49202902476278254,0.12139819217476278,0.012382282768121831
Hooded_Merganser_0048_796749.jpg,0.4834528862883838,0.08652262000401956,0.05026729741234894
Hooded_Merganser_0076_796756.jpg,0.6343933981755385,0.5118339649486823,-0.46976239855574103
Hooded_Merganser_0074_796757.jpg,0.5889214533849503,0.4055850801280705,0.08899141292917781
Hooded_Merganser_0071_796760.jpg,0.46413584725436596,0.05281856080382663,0.0905855757974017
Hooded_Merganser_0046_796764.jpg,0.5231596110888955,0.22342011021785257,0.3049744038867338
Hooded_Merganser_0086_796780.jpg,0.458441701982622,0.04187245849221943,0.13927463627475845
Hooded_Merganser_0002_796781.jpg,0.4858659292550721,0.11131257664484107,-0.4118452827239929
Hooded_Merganser_0026_796782.jpg,0.5777835090241543,0.3800501515670337,0.06384849951904323
Hooded_Merganser_0047_78962.jpg,0.6196779234814472,0.48078943240348604,0.2764136383381932
Hooded_Merganser_0087_78972.jpg,0.5083011072956931,0.193489410342377,0.2761711800262393
Hooded_Merganser_0018_78979.jpg,0.4167023078631724,-0.11645136337255346,0.44778897223809305
Hooded_Merganser_0092_78989.jpg,0.49946269111360697,0.13582403473422433,-0.39574631705791236
Hooded_Merganser_0025_78996.jpg,0.43532388150643575,-0.035641717164996534,0.07118064145569757
Hooded_Merganser_0062_78998.jpg,0.5808955067833695,0.3683810547986709,-0.09023329472743381
Hooded_Merganser_0043_796783.jpg,0.4418669752791605,-0.0024431295645936935,0.08019870561386075
Hooded_Merganser_0009_79012.jpg,0.5619035910776043,0.32587952035179846,0.27292536178158705
Hooded_Merganser_0010_796785.jpg,0.4454169008728778,-0.051070059917873944,-0.2517344455937439
Hooded_Merganser_0094_796786.jpg,0.533836873550128,0.2400850722652058,-0.03285488346925814
Hooded_Merganser_0016_79079.jpg,0.3769576601727824,-0.22039317843504724,0.021251541227605045
Hooded_Merganser_0064_79040.jpg,0.5700817307383759,0.3419906217214702,0.13884029807982975
Hooded_Merganser_0020_79046.jpg,0.39307776062230226,-0.1731092648926098,-0.2540899942973156
Hooded_Merganser_0068_79057.jpg,0.44084984894916956,-0.0229750873588912,-0.04608877312303325
Hooded_Merganser_0028_79061.jpg,0.4567085064249883,0.017460669724271294,-0.09752415904351416
Hooded_Merganser_0063_79064.jpg,0.5598507111860864,0.3134580892670418,0.17730249494134193
Hooded_Merganser_0072_78973.jpg,0.5509856863523943,0.279016030772111,-0.07563759208006147
Red_Breasted_Merganser_0031_79372.jpg,0.4928539383222067,0.12321535150412233,-0.42100416781988204
Red_Breasted_Merganser_0043_79295.jpg,0.3072690392621653,-0.4952712094067018,-0.08091773704859381
Red_Breasted_Merganser_0030_79411.jpg,0.4685866084642831,0.03329720652945678,-0.015174526662556684
Red_Breasted_Merganser_0067_79167.jpg,0.5403328453810591,0.2549496507753718,-0.11752740734243365
Red_Breasted_Merganser_0012_79425.jpg,0.5774767258637357,0.3592231554407064,-0.30092906224165644
Red_Breasted_Merganser_0052_79178.jpg,0.5138459897868242,0.17170492654812408,0.2974267474690881
Red_Breasted_Merganser_0077_79180.jpg,0.45130615015262543,-0.013116812887773444,-0.2640182965344165
Red_Breasted_Merganser_0042_79202.jpg,0.39337001321761034,-0.21033895142018832,-0.23842138611381994
Red_Breasted_Merganser_0061_79453.jpg,0.4318477614245829,-0.07832742674705262,-0.38024163346001816
Red_Breasted_Merganser_0001_79199.jpg,0.46562714817403084,0.009768729542740329,-0.1495258190889609
Red_Breasted_Merganser_0035_79200.jpg,0.558336704057094,0.3052827524400794,0.13417083041106742
Red_Breasted_Merganser_0008_79458.jpg,0.5131416769212545,0.18075276404959406,-0.3810193648331082
Red_Breasted_Merganser_0068_79203.jpg,0.49327512050164835,0.11499741754395743,-0.1713244935560515
Red_Breasted_Merganser_0069_79204.jpg,0.5013884944957726,0.15218295847856478,-0.38444441786338357
Red_Breasted_Merganser_0014_79205.jpg,0.5226744867978688,0.19635740631789012,-0.11649469292939198
Red_Breasted_Merganser_0082_79214.jpg,0.4828950526474667,0.07356757963903815,-0.24761433671703495
Red_Breasted_Merganser_0051_79474.jpg,0.404990389463887,-0.16899358908548168,0.17892277930783196
Red_Breasted_Merganser_0024_79483.jpg,0.504088504048811,0.13745081770112766,-0.38024160521819766
Red_Breasted_Merganser_0004_79232.jpg,0.5473904197757566,0.2708311665237806,0.4164472448951242
Red_Breasted_Merganser_0079_79519.jpg,0.5303824689903471,0.21638486723964656,-0.09212869100206213
Red_Breasted_Merganser_0066_79275.jpg,0.5057331770855511,0.1494059544244034,-0.29554885279326976
Red_Breasted_Merganser_0027_79284.jpg,0.32470891622680553,-0.41243301431604107,-0.42098348418157583
Red_Breasted_Merganser_0034_79292.jpg,0.4085418757575071,-0.1405126443894935,0.013833704610676399
Red_Breasted_Merganser_0083_79562.jpg,0.5026118552656802,0.14609294392686034,-0.2063691814808429
Red_Breasted_Merganser_0064_79563.jpg,0.45780279778286614,-0.005806753986130397,0.06714286746422883
Red_Breasted_Merganser_0070_79570.jpg,0.4711953473172408,0.038325788000465044,0.07675286271152022
Red_Breasted_Merganser_0041_79574.jpg,0.459812216864267,0.008964229288050296,-0.003226942638539328
Red_Breasted_Merganser_0009_79576.jpg,0.40488136859395474,-0.17508513964099337,-0.3379481777061024
Red_Breasted_Merganser_0056_79348.jpg,0.3512979965995934,-0.32091384830316083,0.28922140511721717
Red_Breasted_Merganser_0045_79358.jpg,0.5362168430221868,0.23875231084652548,-0.2986380846965246
Mockingbird_0030_79876.jpg,0.4814819501019201,0.08281766536821389,-0.07622911773336825
Mockingbird_0006_79819.jpg,0.4974899288104736,0.135878943471739,-0.13638178643318632
Mockingbird_0095_81177.jpg,0.45642754881106506,0.008439868145824314,-0.10663562942311036
Mockingbird_0084_80670.jpg,0.4730499342930685,0.0348875755563387,0.19887132983714112
Mockingbird_0018_81183.jpg,0.3080680779130738,-0.4852444521865362,-0.029953430508137903
Mockingbird_0054_81703.jpg,0.4454213205286712,-0.00956786012190447,0.08118521774682443
Mockingbird_0078_80426.jpg,0.4370033131983978,-0.04964675158889498,-0.13589663197150847
Mockingbird_0076_79934.jpg,0.3827600078073339,-0.21783256249873983,-0.0726767508137931
Mockingbird_0025_79935.jpg,0.4535312329053557,0.02270757781422117,-0.02157341589247132
Mockingbird_0012_81216.jpg,0.4063058607937001,-0.14216335918664247,-0.2851266370779836
Mockingbird_0027_80980.jpg,0.47019088760224526,0.061263977359883426,0.39054020450945653
Mockingbird_0013_82010.jpg,0.5227340506481655,0.2030837329682399,0.026195530835533484
Mockingbird_0060_79972.jpg,0.3609136960189495,-0.30262806552573296,-0.26763894674503896
Mockingbird_0026_81214.jpg,0.5229342887710371,0.22435943795795388,0.05907501531145659
Mockingbird_0042_81728.jpg,0.44929775262510074,0.002174202064593289,0.13138248038348563
Mockingbird_0067_79723.jpg,0.44681156524189036,-0.025786962615239828,-0.00604115809665535
Mockingbird_0040_79680.jpg,0.4000105556848652,-0.1547086354976117,-0.18290403108897718
Mockingbird_0022_80552.jpg,0.5017869189669161,0.15098592596525162,0.3198878211258335
Mockingbird_0064_81068.jpg,0.4268669666955123,-0.07484192259018063,-0.1649676616774129
Mockingbird_0082_80570.jpg,0.4305290778865031,-0.0862051457494275,-0.3093036337317304
Mockingbird_0003_80833.jpg,0.5565788618022687,0.30416901957907616,0.018656560293056467
Mockingbird_0001_79812.jpg,0.5668104953514322,0.3326726960180555,-0.4216783332572
Mockingbird_0021_80343.jpg,0.5054932303682576,0.1454884397768471,-0.025958549473934216
Mockingbird_0089_80601.jpg,0.45862346047380986,0.00513704757701583,-0.19106872672379083
Mockingbird_0098_81117.jpg,0.37629962260624883,-0.24553930574331306,-0.155577642873207
Mockingbird_0071_80357.jpg,0.3549481668575232,-0.30313358154803827,-0.049984379129242903
Mockingbird_0009_81130.jpg,0.3156994404445559,-0.47431013542854905,-0.3865134693849686
Mockingbird_0051_79599.jpg,0.5905480401346577,0.40883714392908377,0.24609189341198928
Mockingbird_0016_79605.jpg,0.5277140515215819,0.24641829848498886,-0.0381594386999573
Mockingbird_0023_80121.jpg,0.5340791673056657,0.229184021237821,0.1019244352580083
Nighthawk_0078_795340.jpg,0.43324868541780703,-0.055579522796344705,-0.18167411634905997
Nighthawk_0016_84490.jpg,0.559251333748874,0.3119813876748704,0.006794785739857487
Nighthawk_0017_84237.jpg,0.45635913558639685,-0.0020963528337660797,0.2544048083755414
Nighthawk_0064_82196.jpg,0.61298511309214,0.46309596144737675,-0.09507606962622718
Nighthawk_0029_83733.jpg,0.6476208194693118,0.5402039966816718,-0.37651920356808943
Nighthawk_0084_84510.jpg,0.4458027570721641,-0.021350403359943426,0.11977636949199529
Nighthawk_0088_82225.jpg,0.5268775484897771,0.2137674542037965,0.017457089919457974
Nighthawk_0059_82741.jpg,0.48108249873841213,0.07749504355156445,0.3689966957845921
Nighthawk_0066_82238.jpg,0.5655281092968973,0.32355751133719945,-0.037956870165672764
Nighthawk_0024_83519.jpg,0.43656740485298895,-0.0777087308180584,-0.07486107763785033
Nighthawk_0062_84573.jpg,0.382788171418075,-0.22632949240542044,0.35248590130296986
Nighthawk_0087_82280.jpg,0.3461149488756935,-0.3563617948374034,0.4652351358443348
Nighthawk_0005_84594.jpg,0.39726077112666247,-0.15530488853800728,0.3903307171658098
Nighthawk_0042_83603.jpg,0.5790039721009093,0.36171117589784263,-0.2832020690598354
Nighthawk_0025_82808.jpg,0.3549966409157449,-0.3131947559179662,0.5711795108864338
Nighthawk_0021_82562.jpg,0.5333366963083902,0.22951965625164417,-0.07367910851903443
Nighthawk_0047_82820.jpg,0.33545371234953847,-0.39454723003229564,0.1713716264912719
Nighthawk_0020_83869.jpg,0.38962426347616097,-0.22139158148033555,0.06856016857707804
Nighthawk_0026_83911.jpg,0.3606556243671647,-0.30642496425181953,-0.37965576735670137
Nighthawk_0031_83636.jpg,0.32186010580092694,-0.4379110843249725,0.18793629399778333
Nighthawk_0069_82613.jpg,0.37789957174325317,-0.24402523293420764,0.012456852851413087
Nighthawk_0048_83648.jpg,0.294678582760905,-0.544901532375512,0.2863221447748019
Nighthawk_0072_795336.jpg,0.49236744527236176,0.12876956956117225,0.02109768613434001
Nighthawk_0054_795337.jpg,0.3330150418743364,-0.3921000666282344,0.18459306720109017
Nighthawk_0028_82636.jpg,0.32892535227479747,-0.4181339773560879,0.5610601885575635
Nighthawk_0065_82895.jpg,0.45321790836540476,0.005826599104539976,0.24167040511812427
Nighthawk_0053_84436.jpg,0.4106989944136089,-0.1278096856640698,0.24796868962701554
Nighthawk_0013_83670.jpg,0.4901477321503773,0.11569660139004778,0.4102346645572373
Nighthawk_0007_83419.jpg,0.2873121585184121,-0.5710520146920641,-0.5615218838104791
Nighthawk_0070_82676.jpg,0.43508767685417626,-0.076251944499794,0.011688027692779126
Clark_Nutcracker_0096_84996.jpg,0.5235763246662264,0.19733226980871288,0.13474266882386574
Clark_Nutcracker_0089_85004.jpg,0.4900159149557979,0.10027116145076043,0.1855281369671025
Clark_Nutcracker_0104_85531.jpg,0.5381897196440706,0.2432050508987046,0.5783228397347201
Clark_Nutcracker_0134_85534.jpg,0.548391804636237,0.2794209587451171,0.25846895595361713
Clark_Nutcracker_0076_85083.jpg,0.4520595520382088,0.026724809113846337,0.18215971044377077
Clark_Nutcracker_0102_85089.jpg,0.5342047115964825,0.2544832148729894,0.46292932360553873
Clark_Nutcracker_0090_85116.jpg,0.54900046514162,0.27629279688413766,0.16570573483827772
Clark_Nutcracker_0126_85134.jpg,0.6410168736882804,0.5238199454571622,0.24280363501374866
Clark_Nutcracker_0107_85662.jpg,0.5176286581174898,0.19111885506633808,0.44441202176499706
Clark_Nutcracker_0018_85166.jpg,0.5467198854052284,0.27580207827808767,-0.20574755619977217
Clark_Nutcracker_0131_85701.jpg,0.5898790805087635,0.3937226648823908,0.2157079690615657
Clark_Nutcracker_0005_85190.jpg,0.4712498050533742,0.05347207900058637,0.14324126900546647
Clark_Nutcracker_0099_85717.jpg,0.47099424391572053,0.0707171764079857,0.22109220709233698
Clark_Nutcracker_0024_85718.jpg,0.6147028036082556,0.4634989719749063,0.11541765830186462
Clark_Nutcracker_0072_85742.jpg,0.6291720176911795,0.5016182201739182,0.17338305858601008
Clark_Nutcracker_0047_85630.jpg,0.5538188393548298,0.30483519422828,0.2635613773830965
Clark_Nutcracker_0027_85266.jpg,0.5815818490355273,0.39385952981499917,0.456648783978008
Clark_Nutcracker_0110_85217.jpg,0.5930087413604461,0.40346077833967875,0.19132819180575286
Clark_Nutcracker_0093_84809.jpg,0.527789927612237,0.20885716236692742,0.07888557576706308
Clark_Nutcracker_0142_85322.jpg,0.4290641134676578,-0.10443563379975607,0.36318717688502006
Clark_Nutcracker_0033_85358.jpg,0.49949605615050663,0.12507757583248502,0.14897798967538128
Clark_Nutcracker_0043_84853.jpg,0.5238124070993466,0.21553127755836388,0.4362541562438527
Clark_Nutcracker_0106_84856.jpg,0.4798388829244248,0.061957697217848606,0.10251233460604124
Clark_Nutcracker_0014_85386.jpg,0.37875251756214134,-0.2553734482645602,0.17167036952841983
Clark_Nutcracker_0078_85416.jpg,0.41707283724926847,-0.09057614112854173,0.45054541278512233
Clark_Nutcracker_0116_84807.jpg,0.48765136387464547,0.09622934130070793,0.12916701282592558
Clark_Nutcracker_0121_85435.jpg,0.46974532405558966,0.03470871797832209,0.6221210001918694
Clark_Nutcracker_0139_84942.jpg,0.6246946663317232,0.48887099665104705,0.31337825603141595
Clark_Nutcracker_0051_84950.jpg,0.5279592772035465,0.21449938514427536,0.567537523563546
Clark_Nutcracker_0113_85587.jpg,0.5716565511533303,0.33422043029805115,0.34173226827112924
White_Breasted_Nuthatch_0092_86016.jpg,0.5317954661959916,0.23356602818130778,0.002528734944752918
White_Breasted_Nuthatch_0014_86023.jpg,0.5064508078881726,0.17399353033291087,-0.25583705569513243
White_Breasted_Nuthatch_0003_86029.jpg,0.49084315849279403,0.12223973608646421,0.34278597222962753
White_Breasted_Nuthatch_0060_86031.jpg,0.5232909503255184,0.21245756252701342,-0.18118821300521382
White_Breasted_Nuthatch_0110_86038.jpg,0.45388889202525096,0.004239286355859462,-0.2622254240609973
White_Breasted_Nuthatch_0086_86553.jpg,0.5023526837239736,0.1416490911365731,-0.36293034863167783
White_Breasted_Nuthatch_0018_85937.jpg,0.4887335652790885,0.08977652756597443,0.2643655835614341
White_Breasted_Nuthatch_0113_86057.jpg,0.5711359355362204,0.33660428925464503,-0.3611209444667589
White_Breasted_Nuthatch_0063_86573.jpg,0.4016793246224375,-0.17409306272205316,-0.03511913298464605
White_Breasted_Nuthatch_0020_86143.jpg,0.46416779090228677,0.019095217286845156,-0.3098721123881222
White_Breasted_Nuthatch_0119_86182.jpg,0.3794891180039732,-0.2284229793163064,-0.18790484980987188
White_Breasted_Nuthatch_0101_86708.jpg,0.5743442200710271,0.3406674400781444,-0.013053366287194152
White_Breasted_Nuthatch_0024_86200.jpg,0.503225870166925,0.1584594987675807,-0.2476319787811168
White_Breasted_Nuthatch_0129_86761.jpg,0.40526391896846614,-0.17280342842873453,0.44623807523538755
White_Breasted_Nuthatch_0075_86289.jpg,0.6719442750738931,0.6009559790617425,-0.04889103668677244
White_Breasted_Nuthatch_0010_85783.jpg,0.45214545766903025,0.007648019244855697,-0.12435150043209205
White_Breasted_Nuthatch_0108_86308.jpg,0.4876727633028094,0.14248700927942326,-0.07453611217650545
White_Breasted_Nuthatch_0076_85801.jpg,0.4530661899716176,-0.00746759146751752,-0.007264701542197572
White_Breasted_Nuthatch_0050_85815.jpg,0.4883365063909769,0.10825534102261025,0.15432107224703173
White_Breasted_Nuthatch_0030_85823.jpg,0.5338402960964655,0.22919473428091097,0.46256762364714765
White_Breasted_Nuthatch_0090_86856.jpg,0.48205489368008414,0.11313367082442183,-0.0005490769008132818
White_Breasted_Nuthatch_0059_85903.jpg,0.4903678155826723,0.12334793762571616,0.15293457176970715
White_Breasted_Nuthatch_0132_86876.jpg,0.42861981127270343,-0.0808385867379422,0.21240560549171097
White_Breasted_Nuthatch_0120_85890.jpg,0.5370402343638903,0.2567567629404408,0.007116551906648855
White_Breasted_Nuthatch_0070_85983.jpg,0.4598059356935551,0.028792523316253593,-0.05195086616850509
White_Breasted_Nuthatch_0078_85828.jpg,0.3216534113286186,-0.44261915818082387,-0.3911095582683287
White_Breasted_Nuthatch_0082_86435.jpg,0.5441990397613913,0.28008087103898294,0.017292494430886828
White_Breasted_Nuthatch_0004_86969.jpg,0.48621985110242416,0.11683662204993384,-0.1657641785090433
White_Breasted_Nuthatch_0103_86470.jpg,0.42009262253981605,-0.10278952550897191,0.1780659297512881
White_Breasted_Nuthatch_0042_86488.jpg,0.4350716794392825,-0.06473681282852972,-0.03558998523045483
Baltimore_Oriole_0127_87560.jpg,0.3427579932173971,-0.3736590729613123,0.5157271091605478
Baltimore_Oriole_0090_87054.jpg,0.3491290216009292,-0.33245041651599117,-0.538320079615981
Baltimore_Oriole_0060_89616.jpg,0.5752571117389047,0.3482428536217457,0.5207972864419679
Baltimore_Oriole_0108_87576.jpg,0.4667812038704934,0.015919947916583466,0.34599785285250945
Baltimore_Oriole_0126_89651.jpg,0.38578625842929415,-0.18974033577621485,0.4905804141847521
Baltimore_Oriole_0047_89686.jpg,0.45982428819149124,0.01608205541335972,-0.1732360247261626
Baltimore_Oriole_0076_89705.jpg,0.47738500089943536,0.08879241908461744,0.37235437855656495
Baltimore_Oriole_0083_89712.jpg,0.3792653465299256,-0.22700543654098237,0.19922774210387048
Baltimore_Oriole_0019_88186.jpg,0.42530613598079114,-0.10572529929866126,0.034629364052966606
Baltimore_Oriole_0087_89726.jpg,0.49555439585907524,0.1301118608712677,0.18046172459393
Baltimore_Oriole_0073_87187.jpg,0.49744148516811904,0.1318466435054434,0.5208960872369555
Baltimore_Oriole_0074_87214.jpg,0.5178964267305491,0.19954758739573486,0.18123003073743932
Baltimore_Oriole_0042_87216.jpg,0.3960230307282919,-0.18049467609585101,0.30290156008694
Baltimore_Oriole_0051_89722.jpg,0.4440658982241752,-0.01307662400060261,0.7490840368806181
Baltimore_Oriole_0054_89825.jpg,0.45368129180040895,0.003142516915490723,0.39431477156255657
Baltimore_Oriole_0018_87782.jpg,0.5755170911085208,0.3739659667297547,0.24059858369179996
Baltimore_Oriole_0037_87337.jpg,0.33297229372977566,-0.38964766030271036,0.4042956570457758
Baltimore_Oriole_0058_87296.jpg,0.566118338319421,0.32011463082444547,0.4561146098416102
Baltimore_Oriole_0065_87303.jpg,0.38166622807496875,-0.224441787285792,0.2682477764087877
Baltimore_Oriole_0114_89873.jpg,0.5138827956404676,0.1826574361752562,0.6052304009219133
Baltimore_Oriole_0016_89885.jpg,0.3944634563381415,-0.17633763722051032,0.5559112172312352
Baltimore_Oriole_0082_87838.jpg,0.42929969278839375,-0.06206317924842186,0.40638333904679524
Baltimore_Oriole_0056_88355.jpg,0.44926264188144416,0.004624187791940293,0.2919774978593364
Baltimore_Oriole_0086_88375.jpg,0.464097485521771,0.04352964388811165,-0.2950725273112128
Baltimore_Oriole_0041_87367.jpg,0.5184502651416035,0.20540780078028575,0.2258718199606165
Baltimore_Oriole_0006_89935.jpg,0.5372067205187143,0.24021902991814637,0.5295350287270808
Baltimore_Oriole_0066_87380.jpg,0.5094676393728523,0.16178804084180776,0.24413591487090305
Baltimore_Oriole_0109_87398.jpg,0.4005960607886462,-0.16763352174761925,0.5308763227185468
Baltimore_Oriole_0125_88450.jpg,0.45708564621126646,0.011816661167474374,0.573341612421462
Baltimore_Oriole_0112_87447.jpg,0.49961821317650235,0.15284006472448264,0.16851162959324198
Hooded_Oriole_0008_90118.jpg,0.5869583407656027,0.3908771291740155,-0.04979060787033904
Hooded_Oriole_0047_90637.jpg,0.45981874478716345,0.025932100787492418,0.0029439874268362316
Hooded_Oriole_0037_91156.jpg,0.5080593892725079,0.1416249093733899,0.4528393140721808
Hooded_Oriole_0024_90157.jpg,0.5080313718853792,0.18529683621479875,0.021009014555732546
Hooded_Oriole_0006_90685.jpg,0.4127122007731444,-0.11170759698518973,-0.09763527322441781
Hooded_Oriole_0034_90686.jpg,0.411434985329315,-0.13357624717265715,-0.1578695670511547
Hooded_Oriole_0127_90200.jpg,0.4062744564771287,-0.12401352662013099,-0.10113241018561424
Hooded_Oriole_0048_89957.jpg,0.4864895390972801,0.08387301047953588,0.3378878890295298
Hooded_Oriole_0041_90218.jpg,0.28803866219155483,-0.5290150228220789,-0.5716453414466219
Hooded_Oriole_0056_89966.jpg,0.3935320569493591,-0.18201006666870367,-0.1964151184807072
Hooded_Oriole_0072_90298.jpg,0.49209331213160024,0.09908380890843727,-0.2530226249625698
Hooded_Oriole_0095_90337.jpg,0.4509152765853691,-0.010931375521376019,-0.29958166212712795
Hooded_Oriole_0088_90356.jpg,0.4302832619507828,-0.08281844577686903,-0.17453336425544871
Hooded_Oriole_0105_90875.jpg,0.5037427450784444,0.16407191934389076,-0.09094309586774577
Hooded_Oriole_0077_90886.jpg,0.4174989160267156,-0.13089338022763397,0.3642045511432532
Hooded_Oriole_0010_90413.jpg,0.460029664826477,0.0023192071983978435,-0.15738998417290997
Hooded_Oriole_0045_90415.jpg,0.42835261842417116,-0.08363877934042119,-0.12665087957662452
Hooded_Oriole_0129_90441.jpg,0.34121376114054447,-0.37260794900762906,-0.13312269384109676
Hooded_Oriole_0063_90976.jpg,0.5169585177549874,0.18032543609178797,-0.0033535551106384843
Hooded_Oriole_0029_90485.jpg,0.34785067033248707,-0.3412623292869905,0.1554410668215953
Hooded_Oriole_0107_89985.jpg,0.36174740917140247,-0.2871047824171422,0.22670718790277544
Hooded_Oriole_0014_90594.jpg,0.5128855939474446,0.15957485367834612,0.5011539266850256
Hooded_Oriole_0002_91034.jpg,0.4192670358514171,-0.10840348213505191,-0.08269584541137943
Hooded_Oriole_0004_91057.jpg,0.45303764154079385,-0.0289869400406928,0.1717902266578757
Hooded_Oriole_0087_90037.jpg,0.650162034205565,0.5538458247954421,-0.10298262473526533
Hooded_Oriole_0082_90045.jpg,0.5975127200883987,0.408416239361162,-0.4185116509563306
Hooded_Oriole_0044_90082.jpg,0.415064675077519,-0.10799798067325295,0.10618325245379803
Hooded_Oriole_0062_90089.jpg,0.3882742278283571,-0.2333474542158882,-0.4220368890129448
Hooded_Oriole_0084_90607.jpg,0.46991558526795263,0.029138906661780206,-0.6379503390636398
Hooded_Oriole_0007_91133.jpg,0.36264154223254086,-0.27584204187667405,0.11531742014496082
Orchard_Oriole_0077_91651.jpg,0.38237411774168406,-0.23919377855863244,0.7033968812380348
Orchard_Oriole_0065_91397.jpg,0.4117332621280716,-0.1476415662828754,0.2052174139988801
Orchard_Oriole_0085_91411.jpg,0.4926665866007227,0.10655013119075951,0.4955233825652678
Orchard_Oriole_0114_91412.jpg,0.4241142504707358,-0.0712945113965997,0.47363019001674117
Orchard_Oriole_0054_91414.jpg,0.40944270693851315,-0.14665039760197196,0.6519740315112467
Orchard_Oriole_0013_91945.jpg,0.5914568256910742,0.4001650111980879,0.007128803958892888
Orchard_Oriole_0105_91186.jpg,0.44794207789015206,-0.0299924109307963,0.64145424566457
Orchard_Oriole_0026_91444.jpg,0.4798592537848758,0.07898803839430035,0.40637045934317223
Orchard_Oriole_0045_91205.jpg,0.4583624358881718,0.017975993592698858,0.34023358954708327
Orchard_Oriole_0074_91979.jpg,0.46776667695144736,0.041700662579683745,0.27166717022565134
Orchard_Oriole_0107_91472.jpg,0.5061787649347227,0.15333787191325998,0.5613746114540757
Orchard_Oriole_0113_88407.jpg,0.5412805700057515,0.2765423010282748,0.11806951894044908
Orchard_Oriole_0101_91233.jpg,0.3961869764483421,-0.16982336283942678,0.16143766697414488
Orchard_Oriole_0093_92020.jpg,0.5697805069064223,0.3377227651457724,0.14707103930118187
Orchard_Oriole_0041_91258.jpg,0.471165759410182,0.04953800247649276,0.586287991317005
Orchard_Oriole_0055_91515.jpg,0.4731786359083989,0.05022534173667603,-0.021460889761686346
Orchard_Oriole_0027_91265.jpg,0.37214752636106285,-0.25565504843155695,0.49205389912242814
Orchard_Oriole_0076_91527.jpg,0.4867627435426922,0.10806072644570819,0.3752964111084294
Orchard_Oriole_0108_91530.jpg,0.36267268450367907,-0.2775534312541146,0.3087584778090685
Orchard_Oriole_0106_91830.jpg,0.4076435977053462,-0.133532591931512,0.5960557384314268
Orchard_Oriole_0060_91536.jpg,0.4447409660447029,-0.04516820315926329,0.5229028370320399
Orchard_Oriole_0017_91801.jpg,0.5898695256360963,0.39152561198152236,0.6227036904028924
Orchard_Oriole_0036_91818.jpg,0.4501646201327959,-0.0023511107282889743,0.2350086612581381
Orchard_Oriole_0058_91819.jpg,0.5286479607359983,0.22290750117821978,0.23248804263234943
Orchard_Oriole_0088_92086.jpg,0.5579990520122396,0.3026497155082525,0.6556024528319749
Orchard_Oriole_0030_91612.jpg,0.47829831014646873,0.07025616750787078,0.3447661020535282
Orchard_Oriole_0018_91601.jpg,0.4851353112641801,0.09295289422706376,0.29018323420309144
Orchard_Oriole_0070_91383.jpg,0.5259131748877077,0.2204528726316548,0.26005488920808517
Orchard_Oriole_0021_91644.jpg,0.30033052747944,-0.520414798167679,0.5026574574619304
Scott_Oriole_0015_795862.jpg,0.5349087178484679,0.25557884423240096,0.5978821698569191
Scott_Oriole_0007_92439.jpg,0.4032578864870614,-0.14227758676195834,-0.13008664985867346
Scott_Oriole_0052_92440.jpg,0.3889105187785252,-0.21047329097868883,0.4392907227547863
Scott_Oriole_0079_92248.jpg,0.5099368487184774,0.16080235154989886,0.2670930616406888
Scott_Oriole_0044_92262.jpg,0.4878193609534254,0.08965360524795796,0.4119446360491115
Scott_Oriole_0028_92270.jpg,0.47420982324813343,0.08764484123947403,0.6127668817316253
Scott_Oriole_0054_92310.jpg,0.35920768279895376,-0.28786387736179564,0.5895991666009827
Scott_Oriole_0053_795805.jpg,0.4916510652933148,0.11522178372041003,0.21626243829513736
Scott_Oriole_0070_795808.jpg,0.44556890009519623,0.016136703696424948,0.617847189378788
Scott_Oriole_0063_795812.jpg,0.5240353633942914,0.24015561220245107,0.28505057978693404
Scott_Oriole_0034_795813.jpg,0.4763538912736581,0.10142466979606513,0.4102730690994356
Scott_Oriole_0038_795818.jpg,0.45723858481564716,0.015812199138644956,0.5932576144747038
Scott_Oriole_0065_795819.jpg,0.5103844721716647,0.1842928280639956,0.6165265573805426
Scott_Oriole_0072_795822.jpg,0.4481245063863728,-0.0022449283485321825,0.7693362378280445
Scott_Oriole_0055_795825.jpg,0.40057654239661256,-0.16661917981647711,0.5361530474849318
Scott_Oriole_0014_795827.jpg,0.5003317853933951,0.1576745419460963,0.6140398540537292
Scott_Oriole_0002_795829.jpg,0.43422460238243954,-0.0493508148304409,0.7088595165597203
Scott_Oriole_0017_795832.jpg,0.4810583985588833,0.11742038115434239,0.37451310056021186
Scott_Oriole_0011_795836.jpg,0.502556922572504,0.15699698619709856,0.5007259910217619
Scott_Oriole_0018_795840.jpg,0.5505623328010663,0.32060650617871334,0.38607136933178604
Scott_Oriole_0029_795846.jpg,0.44016350961689854,-0.021299096966806985,0.46670296934084254
Scott_Oriole_0071_795848.jpg,0.41584203372865025,-0.10031866321374205,0.7444507973069816
Scott_Oriole_0035_795851.jpg,0.5018364621371767,0.1473938000448678,0.6501578206284574
Scott_Oriole_0010_795852.jpg,0.44492610810324984,-0.014528103543330895,0.25743303561680747
Scott_Oriole_0073_92369.jpg,0.5128217188734665,0.20913630014211027,0.3685233303048017
Scott_Oriole_0046_92371.jpg,0.33243964409885696,-0.4000846533481761,0.5452501341567921
Scott_Oriole_0084_795860.jpg,0.44000011905203584,-0.011079429840832988,0.12095068606249773
Scott_Oriole_0081_92374.jpg,0.3668516177271639,-0.2705663612132896,0.11504887661388963
Scott_Oriole_0036_795850.jpg,0.5734518235545294,0.34600208514406716,0.2815250733932601
Scott_Oriole_0057_795856.jpg,0.42386985614488226,-0.0734676952997444,0.5465835630363015
Ovenbird_0108_92675.jpg,0.44981275873814597,-0.02745604745629504,-0.05255157277211139
Ovenbird_0047_93203.jpg,0.41597278408614347,-0.11246478902116808,0.014705623865435224
Ovenbird_0019_92699.jpg,0.45535316615804133,-0.015699354140982003,0.4017233280584065
Ovenbird_0093_92705.jpg,0.35364986708696033,-0.3295480273497706,0.2532601144719002
Ovenbird_0033_93232.jpg,0.4895825627306293,0.1312050070815456,0.6085670904022116
Ovenbird_0089_93234.jpg,0.41764922416243,-0.0754987646179004,-0.07655123916901467
Ovenbird_0012_92778.jpg,0.352601798785924,-0.32482183270859233,0.5685534928649381
Ovenbird_0095_92796.jpg,0.39612091284933004,-0.16716995508977406,0.09314931479592267
Ovenbird_0044_92828.jpg,0.4596537632231886,0.030859129736420687,0.29863020554921527
Ovenbird_0026_92850.jpg,0.4599273460067319,0.03392219189491408,-0.34996250756264125
Ovenbird_0043_93374.jpg,0.35945197531919737,-0.301721545127263,-0.003065507341154181
Ovenbird_0048_92876.jpg,0.48254965782363357,0.0814769922005284,0.36696953453088066
Ovenbird_0009_93395.jpg,0.5198312165971294,0.18610164199423163,0.24633216829159815
Ovenbird_0084_92901.jpg,0.37557213769469155,-0.2691558875985163,0.11636568805214892
Ovenbird_0092_93416.jpg,0.3589101266732967,-0.2983122098847806,-0.17867891302983585
Ovenbird_0099_93148.jpg,0.38822123323820734,-0.20183683938777408,0.04561129828922342
Ovenbird_0053_92462.jpg,0.5050513229542637,0.14561576646455343,0.23716384801185997
Ovenbird_0122_92993.jpg,0.41004411863110246,-0.13662552668237948,0.25733812802658373
Ovenbird_0015_93037.jpg,0.514302943967597,0.1703233701769844,0.4559812393972843
Ovenbird_0023_92534.jpg,0.3984878826907374,-0.16265849565091983,0.4640134122553405
Ovenbird_0020_93049.jpg,0.4726062447899594,0.046987111257967284,0.3456894342963655
Ovenbird_0131_92559.jpg,0.3665860876460658,-0.2728941667868694,0.5799071586277117
Ovenbird_0083_92561.jpg,0.4502603328577792,-6.644240722564199e-05,0.2397990560885298
Ovenbird_0058_93078.jpg,0.477243573489592,0.07737315877455231,0.34656129950574976
Ovenbird_0094_92577.jpg,0.31917590410940944,-0.4387206415063978,0.0453569993800583
Ovenbird_0101_93104.jpg,0.40170498239234287,-0.18151374506055507,0.03706861513900356
Ovenbird_0126_92602.jpg,0.3839775908413041,-0.2175489729720319,0.6157363130255946
Ovenbird_0081_93115.jpg,0.4994626701741378,0.14530533200753237,0.4405299622185841
Ovenbird_0079_92610.jpg,0.48999216710683613,0.10509249362545747,0.4286041368564426
Ovenbird_0070_93140.jpg,0.50402437444746,0.14874360197009917,-0.5011101299765359
Brown_Pelican_0127_93700.jpg,0.5206578692278556,0.20709611316168064,0.28838571088886167
Brown_Pelican_0041_93720.jpg,0.5094786749694662,0.1800027142148508,0.06741272197115973
Brown_Pelican_0102_93727.jpg,0.3899887465340014,-0.1667149931096159,-0.04020236372709778
Brown_Pelican_0115_93731.jpg,0.3726050614690044,-0.23618390009176404,-0.08356473988309336
Brown_Pelican_0009_94256.jpg,0.4367845768360804,-0.06468638601898102,-0.19609272161499824
Brown_Pelican_0002_94773.jpg,0.4619758562942672,0.04243000529682761,-0.031796704384400014
Brown_Pelican_0110_93622.jpg,0.5109617146591916,0.2036484113123992,-0.05263109296330681
Brown_Pelican_0097_93767.jpg,0.36890367678675307,-0.2457310934256589,0.1473631568792147
Brown_Pelican_0095_94290.jpg,0.2705236937404677,-0.6065095584039919,0.12920882172101447
Brown_Pelican_0073_94823.jpg,0.4424244259674034,-0.030477397895356306,-0.21095617513794887
Brown_Pelican_0066_94840.jpg,0.4484617968971204,-0.001762030139046633,0.13706633223264372
Brown_Pelican_0075_95357.jpg,0.3723869352684296,-0.24967450384061207,0.2193084240978217
Brown_Pelican_0087_94358.jpg,0.3986346526538391,-0.16960919001274588,0.2497341599685663
Brown_Pelican_0017_94383.jpg,0.36212348956639706,-0.262644726706007,-0.10633466697634551
Brown_Pelican_0018_94432.jpg,0.587485746337947,0.38706648275419664,-0.30886421235593803
Brown_Pelican_0003_94427.jpg,0.5073811176071199,0.15919890719678975,0.10667098417854527
Brown_Pelican_0059_94504.jpg,0.4797067404212434,0.0702676534948442,0.10960912051716279
Brown_Pelican_0122_94022.jpg,0.608865424333636,0.44369496119429974,0.1661148954296106
Brown_Pelican_0040_94051.jpg,0.36515163702652964,-0.27671793917244236,-0.11401647665717031
Brown_Pelican_0128_94059.jpg,0.3328233413315639,-0.3918578822519905,-0.023526283983069735
Brown_Pelican_0051_94578.jpg,0.41547016053113983,-0.14055742564822848,-0.29703828909440433
Brown_Pelican_0012_94079.jpg,0.3701809115304583,-0.2518290956150402,-0.0734803412050528
Brown_Pelican_0081_94085.jpg,0.5442288127432546,0.26239557529772073,-0.14757516548222113
Brown_Pelican_0049_94598.jpg,0.3111569657572191,-0.4720821149889598,-0.08733570305763187
Brown_Pelican_0019_95158.jpg,0.42228360183210656,-0.0811594475006554,-0.018075477507172515
Brown_Pelican_0070_93678.jpg,0.4281461282534613,-0.059804816945782546,0.00037190665656134254
Brown_Pelican_0039_95216.jpg,0.4213663651768883,-0.09064282101136456,0.296563073977043
Brown_Pelican_0124_93684.jpg,0.5507155289120168,0.3011748233375373,-0.03720255887065577
Brown_Pelican_0072_94974.jpg,0.35612813817600164,-0.30887767043726533,0.009532029992393564
Brown_Pelican_0074_93692.jpg,0.4551277132576863,-0.01751988496557777,0.2194702511008351
White_Pelican_0077_97025.jpg,0.4312935240797654,-0.037385367911791256,0.4203711332062191
White_Pelican_0066_95495.jpg,0.536057364093066,0.2621063116614387,0.15395940764503396
White_Pelican_0048_95764.jpg,0.5127129787818567,0.15967848312183763,-0.2807458605234797
White_Pelican_0031_97064.jpg,0.4780077156416961,0.07545497550986802,0.2667783845478386
White_Pelican_0051_97833.jpg,0.5083231268626165,0.18278820608320334,0.0336358518872545
White_Pelican_0086_95538.jpg,0.6459014627232769,0.5412268745816181,0.16058753823215519
White_Pelican_0025_97604.jpg,0.5332129814195015,0.22308404087039257,-0.30123182318116576
White_Pelican_0036_96863.jpg,0.5686286621187254,0.3510092404276999,-0.2881348697295793
White_Pelican_0083_95840.jpg,0.5068281484841021,0.17454312433096064,0.36422091777475024
White_Pelican_0052_96865.jpg,0.460549125773544,0.012565986570639232,0.6787762669231017
White_Pelican_0046_96888.jpg,0.5981589583397083,0.42182087191304474,-0.14414746226881692
White_Pelican_0016_96659.jpg,0.48212205179803336,0.08370532261556263,0.2993873864679919
White_Pelican_0040_96026.jpg,0.5123021279718363,0.166274580946849,0.5208100936651391
White_Pelican_0014_96417.jpg,0.5339828269322203,0.23231063268992524,-0.21969049762536244
White_Pelican_0076_96427.jpg,0.4514647916456128,0.018276364723698868,-0.4238619620354576
White_Pelican_0003_96691.jpg,0.40889445874897223,-0.13148370656391473,-0.4929051872381649
White_Pelican_0034_97466.jpg,0.5917039115198863,0.3891694933874157,0.14791023530066422
White_Pelican_0072_96975.jpg,0.6278945061029269,0.5031736505802709,-0.08059237831647932
White_Pelican_0087_97247.jpg,0.5734811484682381,0.3482278661976872,0.28173226647691774
White_Pelican_0080_95721.jpg,0.31918383783712767,-0.4286115236633894,0.19392118072208853
Western_Wood_Pewee_0052_98006.jpg,0.42346762237966196,-0.08708985934900415,-0.35443520333835943
Western_Wood_Pewee_0070_98225.jpg,0.5394235215754805,0.2578392076374003,-0.256286754746516
Western_Wood_Pewee_0014_98094.jpg,0.29224838979112566,-0.5378140084600118,-0.12483698326243209
Western_Wood_Pewee_0061_795060.jpg,0.44404442878314754,-0.027882549381454735,-0.042860875722489235
Western_Wood_Pewee_0024_98229.jpg,0.3814270569620345,-0.23239380450971803,0.32305868278736743
Western_Wood_Pewee_0009_98115.jpg,0.34965470612168414,-0.3440234481573665,-0.3878008080823619
Western_Wood_Pewee_0032_98121.jpg,0.3621316733287442,-0.281914044925736,-0.23974245250839976
Western_Wood_Pewee_0062_98123.jpg,0.32438700760244277,-0.4159605101655357,-0.21108444601739124
Western_Wood_Pewee_0042_98126.jpg,0.35075831107868727,-0.3256622719753419,0.034032727338551665
Western_Wood_Pewee_0037_98127.jpg,0.5355912754112278,0.24013524338151848,-0.16091661256620704
Western_Wood_Pewee_0077_98133.jpg,0.31999123193279166,-0.44263574228371394,-0.135266919835454
Western_Wood_Pewee_0018_98153.jpg,0.28456411932948855,-0.5637403978111333,0.10737811530437587
Western_Wood_Pewee_0053_98186.jpg,0.37432428167969356,-0.25438883376209054,0.3562952958954966
Western_Wood_Pewee_0010_98204.jpg,0.39105244201292544,-0.17811736228817177,-0.18113437612746067
Western_Wood_Pewee_0031_795038.jpg,0.3199986717706711,-0.44708665538206227,-0.09642697652700513
Western_Wood_Pewee_0017_795041.jpg,0.4173215872437589,-0.11170511045373055,-0.4380437481458074
Western_Wood_Pewee_0029_795042.jpg,0.4563475476072356,0.029169292792317947,-0.12722926099139845
Western_Wood_Pewee_0073_795044.jpg,0.3944882214452783,-0.1843677996770965,-0.46963974912066275
Western_Wood_Pewee_0019_795046.jpg,0.45636371998871395,0.01849178108286398,-0.11330551468188252
Western_Wood_Pewee_0043_795053.jpg,0.5104410950417961,0.16487228900436957,-0.1379559309660869
Western_Wood_Pewee_0022_795058.jpg,0.3759308296413336,-0.23534239947945323,0.12198960909594399
Western_Wood_Pewee_0045_97972.jpg,0.41695241025511576,-0.10948190549873171,-0.17725172544184753
Western_Wood_Pewee_0051_98206.jpg,0.4332968451483282,-0.06280348877777864,-0.035545390056300585
Western_Wood_Pewee_0050_98241.jpg,0.3728372466204759,-0.2511379838988188,-0.22062487948712303
Western_Wood_Pewee_0013_98268.jpg,0.46547486742881383,0.037113007857921154,-0.1251562431365663
Western_Wood_Pewee_0065_98001.jpg,0.3814717910707529,-0.22260189610035663,-0.09504069407628951
Western_Wood_Pewee_0056_98026.jpg,0.437578919160716,-0.04162060452809779,-0.18134638723865887
Western_Wood_Pewee_0063_98295.jpg,0.34756110072487356,-0.3278030535678913,-0.12022615482243004
Western_Wood_Pewee_0069_98299.jpg,0.3840191681359896,-0.21626296850956161,-0.005404606791208022
Western_Wood_Pewee_0001_98045.jpg,0.3464717770799334,-0.3409207459130241,-0.008822862521384206
Sayornis_0137_98305.jpg,0.5224455840121476,0.2202073168637162,0.12051521124264988
Sayornis_0022_98308.jpg,0.3006107007648392,-0.5095549653472125,-0.2774290865021527
Sayornis_0115_99335.jpg,0.3160459684564576,-0.4451734520176731,0.02226748623314962
Sayornis_0134_98339.jpg,0.4437004912423309,-0.03240705464473703,0.20116996370560078
Sayornis_0105_98853.jpg,0.3991286318646484,-0.17650263336657246,0.198459649187002
Sayornis_0030_98343.jpg,0.324656710998527,-0.4341227754846748,-0.45556661063923626
Sayornis_0075_98350.jpg,0.37223734666544983,-0.2975549815766123,-0.0701796587317107
Sayornis_0119_98864.jpg,0.41149674571414874,-0.13422101230885697,0.4276996863432445
Sayornis_0042_98874.jpg,0.4251667345503949,-0.06917976835448303,-0.2961589940588338
Sayornis_0061_98375.jpg,0.5082305132374989,0.1653510930453761,0.07630423024596378
Sayornis_0069_98914.jpg,0.3972185752214914,-0.18169190797119628,0.10991435139466905
Sayornis_0067_98930.jpg,0.39748686258695665,-0.17143086925519357,0.5572153992974257
Sayornis_0039_98420.jpg,0.3835019217578105,-0.24806971616761864,0.3429284212112595
Sayornis_0116_98939.jpg,0.4013616788496098,-0.156863114741558,0.3958624244612897
Sayornis_0079_98434.jpg,0.4238174023183796,-0.10083499901954429,0.1840514368363433
Sayornis_0037_98949.jpg,0.4912209969024155,0.1117431521960065,0.3348993089263918
Sayornis_0032_98962.jpg,0.4353962962806227,-0.05721878706297567,0.22694365717306123
Sayornis_0029_99535.jpg,0.4558676252915759,-0.023948070629088436,0.4372346730973016
Sayornis_0094_98512.jpg,0.42807419479534037,-0.09246672650420606,-0.05954126157172145
Sayornis_0080_98518.jpg,0.41472686519288815,-0.11561610277538348,0.3703715291866923
Sayornis_0047_98524.jpg,0.3998079166923475,-0.1837655330396517,-0.047871023521376475
Sayornis_0125_98528.jpg,0.41902601432972963,-0.09582399473821823,0.2110607980369274
Sayornis_0045_98549.jpg,0.4286448467054239,-0.07486176763592622,0.23238185105087078
Sayornis_0108_98553.jpg,0.4147192167271858,-0.1240961387483206,0.09274555696918294
Sayornis_0136_99099.jpg,0.5014867154821497,0.14022609267022024,0.2403039028634492
Sayornis_0007_99117.jpg,0.401271824657209,-0.15419711319266427,-0.10005214507658904
Sayornis_0021_98710.jpg,0.5033478103135065,0.13505427444695628,0.15416336097313993
Sayornis_0077_98724.jpg,0.5975433548841798,0.4239133780454414,0.13616125329233617
Sayornis_0014_98889.jpg,0.4120162356473491,-0.13949842453517514,0.24647569282506238
Sayornis_0100_98782.jpg,0.44480956498743407,-0.022377468419860103,0.4351052660794665
American_Pipit_0010_99843.jpg,0.278234257038234,-0.5866002197896212,0.2164566328385677
American_Pipit_0124_99848.jpg,0.46712001914633117,0.02370076389193221,0.3337409514092249
American_Pipit_0048_100140.jpg,0.41353824721958576,-0.0908585164586464,-0.14526890792934175
American_Pipit_0072_99631.jpg,0.4091121394930469,-0.137179744641871,-0.043376943714879504
American_Pipit_0104_100147.jpg,0.4164457385054652,-0.11766285261389409,-0.23588191018291432
American_Pipit_0078_99898.jpg,0.4189375292379762,-0.08788382273713902,0.25567728578062576
American_Pipit_0017_99902.jpg,0.4088255311707538,-0.1677798928781935,0.22829761313195793
American_Pipit_0007_99808.jpg,0.4351042523204123,-0.06150991793234106,0.16789713834096565
American_Pipit_0029_99667.jpg,0.6394905387201241,0.5193561862374099,0.45400415486038426
American_Pipit_0035_100181.jpg,0.43044419175115334,-0.047143608085865374,0.37014421136036224
American_Pipit_0059_99628.jpg,0.43685576344119614,-0.07240565299026658,0.032850184282186334
American_Pipit_0123_99929.jpg,0.4133047154237893,-0.1348054178459781,0.30572791954353523
American_Pipit_0111_99940.jpg,0.43512499801095017,-0.08128460903427448,0.2291111246193295
American_Pipit_0022_100227.jpg,0.49277677927309516,0.12286087625505071,-0.016368745721020317
American_Pipit_0088_100213.jpg,0.36370128481869224,-0.2904780319042941,-0.08207102315302181
American_Pipit_0066_99961.jpg,0.538204224333086,0.24687253792111652,0.0007209385711998598
American_Pipit_0109_99710.jpg,0.4344050427600411,-0.08009440339003415,0.46242955517492984
American_Pipit_0001_100225.jpg,0.3979520351631928,-0.17250937776612751,0.13975122901465875
American_Pipit_0099_99971.jpg,0.3962375706137168,-0.20681090019790327,-0.1880506901485625
American_Pipit_0046_100240.jpg,0.3832461451168314,-0.22721506276633763,-0.011337213501457461
American_Pipit_0098_99986.jpg,0.3274464910339713,-0.4081232257656702,-0.2587209472959639
American_Pipit_0090_99651.jpg,0.42828930630203854,-0.08984723553501772,-0.08534878925226404
American_Pipit_0091_100276.jpg,0.45722905321690943,-0.0017950616908923855,0.09484648804384099
American_Pipit_0043_100027.jpg,0.37555507157262413,-0.2538175890665406,0.30087028699787893
American_Pipit_0121_100040.jpg,0.4132894847940588,-0.11798105798645753,0.31441257714500953
American_Pipit_0101_100053.jpg,0.39071431136863544,-0.20408347707038144,-0.016877802170863182
American_Pipit_0080_100055.jpg,0.5247524947771003,0.21711328293833387,0.2849078170546962
American_Pipit_0041_100060.jpg,0.3412752730143983,-0.3633594848057782,-0.08479316390834035
American_Pipit_0070_100061.jpg,0.3960240650513217,-0.18864291177987735,0.19046624561883668
American_Pipit_0119_99622.jpg,0.3980309625734678,-0.15880172189333264,0.3981723333248517
Whip_Poor_Will_0042_796419.jpg,0.5450026072138018,0.2956211709267571,0.16947715436699123
Whip_Poor_Will_0028_796421.jpg,0.46793290916642527,0.036696178808876434,0.4871766064144876
Whip_Poor_Will_0045_796422.jpg,0.5390454586019168,0.2504679826548015,0.2009493675919486
Whip_Poor_Will_0005_796425.jpg,0.43466303821750685,-0.04121545295013629,0.03720555005984792
Whip_Poor_Will_0021_796426.jpg,0.617281512490365,0.4681920914232325,0.22699831775756288
Whip_Poor_Will_0002_796427.jpg,0.5794766228894083,0.3579313976705095,0.020793067132284997
Whip_Poor_Will_0041_796428.jpg,0.4619974484825988,0.025455815259421755,0.187546025098043
Whip_Poor_Will_0019_796433.jpg,0.41408448463411485,-0.09680079117665974,0.14777178165512955
Whip_Poor_Will_0025_796434.jpg,0.4520056863056504,-0.04509106785666894,-0.0722461626370625
Whip_Poor_Will_0015_796435.jpg,0.3361866561301773,-0.39798099847547697,0.12817483063038146
Whip_Poor_Will_0032_796437.jpg,0.43750385322233454,-0.04643768055563102,0.258449183723463
Whip_Poor_Will_0022_796438.jpg,0.5297618598437636,0.2227882218462791,0.015113271822668084
Whip_Poor_Will_0027_796441.jpg,0.43260665707831514,-0.05332554922617794,0.020839633789712955
Whip_Poor_Will_0020_100396.jpg,0.47999974007968427,0.07003342226351861,-0.12438520314197742
Whip_Poor_Will_0036_100399.jpg,0.5109052650931858,0.1818373127754621,-0.038690610952320736
Whip_Poor_Will_0029_796432.jpg,0.40065356675732644,-0.16165653223317977,0.11611662405746657
Whip_Poor_Will_0039_796408.jpg,0.49090622848063037,0.11684967259559764,0.06067555318141019
Whip_Poor_Will_0023_796410.jpg,0.5182336163194519,0.2038636594701273,0.313428421559395
Whip_Poor_Will_0034_796413.jpg,0.46806275698359767,0.04338623040249079,-0.06949196888790915
Horned_Puffin_0068_100872.jpg,0.48247686443402205,0.12508163126836225,0.48926821264453374
Horned_Puffin_0011_100621.jpg,0.5570094804300154,0.3367831773227504,0.13372453817397728
Horned_Puffin_0065_100625.jpg,0.5485416060470807,0.27483410053560964,0.6837147176637453
Horned_Puffin_0074_100886.jpg,0.4757546898261735,0.04707261508658456,0.44863216248228965
Horned_Puffin_0015_100889.jpg,0.4880907941269146,0.10623980333179761,0.5957814013842231
Horned_Puffin_0039_100890.jpg,0.40137266610968836,-0.1616192016105178,0.4248904495526048
Horned_Puffin_0084_100637.jpg,0.5751763403181915,0.37536762366478216,0.2530277948786866
Horned_Puffin_0050_100645.jpg,0.49274299266319765,0.1013712491972335,0.22336678888104236
Horned_Puffin_0083_100649.jpg,0.42645406281419684,-0.06163074074056829,0.03479373719261561
Horned_Puffin_0027_100906.jpg,0.5067127838253874,0.17223282123757833,0.10553420758706901
Horned_Puffin_0071_100651.jpg,0.4995034331365419,0.15441004734677644,0.03642889207948372
Horned_Puffin_0054_100915.jpg,0.5021405718004817,0.16441241616377744,0.2472624860217424
Horned_Puffin_0048_100916.jpg,0.5113104515505479,0.2095020966424258,0.32343892551761483
Horned_Puffin_0075_100664.jpg,0.5011759319260238,0.13378344030377132,0.2168590827828614
Horned_Puffin_0059_100925.jpg,0.4167692466327926,-0.09376916478557784,0.31003400570535117
Horned_Puffin_0077_100671.jpg,0.37097525923745056,-0.27116966396316733,0.49450831730809425
Horned_Puffin_0035_100690.jpg,0.5809616928686884,0.39408964642367517,0.3422475878579278
Horned_Puffin_0069_101018.jpg,0.44949920296472823,-0.010062521905814581,0.5657074131320508
Horned_Puffin_0047_100967.jpg,0.35739086300348977,-0.3015261279928019,0.582059282414987
Horned_Puffin_0036_100974.jpg,0.4531162115207359,0.015322066224762287,0.32297230242012426
Horned_Puffin_0038_100635.jpg,0.5016220167189018,0.15466471022686945,0.5020967922316936
Horned_Puffin_0003_101045.jpg,0.4114203998447542,-0.13995433332543272,0.2442144008056295
Horned_Puffin_0051_101048.jpg,0.5242330348614556,0.20620839144376313,0.26446638855037957
Horned_Puffin_0045_100803.jpg,0.6747598662813139,0.6237612582429114,0.3667685173856783
Horned_Puffin_0019_101063.jpg,0.3926652599115622,-0.1733208616588704,0.4563260598771619
Horned_Puffin_0010_100771.jpg,0.4771091300153075,0.0939255087843518,0.38341592908158667
Horned_Puffin_0073_100830.jpg,0.45198927250635457,-0.00031920467567525534,0.5317953348072619
Horned_Puffin_0026_100937.jpg,0.4140581134796808,-0.13588608665230661,0.48798238596165017
Horned_Puffin_0061_100845.jpg,0.43782412293418405,-0.04917001513319286,0.522052491525773
Horned_Puffin_0079_100847.jpg,0.3473569370377444,-0.3502174431613678,0.001772963457338591
Common_Raven_0089_101891.jpg,0.4969191446739717,0.1386109048586891,0.2207118279137877
Common_Raven_0059_101893.jpg,0.5159206707377231,0.18748815433172028,0.13513213843031036
Common_Raven_0070_101896.jpg,0.4581427151895101,-0.00031468125075040376,0.20094816573383772
Common_Raven_0043_101901.jpg,0.4157417549439395,-0.10629506868686622,0.6570254460763875
Common_Raven_0024_101394.jpg,0.5048963770812724,0.16042620751574022,0.22349556706343102
Common_Raven_0052_101909.jpg,0.4889688870944263,0.095932441187913,0.053018523294772794
Common_Raven_0107_101412.jpg,0.49495535492585885,0.10650969968753643,-0.0962201318048115
Common_Raven_0023_102437.jpg,0.4190212416228114,-0.08725097982220675,0.2419920992042917
Common_Raven_0065_102465.jpg,0.5609650229581347,0.315337239993852,0.13412103772814504
Common_Raven_0126_101459.jpg,0.5394765942516875,0.28815487418515706,-0.2243282129556152
Common_Raven_0060_102013.jpg,0.40754157781321787,-0.15422236539758272,0.18308569235826405
Common_Raven_0075_102530.jpg,0.4369494796178629,-0.07817483507115597,-0.07139941455872019
Common_Raven_0036_102025.jpg,0.5640376606613071,0.3317009986161933,-0.028950317618714305
Common_Raven_0091_101524.jpg,0.5732865716916989,0.3488405938060043,0.4066310233790162
Common_Raven_0092_102550.jpg,0.583854704673401,0.3827394669205234,-0.2861200103784639
Common_Raven_0085_102041.jpg,0.3964805945788583,-0.19071428295659554,-0.0773339786424304
Common_Raven_0132_101543.jpg,0.4001132012911306,-0.15415028058734048,0.11378531794620414
Common_Raven_0093_102058.jpg,0.4938209071013727,0.14588783882728085,0.1901302452444462
Common_Raven_0025_102584.jpg,0.4207386382416397,-0.09366080958352918,0.3310865863824298
Common_Raven_0129_102094.jpg,0.5084905296547056,0.16806098620600496,0.21136252937043462
Common_Raven_0128_102017.jpg,0.4435013364484498,-0.01817761661343309,0.08865063855680327
Common_Raven_0122_101708.jpg,0.4836758335235076,0.07007223302025434,-0.20069921660274728
Common_Raven_0018_101713.jpg,0.43100558114005894,-0.08476804337484634,0.3378769420921088
Common_Raven_0033_101759.jpg,0.47300788618435585,0.04438729779112016,0.13482837840379883
Common_Raven_0021_101767.jpg,0.4560807106060044,0.024026615678242047,0.41692911645629044
Common_Raven_0082_102306.jpg,0.49737774641641463,0.12301746114561973,0.5050992362403445
Common_Raven_0053_101291.jpg,0.4548548935349782,-0.013865826512910129,0.14666284905618027
Common_Raven_0005_101347.jpg,0.40129526633368484,-0.18952108250806798,-0.02672473204374682
Common_Raven_0077_101349.jpg,0.42269360925174915,-0.10408067215381789,0.38037209457528454
Common_Raven_0015_101364.jpg,0.449429073071423,-0.0021747201410087236,0.06311825000518093
White_Necked_Raven_0047_102660.jpg,0.35576684341931886,-0.31551850678117277,0.1390670703612699
White_Necked_Raven_0031_102686.jpg,0.4188716298129809,-0.09418097546748294,0.2879891847127315
White_Necked_Raven_0034_102598.jpg,0.5064649208209646,0.18286850907851682,0.0015671462350297382
White_Necked_Raven_0039_102699.jpg,0.4344500444515157,-0.02980767432331377,-0.1383736678234814
White_Necked_Raven_0012_102700.jpg,0.3422667513841491,-0.3560961364878281,0.3732401787796549
White_Necked_Raven_0049_102713.jpg,0.4290674777497232,-0.08006928429028592,0.4870646782048027
White_Necked_Raven_0058_102729.jpg,0.467837308246543,0.08248827659063984,0.2858087876919281
White_Necked_Raven_0037_102734.jpg,0.40084749272548514,-0.17077613451142915,0.7340853325375744
White_Necked_Raven_0009_102518.jpg,0.540162577581049,0.2641003871392684,0.18967819201480962
White_Necked_Raven_0015_102593.jpg,0.4068370501166415,-0.14588247200282645,0.1309590144543145
White_Necked_Raven_0046_797343.jpg,0.6443785418888517,0.5367874096208474,0.3603141763967337
White_Necked_Raven_0048_797345.jpg,0.667913440006645,0.592153557689201,0.3001344753152165
White_Necked_Raven_0006_797347.jpg,0.4671304738338107,0.05321494159472118,0.20809227250967216
White_Necked_Raven_0029_797349.jpg,0.34190071902057906,-0.36421856105151806,0.10149459370144732
White_Necked_Raven_0065_797354.jpg,0.43003158302601496,-0.08389626182925847,0.11454329591824551
White_Necked_Raven_0057_797358.jpg,0.42356578383966725,-0.1165308468010755,0.3521629433855471
White_Necked_Raven_0043_797363.jpg,0.46218522281570706,0.010697467580057518,0.5474335521663363
White_Necked_Raven_0024_797364.jpg,0.37393975057024786,-0.24114796984894893,0.4630203497539451
White_Necked_Raven_0060_797365.jpg,0.5756166102264244,0.3849904704083512,-0.06544839055962783
White_Necked_Raven_0011_797367.jpg,0.45426799568306486,0.04263244375302666,0.2877958655200278
White_Necked_Raven_0056_797373.jpg,0.48330702502338085,0.08662217749581724,0.36045846776356344
White_Necked_Raven_0019_797377.jpg,0.4453054357606956,0.02287306550125945,0.3773642789054081
White_Necked_Raven_0064_797378.jpg,0.3162693077260771,-0.44335160748034874,0.6222689541782692
White_Necked_Raven_0062_797382.jpg,0.42261432469199145,-0.10931070742263271,0.446282338398348
White_Necked_Raven_0016_797385.jpg,0.5646419077761273,0.3216661789930022,0.37231724507851655
White_Necked_Raven_0040_797386.jpg,0.4061954242124738,-0.12206612586489918,0.38788624890072954
White_Necked_Raven_0008_797389.jpg,0.41047632517766364,-0.13356518179026033,0.16088789499785913
White_Necked_Raven_0028_797392.jpg,0.43714559793916663,-0.02479429236488362,0.28465236395269816
White_Necked_Raven_0070_102645.jpg,0.4826985195394973,0.10619684573131472,0.20844052414097156
White_Necked_Raven_0005_102653.jpg,0.43085881181492336,-0.0707716231351907,0.3782206240715867
American_Redstart_0094_103425.jpg,0.4324312078430309,-0.050564373177709676,0.19432343035068134
American_Redstart_0044_103433.jpg,0.37585001433544607,-0.24091137074635083,-0.48515169905832667
American_Redstart_0103_102946.jpg,0.5123654602894041,0.18547720096612974,0.659022757845385
American_Redstart_0082_102973.jpg,0.46448454556506347,0.03534414976829814,0.29685082493030274
American_Redstart_0048_104021.jpg,0.49562814970399205,0.14459471517722555,0.641212774931347
American_Redstart_0078_103268.jpg,0.4433266979646562,-0.031173115156884812,0.3818113244198068
American_Redstart_0020_104027.jpg,0.3527602649697822,-0.3065398247649531,0.601788879567961
American_Redstart_0035_103017.jpg,0.5721112377794533,0.35364513896112015,0.47870173417635276
American_Redstart_0064_103081.jpg,0.5596801905283446,0.320739429716262,0.4832047146708285
American_Redstart_0058_103082.jpg,0.39876622125269967,-0.14350160851885962,0.40846814866397485
American_Redstart_0120_103089.jpg,0.526224628426371,0.23663182295152096,-0.2796105916186508
American_Redstart_0126_103091.jpg,0.4524261912316062,0.0218319353278128,-0.2482397093398394
American_Redstart_0122_103102.jpg,0.4810571592277709,0.08997897169402669,0.5470194449780995
American_Redstart_0119_104057.jpg,0.30445961962481805,-0.47966943542452123,0.18925119235028026
American_Redstart_0041_103717.jpg,0.40428899950358477,-0.13324741304720278,0.18557702596325906
American_Redstart_0002_103723.jpg,0.475341207177581,0.08418677171918143,0.36639731930643443
American_Redstart_0026_103729.jpg,0.4246233220919071,-0.0953773765084791,-0.0636565539067348
American_Redstart_0097_103238.jpg,0.5004827460045624,0.14523024037905952,0.2736894325623464
American_Redstart_0038_103278.jpg,0.5081027626916039,0.15816852501928924,0.7193151927037051
American_Redstart_0059_103402.jpg,0.41478306154412203,-0.1444081775823427,0.47632299913211107
American_Redstart_0037_102818.jpg,0.40506914910363556,-0.14839869201174993,0.3077494468193957
American_Redstart_0055_103750.jpg,0.42274217161628247,-0.07328425549375606,-0.06367023016305844
American_Redstart_0137_102848.jpg,0.4310688727214058,-0.07994419041647793,0.5242147758308304
American_Redstart_0047_102860.jpg,0.41904540273323065,-0.10861597752058971,0.10183581812814349
American_Redstart_0034_102866.jpg,0.4565590379755532,0.02571346663928431,0.5668674100089883
American_Redstart_0088_103892.jpg,0.5793308634416936,0.369423666237399,0.42646958391788564
American_Redstart_0012_103385.jpg,0.37529831847240513,-0.24746359584296407,0.5139107125503076
American_Redstart_0086_102876.jpg,0.35636796577573715,-0.30341324085725163,0.1292669236725649
American_Redstart_0107_102888.jpg,0.5698519230191036,0.3568395798973931,0.4319836532496063
American_Redstart_0110_103924.jpg,0.6197332686040018,0.47493262665699076,0.5609778440484943
Geococcyx_0050_104506.jpg,0.5085751644451444,0.17498130194566552,0.1114028386117981
Geococcyx_0040_104507.jpg,0.4009174771744577,-0.18504215242663125,0.17568502971717162
Geococcyx_0067_104537.jpg,0.45480695936539484,-0.022132801450549522,-0.08949357318893565
Geococcyx_0024_104243.jpg,0.324518358908675,-0.42433102028159886,-0.4493995963123495
Geococcyx_0118_104131.jpg,0.4044956951272417,-0.17350699087719823,0.4724777344782828
Geococcyx_0099_104134.jpg,0.45622009837885746,0.019090364660369175,0.5942950994726934
Geococcyx_0056_104142.jpg,0.380310008771919,-0.23938271648996756,-0.12957840003708576
Geococcyx_0136_104144.jpg,0.3754695219131423,-0.26377261004667574,-0.523475107288325
Geococcyx_0020_104164.jpg,0.5176867263089764,0.18359141186120287,0.09903579039409736
Geococcyx_0045_104166.jpg,0.33465813988773463,-0.38419866211019693,0.1929945354256355
Geococcyx_0120_104176.jpg,0.368486695757265,-0.2708514714140715,0.014725664499043476
Geococcyx_0137_104693.jpg,0.46678790027729933,0.05465861947164785,0.15303469432568073
Geococcyx_0077_104185.jpg,0.33801768852240255,-0.38090149032505716,0.17617296464211013
Geococcyx_0033_104195.jpg,0.6230226293643493,0.4763655020735309,0.20962147121092162
Geococcyx_0134_104196.jpg,0.4329674211362079,-0.08240894036769597,-0.1658618008188304
Geococcyx_0135_104716.jpg,0.46411633660438434,-0.005813727617977493,0.13294570902727398
Geococcyx_0101_104230.jpg,0.3852126220608162,-0.24042225899467495,0.09237863308855451
Geococcyx_0062_104743.jpg,0.3464854612625762,-0.34415151317832904,-0.10209793634838965
Geococcyx_0116_104240.jpg,0.38700449908709733,-0.2173584054329687,0.2310731170033915
Geococcyx_0079_104249.jpg,0.43349269184936334,-0.055763963974242214,-0.34781319027055246
Geococcyx_0063_104250.jpg,0.264504501644786,-0.6413879743325903,0.04581064701283978
Geococcyx_0059_104258.jpg,0.3054989954814743,-0.5016076713504447,-0.20213749162428807
Geococcyx_0133_104267.jpg,0.5120219410206208,0.16320698793886612,-0.18197074424577156
Geococcyx_0139_104277.jpg,0.37355526411079143,-0.24442087460171202,-0.22074821308492276
Geococcyx_0015_104792.jpg,0.4477999482177598,0.011290143689555499,-0.13180517035051129
Geococcyx_0027_104291.jpg,0.45304384902375316,-0.03051944207585544,-0.015607649267574897
Geococcyx_0048_104817.jpg,0.4220040509590398,-0.10530039690712201,-0.14172149893851946
Geococcyx_0108_104350.jpg,0.3885536343003222,-0.19200313355848664,0.3299391017474067
Geococcyx_0012_104352.jpg,0.4124264691127777,-0.11337031122541674,0.31526701146578245
Geococcyx_0011_104779.jpg,0.401636011010018,-0.16719413148265883,-0.15122837287459187
Loggerhead_Shrike_0022_105501.jpg,0.5220145503926521,0.21433204321517885,-0.3949100649359694
Loggerhead_Shrike_0086_105005.jpg,0.44185790032105665,-0.022858077386146425,-0.38389406976931484
Loggerhead_Shrike_0108_105023.jpg,0.4848076264620387,0.11244344327899403,-0.19460400764747285
Loggerhead_Shrike_0089_106055.jpg,0.323929056060135,-0.4188403149501221,-0.4014751502367736
Loggerhead_Shrike_0059_106086.jpg,0.423931214840344,-0.09358288296734574,0.15203400507652332
Loggerhead_Shrike_0115_105575.jpg,0.5921949188038065,0.3988349974976376,-0.13320763129014582
Loggerhead_Shrike_0091_105076.jpg,0.41657138231124746,-0.09591741139240573,-0.054236973358318924
Loggerhead_Shrike_0125_105594.jpg,0.47033235573275955,0.059715122882989746,-0.46623535806286887
Loggerhead_Shrike_0075_106153.jpg,0.6224240072338392,0.4852196478415788,0.009652400188059178
Loggerhead_Shrike_0069_73908.jpg,0.49139364196220703,0.11007885098638648,-0.33854468336868626
Loggerhead_Shrike_0088_105663.jpg,0.47057709373447854,0.07735757945379751,-0.23870572973362583
Loggerhead_Shrike_0118_105157.jpg,0.5005465838804,0.1418177847508847,0.07100268261391478
Loggerhead_Shrike_0106_105437.jpg,0.39046943372092113,-0.1912498126613036,-0.25270760653811275
Loggerhead_Shrike_0025_104828.jpg,0.5164434022819832,0.21021241739565966,-0.06687478870422595
Loggerhead_Shrike_0002_105195.jpg,0.4615468351427924,0.02913757736725109,0.019601070334343267
Loggerhead_Shrike_0028_106221.jpg,0.4275700438188105,-0.055385525352384724,0.1809161100168998
Loggerhead_Shrike_0064_106225.jpg,0.5371241189356074,0.2759231965395532,0.2381966024655425
Loggerhead_Shrike_0120_105777.jpg,0.506057730334768,0.16061795636363863,-0.04487436496275577
Loggerhead_Shrike_0126_106316.jpg,0.4814509595813101,0.11200039764786651,0.23122119930144813
Loggerhead_Shrike_0123_105849.jpg,0.41242700549482825,-0.11964574624435098,-0.0797117924046736
Loggerhead_Shrike_0039_106367.jpg,0.5023442475220534,0.15944394399678707,-0.3175555029413773
Loggerhead_Shrike_0101_105392.jpg,0.5336330520167684,0.2521924286725933,0.19505456099118082
Loggerhead_Shrike_0010_104866.jpg,0.4302179202706241,-0.03537632000245439,0.18077694843543596
Loggerhead_Shrike_0023_105892.jpg,0.46141124863914873,0.04523301273332969,-0.12518573318929213
Loggerhead_Shrike_0021_104885.jpg,0.46208910203654185,0.05045431641072795,-0.5000872813649084
Loggerhead_Shrike_0068_105400.jpg,0.5115965446279845,0.17503006714585223,-0.056551767482376766
Loggerhead_Shrike_0017_104864.jpg,0.4788080715439206,0.10385524597497386,-0.10346786972209927
Loggerhead_Shrike_0026_104898.jpg,0.5090664332523361,0.19131880876005602,-0.2673125407299848
Loggerhead_Shrike_0110_105947.jpg,0.5395132743252573,0.2544662669487947,-0.2100886729377372
Loggerhead_Shrike_0030_104930.jpg,0.5185340866362738,0.19779277456906386,0.005741584145921421
Great_Grey_Shrike_0048_106754.jpg,0.4948134066581674,0.1401040163645142,0.5154271405954934
Great_Grey_Shrike_0066_106759.jpg,0.4448305020318909,0.004118519515288299,0.3892525794579444
Great_Grey_Shrike_0068_797060.jpg,0.4483852626555487,-0.014409524574154453,0.4801254415521417
Great_Grey_Shrike_0086_106533.jpg,0.3520464137136454,-0.3159317519454179,-0.20616003206817152
Great_Grey_Shrike_0053_106792.jpg,0.4853294597343554,0.11116124418453077,0.2492449261119984
Great_Grey_Shrike_0094_106576.jpg,0.42752548483281483,-0.06132293778261855,0.22936228669929296
Great_Grey_Shrike_0027_797009.jpg,0.3367920892742402,-0.38933215540911004,0.1222679879369543
Great_Grey_Shrike_0039_797015.jpg,0.4576738069208818,1.5142588066230367e-05,0.06508936520988276
Great_Grey_Shrike_0075_797022.jpg,0.4805736558225846,0.10488584054352745,-0.10711087302475678
Great_Grey_Shrike_0010_797023.jpg,0.4411040504634842,-0.013558256602821617,0.2625788514589186
Great_Grey_Shrike_0080_106850.jpg,0.4686210026786217,0.057485797475911204,0.13436174434655793
Great_Grey_Shrike_0065_797027.jpg,0.4071850970776173,-0.14341858987360045,0.517153105237385
Great_Grey_Shrike_0011_106852.jpg,0.4462478468776656,-0.03428631900447354,0.09971299376118133
Great_Grey_Shrike_0015_797031.jpg,0.41480984318453884,-0.12094672652642569,0.3896886352973112
Great_Grey_Shrike_0055_106858.jpg,0.3474335533582209,-0.34939970192709935,0.19681726777250808
Great_Grey_Shrike_0085_797037.jpg,0.41993798362997714,-0.09870552457156645,0.15814242731548833
Great_Grey_Shrike_0038_106617.jpg,0.27666168439692984,-0.6090702574316196,0.00030676908781703986
Great_Grey_Shrike_0025_106622.jpg,0.4640564100881932,0.05421741050775175,0.595166763871651
Great_Grey_Shrike_0005_797055.jpg,0.42488340037360284,-0.08407506288527644,0.11165382660159152
Great_Grey_Shrike_0062_106628.jpg,0.4270092000603928,-0.06809267059132673,0.09502486131075089
Great_Grey_Shrike_0071_106861.jpg,0.3725528847103732,-0.2768115765353374,-0.06682056005647588
Great_Grey_Shrike_0082_106650.jpg,0.4193000459626227,-0.10208590320015665,-0.0505302307172143
Great_Grey_Shrike_0012_106661.jpg,0.4253332869911124,-0.08228236528946686,0.06724414500274264
Great_Grey_Shrike_0044_106851.jpg,0.36906739943504985,-0.2630520046436142,0.4434395940975264
Great_Grey_Shrike_0023_106670.jpg,0.489916200727072,0.1195743671166618,0.28563723381632955
Great_Grey_Shrike_0028_106678.jpg,0.3836733117501646,-0.21597764923835405,0.13210860894839807
Great_Grey_Shrike_0074_106689.jpg,0.4112506329342901,-0.14555231481352848,0.17276805648759563
Great_Grey_Shrike_0019_797049.jpg,0.5061874381005768,0.17365644742214126,0.10407250351470392
Great_Grey_Shrike_0060_797008.jpg,0.4743368938342417,0.05065863906709722,0.15354117479331644
Great_Grey_Shrike_0091_797054.jpg,0.3991581675890431,-0.15774771899387519,0.4431673370479376
Baird_Sparrow_0012_794552.jpg,0.4834149684288209,0.08753377304423549,0.22825086973574676
Baird_Sparrow_0044_794554.jpg,0.4638667234861876,0.04275420793629081,-0.09150712475146149
Baird_Sparrow_0003_794558.jpg,0.4903963963828021,0.11357246709961477,-0.2712878933293341
Baird_Sparrow_0023_794559.jpg,0.49643085912745,0.1344159432377453,0.4460203729186315
Baird_Sparrow_0042_794560.jpg,0.4266222090526498,-0.05898761946021991,0.06182480942476592
Baird_Sparrow_0037_794562.jpg,0.45220970191554966,-0.01923361505471366,0.4039581320395471
Baird_Sparrow_0007_794563.jpg,0.4912944960494251,0.10067792815005416,-0.04786036812327819
Baird_Sparrow_0005_794565.jpg,0.4515355142150287,0.03384612721936786,0.07826080520934588
Baird_Sparrow_0033_794566.jpg,0.43648290827316494,-0.04656754340257652,0.12536812904781466
Baird_Sparrow_0019_794567.jpg,0.41351094093217977,-0.12194746880809837,0.2262191434500072
Baird_Sparrow_0004_794568.jpg,0.5082978025758522,0.1525772190125958,0.021048504604559464
Baird_Sparrow_0015_794573.jpg,0.5807698003192179,0.36880560066688617,0.038134542167365476
Baird_Sparrow_0011_794577.jpg,0.4310486259453259,-0.0838521257564171,-0.10282102399529858
Baird_Sparrow_0001_794578.jpg,0.5578465458773288,0.32071461046001415,0.16392206746644672
Baird_Sparrow_0006_794579.jpg,0.4635570389899343,0.024693391327557435,-0.2867566565860294
Baird_Sparrow_0031_794580.jpg,0.41717674835021756,-0.13832752569097106,-0.01951692602646701
Baird_Sparrow_0017_794586.jpg,0.36035221612620427,-0.2997832271387464,-0.5373089793008691
Baird_Sparrow_0013_794587.jpg,0.545246064228866,0.2665578692800157,-0.1298684065917646
Baird_Sparrow_0020_106863.jpg,0.40923323505887566,-0.14023426971555053,0.20237307360945594
Baird_Sparrow_0050_787316.jpg,0.35750708013898247,-0.3173098655637163,0.040582713043069395
Black_Throated_Sparrow_0056_107010.jpg,0.39596572218724546,-0.18446457138197303,0.26881653835091146
Black_Throated_Sparrow_0044_107270.jpg,0.33091923982199545,-0.4057735856310958,-0.3692289789455298
Black_Throated_Sparrow_0021_107021.jpg,0.3548529728659846,-0.33619053343745975,0.25957595616612816
Black_Throated_Sparrow_0054_107026.jpg,0.3862552437881057,-0.20243997803505787,-0.1464195465786013
Black_Throated_Sparrow_0050_107033.jpg,0.4924408547501776,0.1295226568835488,0.05679979861976175
Black_Throated_Sparrow_0003_107035.jpg,0.3289494281525219,-0.42195966631642756,-0.26839297191207256
Black_Throated_Sparrow_0057_107036.jpg,0.4226314276575659,-0.09484165385006671,-0.47215883602019026
Black_Throated_Sparrow_0080_107050.jpg,0.3485428861985097,-0.3485445946855277,-0.04044047410380093
Black_Throated_Sparrow_0059_107060.jpg,0.38725106383884333,-0.22172075438702987,-0.33064945944062357
Black_Throated_Sparrow_0084_107066.jpg,0.41816868867899426,-0.10252569714825599,-0.18420411163464198
Black_Throated_Sparrow_0015_107079.jpg,0.5211462343865929,0.18803893493677792,0.060303427782655954
Black_Throated_Sparrow_0094_107085.jpg,0.48099549165533184,0.0842664879040178,-0.07812373819225803
Black_Throated_Sparrow_0074_107113.jpg,0.44248917870841276,-0.01989473677348408,-0.25625661119198045
Black_Throated_Sparrow_0053_107282.jpg,0.32864800968338936,-0.3827593587197853,0.032860719173561564
Black_Throated_Sparrow_0098_107138.jpg,0.43173573181011426,-0.06921401895858059,0.2788444381623973
Black_Throated_Sparrow_0005_107150.jpg,0.5834825860510382,0.3884537973822837,-0.4016822394808876
Black_Throated_Sparrow_0040_107172.jpg,0.460716290194771,0.021347500905347205,0.18941386031723176
Black_Throated_Sparrow_0060_107177.jpg,0.34609480293997785,-0.34137129941255173,-0.43072659993007506
Black_Throated_Sparrow_0076_106995.jpg,0.4499812101911681,-0.01859229041505084,-0.12533454727693272
Black_Throated_Sparrow_0070_107196.jpg,0.3703366990056065,-0.26423699480002427,-0.17520941186950545
Black_Throated_Sparrow_0099_106944.jpg,0.4797851409810746,0.08551283056445702,-0.3866617321254127
Black_Throated_Sparrow_0007_106999.jpg,0.36520039429587836,-0.285918362848985,-0.46277246399381466
Black_Throated_Sparrow_0068_106960.jpg,0.44751342019843543,-0.01094737906546528,-0.2579421024346066
Black_Throated_Sparrow_0051_107217.jpg,0.3881406002136508,-0.1921453453987112,-0.23682219149025072
Black_Throated_Sparrow_0002_106962.jpg,0.3577585893324726,-0.291720843983865,-0.4146285268861488
Black_Throated_Sparrow_0061_106967.jpg,0.5109597081761825,0.17661145185570526,-0.09157557396721924
Black_Throated_Sparrow_0043_107236.jpg,0.37825650154698276,-0.23407938677141882,-0.20006001979728757
Black_Throated_Sparrow_0008_107000.jpg,0.41336382966764795,-0.12706707390393546,0.06311566898234555
Black_Throated_Sparrow_0039_107259.jpg,0.5227790811073985,0.19220364459815054,0.2056163909898176
Black_Throated_Sparrow_0013_107005.jpg,0.621187476532846,0.47763364041379874,0.1354629555593726
Brewer_Sparrow_0034_796693.jpg,0.5383322979040097,0.2362142623219926,0.47126907354030717
Brewer_Sparrow_0044_796698.jpg,0.4707835746056658,0.08652310709110222,-0.07201930353719656
Brewer_Sparrow_0007_796700.jpg,0.38378642719433154,-0.2227552635107053,0.17489532155694357
Brewer_Sparrow_0011_796708.jpg,0.5339426590896459,0.2341152875055268,0.3502711883951329
Brewer_Sparrow_0031_796712.jpg,0.4232231439721055,-0.1088911057307238,0.2829743056378772
Brewer_Sparrow_0027_796713.jpg,0.6312472535968254,0.4976409528919523,0.4436200920428428
Brewer_Sparrow_0072_796715.jpg,0.44883888388739823,-0.03563571767721729,0.04440428262787263
Brewer_Sparrow_0010_796716.jpg,0.60548082208764,0.4455970441207945,0.16185037293516305
Brewer_Sparrow_0070_796717.jpg,0.4198662560569816,-0.07363288362370635,0.00028140258702473333
Brewer_Sparrow_0055_796720.jpg,0.5509768219089604,0.2864049130325711,0.386048878170604
Brewer_Sparrow_0042_796721.jpg,0.45441740852144297,0.010257877220191447,0.5362997957375593
Brewer_Sparrow_0065_107419.jpg,0.5864117058603048,0.3921841452248922,0.3395080713722083
Brewer_Sparrow_0047_107428.jpg,0.40979742604953184,-0.14471482079017783,0.36560826534275637
Brewer_Sparrow_0039_107431.jpg,0.5205069497362146,0.21168115827623135,-0.041351985962854214
Brewer_Sparrow_0018_107437.jpg,0.5114819434175133,0.19576033480500632,0.25911582227483004
Brewer_Sparrow_0061_107438.jpg,0.4786933366544268,0.055598857914705424,-0.22294179928624067
Brewer_Sparrow_0024_107439.jpg,0.6071618932348277,0.44493025020302157,0.21593805721489842
Brewer_Sparrow_0037_107442.jpg,0.52911883062478,0.24636911344635581,0.3802541836046885
Brewer_Sparrow_0005_107443.jpg,0.6255951938185745,0.49717995580384355,0.20244376293452798
Brewer_Sparrow_0071_107446.jpg,0.5110070006329971,0.18684565296315325,-0.18707411198539528
Brewer_Sparrow_0062_107456.jpg,0.4996468829220946,0.13157396934185672,-0.09722116889475522
Brewer_Sparrow_0056_107458.jpg,0.4994358554209557,0.16607633144964484,0.11854750486659056
Brewer_Sparrow_0003_107459.jpg,0.3571226032877758,-0.3289538763318023,0.24964187660831996
Brewer_Sparrow_0050_107460.jpg,0.5052614960111563,0.1714020637271687,0.4771121126024286
Brewer_Sparrow_0006_107463.jpg,0.4497427277564945,-0.008147493015957297,0.3793068383589756
Brewer_Sparrow_0052_107478.jpg,0.4849682835187785,0.10202870979908407,0.29934499801593856
Brewer_Sparrow_0043_107479.jpg,0.4327069774585327,-0.07245241637251243,-0.164761984929191
Brewer_Sparrow_0067_107480.jpg,0.5284916808897808,0.2091726836301393,0.51638826007961
Brewer_Sparrow_0073_107518.jpg,0.4550827853392079,-0.0225011981578489,0.02455128793704516
Chipping_Sparrow_0089_107535.jpg,0.32899645918416176,-0.4090678868774331,0.08645211077499768
Chipping_Sparrow_0021_109588.jpg,0.29601849049052564,-0.5384774444738154,0.17164995236503927
Chipping_Sparrow_0096_109853.jpg,0.44918611645649553,-0.015724940243749375,0.3906455431168898
Chipping_Sparrow_0017_107552.jpg,0.44296383960963026,-0.026000087261202287,0.2064443236465727
Chipping_Sparrow_0022_107825.jpg,0.4459081781165827,-0.026900336658369772,0.14970243092021177
Chipping_Sparrow_0018_108295.jpg,0.48446767322687156,0.08081944401997854,0.2568645034016771
Chipping_Sparrow_0052_109874.jpg,0.5240208692789556,0.2311141606952578,0.17523334081943445
Chipping_Sparrow_0061_109113.jpg,0.4491651891352788,0.006926451474821738,0.383597422140269
Chipping_Sparrow_0035_110138.jpg,0.4263759482299766,-0.08618510198773688,0.20506367742576279
Chipping_Sparrow_0075_108348.jpg,0.5176677399127465,0.22325022578626386,0.05280595085615133
Chipping_Sparrow_0006_107849.jpg,0.36031750580810973,-0.3041275115000379,-0.302795130648212
Chipping_Sparrow_0041_108370.jpg,0.4251631536200343,-0.07937899556309391,0.06644989880443833
Chipping_Sparrow_0062_110187.jpg,0.4317031976874449,-0.06176125139053146,0.20415132533235408
Chipping_Sparrow_0091_108308.jpg,0.4272976825912207,-0.08943026165244006,-0.012778264124049334
Chipping_Sparrow_0090_14718.jpg,0.4964649560656561,0.11527419629330848,-0.16861977276614135
Chipping_Sparrow_0109_108162.jpg,0.41002164457130685,-0.14417365513111613,-0.17698663086311656
Chipping_Sparrow_0024_109445.jpg,0.34818867111696383,-0.35848272025454797,0.08308116337719242
Chipping_Sparrow_0004_108430.jpg,0.42976641777922053,-0.05215450957978529,0.2808590968949285
Chipping_Sparrow_0050_108441.jpg,0.4819669547933998,0.09205864191922786,0.2244403144563313
Chipping_Sparrow_0097_107678.jpg,0.39662619028267654,-0.17456755550916658,0.27526226344245514
Chipping_Sparrow_0074_108401.jpg,0.517343793102937,0.1791868074834524,0.0821108780062325
Chipping_Sparrow_0085_109506.jpg,0.39511331197509636,-0.18963963762223157,0.2659780741108146
Chipping_Sparrow_0043_109509.jpg,0.4179866048221843,-0.08055644780788151,-0.33789220137424303
Chipping_Sparrow_0103_109529.jpg,0.35570814364826775,-0.3008013376701284,-0.15555560719795591
Chipping_Sparrow_0086_109022.jpg,0.30432494056444104,-0.5068064402938055,0.10971383629721074
Chipping_Sparrow_0111_108515.jpg,0.4271741904034356,-0.08218948908179691,0.14116092217745457
Chipping_Sparrow_0026_109010.jpg,0.4231114494846384,-0.07153787979303794,-0.15229207776390377
Chipping_Sparrow_0067_107508.jpg,0.31534308374333464,-0.4460692149457528,-0.11346206145814342
Chipping_Sparrow_0070_108281.jpg,0.3986513735488464,-0.17360355409088268,-0.195063890070762
Chipping_Sparrow_0016_109051.jpg,0.34917422124419173,-0.3462609305587736,-0.36565922297313036
Clay_Colored_Sparrow_0072_110851.jpg,0.4811689001550671,0.07166980381899979,0.22986045487032739
Clay_Colored_Sparrow_0020_110609.jpg,0.5367851690006014,0.23272989082753115,0.09082733224657803
Clay_Colored_Sparrow_0001_110632.jpg,0.41897877964748576,-0.15182469466185555,0.24412713316286686
Clay_Colored_Sparrow_0055_110647.jpg,0.4998975135370576,0.12543091938760664,0.3285304796190758
Clay_Colored_Sparrow_0028_797241.jpg,0.41468486944709304,-0.13390188315410922,0.19401075328869777
Clay_Colored_Sparrow_0042_797243.jpg,0.37452695824436566,-0.26586941860023616,0.4248505637405833
Clay_Colored_Sparrow_0048_110653.jpg,0.40008394839487127,-0.16560178623459532,0.24801415723660533
Clay_Colored_Sparrow_0094_797250.jpg,0.4903946887093209,0.14030814471962172,0.29757535722273437
Clay_Colored_Sparrow_0075_797251.jpg,0.38229167908388373,-0.22622132780761062,0.11018942807379804
Clay_Colored_Sparrow_0034_797252.jpg,0.48245464427397644,0.06980563368699111,0.5115652489118148
Clay_Colored_Sparrow_0085_797260.jpg,0.49062064867892496,0.08704369107408838,0.07718891532583641
Clay_Colored_Sparrow_0090_110669.jpg,0.49789704608032814,0.12608049698684953,0.46085230157766605
Clay_Colored_Sparrow_0010_797262.jpg,0.4371434080159291,-0.03608507357557822,0.58248520707736
Clay_Colored_Sparrow_0093_110677.jpg,0.35764980624794473,-0.3229229497643098,0.03325372886178411
Clay_Colored_Sparrow_0068_110706.jpg,0.5343256503996583,0.23246004423261568,0.3310624184237827
Clay_Colored_Sparrow_0040_110717.jpg,0.5549458014021342,0.29830310239550106,0.2925974500902912
Clay_Colored_Sparrow_0073_110718.jpg,0.5755148003776731,0.34688672376663865,0.11052699813233786
Clay_Colored_Sparrow_0046_110728.jpg,0.40114351594971587,-0.1730603408275213,0.09191670212419868
Clay_Colored_Sparrow_0083_110734.jpg,0.5047449682855918,0.1510153961561328,-0.40886541611441696
Clay_Colored_Sparrow_0049_110736.jpg,0.5331214674356546,0.23755263873160937,-0.4726503544593996
Clay_Colored_Sparrow_0031_110769.jpg,0.4969008317133302,0.1125582038394326,0.08362549204445119
Clay_Colored_Sparrow_0097_110516.jpg,0.522157082913293,0.21551016606757034,0.40090602806528985
Clay_Colored_Sparrow_0009_797256.jpg,0.432286866810186,-0.03727776742604649,0.4705307811752865
Clay_Colored_Sparrow_0038_110799.jpg,0.5259753220367763,0.24477691163418802,0.1725361591059447
Clay_Colored_Sparrow_0100_110545.jpg,0.463064263060321,0.03728918115377122,0.20099329600072197
Clay_Colored_Sparrow_0022_110518.jpg,0.3473895794858649,-0.3404441134083187,-0.06482789278546082
Clay_Colored_Sparrow_0014_797248.jpg,0.4829675701140258,0.07219054578789419,0.15354241492667034
Clay_Colored_Sparrow_0107_110825.jpg,0.3465629377011976,-0.32531409898747676,-0.16878312359460604
Clay_Colored_Sparrow_0008_110536.jpg,0.39479076667574986,-0.19165012152387395,0.13560946232677992
House_Sparrow_0134_112644.jpg,0.5298438280760058,0.23075531381094483,0.08601585779266444
House_Sparrow_0019_112645.jpg,0.41855255773728584,-0.13151321840259023,-0.046078883213052306
House_Sparrow_0125_111130.jpg,0.5111434611096053,0.17529786766117195,0.40802986087722165
House_Sparrow_0010_112678.jpg,0.5644788661175595,0.348581623068728,0.04205647124030477
House_Sparrow_0025_111669.jpg,0.4144724009034195,-0.1170324658570836,0.016627422137321893
House_Sparrow_0028_113217.jpg,0.5317834098536538,0.25501701168179947,-0.03749350384244203
House_Sparrow_0041_112706.jpg,0.46016507243465943,0.02868341246960704,-0.09422419001400946
House_Sparrow_0068_113247.jpg,0.5754974522028006,0.3520971262054955,-0.2884536943734126
House_Sparrow_0052_112252.jpg,0.34046728530610104,-0.3690173488209252,0.16976967655788758
House_Sparrow_0094_112773.jpg,0.4558889977023166,0.032872469543135385,0.24812049336345157
House_Sparrow_0079_113288.jpg,0.625476043300881,0.48648005280029183,0.09062246645626808
House_Sparrow_0084_111300.jpg,0.406530544623418,-0.13697807674634244,0.2435485649954413
House_Sparrow_0036_112847.jpg,0.43580555018931866,-0.06535659114129455,-0.46027529199878436
House_Sparrow_0002_112905.jpg,0.5125283720515638,0.1734846706845532,0.11674289685841019
House_Sparrow_0143_111400.jpg,0.4399137937323031,-0.050387315237185204,-0.08983865653722425
House_Sparrow_0014_112947.jpg,0.5925040542392754,0.41125403513162095,0.19395615563589513
House_Sparrow_0015_111085.jpg,0.46609611728573896,0.04005198831425494,0.3182594156423326
House_Sparrow_0127_111935.jpg,0.398859731444031,-0.19211087423810924,0.3128751714077907
House_Sparrow_0005_111967.jpg,0.5176971239163235,0.19362865804716423,0.17542658074993941
House_Sparrow_0063_111460.jpg,0.5927916194834468,0.4079543905288635,-0.033449223150298
House_Sparrow_0120_113001.jpg,0.5283917191655696,0.24200942344814613,0.41555392862384966
House_Sparrow_0126_110959.jpg,0.39568182556762055,-0.17404879667411266,0.2921831241220594
House_Sparrow_0004_111989.jpg,0.4361918250951061,-0.06399310092376376,-0.1939698109353903
House_Sparrow_0049_110976.jpg,0.441987239139624,-0.06060081246064697,0.27815824491361957
House_Sparrow_0096_111519.jpg,0.5145558776011907,0.20218719254868034,0.17557446194476475
House_Sparrow_0061_112795.jpg,0.48575746506513184,0.11083743820462388,0.22141173368199035
House_Sparrow_0007_111029.jpg,0.6094201060150028,0.4398568465822401,0.23737775226065772
House_Sparrow_0033_112590.jpg,0.37347047249491083,-0.24809162983593258,-0.318964357860281
House_Sparrow_0098_111073.jpg,0.32174565328230065,-0.44009382102242256,0.1464594818246097
House_Sparrow_0050_111087.jpg,0.3483219025851845,-0.36856953767591394,-0.12937943721070602
Field_Sparrow_0063_113667.jpg,0.49437234124622087,0.13140250433182898,0.2465026246300403
Field_Sparrow_0060_114177.jpg,0.4199795750594332,-0.10641761487118151,0.3092370399865981
Field_Sparrow_0118_113416.jpg,0.3772080842790029,-0.22615573767694652,0.27526546278059516
Field_Sparrow_0131_113582.jpg,0.5443053061212064,0.26557334317306824,0.07721489271246164
Field_Sparrow_0120_113953.jpg,0.30246486591922483,-0.5072262892237778,0.42051558564563907
Field_Sparrow_0067_113448.jpg,0.32527961376341685,-0.41851471971819465,0.4362512028338292
Field_Sparrow_0008_113459.jpg,0.47600282116299764,0.06077257155225513,0.14378384940094233
Field_Sparrow_0021_113461.jpg,0.40881362102044394,-0.1286043146008462,0.05773623691231859
Field_Sparrow_0035_113479.jpg,0.7043309025440639,0.6752697000819206,0.49401968545109876
Field_Sparrow_0071_113747.jpg,0.40457672527273414,-0.15087977766994776,0.5451452902277223
Field_Sparrow_0129_113748.jpg,0.42267822013980294,-0.09638748168752698,0.5485821033232048
Field_Sparrow_0104_113524.jpg,0.4700572653562183,0.06417400769183645,0.36673597531364505
Field_Sparrow_0047_113801.jpg,0.42082382323994116,-0.08310583594517262,0.3552688986178619
Field_Sparrow_0080_113811.jpg,0.5652305450120922,0.34742603516745285,0.37870908968134337
Field_Sparrow_0124_113868.jpg,0.39391561562904887,-0.16713166321761586,0.18772936454334657
Field_Sparrow_0042_113815.jpg,0.3485338048969009,-0.34107377927613713,0.05744581610772521
Field_Sparrow_0092_113580.jpg,0.42271917058713826,-0.07501215976001752,0.6066343763883421
Field_Sparrow_0022_113838.jpg,0.37301501154727046,-0.2535394266298716,0.5133299374747641
Field_Sparrow_0006_113839.jpg,0.34971239695491496,-0.3238554939083922,0.28332609204041215
Field_Sparrow_0128_113587.jpg,0.532588156068057,0.2539575845268772,-0.03729981628637769
Field_Sparrow_0123_113847.jpg,0.39198486642328945,-0.18321619126697786,0.6363777066523738
Field_Sparrow_0051_114107.jpg,0.4328197765838133,-0.07060245480668748,0.3792856294754048
Field_Sparrow_0009_113860.jpg,0.39575827648661965,-0.18380942720333304,0.4612143478495617
Field_Sparrow_0038_113356.jpg,0.442765997417235,-0.05412030153530445,0.44440962816793733
Field_Sparrow_0016_110297.jpg,0.40024410422738843,-0.1740345618312069,0.039832096678120175
Field_Sparrow_0109_113375.jpg,0.4764252055634667,0.07582397215285441,0.448093963008871
Field_Sparrow_0090_113613.jpg,0.44963089646468113,0.005071366494478147,0.04467454980783618
Field_Sparrow_0048_113387.jpg,0.517828478551112,0.1998928892639199,0.17423783918093913
Field_Sparrow_0112_114159.jpg,0.36411374689856413,-0.2819935038325012,0.34396341540431397
Fox_Sparrow_0065_114945.jpg,0.4687128890196398,0.0858695364931632,0.21137893016665107
Fox_Sparrow_0106_114720.jpg,0.32609504166849057,-0.4302255933119703,0.47814060353118626
Fox_Sparrow_0016_114213.jpg,0.4369143784662529,-0.0499052262797115,0.4645060606919796
Fox_Sparrow_0022_115248.jpg,0.36573417781722894,-0.26211810267690416,0.5202928453399673
Fox_Sparrow_0135_115251.jpg,0.4128314385312075,-0.1180817571077899,0.5308513571089218
Fox_Sparrow_0103_115038.jpg,0.4108129333139283,-0.14951070109481157,0.1932856013850393
Fox_Sparrow_0020_114744.jpg,0.366070316104651,-0.28228223625669746,0.43583091886946407
Fox_Sparrow_0136_115278.jpg,0.3526124655447266,-0.3258624701764594,0.47944965774745957
Fox_Sparrow_0026_115281.jpg,0.4802285142613014,0.0645618751284186,0.15075088712253434
Fox_Sparrow_0115_114855.jpg,0.43642708740204417,-0.041030698999255044,0.5932526827278567
Fox_Sparrow_0013_114344.jpg,0.5070080661807559,0.17755022871599024,0.34436086995352616
Fox_Sparrow_0057_114355.jpg,0.46914513831899785,0.06066108331268194,0.480210717854193
Fox_Sparrow_0052_114878.jpg,0.5785331242921556,0.3575682458911176,0.4778637490813814
Fox_Sparrow_0121_114886.jpg,0.49260686948218313,0.11667705638407799,-0.204413297903712
Fox_Sparrow_0099_115399.jpg,0.5311382241849547,0.22679326147119305,0.3750684402131766
Fox_Sparrow_0125_114557.jpg,0.45822686632615317,0.04675075362296932,-0.37892489125980683
Fox_Sparrow_0068_114967.jpg,0.4090148401368233,-0.1543945816477903,0.24912014527521084
Fox_Sparrow_0018_114468.jpg,0.31059621902046985,-0.4795733204632895,0.32811027782504026
Fox_Sparrow_0114_114481.jpg,0.379169032615577,-0.21691307685172245,-0.28246170286562294
Fox_Sparrow_0123_114488.jpg,0.48978552856587054,0.09052013632874034,0.29860266386476886
Fox_Sparrow_0083_114496.jpg,0.3576403498453453,-0.30594209867079436,0.5416467359833412
Fox_Sparrow_0047_115022.jpg,0.4079077036314033,-0.13908122092949537,0.1822944104262335
Fox_Sparrow_0040_115034.jpg,0.3195473204279825,-0.45912275405424996,0.3864123651779
Fox_Sparrow_0111_114527.jpg,0.5138181849719632,0.17568788330698737,0.20167402283374455
Fox_Sparrow_0067_114528.jpg,0.3848232071093801,-0.2153764307251198,0.1280281402286744
Fox_Sparrow_0054_114541.jpg,0.4313040195698705,-0.07402989479005306,0.2628091936913225
Fox_Sparrow_0062_115056.jpg,0.39274562077903163,-0.1690326507644413,0.1145539736505039
Fox_Sparrow_0081_115630.jpg,0.3478103348718887,-0.34734392670572545,0.6612270600784083
Fox_Sparrow_0094_114634.jpg,0.3570009032423288,-0.300639690113889,0.25435616889125084
Fox_Sparrow_0015_114650.jpg,0.48627248765175324,0.11225674816393827,0.4014753424346117
Grasshopper_Sparrow_0067_115979.jpg,0.30576509515612027,-0.4954246275423764,0.2775787627063215
Grasshopper_Sparrow_0117_115983.jpg,0.5299766479516634,0.23192874565338284,0.031139397069401505
Grasshopper_Sparrow_0009_115984.jpg,0.46485208411300427,0.05621222724331065,0.45718015743862817
Grasshopper_Sparrow_0053_115991.jpg,0.32080495163981293,-0.45333231283074693,0.32730756241280934
Grasshopper_Sparrow_0075_116260.jpg,0.34051487066784647,-0.3684259922719184,-0.20473425609029178
Grasshopper_Sparrow_0109_115750.jpg,0.3270136753799052,-0.42633416802663904,0.2391478347267916
Grasshopper_Sparrow_0120_116021.jpg,0.3015691181948166,-0.5074520856732696,0.3270323082864808
Grasshopper_Sparrow_0060_15159.jpg,0.40947936010459873,-0.13111548825770747,0.2936053663489462
Grasshopper_Sparrow_0107_116286.jpg,0.46160778171929806,0.02890809031257302,0.5034791217681898
Grasshopper_Sparrow_0044_115681.jpg,0.3660690398920712,-0.27454265785284093,-0.4068679821140734
Grasshopper_Sparrow_0082_116300.jpg,0.4605201414518486,0.027216622529972145,0.2116320350079282
Grasshopper_Sparrow_0078_116052.jpg,0.3328461781589327,-0.38143252164310626,0.0691810119559277
Grasshopper_Sparrow_0116_116066.jpg,0.41530779615333047,-0.10312636988761525,0.338673435621541
Grasshopper_Sparrow_0099_116069.jpg,0.40551607276368884,-0.12463858853456422,0.3556873796443127
Grasshopper_Sparrow_0069_116332.jpg,0.5129710597106122,0.1723419952072901,0.17963673864337973
Grasshopper_Sparrow_0015_116352.jpg,0.3610355788835732,-0.29836214238658765,0.41400261635068564
Grasshopper_Sparrow_0106_116028.jpg,0.34860179631459354,-0.33286896209779804,-0.3244640504778595
Grasshopper_Sparrow_0012_115849.jpg,0.4552141616236014,-0.006176518677812215,0.21501675980727625
Grasshopper_Sparrow_0021_116107.jpg,0.3923586815608139,-0.1977535943816362,0.3997927261990462
Grasshopper_Sparrow_0121_116110.jpg,0.4611542974340427,0.07240802216500442,0.4127948736507606
Grasshopper_Sparrow_0006_115864.jpg,0.4917281313696119,0.10939652113967202,-0.014660609857933197
Grasshopper_Sparrow_0016_115695.jpg,0.4222268984708011,-0.08843580221868574,0.20819518020157937
Grasshopper_Sparrow_0077_116127.jpg,0.43972806743035464,-0.04657132476765913,0.3900403556911983
Grasshopper_Sparrow_0043_115880.jpg,0.4068670982123772,-0.14026683895022085,-0.502988447770313
Grasshopper_Sparrow_0108_115894.jpg,0.3681433527802557,-0.268335783687776,0.49317758741676915
Grasshopper_Sparrow_0102_116101.jpg,0.5128840198755407,0.17030018392331603,-0.13791319207877673
Grasshopper_Sparrow_0049_115918.jpg,0.5041768929242925,0.1886028662544923,0.4031586560059943
Grasshopper_Sparrow_0051_115923.jpg,0.3591921539012388,-0.29591554770663975,-0.08312098785634887
Grasshopper_Sparrow_0011_115937.jpg,0.4441985754734552,-0.033614029499043685,-0.12123533309443116
Grasshopper_Sparrow_0101_116094.jpg,0.39168188075389576,-0.21122844892065706,0.3947728668679982
Harris_Sparrow_0007_116484.jpg,0.31289677527370385,-0.4653158188174076,-0.07694333819005916
Harris_Sparrow_0087_116490.jpg,0.35791003386895737,-0.3045481801263459,0.51493135138362
Harris_Sparrow_0014_116494.jpg,0.41881816500637825,-0.11583423686113203,0.319950288902175
Harris_Sparrow_0042_116499.jpg,0.3459610735414065,-0.3459187975888667,0.6650051860284029
Harris_Sparrow_0076_116509.jpg,0.4025992637688879,-0.1400471588131884,0.06451280825598965
Harris_Sparrow_0084_116519.jpg,0.4655687364828832,0.03911831841784208,0.5329265787092832
Harris_Sparrow_0089_116531.jpg,0.4209507131571768,-0.11493560111364576,0.4875781142121487
Harris_Sparrow_0085_116534.jpg,0.4433428235446343,-0.04135532987846435,-0.08975557556016947
Harris_Sparrow_0082_116660.jpg,0.4806374861972045,0.11405510373402417,0.05744624759310773
Harris_Sparrow_0090_116664.jpg,0.3454417376929261,-0.34562611062239457,0.4384615994910613
Harris_Sparrow_0060_116576.jpg,0.39594781441705784,-0.1882575483421678,0.3454133948584353
Harris_Sparrow_0004_116581.jpg,0.36233640329943273,-0.2799378461109363,0.15120696418991916
Harris_Sparrow_0083_116588.jpg,0.4891632299659582,0.13793028150008313,0.19703343688468336
Harris_Sparrow_0045_116603.jpg,0.4590900483160216,0.025891059206985867,0.36011408616596796
Harris_Sparrow_0059_116608.jpg,0.419462845839753,-0.10010661650317365,0.27944848296821373
Harris_Sparrow_0002_116356.jpg,0.43863311057778487,-0.04554631763013872,0.3955065131883936
Harris_Sparrow_0066_116362.jpg,0.45802578316432985,0.009522857617375702,0.14329388031176027
Harris_Sparrow_0050_116369.jpg,0.4750570014222486,0.05690404034133845,0.0302903452580908
Harris_Sparrow_0086_116373.jpg,0.3886425165218589,-0.20655105595045287,0.1365731531649298
Harris_Sparrow_0010_116376.jpg,0.3586028822318196,-0.315383997847803,0.32598795730845553
Harris_Sparrow_0033_116380.jpg,0.588092929599216,0.4027604427849183,0.019471959814474013
Harris_Sparrow_0063_116383.jpg,0.32840075996102125,-0.3941297297937294,0.1088885049238654
Harris_Sparrow_0001_116398.jpg,0.30637605847569716,-0.4898432731969915,0.5543203910687018
Harris_Sparrow_0021_116399.jpg,0.3850430946638861,-0.21657267828529836,0.34770959601902024
Harris_Sparrow_0070_116400.jpg,0.4958783356894513,0.13694211138401768,0.10529048251382331
Harris_Sparrow_0075_116404.jpg,0.3702317041272871,-0.25339793434655045,0.15699476955337996
Harris_Sparrow_0048_116405.jpg,0.4023485045046278,-0.16586436037579344,0.2570888558752403
Harris_Sparrow_0017_116636.jpg,0.4416538124573868,-0.04041190892093449,-0.04578668601797839
Harris_Sparrow_0067_116707.jpg,0.46945255770513705,0.07545993401129536,0.5637049336195535
Harris_Sparrow_0071_116476.jpg,0.4203454228322566,-0.11872398892245006,-0.17951563664009393
Henslow_Sparrow_0046_116740.jpg,0.38005578356729863,-0.22439363926795952,-0.2191140283199922
Henslow_Sparrow_0043_116756.jpg,0.457439013287508,0.02523498285816561,0.33539872976076973
Henslow_Sparrow_0017_796591.jpg,0.5060913732864574,0.16171096556467857,0.594727098459619
Henslow_Sparrow_0073_116803.jpg,0.5071937937371827,0.15225265871057092,0.26499015792188246
Henslow_Sparrow_0075_116805.jpg,0.3679396354836485,-0.2753578405344326,0.2081957054985465
Henslow_Sparrow_0080_11360.jpg,0.35631071257091773,-0.31303142020592034,0.43876004133106405
Henslow_Sparrow_0022_116835.jpg,0.37478037689330124,-0.24186844857706413,0.40862482709219067
Henslow_Sparrow_0112_116845.jpg,0.3817743735138728,-0.22793469051620985,0.3764884139050771
Henslow_Sparrow_0104_796541.jpg,0.4944038744807264,0.1335548413915505,0.42163937004892826
Henslow_Sparrow_0026_796542.jpg,0.455833341906155,0.00819645446483619,0.2557497382275552
Henslow_Sparrow_0086_796545.jpg,0.522601787319288,0.20731245176903046,0.27925529979190766
Henslow_Sparrow_0055_796557.jpg,0.4548568491718564,0.034904053615494646,0.36319034438091974
Henslow_Sparrow_0040_116882.jpg,0.37726534600315975,-0.2588195615715343,0.42092261078928855
Henslow_Sparrow_0100_796565.jpg,0.4435820764526742,-0.024044915619174212,0.18513644442837782
Henslow_Sparrow_0099_796567.jpg,0.4790449855808566,0.07728805125843818,0.07118439233596104
Henslow_Sparrow_0011_796568.jpg,0.42897909501450915,-0.0860825826281959,0.4488219589004568
Henslow_Sparrow_0041_796572.jpg,0.3751128542279152,-0.2483272626234565,0.10493868897788981
Henslow_Sparrow_0028_796570.jpg,0.5756412820493418,0.3587440129895285,0.43016436734611524
Henslow_Sparrow_0109_796577.jpg,0.4048410685897198,-0.1705199605984289,0.28299433069214464
Henslow_Sparrow_0013_796578.jpg,0.5394129489800921,0.2663139307857926,0.16276283958823873
Henslow_Sparrow_0084_796587.jpg,0.4814846817255376,0.08712506585121327,0.46097795333624947
Henslow_Sparrow_0039_796589.jpg,0.4065503717518726,-0.1347790004955649,0.421866547427285
Henslow_Sparrow_0108_796592.jpg,0.3327034916382169,-0.39569650851240223,0.3314448028245566
Henslow_Sparrow_0015_796593.jpg,0.5215966766072462,0.2058032339801864,0.1782378336777571
Henslow_Sparrow_0010_796600.jpg,0.43645054950618045,-0.059891778634493464,0.5064473265963748
Henslow_Sparrow_0034_796602.jpg,0.39681864137119693,-0.1861017901445623,-0.29432672108234725
Henslow_Sparrow_0033_796605.jpg,0.5182748874071577,0.20978009225949856,0.1315824345889502
Henslow_Sparrow_0068_796615.jpg,0.48094451080716905,0.0993736425555578,0.20488808164203287
Henslow_Sparrow_0060_796619.jpg,0.439894199968779,-0.022731798115664503,0.5739768266018374
Henslow_Sparrow_0056_796585.jpg,0.34006515253556535,-0.38584205319485254,0.30692363004480105
Le_Conte_Sparrow_0005_795137.jpg,0.4863362239661402,0.0899882554644178,-0.04261702700202222
Le_Conte_Sparrow_0050_795143.jpg,0.5018823016108069,0.15501966212044993,0.3617862018802664
Le_Conte_Sparrow_0006_795146.jpg,0.3948480998472972,-0.18074390944542085,0.37618361986610926
Le_Conte_Sparrow_0023_795156.jpg,0.4314439334558189,-0.0899654648699395,0.5036006283736364
Le_Conte_Sparrow_0083_795163.jpg,0.42043224673819346,-0.11777492099846221,-0.026908072179404663
Le_Conte_Sparrow_0010_795166.jpg,0.37492596404483425,-0.2512615378349523,0.06289813422632745
Le_Conte_Sparrow_0085_795167.jpg,0.4459577664026625,-0.019173658053801557,0.5343146852442805
Le_Conte_Sparrow_0088_117040.jpg,0.5086686019246177,0.16801943902689986,0.20118363492409716
Le_Conte_Sparrow_0086_795170.jpg,0.6662911092313941,0.5834413784327945,0.5193436515625964
Le_Conte_Sparrow_0013_795176.jpg,0.3701181705016605,-0.2814549968201965,-0.04785244054784794
Le_Conte_Sparrow_0097_795183.jpg,0.3747882833502002,-0.25811831222507875,-0.09859864429162234
Le_Conte_Sparrow_0053_795187.jpg,0.43662826242558106,-0.06328878181422048,0.2796487439281265
Le_Conte_Sparrow_0025_795188.jpg,0.5285630804186874,0.2182945206914777,0.044597121434167865
Le_Conte_Sparrow_0024_795190.jpg,0.41798903670029897,-0.14464848378296602,0.1704228642047848
Le_Conte_Sparrow_0047_795192.jpg,0.6339419878064406,0.5065259894866878,0.34012304600148546
Le_Conte_Sparrow_0061_795194.jpg,0.4318338202180768,-0.08420274714227505,0.38568476566005866
Le_Conte_Sparrow_0102_795195.jpg,0.4308839116089477,-0.07628642338857294,0.3355425795308675
Le_Conte_Sparrow_0087_795198.jpg,0.41607953323649705,-0.10417163530087414,0.3122095600653564
Le_Conte_Sparrow_0066_795206.jpg,0.4674182649818196,0.04067933830829196,-0.17378382390433142
Le_Conte_Sparrow_0012_795211.jpg,0.40768678100970435,-0.1468371419484471,-0.3003458455635984
Le_Conte_Sparrow_0035_795214.jpg,0.38360274319349374,-0.21221237457173014,0.5033081554534127
Le_Conte_Sparrow_0041_795218.jpg,0.4111239123032341,-0.13465644148216116,0.7043026404442047
Le_Conte_Sparrow_0049_795220.jpg,0.3552397349010873,-0.315993517569209,-0.12608203264645168
Le_Conte_Sparrow_0092_795221.jpg,0.34179193325238855,-0.38186680504567616,0.2594422649870595
Le_Conte_Sparrow_0046_795227.jpg,0.3547894584107121,-0.32384268927642457,-0.23730130111144865
Le_Conte_Sparrow_0098_795231.jpg,0.3769345221268222,-0.24616762012268034,0.07430019258305498
Le_Conte_Sparrow_0039_117054.jpg,0.37109815661701606,-0.25759843163800555,0.5778593758996665
Le_Conte_Sparrow_0044_117116.jpg,0.3611658819273684,-0.2963705608788163,0.11460028824681921
Le_Conte_Sparrow_0011_117038.jpg,0.5099818953757612,0.162266907259906,0.32879103039587837
Lincoln_Sparrow_0094_117762.jpg,0.3442039648099099,-0.3559925182468544,0.011550753592291584
Lincoln_Sparrow_0010_117263.jpg,0.40500018977505525,-0.18270659836603764,-0.3395511511550147
Lincoln_Sparrow_0049_117265.jpg,0.3698654156331631,-0.27572878913606846,-0.14035004902113907
Lincoln_Sparrow_0131_117277.jpg,0.3570251604020295,-0.3089794153925429,0.2790222838025659
Lincoln_Sparrow_0092_117294.jpg,0.3477369798849015,-0.35013943942867565,0.22564477880759654
Lincoln_Sparrow_0069_117812.jpg,0.4250011085739984,-0.08804183535381727,0.18350909120325914
Lincoln_Sparrow_0033_117303.jpg,0.43045951494426116,-0.07778372881659168,0.04338896949696739
Lincoln_Sparrow_0100_117835.jpg,0.3755315923202258,-0.27624139535004844,0.13911170560604627
Lincoln_Sparrow_0037_117837.jpg,0.45437447263166797,0.010784204753212734,0.11217172589490763
Lincoln_Sparrow_0113_117603.jpg,0.4119388392939002,-0.12978662235288585,-0.033839367758772776
Lincoln_Sparrow_0066_117875.jpg,0.3745311145011262,-0.2674351392195291,0.2883084809478701
Lincoln_Sparrow_0116_117372.jpg,0.4559815827128346,0.017822305806371896,0.20831391185947207
Lincoln_Sparrow_0035_117383.jpg,0.32923376247168956,-0.4164634968234031,0.6539407787472
Lincoln_Sparrow_0129_117898.jpg,0.3118390318026071,-0.47266173140699896,0.5120725363911978
Lincoln_Sparrow_0017_117432.jpg,0.38421636117951175,-0.23632464999417735,0.1603960821652311
Lincoln_Sparrow_0047_117442.jpg,0.5564606417662568,0.29966634084061283,0.16323214022181257
Lincoln_Sparrow_0099_117482.jpg,0.39430957060171823,-0.19696735887021877,0.3488665794516146
Lincoln_Sparrow_0078_117483.jpg,0.4165559953240787,-0.14074641914102393,0.06883642415009106
Lincoln_Sparrow_0055_117506.jpg,0.45417318362917114,-0.012923688887359175,0.21180841829852928
Lincoln_Sparrow_0052_117521.jpg,0.393161361271933,-0.1943629530025388,0.286792702540796
Lincoln_Sparrow_0089_117527.jpg,0.32911690314417075,-0.3871425762790004,-0.38166440765909715
Lincoln_Sparrow_0061_117529.jpg,0.3427294757610705,-0.3775650480734454,0.39964190658317783
Lincoln_Sparrow_0020_117542.jpg,0.4478311536351737,-0.03913601325475313,0.19465581348343644
Lincoln_Sparrow_0045_117547.jpg,0.38485030137176246,-0.23163658524944308,-0.296502199412936
Lincoln_Sparrow_0074_117584.jpg,0.35900167856142184,-0.3094881112425798,0.7891036777376639
Lincoln_Sparrow_0112_117631.jpg,0.43513217918201075,-0.07071966028270404,0.015932045016067133
Lincoln_Sparrow_0041_117636.jpg,0.3267249814533074,-0.4208413002925815,0.09522271660558888
Lincoln_Sparrow_0013_117202.jpg,0.48811561030117767,0.08643663061034768,0.4993678537311411
Lincoln_Sparrow_0026_117754.jpg,0.3671328995388716,-0.26183129864015653,0.15375899920963684
Nelson_Sharp_Tailed_Sparrow_0001_796931.jpg,0.4659672719013862,0.01699944990862301,0.00279478179099497
Nelson_Sharp_Tailed_Sparrow_0044_796932.jpg,0.5222369360724919,0.2034132679307984,-0.13148157418210693
Nelson_Sharp_Tailed_Sparrow_0065_796933.jpg,0.49485486010743773,0.11297227247413932,-0.214565547160325
Nelson_Sharp_Tailed_Sparrow_0027_118028.jpg,0.5158010359875733,0.17881917253251345,0.22880082239533972
Nelson_Sharp_Tailed_Sparrow_0046_118032.jpg,0.5303533154450066,0.2332814538713298,-0.2701850156800112
Nelson_Sharp_Tailed_Sparrow_0032_118036.jpg,0.3402295582478062,-0.36412856944156924,0.20876347644463744
Nelson_Sharp_Tailed_Sparrow_0057_796949.jpg,0.45985441083409706,0.008394855486006159,-0.344050342814457
Nelson_Sharp_Tailed_Sparrow_0034_796950.jpg,0.46544871281984257,0.02819519013643168,0.17690420519694522
Nelson_Sharp_Tailed_Sparrow_0054_796936.jpg,0.38202318803697266,-0.21490781744817622,0.26808116532431303
Nelson_Sharp_Tailed_Sparrow_0072_118012.jpg,0.34667273574424085,-0.34418231442886893,0.1614274163727358
Nelson_Sharp_Tailed_Sparrow_0053_118069.jpg,0.4442853817731339,-0.045184073776175504,0.18657498657313187
Nelson_Sharp_Tailed_Sparrow_0039_118074.jpg,0.28402572251561764,-0.5769061194513703,0.028155439889816326
Nelson_Sharp_Tailed_Sparrow_0036_118075.jpg,0.46716805928739635,0.0282302981672653,0.4527782602653259
Nelson_Sharp_Tailed_Sparrow_0016_118077.jpg,0.5695999059834558,0.3470364646565701,0.43615242308922375
Nelson_Sharp_Tailed_Sparrow_0005_118078.jpg,0.6041191354594077,0.46083701433101987,-0.09165988590649209
Nelson_Sharp_Tailed_Sparrow_0009_796940.jpg,0.39848779901738074,-0.1832580293507453,0.33073244957216874
Nelson_Sharp_Tailed_Sparrow_0024_118010.jpg,0.4108505058875328,-0.1387748737442227,0.07264077924165223
Nelson_Sharp_Tailed_Sparrow_0008_796944.jpg,0.45624780384249686,-0.0035153918142292184,-0.06732285477629518
Nelson_Sharp_Tailed_Sparrow_0025_796945.jpg,0.4372729121522856,-0.05239244444321156,-0.39500844870934326
Nelson_Sharp_Tailed_Sparrow_0052_796903.jpg,0.5032359791240307,0.1650519138567651,0.17098534153015157
Nelson_Sharp_Tailed_Sparrow_0076_117964.jpg,0.3636222885510594,-0.2877878403708036,0.30354796470104906
Nelson_Sharp_Tailed_Sparrow_0037_117986.jpg,0.4211293392641934,-0.0984835106708637,0.09442779775791281
Nelson_Sharp_Tailed_Sparrow_0047_117991.jpg,0.4057272179223175,-0.15030115287797985,0.3377443624692662
Nelson_Sharp_Tailed_Sparrow_0061_796907.jpg,0.46174456617179205,0.019842308973741285,0.1857622449354338
Nelson_Sharp_Tailed_Sparrow_0006_796909.jpg,0.4032638664072654,-0.15877364796826976,-0.010550956658059524
Nelson_Sharp_Tailed_Sparrow_0003_796917.jpg,0.46592695954756735,0.041245710362433075,0.2035117590644187
Nelson_Sharp_Tailed_Sparrow_0029_796923.jpg,0.5266567851121133,0.22209062722406325,0.3525539137467184
Nelson_Sharp_Tailed_Sparrow_0035_796924.jpg,0.45209776029286064,-0.020526095122654464,-0.15807281171580043
Nelson_Sharp_Tailed_Sparrow_0070_796925.jpg,0.4236308609311633,-0.1088548360860433,-0.2825794332223603
Nelson_Sharp_Tailed_Sparrow_0041_796926.jpg,0.4820483256538519,0.07548324593109412,0.5502676619260882
Savannah_Sparrow_0048_120321.jpg,0.3891160086556211,-0.21387647147567557,0.14687088476829008
Savannah_Sparrow_0023_120326.jpg,0.3793087718682938,-0.23819568700757543,-0.14404472408647004
Savannah_Sparrow_0059_119810.jpg,0.5618235017105989,0.3168723873453313,-0.15766063197133637
Savannah_Sparrow_0106_118294.jpg,0.451511376096264,0.0155138087496558,0.2459061289916765
Savannah_Sparrow_0058_118323.jpg,0.412904099606335,-0.10119139427340063,0.3112800062366865
Savannah_Sparrow_0096_120376.jpg,0.3592643984997369,-0.2835897805708554,-0.10356372803049359
Savannah_Sparrow_0043_119362.jpg,0.3187521136357301,-0.4338552225344128,-0.0997621833067474
Savannah_Sparrow_0075_116305.jpg,0.3544518957955479,-0.3138938581300159,-0.17002088322667586
Savannah_Sparrow_0115_118882.jpg,0.48222419283257256,0.09182575337130161,0.3211167799490816
Savannah_Sparrow_0117_119917.jpg,0.3040331588276173,-0.5089842287840343,-0.2750799775437121
Savannah_Sparrow_0015_118910.jpg,0.3717007566038787,-0.2618431464959978,0.21595439089350105
Savannah_Sparrow_0131_119946.jpg,0.443375144277078,-0.02785407391767336,0.2212744261288351
Savannah_Sparrow_0139_119444.jpg,0.3637864368823145,-0.285446980641231,-0.09134149785272204
Savannah_Sparrow_0132_119962.jpg,0.4215888206438937,-0.07796704874747351,-0.21611425835722314
Savannah_Sparrow_0028_119982.jpg,0.35489639143732865,-0.32960118369942526,-0.14505869754858808
Savannah_Sparrow_0057_120016.jpg,0.45639352861490456,0.0054816527292982364,0.25284553117460545
Savannah_Sparrow_0084_120063.jpg,0.2583261186837261,-0.6708554527956179,-0.10581150825189714
Savannah_Sparrow_0136_119581.jpg,0.27869476811853977,-0.5832593994309945,-0.34978525389938386
Savannah_Sparrow_0035_120099.jpg,0.5191454942301048,0.20461093078992898,0.4517424352795266
Savannah_Sparrow_0032_120109.jpg,0.32001572064250394,-0.4287145608039309,0.30953934904287705
Savannah_Sparrow_0051_118574.jpg,0.35847871108037466,-0.32445096574538823,-0.4603150390073907
Savannah_Sparrow_0135_119620.jpg,0.3366083514342987,-0.38738821662642997,-0.39351211926186025
Savannah_Sparrow_0025_119124.jpg,0.37075069910327385,-0.2509792364681642,0.4731801603768809
Savannah_Sparrow_0095_119670.jpg,0.32148893863955963,-0.43075213088693287,-0.002196249411379334
Savannah_Sparrow_0062_120185.jpg,0.28529423970197,-0.5691236535367523,-0.1603892899860615
Savannah_Sparrow_0005_119735.jpg,0.5539727313668041,0.2843719861779541,-0.1286687882958936
Savannah_Sparrow_0019_118200.jpg,0.45882490776455165,0.013282325965820907,0.541505103185697
Savannah_Sparrow_0114_119750.jpg,0.331648597577169,-0.3933664834511086,-0.1850549136409234
Savannah_Sparrow_0076_120267.jpg,0.3357631820478092,-0.37261440397207535,-0.01828095842076027
Savannah_Sparrow_0093_118267.jpg,0.4016730807854533,-0.16887591076428987,-0.13829702770608765
Seaside_Sparrow_0052_796498.jpg,0.40198240073735125,-0.18842591682087972,0.3624266633367866
Seaside_Sparrow_0062_796503.jpg,0.3438410213038423,-0.3456249442722654,0.5935005105224929
Seaside_Sparrow_0065_796504.jpg,0.4085103615651927,-0.15160491281318067,0.2807302919752024
Seaside_Sparrow_0033_796506.jpg,0.42496972692778257,-0.11215604774458132,0.1704185287911256
Seaside_Sparrow_0054_796507.jpg,0.43115872392076593,-0.08621975262380754,0.22440165382924868
Seaside_Sparrow_0043_796510.jpg,0.4430485673171265,-0.02295119073611862,0.11212616673488815
Seaside_Sparrow_0004_796514.jpg,0.3429538221828706,-0.3570004544487191,0.3803153996905473
Seaside_Sparrow_0068_796515.jpg,0.39526235861712955,-0.1609913802136309,-0.24402065986078966
Seaside_Sparrow_0034_796521.jpg,0.3410976693341057,-0.34962964420163556,0.3034181997824064
Seaside_Sparrow_0031_796526.jpg,0.5827415709339208,0.37724665317967565,0.26421289965523476
Seaside_Sparrow_0037_796531.jpg,0.5370601643143669,0.24016207397594547,0.14607751043301373
Seaside_Sparrow_0013_796535.jpg,0.4031281380035008,-0.15555835273611773,0.002975818911635881
Seaside_Sparrow_0008_796538.jpg,0.5047068878040001,0.1788314198340133,0.46392959905496783
Seaside_Sparrow_0003_796539.jpg,0.44179576883960003,-0.04712108617175881,0.028355430750658817
Seaside_Sparrow_0070_796540.jpg,0.5124435126887483,0.1882290024968064,0.21087304287752226
Seaside_Sparrow_0063_120707.jpg,0.3905094389825684,-0.19316798491013776,0.23312027530417037
Seaside_Sparrow_0056_120710.jpg,0.2896935991077195,-0.5565752944927884,-0.09050216674472643
Seaside_Sparrow_0018_120716.jpg,0.5246817934176102,0.23654845983220707,0.12572017474023917
Seaside_Sparrow_0022_120721.jpg,0.41494216124055994,-0.11765656668679014,0.3385769106100568
Seaside_Sparrow_0020_120743.jpg,0.3223702624700949,-0.4400064864272295,-0.20595774518274018
Seaside_Sparrow_0058_120744.jpg,0.5457444205003155,0.2682811697849943,0.18816266863623182
Seaside_Sparrow_0007_120690.jpg,0.32524525234431034,-0.4285555514064652,0.5113637550246668
Seaside_Sparrow_0032_120767.jpg,0.548614074216023,0.2857058144484721,0.26081141362302024
Seaside_Sparrow_0030_120780.jpg,0.5646609560115858,0.3441261559446065,0.592233393355546
Seaside_Sparrow_0059_120794.jpg,0.6221113155586,0.5010427515613055,0.22162719828897656
Seaside_Sparrow_0026_120798.jpg,0.3340318975286042,-0.3792054219087371,0.46746239063995276
Seaside_Sparrow_0069_120700.jpg,0.35838930742600006,-0.31468050192058783,-0.1962278379810559
Seaside_Sparrow_0038_120819.jpg,0.33911599526233827,-0.3675194321737949,-0.09343981016811138
Seaside_Sparrow_0019_120826.jpg,0.5848455150763715,0.3955986139767924,0.14550687194628012
Seaside_Sparrow_0029_120828.jpg,0.4110109005572574,-0.16593357436116074,0.35310031858789875
Song_Sparrow_0060_122371.jpg,0.44660167316181487,-0.011459082592003567,-0.021427827105242853
Song_Sparrow_0118_121905.jpg,0.3479165912108728,-0.35347143417487015,0.021558623182308743
Song_Sparrow_0059_120885.jpg,0.6590108640264785,0.5736833118083633,0.26679251889778216
Song_Sparrow_0067_122424.jpg,0.524573696913146,0.2041055636680097,0.44687881420108716
Song_Sparrow_0003_122425.jpg,0.37195169010154205,-0.26788992702497083,0.07321679492467255
Song_Sparrow_0126_120901.jpg,0.5426132454091334,0.2696052477968406,-0.15872716519624325
Song_Sparrow_0071_122446.jpg,0.34625187949091096,-0.35846154555540544,0.34120268104343293
Song_Sparrow_0097_121438.jpg,0.4159666180396252,-0.11267469858304735,0.026649208299386044
Song_Sparrow_0045_121951.jpg,0.4138295713254656,-0.13508280656223048,-0.1497309406232616
Song_Sparrow_0009_121025.jpg,0.5150351723180373,0.18229735040723238,0.12775747283822902
Song_Sparrow_0035_120986.jpg,0.3359713792558854,-0.4038139241061405,0.34061764953187956
Song_Sparrow_0050_121514.jpg,0.4769493588001381,0.06232549769110973,0.050690537381011466
Song_Sparrow_0080_121033.jpg,0.28131764739176235,-0.5695455493388011,-0.008008756448526853
Song_Sparrow_0069_122065.jpg,0.45822705444604406,0.01359502540035551,0.4466325641433362
Song_Sparrow_0053_121554.jpg,0.44033970902931896,-0.05158108452912713,0.2508480407444254
Song_Sparrow_0102_122090.jpg,0.40551002583524187,-0.1539623025958392,-0.545447356947778
Song_Sparrow_0130_121583.jpg,0.35070943697970747,-0.34457980789357157,-0.3603420101194356
Song_Sparrow_0037_121078.jpg,0.35027170597041535,-0.32611757436935496,-0.08250887189915083
Song_Sparrow_0057_121090.jpg,0.5783379393559096,0.38811431023669885,0.1738512202652172
Song_Sparrow_0001_122169.jpg,0.686477424522217,0.6361102093276728,0.0013707359411559619
Song_Sparrow_0038_121666.jpg,0.5351413883269754,0.24314223500676535,0.06919065694662954
Song_Sparrow_0015_122081.jpg,0.3256615336848556,-0.4267554596668359,0.3822198730640257
Song_Sparrow_0113_121683.jpg,0.38856210917772904,-0.2063034188382522,-0.19986666811109063
Song_Sparrow_0099_121193.jpg,0.34782257499367775,-0.3521214781789539,0.4295598357605186
Song_Sparrow_0106_121154.jpg,0.4297369769946052,-0.08495895370920414,-0.16794438371869674
Song_Sparrow_0114_121233.jpg,0.4423065669388512,-0.02280734679475893,0.4432910631802827
Song_Sparrow_0123_121249.jpg,0.42381930042947746,-0.10746675512850357,-0.22365257183235207
Song_Sparrow_0034_121255.jpg,0.5091199035406051,0.16397648523033737,-0.06856273639774828
Song_Sparrow_0096_121313.jpg,0.34480913123285206,-0.36824236793088705,0.4365764558988471
Song_Sparrow_0108_121327.jpg,0.5809121375359918,0.3645149949840294,0.04793965887784962
Tree_Sparrow_0066_123569.jpg,0.4527934351978211,0.012734818143829041,0.25816054960298357
Tree_Sparrow_0053_122933.jpg,0.48928537061822885,0.10309783676966311,-0.19312235849780363
Tree_Sparrow_0044_122946.jpg,0.39498965347292814,-0.1848749537804586,0.3049969738467165
Tree_Sparrow_0005_122949.jpg,0.4285517149748339,-0.06999863169249743,-0.057117374964317486
Tree_Sparrow_0011_122964.jpg,0.35264948186082146,-0.337446842103188,0.14684176359781675
Tree_Sparrow_0112_125014.jpg,0.5022335034829672,0.1267781410778389,-0.3163264009788222
Tree_Sparrow_0072_123991.jpg,0.37825021478552856,-0.2592248668285544,-0.41235142333127145
Tree_Sparrow_0042_124512.jpg,0.402484487664166,-0.16448844723533473,0.4233612709943734
Tree_Sparrow_0062_123000.jpg,0.45760728869292977,0.007012657329872107,0.4425028387628702
Tree_Sparrow_0076_123669.jpg,0.45827473970645627,0.01641549627936012,0.48006908635471274
Tree_Sparrow_0043_124034.jpg,0.43312551601530125,-0.058107315009464644,-0.29418491398467544
Tree_Sparrow_0015_125105.jpg,0.4112173817919884,-0.13728037686640504,-0.24033643125965154
Tree_Sparrow_0095_124090.jpg,0.5008191492868663,0.12820843345964883,0.34699792831425597
Tree_Sparrow_0058_123591.jpg,0.5758297685752223,0.3619419421318679,0.1206220674053821
Tree_Sparrow_0080_124120.jpg,0.4825100643079483,0.10682770557640275,0.08756854175928222
Tree_Sparrow_0113_123613.jpg,0.4561771451990605,-0.0049135142502965135,-0.26267158998076146
Tree_Sparrow_0068_125230.jpg,0.4522598482171115,-0.00911674040238597,0.08959166692034719
Tree_Sparrow_0025_124233.jpg,0.39053494020398594,-0.19615979834419295,-0.16905267257607187
Tree_Sparrow_0105_123227.jpg,0.46328462753286936,0.03789927306852103,0.0463232383631805
Tree_Sparrow_0088_125305.jpg,0.3640092980453439,-0.30393039320045423,-0.08542858662174393
Tree_Sparrow_0090_110145.jpg,0.43121163925169137,-0.06576708859580194,0.18782257043484082
Tree_Sparrow_0127_125322.jpg,0.5073729955346153,0.17973069391200347,0.2765316505992392
Tree_Sparrow_0036_122772.jpg,0.49865570295894157,0.11936456817886465,-0.06251202071720742
Tree_Sparrow_0109_123802.jpg,0.4909082683029571,0.11764216686663209,-0.10270098684104634
Tree_Sparrow_0024_123805.jpg,0.47450027420580954,0.04998466964021531,0.026890526017556163
Tree_Sparrow_0009_123294.jpg,0.39946502665575423,-0.16899620975268337,0.2947375852968699
Tree_Sparrow_0028_122829.jpg,0.3906995307912229,-0.1892436640929398,0.29986048871869897
Tree_Sparrow_0073_123871.jpg,0.39135803151913995,-0.198483891025526,0.2581910733311138
Tree_Sparrow_0030_122850.jpg,0.43174133443816876,-0.07357120719613874,-0.038353172804561866
Tree_Sparrow_0128_123979.jpg,0.3488690452522393,-0.3459613759926976,-0.4668308293638598
Vesper_Sparrow_0052_125444.jpg,0.3915175841824091,-0.1852471424545239,0.23155688613734624
Vesper_Sparrow_0065_125446.jpg,0.4487562932635514,-0.014332459279296161,-0.43795264252674443
Vesper_Sparrow_0043_125703.jpg,0.4287819028608635,-0.0735092314826109,0.01752159861250043
Vesper_Sparrow_0095_125459.jpg,0.3889004449138791,-0.18521595891797404,0.33051067805995965
Vesper_Sparrow_0083_125718.jpg,0.4701226648439527,0.05716183117527951,-0.13304989610930068
Vesper_Sparrow_0023_125465.jpg,0.3843289417235306,-0.19053705374637153,0.09125273666411421
Vesper_Sparrow_0047_125788.jpg,0.4219817594220887,-0.10545812043106673,-0.2649517376529169
Vesper_Sparrow_0089_125705.jpg,0.3315254087120577,-0.3969463394784549,-0.1745527225392658
Vesper_Sparrow_0082_125503.jpg,0.28304095829913045,-0.5843451908450488,-0.08714179120135467
Vesper_Sparrow_0086_125776.jpg,0.34646406382910655,-0.3469785757839141,0.4086100817043272
Vesper_Sparrow_0004_125787.jpg,0.42354615139851537,-0.0974658677287994,0.003558728569316257
Vesper_Sparrow_0081_125541.jpg,0.5464532888590965,0.29812968205710644,0.38736393634392663
Vesper_Sparrow_0049_125806.jpg,0.4340024943644021,-0.055214862171970136,0.018068426393453563
Vesper_Sparrow_0032_125564.jpg,0.39640367370159724,-0.17473929121041754,-0.21380054178626845
Vesper_Sparrow_0051_125587.jpg,0.3625897978077822,-0.2894090652644432,0.42893177507743746
Vesper_Sparrow_0077_125597.jpg,0.33014001173898166,-0.41454833435472715,0.07430169764807128
Vesper_Sparrow_0091_125598.jpg,0.44060406490663295,-0.046327686833383286,0.20524459986648827
Vesper_Sparrow_0068_125601.jpg,0.35666371825388044,-0.32110275495795215,0.17090755189369528
Vesper_Sparrow_0011_125608.jpg,0.43470626443169247,-0.0774503114009013,-0.32480962527999513
Vesper_Sparrow_0055_125611.jpg,0.3479863376149699,-0.3676494134150652,-0.13462838070647762
Vesper_Sparrow_0016_125615.jpg,0.508588552209893,0.15129691963836744,0.038433047237972834
Vesper_Sparrow_0028_118217.jpg,0.37356914755968484,-0.2306955064971581,0.18585668736777114
Vesper_Sparrow_0031_125631.jpg,0.3356692888688466,-0.3853114969182134,0.19779495316295828
Vesper_Sparrow_0045_125643.jpg,0.48650535347150137,0.0859925115344582,0.2556431776112266
Vesper_Sparrow_0037_125648.jpg,0.4258822666756047,-0.09522850430295815,0.06918596843926263
Vesper_Sparrow_0056_125657.jpg,0.49483488918162455,0.12708530890953917,0.10099115404447218
Vesper_Sparrow_0058_125661.jpg,0.45746399322065956,0.013831302827757574,0.05538527581309168
Vesper_Sparrow_0030_125663.jpg,0.40852368170853837,-0.11930735697230799,-0.2318382992408576
Vesper_Sparrow_0003_125427.jpg,0.32421848660090347,-0.4167531895443388,-0.14111163921665573
Vesper_Sparrow_0067_125429.jpg,0.3319637044694901,-0.4074475304591918,0.26645489862684646
White_Crowned_Sparrow_0047_127575.jpg,0.5913403259764114,0.3950256819045066,-0.07877039224005174
White_Crowned_Sparrow_0116_127512.jpg,0.3779494389346585,-0.2281421823282317,-0.371865411720296
White_Crowned_Sparrow_0098_127019.jpg,0.3991007569382573,-0.17788422008345628,-0.16029275976531945
White_Crowned_Sparrow_0093_126531.jpg,0.28302103953150193,-0.584272362311522,-0.4290219701612885
White_Crowned_Sparrow_0109_128529.jpg,0.3715126940996668,-0.2619840004999725,0.06372366853862443
White_Crowned_Sparrow_0043_127096.jpg,0.33930507986696745,-0.38148668755859005,-0.2848285832016712
White_Crowned_Sparrow_0019_127652.jpg,0.39075787869604073,-0.19209308869988662,-0.044281329055268236
White_Crowned_Sparrow_0009_127658.jpg,0.5258249836201607,0.23564362777604253,-0.177762359815819
White_Crowned_Sparrow_0076_127604.jpg,0.41554621144178727,-0.12939043748250945,0.04236649026825767
White_Crowned_Sparrow_0085_127194.jpg,0.6149760989854826,0.4595667496715238,-0.3170298294058356
White_Crowned_Sparrow_0102_127708.jpg,0.42609451945825927,-0.055006674903643527,-0.39491502426442227
White_Crowned_Sparrow_0054_126068.jpg,0.5484972862414272,0.2726923882291189,0.14920404283706518
White_Crowned_Sparrow_0083_128777.jpg,0.3579227476368174,-0.30457678218899087,-0.23712840960388443
White_Crowned_Sparrow_0141_127766.jpg,0.44877894317882616,-0.01075323854953858,-0.3629019109467397
White_Crowned_Sparrow_0002_127774.jpg,0.5299338817824895,0.2279329794229813,-0.017516508641332224
White_Crowned_Sparrow_0017_125829.jpg,0.4162344573235386,-0.13549468153008482,-0.19036601962580288
White_Crowned_Sparrow_0089_127778.jpg,0.32343277202192866,-0.42114104748837367,-0.12791894651097335
White_Crowned_Sparrow_0049_128311.jpg,0.40844250687606565,-0.16859185885462602,-0.1610166253863779
White_Crowned_Sparrow_0040_127313.jpg,0.42800477339335696,-0.07278615061096838,0.25729081258280834
White_Crowned_Sparrow_0012_127853.jpg,0.4852983030494863,0.12455822356156698,0.2798259861943522
White_Crowned_Sparrow_0042_128395.jpg,0.33913085839690404,-0.38621197010041075,0.31154855334149284
White_Crowned_Sparrow_0142_128237.jpg,0.29388753212595176,-0.5402128571398706,0.051122215387341956
White_Crowned_Sparrow_0044_127386.jpg,0.4276974525143724,-0.05664331932792499,0.14649251545739403
White_Crowned_Sparrow_0090_125864.jpg,0.29107685867413824,-0.5412644738303063,-0.25266393182464864
White_Crowned_Sparrow_0111_127404.jpg,0.38614924089115343,-0.2125227723374652,-0.45881748686142915
White_Crowned_Sparrow_0118_127919.jpg,0.36251894940603724,-0.28790626176031187,-0.4005481235385796
White_Crowned_Sparrow_0071_127922.jpg,0.4029581316716302,-0.17188497737143282,-0.279670979581983
White_Crowned_Sparrow_0037_126969.jpg,0.42842164932578053,-0.09088716251658946,-0.34865677000474354
White_Crowned_Sparrow_0092_125934.jpg,0.4283735761789389,-0.05511276404918819,-0.12651744892273298
White_Crowned_Sparrow_0031_126457.jpg,0.5222024766695272,0.19099415779324558,-0.1151056457582232
White_Throated_Sparrow_0078_129041.jpg,0.5706054169010741,0.35980414244470205,0.1599629128706076
White_Throated_Sparrow_0107_129046.jpg,0.3615387266552116,-0.29627985462406037,-0.13382096868989016
White_Throated_Sparrow_0082_129048.jpg,0.44230409424554484,-0.05096258917816354,-0.11536114631913308
White_Throated_Sparrow_0109_129066.jpg,0.5406040484683323,0.24780403533782802,0.23025165377133586
White_Throated_Sparrow_0030_129076.jpg,0.5063871172351038,0.16388950178020512,0.04014788009189125
White_Throated_Sparrow_0076_129088.jpg,0.26073291426588385,-0.6613128345495407,0.06952965899399964
White_Throated_Sparrow_0098_129089.jpg,0.5021130591785763,0.1513293278722888,0.010272966348055149
White_Throated_Sparrow_0014_129148.jpg,0.5478285981078052,0.2968294083807862,0.03306004935129415
White_Throated_Sparrow_0121_129201.jpg,0.38598290364798915,-0.19367160685040052,0.5405172869497968
White_Throated_Sparrow_0072_129203.jpg,0.4471375195269519,-0.0009068416405519919,-0.1953553111556746
White_Throated_Sparrow_0060_128802.jpg,0.3626953662046185,-0.28120073141218604,-0.3183153456896461
White_Throated_Sparrow_0063_128803.jpg,0.4001855498639537,-0.14619322365421628,0.436956417459703
White_Throated_Sparrow_0105_128814.jpg,0.4960044139396472,0.1394167453537729,-0.042706739374260255
White_Throated_Sparrow_0106_128815.jpg,0.6241608936451852,0.48776738061038283,0.06969273347325834
White_Throated_Sparrow_0043_128818.jpg,0.5680957710240311,0.33738617258392434,0.42314406634708457
White_Throated_Sparrow_0135_128819.jpg,0.36822230965640157,-0.27823010511271007,0.005390320133306242
White_Throated_Sparrow_0132_128833.jpg,0.3432478732756098,-0.34792186977524797,0.07758918122607253
White_Throated_Sparrow_0110_128838.jpg,0.4136773667722009,-0.10315623497368631,0.12555228867230137
White_Throated_Sparrow_0026_128843.jpg,0.5199412504999097,0.1858328175697318,0.3701796647910961
White_Throated_Sparrow_0038_128853.jpg,0.3584192542175245,-0.30603375128145616,0.14578560303749577
White_Throated_Sparrow_0039_128859.jpg,0.38775828541836144,-0.20773841425769812,0.0020510392266393958
White_Throated_Sparrow_0032_128866.jpg,0.4974975371456043,0.14269410220740053,0.2403111502292595
White_Throated_Sparrow_0007_128918.jpg,0.4412690288804355,-0.0383226992114003,0.19363507191129758
White_Throated_Sparrow_0052_128923.jpg,0.5563146194741897,0.3098294129015161,0.4981537899843744
White_Throated_Sparrow_0004_128944.jpg,0.3913072225697998,-0.1915953540777946,-0.03509176642440721
White_Throated_Sparrow_0059_128964.jpg,0.4844591652379858,0.06829229371563927,-0.3821672904486822
White_Throated_Sparrow_0017_128982.jpg,0.4066094797795162,-0.14743751673428207,-0.34005646437269094
White_Throated_Sparrow_0075_128990.jpg,0.45093931821606936,0.008019915468075789,0.031517107223420944
White_Throated_Sparrow_0047_129014.jpg,0.42848759112965473,-0.08856819485938061,0.07423481676755897
White_Throated_Sparrow_0033_129016.jpg,0.4736830272014131,0.05270152116969351,0.12770046936296156
Cape_Glossy_Starling_0027_129282.jpg,0.4563807913327357,-0.018924985422115626,0.12794397006753383
Cape_Glossy_Starling_0026_129288.jpg,0.42749471775271264,-0.05880921015651097,0.1442164607426565
Cape_Glossy_Starling_0074_129294.jpg,0.3296408905519692,-0.4216309899066717,-0.008615572060369768
Cape_Glossy_Starling_0038_129301.jpg,0.34320749089594726,-0.3486979559754433,-0.517608432016227
Cape_Glossy_Starling_0097_129303.jpg,0.4055407327492432,-0.16336143940834136,0.46252565644446125
Cape_Glossy_Starling_0002_129310.jpg,0.4115064735620483,-0.15874775172271227,0.2867268872568123
Cape_Glossy_Starling_0025_129341.jpg,0.4530736736720493,-0.006814421513358981,-0.1961708174584192
Cape_Glossy_Starling_0007_129345.jpg,0.3968123448076628,-0.19469981967400685,-0.3931047154421183
Cape_Glossy_Starling_0047_129348.jpg,0.33172713208303406,-0.4153649673504094,0.16804830178587352
Cape_Glossy_Starling_0018_129356.jpg,0.5152779423197443,0.1814127397033095,0.24116363191270335
Cape_Glossy_Starling_0098_129365.jpg,0.40826141933693927,-0.15149580635948223,-0.23069657432017143
Cape_Glossy_Starling_0094_129368.jpg,0.36185058671199444,-0.3062246085000624,-0.09740072608831153
Cape_Glossy_Starling_0072_129386.jpg,0.4397428085416971,-0.06394254298447977,0.1580548713396523
Cape_Glossy_Starling_0079_129399.jpg,0.4612910255839945,0.0013182785423724308,0.02184695405096753
Cape_Glossy_Starling_0099_129412.jpg,0.3679818134708106,-0.2848043645810503,-0.23758482951157062
Cape_Glossy_Starling_0022_129414.jpg,0.2988900814475597,-0.5380073371922107,-0.16762908768851326
Cape_Glossy_Starling_0068_129446.jpg,0.3529199995686332,-0.3246462573403668,0.5231442675504522
Cape_Glossy_Starling_0087_129481.jpg,0.45286933973765564,-0.00637963701052624,0.5050996465453812
Cape_Glossy_Starling_0016_129464.jpg,0.5772099068659482,0.36017447884488996,-0.08452124061199785
Cape_Glossy_Starling_0073_129465.jpg,0.40385535786743443,-0.13962977782066277,-0.1455764357103186
Cape_Glossy_Starling_0082_129216.jpg,0.3506488908438835,-0.33561393715848986,0.20907030593741938
Cape_Glossy_Starling_0069_129218.jpg,0.35376382464603284,-0.32766274339776036,-0.543361119396401
Cape_Glossy_Starling_0053_129219.jpg,0.5674961309073052,0.32679671776269015,-0.25856232561400555
Cape_Glossy_Starling_0081_129220.jpg,0.46377828650937114,0.03399282072561716,0.237764841850491
Cape_Glossy_Starling_0060_129222.jpg,0.3873960690307279,-0.2169913967754411,-0.354786815603765
Cape_Glossy_Starling_0013_129244.jpg,0.4217738054271749,-0.1266083346864877,0.04317688919492763
Cape_Glossy_Starling_0062_129254.jpg,0.3445138851867997,-0.36329317682380036,-0.256111887040703
Cape_Glossy_Starling_0005_129262.jpg,0.4583133188301135,0.016194356514161234,0.22363722661925672
Cape_Glossy_Starling_0015_129266.jpg,0.4742154993816753,0.07535968083365296,0.1819611319177294
Cape_Glossy_Starling_0050_129274.jpg,0.38109901287285997,-0.22651003678298665,0.45836886603606836
Bank_Swallow_0013_129563.jpg,0.38874466028239174,-0.19339499797190562,0.3199023178087487
Bank_Swallow_0038_129830.jpg,0.40725253377880666,-0.1437175218005271,0.30495470902972033
Bank_Swallow_0008_129590.jpg,0.4107506940399429,-0.12328758384573013,0.09297867031844279
Bank_Swallow_0039_129599.jpg,0.3517099062912842,-0.3182014733001668,0.5220051630763196
Bank_Swallow_0026_129870.jpg,0.3714965719584774,-0.2594752147058945,0.330277169214017
Bank_Swallow_0041_129625.jpg,0.4478514284868218,-0.012302416326743781,-0.01978049066833087
Bank_Swallow_0018_129891.jpg,0.4052269863482322,-0.16866829002721562,0.49980796810807226
Bank_Swallow_0059_129896.jpg,0.3770609817271412,-0.23049917207436876,0.6243150951127826
Bank_Swallow_0006_129652.jpg,0.5420177758206228,0.2725400642932444,0.22702657312363264
Bank_Swallow_0022_129923.jpg,0.37013891787275144,-0.2825597084016467,-0.028643044362645562
Bank_Swallow_0014_129668.jpg,0.503479757096647,0.15028466436222632,0.38027289048379764
Bank_Swallow_0040_129674.jpg,0.3044126072562172,-0.4851187260571659,0.27471783775113945
Bank_Swallow_0043_129685.jpg,0.36390737920397476,-0.28380539117530357,0.12353890222462903
Bank_Swallow_0012_129518.jpg,0.25565638385325995,-0.6810282811975223,0.16487520046918522
Bank_Swallow_0061_129484.jpg,0.3414449705663798,-0.3644676939364937,0.45913100375949856
Bank_Swallow_0046_129742.jpg,0.4289426072884003,-0.07737827633574157,0.341156828999883
Bank_Swallow_0032_129491.jpg,0.5094814338969945,0.18513592248179278,0.2633599010626966
Bank_Swallow_0029_129751.jpg,0.42449514306129266,-0.08763819194161959,0.27922780049145296
Bank_Swallow_0034_129496.jpg,0.3144294847106731,-0.469145705947444,0.5005237942506642
Bank_Swallow_0028_129754.jpg,0.3006606872087011,-0.5053602694592811,-0.29210795600049677
Bank_Swallow_0027_129503.jpg,0.51471006321765,0.19055273447293297,0.5013920004443946
Bank_Swallow_0033_129509.jpg,0.38222674996330686,-0.2283402579999858,0.23700799290547947
Bank_Swallow_0001_129516.jpg,0.5006856995727649,0.15028868217628077,0.4685119783791618
Bank_Swallow_0063_129774.jpg,0.35953511044184827,-0.2911538779425642,0.463020986606108
Bank_Swallow_0047_129520.jpg,0.3945752845858238,-0.16190422930107506,0.23678849475980146
Bank_Swallow_0025_129521.jpg,0.3191937063954571,-0.428343901169735,0.3647355554588343
Bank_Swallow_0050_129780.jpg,0.3427657411522592,-0.3511067157148038,0.3870118585823731
Bank_Swallow_0035_129528.jpg,0.34260354233717705,-0.3456120130423601,0.05243699722747683
Bank_Swallow_0019_129788.jpg,0.3438336754338043,-0.38528256105720304,0.4889750054374728
Bank_Swallow_0016_129791.jpg,0.46568047362420484,0.017573243019965545,0.336954714119815
Barn_Swallow_0038_132780.jpg,0.44553837413573427,-0.005095469451737333,0.5381111001769286
Barn_Swallow_0041_131860.jpg,0.4338930514219709,-0.06271828162446824,0.09392357934474654
Barn_Swallow_0053_130585.jpg,0.40939600641622953,-0.14576137174646053,0.3377415872832717
Barn_Swallow_0003_130086.jpg,0.45159329146573735,-0.020062694236477663,0.30769500768622987
Barn_Swallow_0050_130095.jpg,0.38334573571887665,-0.2164188209949811,0.25321627175749906
Barn_Swallow_0034_130099.jpg,0.5236785954111792,0.1971966766018708,-0.3099377893505461
Barn_Swallow_0022_130631.jpg,0.5300638293567764,0.23611847042001133,0.08971669355727575
Barn_Swallow_0054_131146.jpg,0.4929677887949512,0.12090362492705653,-0.27392396615035797
Barn_Swallow_0085_132939.jpg,0.4349597999707415,-0.04877360191763236,0.29469386345930615
Barn_Swallow_0083_132949.jpg,0.37714204345288216,-0.2471879611848915,-0.08424475207651273
Barn_Swallow_0055_131933.jpg,0.4791170011573379,0.09331012951432294,0.5163801243923578
Barn_Swallow_0089_131934.jpg,0.4026499996377526,-0.17224882422858134,0.31122383961957606
Barn_Swallow_0014_130403.jpg,0.4676555263586337,0.04971304847792368,0.18056379602748607
Barn_Swallow_0062_132755.jpg,0.40926239447838697,-0.1288579827042451,0.3844606741563402
Barn_Swallow_0044_132542.jpg,0.5787409477237387,0.3709125255924929,0.3071215801835825
Barn_Swallow_0086_132477.jpg,0.4220295836328434,-0.09819029222792364,-0.4268697779222965
Barn_Swallow_0023_130325.jpg,0.45994926099304156,0.04044956466329541,-0.23463689574575877
Barn_Swallow_0072_130474.jpg,0.48758916506126015,0.10507975574081818,0.1480506265954776
Barn_Swallow_0093_130121.jpg,0.5343438243489094,0.2414251617060338,0.019442835961527384
Barn_Swallow_0027_129978.jpg,0.45252379462690273,0.005354658331875206,0.1573053007363007
Barn_Swallow_0052_131539.jpg,0.38505141792735664,-0.21741969171710607,0.02306351487163157
Barn_Swallow_0007_131030.jpg,0.3630152106164407,-0.25704827692165844,-0.4863348925591986
Barn_Swallow_0063_132572.jpg,0.4268516749114706,-0.08737201506866255,-0.013306110016269287
Barn_Swallow_0020_132317.jpg,0.4963966776865577,0.12829295070230762,0.15365121421818653
Barn_Swallow_0029_132832.jpg,0.4395867666199448,-0.0403093789091582,0.3550961223363497
Barn_Swallow_0013_131812.jpg,0.4191535425462092,-0.10218607759786225,0.07402579963220242
Barn_Swallow_0006_131315.jpg,0.3967487840742814,-0.1769680960313389,0.4376245800594592
Barn_Swallow_0080_131829.jpg,0.5004794603774632,0.15556103348641703,0.14783323429897868
Barn_Swallow_0019_130555.jpg,0.3875677034985888,-0.2216044464798188,0.07420598884631678
Barn_Swallow_0074_132094.jpg,0.35880345973658934,-0.3079671529220229,0.16526651721655541
Cliff_Swallow_0012_133527.jpg,0.5913557116391013,0.41139093444228003,-0.20651588827926065
Cliff_Swallow_0084_133974.jpg,0.3218698631878709,-0.4227509794630653,0.45052985207906243
Cliff_Swallow_0098_133130.jpg,0.41049765504318847,-0.1015535838224082,-0.13038482500248677
Cliff_Swallow_0039_133645.jpg,0.45027349537589334,-0.008148619403363977,-0.3347689662292409
Cliff_Swallow_0042_133646.jpg,0.4853524552588103,0.11316538710468738,0.15947899864055093
Cliff_Swallow_0100_133665.jpg,0.6130062968921166,0.44775536220053436,0.02330456984485345
Cliff_Swallow_0031_133164.jpg,0.47641825236513424,0.08551142309299531,-0.3221250811966981
Cliff_Swallow_0036_133168.jpg,0.6343984509094975,0.517297545897745,-0.4597205858288702
Cliff_Swallow_0013_133169.jpg,0.49405566245835586,0.13772163138447335,0.3044442583616146
Cliff_Swallow_0038_133701.jpg,0.3813262665979956,-0.2099777636229596,-0.05594375592798071
Cliff_Swallow_0027_133203.jpg,0.4720787511107384,0.06474104637744427,-0.039883056436273816
Cliff_Swallow_0068_134236.jpg,0.6431197396970842,0.5393991478639,0.11065228469135488
Cliff_Swallow_0099_133948.jpg,0.3698337695127557,-0.25570382411026893,0.05574365515767277
Cliff_Swallow_0006_133489.jpg,0.33989123689686485,-0.3613431127084845,0.34860193031643183
Cliff_Swallow_0003_133496.jpg,0.41701030645129167,-0.0920496037722851,0.20245287316451682
Cliff_Swallow_0061_133259.jpg,0.4850940025475463,0.08746566443462278,0.37799404483639965
Cliff_Swallow_0060_133280.jpg,0.6041892447518666,0.44217839396951397,0.13395858231034374
Cliff_Swallow_0083_133771.jpg,0.5121186122762077,0.2068302093764195,0.25785318259547285
Cliff_Swallow_0089_133545.jpg,0.4508188832716761,0.021007903743104572,0.3070415095113305
Cliff_Swallow_0017_133806.jpg,0.49504281126417726,0.17223881921982842,-0.050437451504768534
Cliff_Swallow_0093_133052.jpg,0.4082837606211035,-0.15139999665125226,0.16170032242452156
Cliff_Swallow_0052_133055.jpg,0.4234123731924929,-0.07709576722938505,-0.1416874346000214
Cliff_Swallow_0085_134338.jpg,0.5627482438029643,0.315534628620893,-0.21694212140702845
Cliff_Swallow_0056_133921.jpg,0.4035586805728075,-0.13568269014631196,-0.04084569347979361
Cliff_Swallow_0033_133836.jpg,0.42398865917324935,-0.06040106883154239,-0.2603817669405646
Cliff_Swallow_0063_133852.jpg,0.44436418409735545,-0.021383219884288707,-0.3984941713584296
Cliff_Swallow_0041_134111.jpg,0.4624664830020886,0.010193641915341445,-0.11808989581520678
Cliff_Swallow_0081_134119.jpg,0.4224136783461355,-0.11501819018752313,0.23194874622103312
Cliff_Swallow_0035_133097.jpg,0.33079479969254355,-0.410421029990353,0.23118494570351483
Cliff_Swallow_0073_133116.jpg,0.37534442522477696,-0.24458714329374387,-0.01928433008099848
Tree_Swallow_0100_137493.jpg,0.4348964631794682,-0.05119352915027919,0.3879245392685879
Tree_Swallow_0032_136216.jpg,0.33292148162744406,-0.372221721912658,0.41531196053703423
Tree_Swallow_0098_134916.jpg,0.36800280488947823,-0.26733450829743166,0.24497031877807116
Tree_Swallow_0107_136223.jpg,0.4786125901996433,0.06873852102052092,0.15135461152501228
Tree_Swallow_0092_136236.jpg,0.4319224846991415,-0.0856810683402387,0.12747437550587762
Tree_Swallow_0044_135984.jpg,0.5107178397296963,0.19908670456308486,0.08732679487439231
Tree_Swallow_0074_135219.jpg,0.42558136489832865,-0.06995792837392756,-0.031238267154385446
Tree_Swallow_0061_134712.jpg,0.5065464804787856,0.17908150551728685,0.24237450101925706
Tree_Swallow_0008_135352.jpg,0.448305654373386,-0.013291701154152458,-0.04591777298552998
Tree_Swallow_0082_135006.jpg,0.4180579226865553,-0.10511640321283311,0.007947569990204024
Tree_Swallow_0083_136800.jpg,0.49272321189972623,0.15206160230275645,0.21005495406586064
Tree_Swallow_0066_135788.jpg,0.4756155484910173,0.06733766517045914,0.2228606917171518
Tree_Swallow_0016_135549.jpg,0.4093056390116112,-0.11771539800965747,0.6125439242765565
Tree_Swallow_0039_135038.jpg,0.41544056174739685,-0.09190806482293201,0.150208130049263
Tree_Swallow_0037_134647.jpg,0.4813297336306609,0.10939691045473421,0.2895698304479161
Tree_Swallow_0020_136587.jpg,0.43655695434696806,-0.05788894132097444,0.16409871483428545
Tree_Swallow_0035_136589.jpg,0.4366595911882407,-0.03685044444218066,0.2806663037320377
Tree_Swallow_0113_136849.jpg,0.4401566378440782,-0.04417400443013597,-0.09907982638398102
Tree_Swallow_0095_135829.jpg,0.6163608195890731,0.4630672555008718,0.2333492114195089
Tree_Swallow_0115_135832.jpg,0.42294890202562196,-0.09216611063178592,0.28207891118650813
Tree_Swallow_0090_135325.jpg,0.4419154522261366,-0.026337491404998525,0.013044796188347783
Tree_Swallow_0075_136081.jpg,0.39012831799594083,-0.21121500011294092,-0.31424361964857134
Tree_Swallow_0091_136870.jpg,0.4792931452363516,0.09738019571082379,0.3669520021700133
Tree_Swallow_0023_135345.jpg,0.43270564755341745,-0.0439545394494254,0.21613169181628117
Tree_Swallow_0050_135104.jpg,0.4883347954550662,0.13241455034226546,0.22197587470629898
Tree_Swallow_0042_136401.jpg,0.5274936254349256,0.22940952085072042,-0.03246222493272219
Tree_Swallow_0110_136921.jpg,0.4466855689837509,-0.017112733925203072,0.31289942276143756
Tree_Swallow_0029_134882.jpg,0.5280214713479731,0.2491607483874918,0.1170920508872964
Tree_Swallow_0056_135079.jpg,0.5966634661328416,0.4258376058375235,0.023441279658897432
Tree_Swallow_0073_134997.jpg,0.3843169965688207,-0.2175902097986273,0.16470537295888857
Scarlet_Tanager_0116_138242.jpg,0.4414702935038842,-0.05161364017212389,0.51820630327725
Scarlet_Tanager_0121_138255.jpg,0.4109349931262304,-0.12566129790129388,0.5004880508317948
Scarlet_Tanager_0129_137745.jpg,0.4013635913820627,-0.18653928087774485,0.1726526733483635
Scarlet_Tanager_0068_137758.jpg,0.5012844579223579,0.13670884692154128,0.3224436833283386
Scarlet_Tanager_0099_137783.jpg,0.527821573178711,0.19900940552563584,0.016930609862810815
Scarlet_Tanager_0014_138298.jpg,0.38672422487868274,-0.19727057204053855,0.4677489738043769
Scarlet_Tanager_0050_137874.jpg,0.4947549526526859,0.10774381710615177,0.5376287494179635
Scarlet_Tanager_0012_138410.jpg,0.4554852608682982,0.015577404136204898,0.5332927177405448
Scarlet_Tanager_0087_137937.jpg,0.6070120073593831,0.4348012427443867,0.6582856630398725
Scarlet_Tanager_0082_137978.jpg,0.4143340403916358,-0.13742698327887526,-0.25672789253522604
Scarlet_Tanager_0021_138199.jpg,0.34227481031184404,-0.37784541960912343,0.4050626045169869
Scarlet_Tanager_0039_138010.jpg,0.5460051614992203,0.2936932140648977,0.3671052680697651
Scarlet_Tanager_0096_138022.jpg,0.5275484487948112,0.21489690569272635,0.22851732092294683
Scarlet_Tanager_0022_138049.jpg,0.48313872569940297,0.10077049423528084,0.633621431933053
Scarlet_Tanager_0054_138210.jpg,0.4981042684661313,0.13809794166933764,0.7059206329178584
Scarlet_Tanager_0009_138076.jpg,0.4234822047748674,-0.11567012491980022,0.3478658319016703
Scarlet_Tanager_0073_138108.jpg,0.5381266915073719,0.23835217771599704,0.48294314738915683
Scarlet_Tanager_0008_137607.jpg,0.5826308980002111,0.3666668763510217,0.40326496650417964
Scarlet_Tanager_0065_138683.jpg,0.40355530529951056,-0.17681432264712904,0.2929686005572919
Scarlet_Tanager_0092_138688.jpg,0.49867572609019806,0.13315129542188087,0.41815751170641163
Scarlet_Tanager_0112_138695.jpg,0.7535653531299547,0.7712570735237201,0.6758484408563108
Scarlet_Tanager_0038_138198.jpg,0.4081795572923135,-0.132238697189754,0.6640065090092726
Scarlet_Tanager_0025_138712.jpg,0.4162312673297004,-0.11818757892132203,0.4908980845259421
Scarlet_Tanager_0109_137698.jpg,0.4071816744076381,-0.1344402316682829,0.30414737550452636
Scarlet_Tanager_0135_137699.jpg,0.3939982546832328,-0.2229179200686664,0.16396588059373884
Scarlet_Tanager_0076_137702.jpg,0.3902270994565922,-0.22030983935503157,0.1476645037472729
Scarlet_Tanager_0043_138236.jpg,0.5005917938958218,0.15806035891288828,0.5718386893742795
Scarlet_Tanager_0063_138227.jpg,0.4324346235173595,-0.07442519906041323,0.33337684039408544
Scarlet_Tanager_0097_137717.jpg,0.51442323590785,0.18446103383388823,0.4429920326405691
Scarlet_Tanager_0003_137724.jpg,0.3176721080211219,-0.4557126818816246,0.23341811585793198
Summer_Tanager_0103_139267.jpg,0.4486987975039042,-0.03265553277667954,0.4936506331623355
Summer_Tanager_0071_140289.jpg,0.5185947609712277,0.18183426420201987,0.5146886086851077
Summer_Tanager_0106_139801.jpg,0.4009690088252108,-0.16367784558128995,0.5420011325559851
Summer_Tanager_0052_139804.jpg,0.4531215352201028,0.004439345062378308,0.5637888869729833
Summer_Tanager_0127_139297.jpg,0.3324117985974375,-0.4229693424330272,0.14128269770187385
Summer_Tanager_0059_140582.jpg,0.520696617246236,0.19737289356855536,0.5450829605648939
Summer_Tanager_0101_139441.jpg,0.5050378461634714,0.14699361166333746,0.29031751614143747
Summer_Tanager_0117_140812.jpg,0.6012809319672843,0.41921188021881284,0.4001779178029139
Summer_Tanager_0080_140110.jpg,0.45782983535816346,0.004095033139033033,0.3938590561233713
Summer_Tanager_0075_139858.jpg,0.4424265204694786,-0.04804162226187447,0.5477396263777424
Summer_Tanager_0023_139859.jpg,0.540061383645805,0.2539562663393493,0.4198500152408414
Summer_Tanager_0094_139351.jpg,0.4264464825763725,-0.08847256937004944,0.49046066139559436
Summer_Tanager_0062_140633.jpg,0.42799198820571593,-0.05874531418300344,0.29428117090345945
Summer_Tanager_0050_139358.jpg,0.5690731843670451,0.33342201898170865,0.3319486086961272
Summer_Tanager_0038_139371.jpg,0.48825228553007405,0.099860023455553,0.41138903184177744
Summer_Tanager_0043_139884.jpg,0.4232977148934627,-0.12935726884258303,0.5121692743821306
Summer_Tanager_0073_139379.jpg,0.4267544966909431,-0.0925891675928101,0.38669834497593886
Summer_Tanager_0041_139902.jpg,0.33522887726504547,-0.39940075718461676,0.6192718652790515
Summer_Tanager_0074_139592.jpg,0.579343237874244,0.3650978870747116,0.605881954779335
Summer_Tanager_0017_140173.jpg,0.4579681694970914,0.019357717337398328,0.5733959709185367
Summer_Tanager_0047_140164.jpg,0.42093430561879663,-0.09564646671157773,0.5638207200577112
Summer_Tanager_0069_139941.jpg,0.3897892606343416,-0.19764749752805177,0.46461309406261775
Summer_Tanager_0064_140725.jpg,0.4040833814167729,-0.15045891693490843,0.14911219518205396
Summer_Tanager_0124_139963.jpg,0.33332494394194834,-0.3821747138301572,0.4368106154269888
Summer_Tanager_0044_140611.jpg,0.4469796809664768,-0.03415409977029893,0.3936138845408838
Summer_Tanager_0107_139488.jpg,0.4601883093303606,0.004950081411729035,0.6214836636983568
Summer_Tanager_0091_139602.jpg,0.4673887278358665,0.04954888574165406,0.6066960006596216
Summer_Tanager_0070_137714.jpg,0.564279067651116,0.32162086695927783,-0.012894911138438877
Summer_Tanager_0115_139253.jpg,0.42560199945986366,-0.09466210837469591,0.3643433993040743
Summer_Tanager_0093_139517.jpg,0.4860300848105785,0.1016670676422663,0.6303552920105916
Artic_Tern_0015_141829.jpg,0.4460726194476835,-0.025828850088795763,-0.06557760729723076
Artic_Tern_0035_143366.jpg,0.4344741146382547,-0.08166088425898188,-0.4847297404172839
Artic_Tern_0048_142372.jpg,0.3202636916658248,-0.4490555593710335,-0.09521944083681552
Artic_Tern_0059_141876.jpg,0.5914387805331861,0.39408970947859057,0.09885254312415007
Artic_Tern_0093_141880.jpg,0.5744471996276925,0.3706526621881576,0.13482637793938973
Artic_Tern_0129_141395.jpg,0.5578968958455208,0.3064309641337747,0.1282789493346593
Artic_Tern_0019_141922.jpg,0.44940409777903234,-0.012179359214074204,-0.29121576259172355
Artic_Tern_0127_142440.jpg,0.40096243820283006,-0.2022442699603093,-0.14141784698446522
Artic_Tern_0036_142447.jpg,0.40931787804658193,-0.14780395712597905,-0.39306756951045013
Artic_Tern_0102_141453.jpg,0.38572558794837863,-0.2164911284801625,0.5318705203342841
Artic_Tern_0060_141955.jpg,0.4999322888983444,0.14302412045914792,0.20001207649790334
Artic_Tern_0023_140898.jpg,0.35051333994233214,-0.3452051434806991,0.0284319693493687
Artic_Tern_0138_142527.jpg,0.41423613547504556,-0.10837078198025996,0.1555659649903606
Artic_Tern_0034_142022.jpg,0.5518388785104578,0.30393067723853273,0.11436665250691196
Artic_Tern_0117_143394.jpg,0.4672204145300253,0.030358020872503944,-0.12537012002903325
Artic_Tern_0115_142570.jpg,0.4002386139171862,-0.16917906790438453,0.45413322278875656
Artic_Tern_0142_142078.jpg,0.3863509028746054,-0.20065099939529651,-0.06947473055189064
Artic_Tern_0041_142079.jpg,0.45981988378726635,0.01826127824348034,0.548230685615943
Artic_Tern_0083_141579.jpg,0.5139087131727231,0.1596676492746173,0.11178479999978909
Artic_Tern_0027_141617.jpg,0.3849729217144824,-0.22078859603593814,0.055237205182987824
Artic_Tern_0082_142127.jpg,0.5402719021437339,0.2463078622227438,0.3267053852211189
Artic_Tern_0044_142151.jpg,0.4987343801055235,0.1503297807775119,-0.024325001431894193
Artic_Tern_0037_141141.jpg,0.37333844616667133,-0.2573938891028338,-0.10618401320988607
Artic_Tern_0119_142682.jpg,0.5623272504663621,0.3169163060966368,0.2073588028993612
Artic_Tern_0014_141716.jpg,0.598668658224438,0.4211553966012256,-0.033766473012486295
Artic_Tern_0029_142220.jpg,0.4887418064716075,0.08432554167672257,0.21296003369695685
Artic_Tern_0024_143268.jpg,0.36221856748827974,-0.2613412573442173,0.04981219745719442
Artic_Tern_0030_141816.jpg,0.41910080923162407,-0.10898713935379067,-0.05641985309099543
Artic_Tern_0011_143355.jpg,0.42879432216162716,-0.05990456950095702,0.13760024852852404
Black_Tern_0017_143876.jpg,0.4378772169820172,-0.04948529403470103,-0.12832308286234756
Black_Tern_0006_144646.jpg,0.4372572003715324,-0.013890570434197391,-0.27087105954941
Black_Tern_0056_143906.jpg,0.4578528939992971,0.008336159906785823,-0.19487812813126226
Black_Tern_0096_143917.jpg,0.3567346274554435,-0.3162504080180635,0.0785302022964683
Black_Tern_0014_143939.jpg,0.33316952508304754,-0.4019719873200909,0.1678214394388506
Black_Tern_0094_144466.jpg,0.33668227636769477,-0.3833608286711847,-0.42906339321564196
Black_Tern_0008_143965.jpg,0.3479883112243056,-0.34924237279847414,0.05891998043476362
Black_Tern_0058_143981.jpg,0.39969944491128107,-0.15752277824338812,0.028717171196047463
Black_Tern_0023_143985.jpg,0.40398539513717846,-0.1664790690135245,0.004712213673471993
Black_Tern_0064_143990.jpg,0.4379538467252402,-0.05305777896334174,0.2617625006615682
Black_Tern_0025_144503.jpg,0.4468276195863714,-0.0039744151313558795,0.24038617482118607
Black_Tern_0107_144661.jpg,0.49140977935032304,0.10433007058990906,0.06478009746080916
Black_Tern_0050_144000.jpg,0.453462918421197,-0.003929917803125793,0.04003741146734274
Black_Tern_0048_144001.jpg,0.44742205744172414,0.001329947152527211,-0.27310577450227175
Black_Tern_0044_144021.jpg,0.28858911715285607,-0.5644346249626475,0.06253777102437187
Black_Tern_0032_144029.jpg,0.2631369278581761,-0.6528573265023374,-0.042679845912349725
Black_Tern_0070_144292.jpg,0.4282796644766593,-0.0714954690249896,-0.27383080192767273
Black_Tern_0104_144038.jpg,0.44786272192239707,-0.01164896641490265,0.21993620004285946
Black_Tern_0024_144039.jpg,0.44826967577135535,-0.033085220914050195,0.31474754692109247
Black_Tern_0091_144063.jpg,0.5661466527560866,0.3302411555626973,-0.012164212122890943
Black_Tern_0033_144328.jpg,0.33714381652391034,-0.38613541626885617,-0.12344962874661794
Black_Tern_0065_144076.jpg,0.2793322391423485,-0.601826284109169,0.06119146514129616
Black_Tern_0101_144331.jpg,0.5442058289440972,0.25051178195596735,-0.22426298760144814
Black_Tern_0073_144638.jpg,0.44970876282682093,-0.035514821730127544,-0.2512173596553564
Black_Tern_0100_144597.jpg,0.5075960927306795,0.14646651421573542,0.016818852518580958
Black_Tern_0102_144344.jpg,0.42754943987887484,-0.06615442075602163,0.29609359852824757
Black_Tern_0098_144089.jpg,0.3524238491078364,-0.3277917970829938,0.23780439561584815
Black_Tern_0012_144091.jpg,0.511475143822249,0.18246458687817235,-0.1770740464750588
Black_Tern_0034_144106.jpg,0.5257100179263777,0.21674675957321543,-0.059589806948146994
Black_Tern_0105_144380.jpg,0.44716366723154044,-0.01764705829334856,-0.19310609970078177
Caspian_Tern_0024_146033.jpg,0.35950670013118236,-0.273773278916964,0.218284376231494
Caspian_Tern_0097_145923.jpg,0.3898197607774312,-0.16742175416963323,0.035582560461893446
Caspian_Tern_0115_145927.jpg,0.31364054521711815,-0.467022481051542,0.5517651721455809
Caspian_Tern_0102_145928.jpg,0.3375541551967526,-0.38646086693694315,-0.42725645915099913
Caspian_Tern_0005_145929.jpg,0.4172642474631675,-0.10095468799940455,-0.44437593300340666
Caspian_Tern_0069_145931.jpg,0.45645011300233274,0.028345705998994553,0.06077103698082843
Caspian_Tern_0079_145777.jpg,0.5588545257829739,0.3191399848696125,0.2794312254836458
Caspian_Tern_0099_145939.jpg,0.3688989468509205,-0.25087421357705164,0.35170036117400166
Caspian_Tern_0010_145667.jpg,0.35737004902060043,-0.322332649759121,0.19890220615961804
Caspian_Tern_0074_145964.jpg,0.42154856205036073,-0.06865917002180488,0.4377374322772384
Caspian_Tern_0062_145981.jpg,0.5663277935823208,0.3804247626097097,-0.2999010727084269
Caspian_Tern_0041_144964.jpg,0.3707501183395032,-0.25942557610184624,0.5714560121290166
Caspian_Tern_0111_145995.jpg,0.4399114910232861,-0.0006685152561956009,-0.0899778077836848
Caspian_Tern_0119_145492.jpg,0.39144635177109377,-0.15739489830545184,0.4692338924563529
Caspian_Tern_0060_146007.jpg,0.3663111133657202,-0.278322042151536,-0.032211767817655244
Caspian_Tern_0018_146010.jpg,0.4799379957201473,0.12660944285473674,-0.19367484539324117
Caspian_Tern_0108_145278.jpg,0.4549322278504073,0.020826089567439032,0.18074645192974584
Caspian_Tern_0113_146828.jpg,0.49879251720245277,0.12569049568220647,0.48233042558239875
Caspian_Tern_0063_146082.jpg,0.3205656500817117,-0.4210698927206511,-0.07483232162361735
Caspian_Tern_0012_147632.jpg,0.3495057778745134,-0.33886935847756905,0.23595679162723623
Caspian_Tern_0068_146615.jpg,0.40478878968348375,-0.13571581397441634,0.34644480531307115
Caspian_Tern_0106_147645.jpg,0.32932686211808393,-0.40913930539726406,0.09925585397622343
Caspian_Tern_0048_145672.jpg,0.35955290594226574,-0.2927729890160846,0.2432390539216833
Caspian_Tern_0016_145314.jpg,0.5500327979440223,0.2951674580665723,0.559430154884485
Caspian_Tern_0022_144922.jpg,0.30567961795733833,-0.4823484275847678,-0.13684182176898219
Caspian_Tern_0067_145107.jpg,0.30361897385966097,-0.5002180436477732,-0.10547635150740502
Caspian_Tern_0058_145886.jpg,0.37976340540303655,-0.21930296440802866,0.5118873127090111
Caspian_Tern_0054_145890.jpg,0.3875087827980054,-0.1779423757533436,-0.27711764166388225
Caspian_Tern_0026_145125.jpg,0.4489904088591482,0.004695347539304007,0.15076639754772375
Caspian_Tern_0014_145640.jpg,0.36972688145726784,-0.2702565769211638,-0.06542542226187707
Common_Tern_0040_147973.jpg,0.4185118116800356,-0.11559054475114494,0.20728242462899524
Common_Tern_0075_148528.jpg,0.3953359488751892,-0.19481115668481808,0.22186445793946266
Common_Tern_0045_150067.jpg,0.4915474617034674,0.12769727655811203,0.009169750929508568
Common_Tern_0056_148549.jpg,0.40524108978788176,-0.1392755765011382,0.16732487662392087
Common_Tern_0063_147789.jpg,0.31294933988880713,-0.4704522615737894,-0.555744650889039
Common_Tern_0037_148048.jpg,0.2990045984818892,-0.5044168005426772,-0.5216718002289732
Common_Tern_0105_149841.jpg,0.2768436253453602,-0.5815330098264522,-0.6188681354647244
Common_Tern_0088_147941.jpg,0.5270219323581891,0.2614614355535697,0.39981574097821676
Common_Tern_0027_150113.jpg,0.3817045055527958,-0.21420057650875757,0.16942996221729645
Common_Tern_0028_150117.jpg,0.43936809304681024,-0.05407314727310153,0.39546749141786897
Common_Tern_0009_149609.jpg,0.5226878815667396,0.20102206811214918,0.46284447363899195
Common_Tern_0087_147945.jpg,0.40984376936201494,-0.1140997774625101,0.3887440907319949
Common_Tern_0097_148874.jpg,0.34477251831071765,-0.34426126251325617,0.08068436207475949
Common_Tern_0092_147779.jpg,0.5093658605679735,0.19161491901596772,0.03607946830970188
Common_Tern_0055_149486.jpg,0.3209214777964866,-0.4323253062224779,-0.2964626825852573
Common_Tern_0108_149672.jpg,0.4004913032482591,-0.16268870641774225,-0.34748345144501336
Common_Tern_0078_149161.jpg,0.4019089976578464,-0.13099949419913992,0.33042873248727583
Common_Tern_0106_149345.jpg,0.5143764353369753,0.2089010037416441,0.06441245519993975
Common_Tern_0042_147897.jpg,0.3985627788651712,-0.17476989229863893,-0.5113033473694786
Common_Tern_0120_148670.jpg,0.3215005532264309,-0.4356667054056351,0.28434698703507233
Common_Tern_0050_148928.jpg,0.3558187119303723,-0.2877298922928542,0.10444852871318544
Common_Tern_0051_150469.jpg,0.3766152481494429,-0.2110691251980279,0.5234496646572889
Common_Tern_0044_148680.jpg,0.45255328017594065,0.041371509149522145,-0.09894727532056184
Common_Tern_0047_149195.jpg,0.48672855644694757,0.10769791087792813,-0.15332988047544696
Common_Tern_0004_148977.jpg,0.460587092828614,0.009771061207642373,-0.033306256521993094
Common_Tern_0103_149733.jpg,0.6424699950250641,0.5400965697163755,-0.18485675834293502
Common_Tern_0014_149194.jpg,0.5798960529838034,0.3846045137245857,0.5836987949870189
Common_Tern_0115_149482.jpg,0.4517813185117532,-0.0031941751930011364,0.1725313813464373
Common_Tern_0057_149749.jpg,0.42702859021434225,-0.06321690224847698,0.2172494926284236
Common_Tern_0012_148477.jpg,0.4108672114114825,-0.11534355937540197,0.3376098815648366
Elegant_Tern_0093_150534.jpg,0.38717371440690407,-0.19229918922010425,0.4827615295710585
Elegant_Tern_0080_150538.jpg,0.3637168945992285,-0.26168826997702177,0.30181045939449275
Elegant_Tern_0077_150548.jpg,0.4423959812233116,-0.033254698359254764,0.5524032215061259
Elegant_Tern_0030_151067.jpg,0.40190853440840113,-0.12706909952810985,-0.4186646775361136
Elegant_Tern_0096_151068.jpg,0.4637131042713828,0.044702430263042214,-0.06264620625213288
Elegant_Tern_0085_151091.jpg,0.4181721468245082,-0.10114248355000299,0.4592127982306126
Elegant_Tern_0060_150837.jpg,0.41838154572598574,-0.09143790955204101,0.4482347586982753
Elegant_Tern_0024_150852.jpg,0.4601090366803757,0.05503000318186724,0.43722790578870757
Elegant_Tern_0058_150853.jpg,0.53948578132851,0.26021657184162916,0.3419652259636815
Elegant_Tern_0089_150854.jpg,0.3775509603543361,-0.19975621494951823,0.11380388586352352
Elegant_Tern_0106_150872.jpg,0.44789509454691767,0.024029808310537026,0.7368621614643578
Elegant_Tern_0090_45924.jpg,0.3874155846998216,-0.1966288102499576,0.5755858693970898
Elegant_Tern_0023_150654.jpg,0.5513103051364765,0.3002382287128236,0.6078267577750674
Elegant_Tern_0072_150911.jpg,0.4009496521252527,-0.1429009413519733,0.8035021531462404
Elegant_Tern_0053_150507.jpg,0.4161334662508177,-0.0791507459440206,0.08491652086800108
Elegant_Tern_0084_150922.jpg,0.6091065517102203,0.46653603980645386,0.5242319694546964
Elegant_Tern_0067_151185.jpg,0.3620297219634385,-0.278950852440222,0.3884839034298558
Elegant_Tern_0042_150851.jpg,0.4499349771473885,0.025650772990888804,0.5899829542721017
Elegant_Tern_0099_150682.jpg,0.48097253524719663,0.11685926496720289,0.12966926426382058
Elegant_Tern_0033_150687.jpg,0.455739723137774,0.05397661607102544,-0.018611625857846776
Elegant_Tern_0079_150953.jpg,0.4026183504208406,-0.1298904533750782,0.39569955525612927
Elegant_Tern_0107_150960.jpg,0.28460614837605513,-0.5646896855303623,0.06932190850339341
Elegant_Tern_0006_150963.jpg,0.2683726049533566,-0.6386561445972991,0.5047129290666091
Elegant_Tern_0005_150708.jpg,0.39569985656348683,-0.14772597244316676,0.5197254360938843
Elegant_Tern_0101_150715.jpg,0.36222082499422137,-0.27779242819819294,0.032623375686473756
Elegant_Tern_0036_150972.jpg,0.5148611021750393,0.18569904285508598,0.4504763363139979
Elegant_Tern_0039_150944.jpg,0.37172142573204914,-0.24937588254222787,0.3622669534139229
Elegant_Tern_0044_150946.jpg,0.4094868173111985,-0.10484679626409465,0.6158761294459117
Elegant_Tern_0035_150744.jpg,0.38705160683614104,-0.20237864668519845,0.2705598217550475
Elegant_Tern_0082_150517.jpg,0.4382399626629099,-0.01601220485135313,0.5252413493771313
Forsters_Tern_0012_151558.jpg,0.41040859164610044,-0.11062519061145015,0.006277576685812494
Forsters_Tern_0098_151258.jpg,0.44445488610624173,-0.009624058370397037,0.40526249683434157
Forsters_Tern_0057_151570.jpg,0.47744245692784737,0.1111374726625648,-0.10873307260436055
Forsters_Tern_0109_152094.jpg,0.5895810253402809,0.4045162704647972,-0.2548863351517894
Forsters_Tern_0076_151330.jpg,0.44202937628911054,-0.009716577410215699,-0.18000452784724638
Forsters_Tern_0043_151332.jpg,0.3149693209274911,-0.4388056285920743,-0.347730473248519
Forsters_Tern_0092_152119.jpg,0.34995741055136986,-0.3318413245986076,-0.3214343868882107
Forsters_Tern_0071_152142.jpg,0.45788412745520946,0.017728826110133267,0.3896742245715996
Forsters_Tern_0049_151631.jpg,0.3700622315459392,-0.2394714344888118,-0.333911542557692
Forsters_Tern_0041_149586.jpg,0.3950932631792007,-0.16173310175353395,-0.1250319318615362
Forsters_Tern_0091_151895.jpg,0.3962821754045093,-0.11934196331619829,-0.3156797626551162
Forsters_Tern_0032_151384.jpg,0.40636375195894436,-0.1272684859709079,-0.531045400117573
Forsters_Tern_0042_151644.jpg,0.31024209177856577,-0.4809237979432299,0.05213541493465126
Forsters_Tern_0021_144734.jpg,0.39857445634990285,-0.15229889287121834,-0.21310340950328377
Forsters_Tern_0082_151937.jpg,0.4138837371880134,-0.14549063795427597,0.19785521194765432
Forsters_Tern_0116_151688.jpg,0.4542233608270001,0.0035036837625157524,-0.026540775069079082
Forsters_Tern_0065_152206.jpg,0.43379053931417066,-0.04135045123678327,0.27007764696375236
Forsters_Tern_0064_152047.jpg,0.30068025091093975,-0.5097744223818119,0.4839307337883865
Forsters_Tern_0086_152738.jpg,0.3762741981331412,-0.21602419111397397,-0.046721812170130855
Forsters_Tern_0097_151731.jpg,0.403298607181247,-0.13754323290343584,0.028728343755747218
Forsters_Tern_0087_151226.jpg,0.4317041535049977,-0.07227046497613565,-0.016550846371231834
Forsters_Tern_0029_151228.jpg,0.4495864226845052,0.0092187380964448,-0.14247354066317283
Forsters_Tern_0010_151243.jpg,0.4305636997164466,-0.05749822022667539,0.2706313153657368
Forsters_Tern_0126_151257.jpg,0.42049608488956924,-0.06833960593332455,-0.14630097831527233
Forsters_Tern_0003_151547.jpg,0.4139163946455068,-0.13071305433944946,0.036071076024066465
Forsters_Tern_0059_151269.jpg,0.5357190717251492,0.24904727656439252,-0.061599666405547114
Forsters_Tern_0099_152529.jpg,0.3886927886261059,-0.20558694157262325,-0.1342667559913834
Forsters_Tern_0095_152067.jpg,0.4195656927847491,-0.11339419580090881,-0.055648356750994034
Forsters_Tern_0083_151282.jpg,0.405745052189317,-0.14999109229945518,-0.2839244632590058
Forsters_Tern_0004_152358.jpg,0.38284147638457255,-0.2106425820490876,0.27203228340546876
Least_Tern_0127_154141.jpg,0.26836400781551706,-0.6386471549354225,0.1832592175278571
Least_Tern_0007_153661.jpg,0.4609377722328586,0.04348397135075588,0.6835718086732921
Least_Tern_0025_153678.jpg,0.3772110802843276,-0.22021924213009592,0.43018192769811997
Least_Tern_0026_153702.jpg,0.37253627863510097,-0.23541637823264572,0.14976696720876428
Least_Tern_0116_153715.jpg,0.4284282546993252,-0.057165778192800554,0.5065245256114238
Least_Tern_0011_153722.jpg,0.5328034925936054,0.2578211268807302,-0.05575621218672522
Least_Tern_0128_153732.jpg,0.37743534765627784,-0.2459033793226808,-0.04102088625379815
Least_Tern_0058_153747.jpg,0.4293997671559471,-0.0812313615498308,0.4314858195447955
Least_Tern_0014_153757.jpg,0.32989276892567354,-0.39401834477568887,0.22033580375914802
Least_Tern_0028_153781.jpg,0.44946089663509414,-0.004420625339970785,0.1828100371655516
Least_Tern_0098_153820.jpg,0.4535849159507751,0.037520415682729236,0.4144502384672869
Least_Tern_0008_153313.jpg,0.48368207229088434,0.11944343008184255,0.08932369154813406
Least_Tern_0024_153317.jpg,0.4645582346045207,0.03592623424098629,0.5370774218441744
Least_Tern_0096_153868.jpg,0.3440955605042083,-0.35740519856051955,0.05286665476962757
Least_Tern_0111_153308.jpg,0.4778702246979929,0.10264967547593229,0.12734175726053665
Least_Tern_0132_154149.jpg,0.4209755608299831,-0.081886930030731,-0.02939423155514692
Least_Tern_0113_153415.jpg,0.2739345517604115,-0.6152111501252426,0.577581873576019
Least_Tern_0089_152912.jpg,0.44692086593518776,0.02108211758137768,0.3462659714412519
Least_Tern_0035_152932.jpg,0.4423365120663314,0.01340713306575525,0.27043478984969194
Least_Tern_0129_153449.jpg,0.5225528185323565,0.2014967035578319,0.51688325449995
Least_Tern_0034_153963.jpg,0.5310566725426513,0.25508838797322786,0.4711636057219444
Least_Tern_0100_153461.jpg,0.32656219670910147,-0.43336461513010516,-0.25819791931559405
Least_Tern_0104_152950.jpg,0.29434976786323774,-0.5230704154015564,-0.2212918533717406
Least_Tern_0021_153979.jpg,0.2934273440198256,-0.5358880674349127,0.37655083217177276
Least_Tern_0041_153470.jpg,0.3990269649075723,-0.14812580741898462,0.3605747122822082
Least_Tern_0131_153983.jpg,0.3112091355244856,-0.46670899966455504,0.2340295194539771
Least_Tern_0125_153996.jpg,0.36017656394064335,-0.27045116947669356,0.4323919377785898
Least_Tern_0107_154015.jpg,0.3347007733858832,-0.3779981579894278,-0.3853739835318026
Least_Tern_0040_153039.jpg,0.2591821422731384,-0.6737637052056435,0.510105413392918
Least_Tern_0029_154064.jpg,0.3349988210330235,-0.3710343860814329,0.1587522300754774
Green_Tailed_Towhee_0109_797440.jpg,0.43598534172847947,-0.08723803807697039,-0.13873523131881946
Green_Tailed_Towhee_0061_154880.jpg,0.5051873265693818,0.14329424969386517,0.25647228590244375
Green_Tailed_Towhee_0035_154888.jpg,0.4068679192551812,-0.16604850433458251,0.15253976600249036
Green_Tailed_Towhee_0050_154898.jpg,0.474641365221939,0.062035646384582255,-0.14686937582167647
Green_Tailed_Towhee_0101_154907.jpg,0.43912012310445103,-0.019928879168191083,0.18615062410719285
Green_Tailed_Towhee_0021_797404.jpg,0.31082712481532826,-0.48012998609975854,0.25097651124438636
Green_Tailed_Towhee_0044_154934.jpg,0.6451532165848921,0.5561019996428531,-0.17005503228250407
Green_Tailed_Towhee_0072_154946.jpg,0.3891957028847354,-0.22542324269414848,-0.07029114107776811
Green_Tailed_Towhee_0004_154951.jpg,0.26084424978463117,-0.6647781926344145,-0.07421761867556888
Green_Tailed_Towhee_0100_154966.jpg,0.4352736747975432,-0.06938324594885859,-0.1164142595427573
Green_Tailed_Towhee_0079_154764.jpg,0.3859867298515125,-0.2199561781873809,0.45735668641663973
Green_Tailed_Towhee_0051_154768.jpg,0.31598994087290455,-0.45577645557457336,0.08982520822868995
Green_Tailed_Towhee_0047_154776.jpg,0.409322927233302,-0.16969134543652942,-0.13326628224619227
Green_Tailed_Towhee_0005_154784.jpg,0.3441217942144613,-0.3426498102646791,0.5153008756094226
Green_Tailed_Towhee_0053_154921.jpg,0.3994697463693039,-0.18263501687808015,0.050893959596898686
Green_Tailed_Towhee_0085_154822.jpg,0.41994925721669374,-0.09282917009572977,-0.26834681790841886
Green_Tailed_Towhee_0082_797395.jpg,0.49034786544367026,0.0956110134206678,-0.27687590378691207
Green_Tailed_Towhee_0092_797397.jpg,0.38582550438241914,-0.2297829430375129,-0.041264743377118926
Green_Tailed_Towhee_0017_797400.jpg,0.5118729399952304,0.1560276135747889,-0.11819390607252883
Green_Tailed_Towhee_0104_797403.jpg,0.3608746998222031,-0.28512772244709583,0.11754226536422754
Green_Tailed_Towhee_0037_797405.jpg,0.4951286957743034,0.11481736447979773,0.02192377957445888
Green_Tailed_Towhee_0003_797414.jpg,0.5025431205917306,0.1353391745713063,-0.024391026423336477
Green_Tailed_Towhee_0014_797415.jpg,0.4538273091538908,-0.0010848836412691298,0.10604627449233107
Green_Tailed_Towhee_0030_797417.jpg,0.5543059741280041,0.32286216736255646,-0.20919972128680084
Green_Tailed_Towhee_0102_797420.jpg,0.3088816026447341,-0.486982426361106,-0.04702863266083754
Green_Tailed_Towhee_0062_797424.jpg,0.45274440875135824,0.03303248075741683,-0.3685598542075352
Green_Tailed_Towhee_0015_797425.jpg,0.4243016397687166,-0.12343790188194115,-0.1427192068059785
Green_Tailed_Towhee_0067_797426.jpg,0.34234791055207736,-0.357769928676688,0.12216231054614515
Green_Tailed_Towhee_0110_154868.jpg,0.4110383921834653,-0.12110985057801749,0.13982995983489277
Green_Tailed_Towhee_0010_797431.jpg,0.3918894030466529,-0.2079376505999493,0.28352498178698815
Brown_Thrasher_0061_155140.jpg,0.37425499195665657,-0.25134025880091615,0.33776264978184195
Brown_Thrasher_0054_155145.jpg,0.5683786573441398,0.3357082552382922,0.5713126712932527
Brown_Thrasher_0046_155154.jpg,0.4685560023391786,0.03534367298289909,0.003676261577020202
Brown_Thrasher_0057_155164.jpg,0.4142257019316897,-0.13862385193128213,0.5203892592143872
Brown_Thrasher_0015_155165.jpg,0.37427855927848674,-0.24318230780873762,0.4674296673838517
Brown_Thrasher_0005_155176.jpg,0.4080102740616227,-0.13685046841701332,-0.08511165337913883
Brown_Thrasher_0084_155189.jpg,0.6123641164461604,0.4549972860400493,0.4649403890961337
Brown_Thrasher_0127_155193.jpg,0.5411207701395471,0.2519202817413235,0.42839816670703235
Brown_Thrasher_0080_155200.jpg,0.5295180393321557,0.23239405868439167,-0.2567403861502461
Brown_Thrasher_0042_155213.jpg,0.41465985831125896,-0.10399634516499012,0.4773246539849944
Brown_Thrasher_0020_155223.jpg,0.40677630282569743,-0.13048909591427993,0.4413181784549747
Brown_Thrasher_0065_155229.jpg,0.48377371548920467,0.1016758510337129,0.28026324665409974
Brown_Thrasher_0038_155246.jpg,0.5104801102670687,0.1733787769486007,-0.004816815677089343
Brown_Thrasher_0132_155337.jpg,0.4402506794373977,-0.03500932438620219,0.36090447160746564
Brown_Thrasher_0070_155343.jpg,0.35730505328019957,-0.29389817683855823,0.274242379745683
Brown_Thrasher_0130_155350.jpg,0.5017614038543589,0.12935918276498648,0.3903624011249525
Brown_Thrasher_0024_155363.jpg,0.5248939889161917,0.2177059848681333,-0.22252286292070134
Brown_Thrasher_0135_155366.jpg,0.3240877561269325,-0.4198464611325645,0.07463512965479133
Brown_Thrasher_0011_155370.jpg,0.6223632782792297,0.4718158150051682,0.5053026567401437
Brown_Thrasher_0073_155376.jpg,0.45370214900634775,-0.0012239035561680822,0.1735095120913427
Brown_Thrasher_0096_155412.jpg,0.4854936108924507,0.08549944708352752,-0.027004908997965777
Brown_Thrasher_0092_155415.jpg,0.44867722256201514,-0.0021908436834852107,-0.05800244616439948
Brown_Thrasher_0014_155421.jpg,0.36745461241683053,-0.2839148423174189,-0.27282826115042486
Brown_Thrasher_0056_155048.jpg,0.48713697001144207,0.09793430185345608,0.30549669962516696
Brown_Thrasher_0124_155052.jpg,0.5113250829415534,0.18142849141430373,0.32290345732051307
Brown_Thrasher_0049_155110.jpg,0.4029351873111695,-0.15712746210123396,0.4126422114359293
Brown_Thrasher_0113_155111.jpg,0.59373057483908,0.4052905839670712,0.01317472241026109
Brown_Thrasher_0063_155127.jpg,0.4775163103289899,0.04873248138327235,-0.28826545736054654
Brown_Thrasher_0120_155133.jpg,0.4608292314190452,0.021945410367524176,0.4871465746829666
Sage_Thrasher_0097_155564.jpg,0.49344029245760557,0.10023982332735171,0.0658976196442207
Sage_Thrasher_0036_796444.jpg,0.3601471486875336,-0.30834165250957635,-0.08796914533710637
Sage_Thrasher_0098_796448.jpg,0.44888812005919765,-0.033637271681800085,0.12189739839948148
Sage_Thrasher_0056_796457.jpg,0.3308905422784013,-0.40048912126288294,-0.10819346065629445
Sage_Thrasher_0029_796459.jpg,0.3619766197239901,-0.28789891503194864,-0.30370225253149835
Sage_Thrasher_0062_796462.jpg,0.3863157237244138,-0.21345829398300942,-0.1476883261047959
Sage_Thrasher_0024_796463.jpg,0.5017925654175398,0.14266174179330904,-0.1127330540683618
Sage_Thrasher_0003_155479.jpg,0.27750192246009986,-0.5910019388305292,-0.4918055695465298
Sage_Thrasher_0022_155447.jpg,0.41015930964809755,-0.12511713594724116,-0.290025224191016
Sage_Thrasher_0068_155452.jpg,0.36545987188935347,-0.27909000460982836,-0.35621820465232745
Sage_Thrasher_0002_155455.jpg,0.44776179003952443,-0.01866719707743769,0.28366950220576953
Sage_Thrasher_0090_155713.jpg,0.4018448978198945,-0.14834763967376108,0.05533768372797343
Sage_Thrasher_0055_155467.jpg,0.6012282791560771,0.4330164944660325,-0.03144995268959904
Sage_Thrasher_0081_155724.jpg,0.4356137756368059,-0.08340193276542052,-0.40853976991757446
Sage_Thrasher_0050_155475.jpg,0.3612026106320435,-0.3096218840135827,-0.14804511155943623
Sage_Thrasher_0006_155478.jpg,0.34786876815827883,-0.34565559773155563,0.09010729369847462
Sage_Thrasher_0057_155488.jpg,0.44697272817856015,-0.05341565600534448,-0.25986679022713416
Sage_Thrasher_0084_155490.jpg,0.35967122104674687,-0.282873391794741,-0.6424843973329218
Sage_Thrasher_0038_155498.jpg,0.31520550391702606,-0.46427390274919356,0.34499184209351147
Sage_Thrasher_0064_155531.jpg,0.5136370526891941,0.1824345742794895,-0.508514554193379
Sage_Thrasher_0072_155539.jpg,0.4536601958968336,-0.015994150709259358,0.0030300647327100643
Sage_Thrasher_0061_155462.jpg,0.36302523096812933,-0.31789237565543926,-0.18106017744310218
Sage_Thrasher_0085_155562.jpg,0.24986662018579464,-0.7097104987993315,0.023764587722317165
Sage_Thrasher_0009_155463.jpg,0.36801612283286034,-0.2950793286574551,0.0794876802831619
Sage_Thrasher_0016_155566.jpg,0.4264939950560648,-0.10327267232423587,0.06057282429973698
Sage_Thrasher_0005_155569.jpg,0.35979295945089573,-0.3064079936697899,0.5447716368366795
Sage_Thrasher_0044_155610.jpg,0.3459742651278236,-0.3569036249683386,-0.21188990652880738
Sage_Thrasher_0073_155614.jpg,0.38759234672659615,-0.1975375254489331,0.1495200676212569
Sage_Thrasher_0023_796458.jpg,0.4145793643284358,-0.11381565840533936,0.24087470213464776
Sage_Thrasher_0026_155646.jpg,0.43231688860101725,-0.06405340326895392,0.28138729903472315
Black_Capped_Vireo_0031_797446.jpg,0.4799098060754474,0.07029890246287485,-0.2514656821691178
Black_Capped_Vireo_0034_797448.jpg,0.4934062883703433,0.10423943196682872,-0.24169353029813437
Black_Capped_Vireo_0048_797449.jpg,0.5137899913994979,0.16579136920943394,0.2567748098489259
Black_Capped_Vireo_0051_797456.jpg,0.4972672266948377,0.14192747145453166,-0.23985557152460732
Black_Capped_Vireo_0045_797464.jpg,0.4606383795773271,0.011187975135675376,0.22776980079884235
Black_Capped_Vireo_0038_797465.jpg,0.39268177992250175,-0.16783950017410065,0.19343383761928917
Black_Capped_Vireo_0049_797468.jpg,0.4791938918537747,0.07976298452194053,0.4712034880398363
Black_Capped_Vireo_0032_797470.jpg,0.32778224424336455,-0.4044439958454056,0.29250048875459456
Black_Capped_Vireo_0033_797474.jpg,0.40520911739983256,-0.148239094329347,0.16884282024734393
Black_Capped_Vireo_0036_797475.jpg,0.39578018754649946,-0.17950490300869104,-0.42471970225109124
Black_Capped_Vireo_0021_797480.jpg,0.418933688914202,-0.09625746703064486,-0.09486961589322458
Black_Capped_Vireo_0042_797483.jpg,0.5051810517213777,0.1469964659298807,-0.0995556620458807
Black_Capped_Vireo_0023_797486.jpg,0.46981299234061336,0.05145158956143314,-0.4763313635816712
Black_Capped_Vireo_0052_797487.jpg,0.5735630215740384,0.357359140045198,0.23793501129638334
Black_Capped_Vireo_0011_797488.jpg,0.45706587109796737,-0.0013513504329092374,-0.20062079392195703
Black_Capped_Vireo_0017_797492.jpg,0.5206715191957938,0.19656061820310278,0.5506491996196303
Black_Capped_Vireo_0046_797494.jpg,0.4391659234816896,-0.05584633519742632,0.3736158191000334
Black_Capped_Vireo_0037_797495.jpg,0.43479038739271236,-0.05932937377223557,-0.25222481245781897
Black_Capped_Vireo_0050_155836.jpg,0.3328070649101006,-0.37857107287757596,-0.03258711232281987
Black_Capped_Vireo_0026_155745.jpg,0.4890382636817845,0.120465591682131,0.6412567276256899
Black_Capped_Vireo_0019_797479.jpg,0.4499453086543468,-0.003031701269186282,0.18462798829370908
Blue_Headed_Vireo_0088_156416.jpg,0.41039627551254554,-0.12262622296965242,-0.1436418558214746
Blue_Headed_Vireo_0012_156434.jpg,0.3987312448168979,-0.20442972212326538,0.2662420001209354
Blue_Headed_Vireo_0022_156184.jpg,0.5153014699867086,0.1999796044726585,0.23994395281678543
Blue_Headed_Vireo_0123_156443.jpg,0.32055459268186026,-0.43012469812422127,-0.07429867495312008
Blue_Headed_Vireo_0091_155934.jpg,0.30035632646778965,-0.4900260306310138,-0.16791907888097635
Blue_Headed_Vireo_0118_156193.jpg,0.39193407232668,-0.2002964080336911,-0.1721714230259485
Blue_Headed_Vireo_0087_156461.jpg,0.355740214659087,-0.31847554303775105,0.2413142541673246
Blue_Headed_Vireo_0008_155950.jpg,0.39839013519408584,-0.16926723454334613,0.24502140081354426
Blue_Headed_Vireo_0076_156209.jpg,0.6350690577576172,0.5119364944509636,0.2624406188794571
Blue_Headed_Vireo_0037_155955.jpg,0.4244631162464435,-0.0817288979855848,0.42872806916423456
Blue_Headed_Vireo_0028_156217.jpg,0.5727413546619414,0.34943185107091124,0.1494316167358073
Blue_Headed_Vireo_0105_156229.jpg,0.4237825761482875,-0.12621650466677203,-0.13892477929517538
Blue_Headed_Vireo_0032_156239.jpg,0.4332329881111687,-0.059336927411863805,0.1761975354054062
Blue_Headed_Vireo_0002_156241.jpg,0.5200853324093411,0.18699570718785263,0.02509557634020151
Blue_Headed_Vireo_0072_155987.jpg,0.36127346384895787,-0.2904431770261895,0.03827343193219206
Blue_Headed_Vireo_0086_156244.jpg,0.4237188659244566,-0.05966134322595096,0.1768759526597729
Blue_Headed_Vireo_0117_156026.jpg,0.41299595460279337,-0.12900104207980023,0.2855498500090237
Blue_Headed_Vireo_0027_155999.jpg,0.3702932788995351,-0.2594712155986356,0.02455858990411027
Blue_Headed_Vireo_0111_156258.jpg,0.3071163520067943,-0.4854596740765791,0.2642050689575622
Blue_Headed_Vireo_0058_156261.jpg,0.41926957559781963,-0.10077773010030655,0.1887543820193203
Blue_Headed_Vireo_0005_156007.jpg,0.4750456165594116,0.08467858790606375,-0.08756844916131949
Blue_Headed_Vireo_0017_156063.jpg,0.3910087436549109,-0.1997399360921952,0.2775004026259538
Blue_Headed_Vireo_0113_156332.jpg,0.3504407039628845,-0.3316610858230391,0.3919097640497891
Blue_Headed_Vireo_0044_156080.jpg,0.43237876288349875,-0.05231731452029198,0.5151271071038982
Blue_Headed_Vireo_0049_156082.jpg,0.37759331559942044,-0.26066368773285187,0.4806806232242206
Blue_Headed_Vireo_0079_156086.jpg,0.4950921822352058,0.13626676100811064,0.1682721197515875
Blue_Headed_Vireo_0115_156099.jpg,0.4301896325721233,-0.06170090466664924,0.19941998948340772
Blue_Headed_Vireo_0107_156111.jpg,0.3585728270507469,-0.2815039670490802,0.024313010892033325
Blue_Headed_Vireo_0103_156382.jpg,0.44345725978618966,-0.04549394656179451,-0.31232681323821554
Blue_Headed_Vireo_0116_156049.jpg,0.33482159607067896,-0.3662011909551397,-0.6755462498741106
Philadelphia_Vireo_0044_156548.jpg,0.3321769127377333,-0.4106636265151977,-0.3005021293585843
Philadelphia_Vireo_0008_156551.jpg,0.40270392113466036,-0.14618388222697165,0.4944522026278534
Philadelphia_Vireo_0060_156555.jpg,0.4141806813716793,-0.11307638872183201,0.4643459882591016
Philadelphia_Vireo_0056_156502.jpg,0.3340071063795609,-0.3808405386047029,0.11698041746714778
Philadelphia_Vireo_0028_156510.jpg,0.40793298537509526,-0.14295191470648239,0.34959488944311745
Philadelphia_Vireo_0057_156525.jpg,0.4199280296019847,-0.07826257008037563,0.3595240607707948
Philadelphia_Vireo_0050_156538.jpg,0.2922346837742492,-0.5550798211850263,0.26616184936319637
Philadelphia_Vireo_0022_156546.jpg,0.5409867687182537,0.2720929263553522,0.3315732912906812
Philadelphia_Vireo_0038_794759.jpg,0.44227635927517006,-0.034161754957838575,0.11170195322743129
Philadelphia_Vireo_0083_794761.jpg,0.431515544251175,-0.10153476935071293,0.3276881058213177
Philadelphia_Vireo_0021_794765.jpg,0.4535972813236986,-0.03047883501328963,0.5204126821204382
Philadelphia_Vireo_0010_794769.jpg,0.5199390866929303,0.20026029537538348,0.3388810649298924
Philadelphia_Vireo_0037_794770.jpg,0.5389717875115838,0.24853018016616446,0.4978499756825823
Philadelphia_Vireo_0062_794777.jpg,0.3973514816404753,-0.1507847737725263,0.30910154149506075
Philadelphia_Vireo_0063_794781.jpg,0.3688541237882682,-0.27692657726630054,0.6633646866343187
Philadelphia_Vireo_0082_156574.jpg,0.2624685092125999,-0.6655860562283933,0.6089539810142626
Philadelphia_Vireo_0055_156575.jpg,0.3066390536674556,-0.48965471737028543,0.7011267368875234
Philadelphia_Vireo_0084_794790.jpg,0.4128927499603543,-0.12056144669549917,0.12700329110072187
Philadelphia_Vireo_0027_156585.jpg,0.5126803231788357,0.19464768720226333,0.25812533230804574
Philadelphia_Vireo_0023_794797.jpg,0.32869577254832094,-0.422315421375981,0.5283677885468818
Philadelphia_Vireo_0059_794799.jpg,0.39100273347013637,-0.20297330449777773,0.1482236841652772
Philadelphia_Vireo_0035_156596.jpg,0.46830550909602053,0.038865140475544346,0.1318326399111516
Philadelphia_Vireo_0016_156598.jpg,0.29521150083677883,-0.5270932800716328,-0.08306271598282908
Philadelphia_Vireo_0005_156599.jpg,0.268014367887204,-0.643416460410766,0.13198299181976725
Philadelphia_Vireo_0058_156558.jpg,0.3253921418180409,-0.4202480359224743,0.2026517608538025
Philadelphia_Vireo_0031_156632.jpg,0.5035174939458067,0.1402379645783074,-0.1865101518720807
Philadelphia_Vireo_0041_156642.jpg,0.44288219160045006,-0.011988582239760293,0.3394044212733243
Philadelphia_Vireo_0072_156655.jpg,0.37944263384191135,-0.2594074533224322,0.06532127685673045
Philadelphia_Vireo_0020_156663.jpg,0.2933857225825556,-0.530536395780741,0.424123434379559
Red_Eyed_Vireo_0052_157185.jpg,0.429623667249302,-0.065794860533255,0.5260521621418106
Red_Eyed_Vireo_0132_156686.jpg,0.5584714374082057,0.304021036927383,0.19883709556493998
Red_Eyed_Vireo_0061_157202.jpg,0.45563219288012324,0.03011676506761063,0.18238228131971967
Red_Eyed_Vireo_0141_157205.jpg,0.5715553459415506,0.3491923706722896,0.11404611628188145
Red_Eyed_Vireo_0044_156708.jpg,0.3863616676593443,-0.226595833674738,0.5109998263128948
Red_Eyed_Vireo_0004_157224.jpg,0.3645447693989936,-0.28346410037332803,-0.11412587233505965
Red_Eyed_Vireo_0036_156727.jpg,0.46649599183807966,0.019315906982366182,0.1389240808651036
Red_Eyed_Vireo_0026_156751.jpg,0.35934395129316576,-0.29845874547507023,0.5414886695878586
Red_Eyed_Vireo_0046_157265.jpg,0.38888670142950066,-0.18177519018994426,0.3488981853505295
Red_Eyed_Vireo_0123_156780.jpg,0.446484907410558,-0.008937149878201378,0.07865167267088276
Red_Eyed_Vireo_0129_156781.jpg,0.30823665305141434,-0.4862299038572364,0.14379874187570982
Red_Eyed_Vireo_0049_156785.jpg,0.5432120863528613,0.2664408717017086,0.28569297047293757
Red_Eyed_Vireo_0138_156798.jpg,0.3239787638188689,-0.43537585494291386,0.542836224632102
Red_Eyed_Vireo_0023_156800.jpg,0.4699035527614035,0.07136168954879796,0.3768462813235297
Red_Eyed_Vireo_0020_156875.jpg,0.4425727204894422,-0.03504430619626775,0.18146391427544825
Red_Eyed_Vireo_0032_156897.jpg,0.29334747155659024,-0.5260695300830505,0.48894661281294105
Red_Eyed_Vireo_0134_156919.jpg,0.5133772339822009,0.1678607050428782,-0.04590573251606024
Red_Eyed_Vireo_0016_156971.jpg,0.46041789326301774,0.01674174345353885,-0.039387606294742965
Red_Eyed_Vireo_0059_156974.jpg,0.5126117531264249,0.1602041143625461,0.15083823278696315
Red_Eyed_Vireo_0096_157013.jpg,0.4574968734581214,-0.005290322535126624,0.04519613834958407
Red_Eyed_Vireo_0065_157019.jpg,0.42987397076721634,-0.0861266998276895,0.14349937853053596
Red_Eyed_Vireo_0014_157062.jpg,0.34597606291078664,-0.34776919419282004,0.10940627339870332
Red_Eyed_Vireo_0075_158151.jpg,0.30455323899736153,-0.5083386622961927,-0.1787328252438307
Red_Eyed_Vireo_0054_157158.jpg,0.4413974865615995,-0.028234655851539392,0.3164573197417753
Red_Eyed_Vireo_0133_156668.jpg,0.46626734869286157,0.06530136058664415,0.02538725212061997
Red_Eyed_Vireo_0043_157162.jpg,0.5114977542199022,0.1730979679191682,0.12456119957835914
Red_Eyed_Vireo_0074_157170.jpg,0.4012329159779595,-0.17720858866809763,0.2027920677144003
Red_Eyed_Vireo_0025_157173.jpg,0.46766988482332894,0.027904813878089074,0.21283836407331952
Red_Eyed_Vireo_0079_158198.jpg,0.47389939976407425,0.0609238034085704,0.1803030391271478
Red_Eyed_Vireo_0126_157179.jpg,0.4948991975819952,0.139336151472098,0.23543660491457177
Warbling_Vireo_0009_158721.jpg,0.4435339987035659,-0.03194800961512323,0.40542517223579594
Warbling_Vireo_0105_158727.jpg,0.42923581292056645,-0.06755975582085072,0.11664328614192167
Warbling_Vireo_0047_158250.jpg,0.43766784780558343,-0.058203792309845515,0.5017338293651268
Warbling_Vireo_0036_158268.jpg,0.5942793252737012,0.40376017739092107,0.3477537884151327
Warbling_Vireo_0083_158284.jpg,0.29648208819958977,-0.5285573203412177,-0.050514381231044486
Warbling_Vireo_0018_158304.jpg,0.4622902292113603,0.010960231545614874,0.26116316463995165
Warbling_Vireo_0019_158313.jpg,0.6328502832333247,0.5079090933414347,0.2340345411148146
Warbling_Vireo_0054_158321.jpg,0.5344316539149188,0.22508680448769747,0.0757138471323525
Warbling_Vireo_0081_158344.jpg,0.3166241812107772,-0.46063067606000563,0.25565911996273694
Warbling_Vireo_0099_158744.jpg,0.30530402042111393,-0.5033154744152264,0.26483974163951823
Warbling_Vireo_0087_158355.jpg,0.45143699531801385,-0.0050221145019797575,0.06857074627052205
Warbling_Vireo_0001_158397.jpg,0.36872714943260176,-0.2762458051093799,0.04253098960740176
Warbling_Vireo_0090_158403.jpg,0.43630821594525937,-0.057633614232303954,-0.06715693259107387
Warbling_Vireo_0091_158419.jpg,0.45716891104727064,-0.00853970198180276,0.05141929061460278
Warbling_Vireo_0072_158422.jpg,0.4015241420598392,-0.1677021639338876,0.15258719240047888
Warbling_Vireo_0111_158423.jpg,0.3710207796623567,-0.2731027805309545,0.3396456053571536
Warbling_Vireo_0064_158437.jpg,0.3778615572573456,-0.23129599307705062,0.14642223105631988
Warbling_Vireo_0088_158452.jpg,0.4080111586445472,-0.14016633399329126,0.28151089965740894
Warbling_Vireo_0006_158467.jpg,0.5052436293520365,0.14090341027972952,0.4053347858950824
Warbling_Vireo_0089_158519.jpg,0.45080959159500134,0.0009615746809730208,0.21184230688491848
Warbling_Vireo_0131_158522.jpg,0.4448928558151781,-0.021978886226698968,0.2051496087126592
Warbling_Vireo_0052_158534.jpg,0.42011717281373373,-0.10585139201254523,0.19848383126545777
Warbling_Vireo_0058_158539.jpg,0.3591347099215584,-0.3135732418747097,0.3205294767792132
Warbling_Vireo_0086_158564.jpg,0.36464910353099,-0.2952336741654733,0.12718394630723864
Warbling_Vireo_0113_158588.jpg,0.4228886927944121,-0.11754172646868821,0.3723102236958263
Warbling_Vireo_0127_158601.jpg,0.5799986029215559,0.3662884729629431,0.18044789067603464
Warbling_Vireo_0068_158684.jpg,0.3884838144820769,-0.2113020465122335,-0.042761629497216055
Warbling_Vireo_0092_158688.jpg,0.44701888378201016,-0.034015447331310344,0.15739182839124077
Warbling_Vireo_0126_158696.jpg,0.3891035011152547,-0.212536990620104,0.09494537534614418
Warbling_Vireo_0102_158704.jpg,0.33969546237537784,-0.37519080246825687,0.46209323027675553
White_Eyed_Vireo_0045_159232.jpg,0.31982040907452725,-0.442566210388186,-0.3254128615935327
White_Eyed_Vireo_0001_159237.jpg,0.3418272369772808,-0.3782703918827741,-0.35106796481714825
White_Eyed_Vireo_0120_158991.jpg,0.4207885412312714,-0.11966275164682516,-0.028582984597879096
White_Eyed_Vireo_0132_158908.jpg,0.33260450880160697,-0.3804023477443481,-0.07418073852041179
White_Eyed_Vireo_0049_158835.jpg,0.3352732796957334,-0.39362307148681874,0.04175725141171641
White_Eyed_Vireo_0046_158849.jpg,0.2725129848118728,-0.6086357396698445,0.05860995514936293
White_Eyed_Vireo_0111_158864.jpg,0.6322824853760851,0.5005455761161917,0.41878417323110456
White_Eyed_Vireo_0078_159382.jpg,0.3881109808094313,-0.17953026537732875,0.3248589858164365
White_Eyed_Vireo_0095_158886.jpg,0.35233323415414197,-0.3237237827562045,-0.14241931942817546
White_Eyed_Vireo_0134_158889.jpg,0.33895638654742966,-0.37857104622655235,0.24556356641431426
White_Eyed_Vireo_0115_158932.jpg,0.44136195120042043,-0.011549250100474362,0.24720204158200085
White_Eyed_Vireo_0099_158933.jpg,0.3040867814111742,-0.4937674726624668,0.2208658866830951
White_Eyed_Vireo_0018_159450.jpg,0.41650495131440657,-0.12040134543840142,0.24938898875384027
White_Eyed_Vireo_0135_158955.jpg,0.3842390435400376,-0.20284002909812537,0.25403717571457574
White_Eyed_Vireo_0090_158958.jpg,0.4045774331943861,-0.16958683058268909,-0.5150657424924876
White_Eyed_Vireo_0026_158963.jpg,0.43123014668780835,-0.052682884931780194,-0.022521513403140687
White_Eyed_Vireo_0116_159028.jpg,0.3693506441402852,-0.27444133892968736,0.44548871789731415
White_Eyed_Vireo_0041_159032.jpg,0.4590568311979434,0.020667663252455837,-0.04922222520971413
White_Eyed_Vireo_0051_159033.jpg,0.39613944382205313,-0.1569294940541308,0.6265032867871876
White_Eyed_Vireo_0022_159037.jpg,0.32949153169172585,-0.3945248934759633,-0.20002267105600968
White_Eyed_Vireo_0061_159042.jpg,0.31411473505266374,-0.4622263822523749,-0.18412521582941166
White_Eyed_Vireo_0091_159045.jpg,0.48595059131369633,0.09549308449507554,0.2977304075828553
White_Eyed_Vireo_0130_159075.jpg,0.4517406644784012,-0.02960228468172299,0.1915388382440901
White_Eyed_Vireo_0088_159084.jpg,0.3777312351038623,-0.2484788231939432,0.15481154275385217
White_Eyed_Vireo_0112_159147.jpg,0.37645710016025036,-0.25637947842516295,0.16414016285555855
White_Eyed_Vireo_0024_159193.jpg,0.318729786433373,-0.44640598260717734,0.20885041125767478
White_Eyed_Vireo_0086_159202.jpg,0.4078166663899794,-0.1335282947209644,0.535388597732052
White_Eyed_Vireo_0083_159203.jpg,0.3639623163088147,-0.2831783410668187,0.25257941443314735
White_Eyed_Vireo_0114_159206.jpg,0.24508853268003572,-0.720874388797297,-0.062420915376067095
White_Eyed_Vireo_0059_159225.jpg,0.30333801668434246,-0.5001342438757725,-0.12098866891236207
Yellow_Throated_Vireo_0072_794969.jpg,0.4336783599613212,-0.04923782801977472,-0.17785384759806122
Yellow_Throated_Vireo_0022_795012.jpg,0.41027181701530446,-0.13997642455691706,-0.3887777947696783
Yellow_Throated_Vireo_0085_159580.jpg,0.4604231799035774,0.04615335332008341,0.07635944595464537
Yellow_Throated_Vireo_0013_159531.jpg,0.39589632978293143,-0.19279929283082065,-0.4371261494120478
Yellow_Throated_Vireo_0055_159532.jpg,0.3870889090831824,-0.20167018758996869,-0.11787967618785022
Yellow_Throated_Vireo_0005_159588.jpg,0.47286399882029984,0.06040100711267282,0.09492257524570762
Yellow_Throated_Vireo_0023_159584.jpg,0.5401247841155501,0.2570827970014147,0.5150320251826542
Yellow_Throated_Vireo_0076_794984.jpg,0.4595831794833991,0.004434286274862975,-0.3832143393122198
Yellow_Throated_Vireo_0057_159570.jpg,0.3717151770944884,-0.2581207647537429,0.2337374675367189
Yellow_Throated_Vireo_0074_159571.jpg,0.32339363060031945,-0.4183498965608534,-0.3983177696596298
Yellow_Throated_Vireo_0059_794970.jpg,0.3647599890858112,-0.2764464037251051,0.2172491289520009
Yellow_Throated_Vireo_0021_794971.jpg,0.5732125464028867,0.35740714220320324,-0.24471270887033966
Yellow_Throated_Vireo_0007_794972.jpg,0.4100539279188805,-0.13832795435273915,0.4701472493383093
Yellow_Throated_Vireo_0050_794979.jpg,0.5105814923921677,0.17136673604737873,-0.02686395636492928
Yellow_Throated_Vireo_0016_794981.jpg,0.4925784300038293,0.09926301796750825,0.14031485190700932
Yellow_Throated_Vireo_0048_794982.jpg,0.4187258142100041,-0.09297366496963866,0.19342619269384453
Yellow_Throated_Vireo_0011_794986.jpg,0.35244264063485997,-0.3157536629671942,0.3924141388121282
Yellow_Throated_Vireo_0027_794989.jpg,0.5684348293669284,0.3363422196500535,0.3102976238374512
Yellow_Throated_Vireo_0034_794993.jpg,0.42151329378766567,-0.06024108019606578,0.33879581853137486
Yellow_Throated_Vireo_0010_795000.jpg,0.3996784320073189,-0.15593929316358723,0.45879413803123476
Yellow_Throated_Vireo_0068_159620.jpg,0.5237088224016949,0.20600104328363966,0.2444029002880786
Yellow_Throated_Vireo_0002_159625.jpg,0.3661957048687795,-0.2653858066478383,0.3557370996417943
Yellow_Throated_Vireo_0043_159628.jpg,0.37611960222415286,-0.23804187130923204,0.21891701907401864
Yellow_Throated_Vireo_0082_159597.jpg,0.3901574603988126,-0.21528623995568208,0.4489234587111522
Yellow_Throated_Vireo_0020_159634.jpg,0.5305777847910504,0.22012217037917114,0.4635523810402093
Yellow_Throated_Vireo_0042_159655.jpg,0.4804630816036991,0.07835472433711843,0.6104843338440491
Yellow_Throated_Vireo_0071_159707.jpg,0.36783396509505095,-0.26773244327296064,0.5046126244105679
Yellow_Throated_Vireo_0014_159709.jpg,0.44850908320184,-0.013725798563101854,0.2471956926436173
Yellow_Throated_Vireo_0031_159712.jpg,0.32521631799986206,-0.436270720825392,0.24490497116065832
Bay_Breasted_Warbler_0080_159749.jpg,0.38487487930923603,-0.21008304070345596,0.36928616595452973
Bay_Breasted_Warbler_0013_159787.jpg,0.35672034728022084,-0.3256729918903727,0.24150225153992916
Bay_Breasted_Warbler_0032_797150.jpg,0.4179920711460424,-0.13929164631936142,0.1260708297423431
Bay_Breasted_Warbler_0057_159818.jpg,0.40390517491802436,-0.1781492798259341,0.053503964847791234
Bay_Breasted_Warbler_0034_159861.jpg,0.3945711008702012,-0.19156175152521437,0.4047072706767098
Bay_Breasted_Warbler_0065_159722.jpg,0.420211424941232,-0.11951379648588611,0.22358578334211907
Bay_Breasted_Warbler_0019_159871.jpg,0.3979434361499967,-0.18885970502067595,-0.19750271824437476
Bay_Breasted_Warbler_0102_159887.jpg,0.33186029976231446,-0.38659829566123083,0.2698888529253622
Bay_Breasted_Warbler_0067_159895.jpg,0.26388439841705846,-0.6358967669935827,-0.19736910117077874
Bay_Breasted_Warbler_0018_159897.jpg,0.4077597643504002,-0.16451859183800144,-0.23883456675140913
Bay_Breasted_Warbler_0085_797107.jpg,0.40581544837587824,-0.17073351685619476,-0.18637044412448306
Bay_Breasted_Warbler_0064_797109.jpg,0.40628506649752616,-0.1606586400749208,-0.0158091789721747
Bay_Breasted_Warbler_0008_797115.jpg,0.43461109394165154,-0.06283414278437527,0.1610339283796472
Bay_Breasted_Warbler_0007_797118.jpg,0.36451225705095114,-0.26545966564495616,0.0663931837283943
Bay_Breasted_Warbler_0028_797119.jpg,0.4833726600783431,0.06776207813199875,0.07297899103869332
Bay_Breasted_Warbler_0082_797121.jpg,0.542869105870073,0.2748428557753946,0.19374857008240287
Bay_Breasted_Warbler_0054_797124.jpg,0.47493484253759943,0.058070165973924115,-0.0671398336640622
Bay_Breasted_Warbler_0090_797128.jpg,0.3758855999670755,-0.24353649575652936,-0.00968461311161549
Bay_Breasted_Warbler_0051_797132.jpg,0.42401490284189747,-0.09981724717324214,0.1254852335058621
Bay_Breasted_Warbler_0068_797133.jpg,0.45095184150835055,-0.0004881561696030712,-0.18092109539166656
Bay_Breasted_Warbler_0016_797134.jpg,0.33766060693961,-0.3944036735241918,0.10817355904523089
Bay_Breasted_Warbler_0031_797137.jpg,0.3823683010811687,-0.21148202434709318,-0.11379610182906869
Bay_Breasted_Warbler_0025_159957.jpg,0.40718438379624833,-0.1727249905015973,0.48044001252049795
Bay_Breasted_Warbler_0101_797146.jpg,0.3259764501495419,-0.4242297495380467,-0.04101884051669778
Bay_Breasted_Warbler_0039_797152.jpg,0.4683690327075304,0.032012151239704245,-0.07517160534646022
Bay_Breasted_Warbler_0043_797154.jpg,0.6241136406896122,0.48684042440941644,0.12437915511810327
Bay_Breasted_Warbler_0053_797157.jpg,0.3881058690010434,-0.22471464404196828,-0.21258541504645262
Bay_Breasted_Warbler_0042_797160.jpg,0.3853731881535213,-0.21922254599593205,0.2716153828397988
Bay_Breasted_Warbler_0110_159735.jpg,0.30153483691737604,-0.5146611222350301,-0.0867252858954775
Bay_Breasted_Warbler_0076_159996.jpg,0.4322964295089978,-0.0853183006627356,0.12805711088617347
Black_And_White_Warbler_0128_160803.jpg,0.4220252174336546,-0.09068616402920093,-0.23593657659151382
Black_And_White_Warbler_0071_160308.jpg,0.5737566884476635,0.3516462384585748,-0.13779285255792342
Black_And_White_Warbler_0135_160334.jpg,0.4419273722001128,-0.050285017622015094,0.6827570758003477
Black_And_White_Warbler_0111_160342.jpg,0.4411268020793345,-0.031463574792341076,0.5258490317719506
Black_And_White_Warbler_0070_160354.jpg,0.49251029880302777,0.10832299455358929,-0.15391008902669712
Black_And_White_Warbler_0118_160363.jpg,0.4350137231266974,-0.0701958388203836,0.4070502549855385
Black_And_White_Warbler_0089_160370.jpg,0.5223031603613604,0.20764775091301757,-0.16245477625071375
Black_And_White_Warbler_0002_160376.jpg,0.3575819876326889,-0.3180880610082315,0.3206359744922828
Black_And_White_Warbler_0091_160896.jpg,0.450023892872938,-0.009143096675669593,0.08894458204664878
Black_And_White_Warbler_0061_160404.jpg,0.5124728813861079,0.18389093033935977,-0.2885339037458392
Black_And_White_Warbler_0125_160482.jpg,0.4426349653190692,-0.04628862295908731,0.44759705455638266
Black_And_White_Warbler_0106_160014.jpg,0.43415819568975444,-0.08695582674596292,0.2505675331008716
Black_And_White_Warbler_0114_160537.jpg,0.4523293826873598,-0.003180315257390598,0.6529803093054778
Black_And_White_Warbler_0073_160539.jpg,0.45384809096174306,-0.005958100248134146,0.17536119330930652
Black_And_White_Warbler_0047_160547.jpg,0.3781172716294676,-0.2544215990649219,0.4328918063488719
Black_And_White_Warbler_0024_160057.jpg,0.3966079815270549,-0.1794718665467867,-0.004520327836848428
Black_And_White_Warbler_0025_160584.jpg,0.4793547864381569,0.0612221393330985,0.4306343016918038
Black_And_White_Warbler_0030_160592.jpg,0.43206336840389126,-0.09551151897792565,-0.34605847273798335
Black_And_White_Warbler_0032_160569.jpg,0.342568595088827,-0.3661950836121759,-0.3189356137050245
Black_And_White_Warbler_0122_160106.jpg,0.41348127743326524,-0.10974197679424447,0.2861769443952261
Black_And_White_Warbler_0085_160110.jpg,0.48633583306243455,0.10152072680730784,0.5105367834853886
Black_And_White_Warbler_0083_160237.jpg,0.4615701140546645,0.0024378198044620047,0.5653558055632132
Black_And_White_Warbler_0088_160668.jpg,0.40459018988872475,-0.15939536951336253,0.5009349549251414
Black_And_White_Warbler_0076_160173.jpg,0.46368644234330936,0.03480379448134463,0.13767189058524432
Black_And_White_Warbler_0034_160695.jpg,0.3367873180738281,-0.37957631593463814,0.05646916706611566
Black_And_White_Warbler_0010_160200.jpg,0.3727902379749669,-0.2763796582964497,0.19904858144400922
Black_And_White_Warbler_0090_160247.jpg,0.4747798688753839,0.07357540921118544,0.1741431921333161
Black_And_White_Warbler_0003_160228.jpg,0.5075307787283607,0.17551051291679787,0.4864212437217462
Black_And_White_Warbler_0049_160749.jpg,0.32905199777480254,-0.4086011591478653,0.385735979603972
Black_And_White_Warbler_0109_160245.jpg,0.6426914425853765,0.5516035310595782,0.022918349428454214
Black_Throated_Blue_Warbler_0129_161399.jpg,0.4268860360714156,-0.08225599969243902,-0.40281594884485866
Black_Throated_Blue_Warbler_0136_161400.jpg,0.4165137243094006,-0.11795313281861985,0.2559904467838318
Black_Throated_Blue_Warbler_0113_161407.jpg,0.4573303710749831,-0.010418069979019284,0.2311013702338442
Black_Throated_Blue_Warbler_0119_161416.jpg,0.532249883109571,0.23682043700866962,-0.2655519688202686
Black_Throated_Blue_Warbler_0101_161510.jpg,0.39098590707271896,-0.20295364181066056,-0.5531685007298089
Black_Throated_Blue_Warbler_0047_161511.jpg,0.564145726672485,0.3352170565611846,0.3257331201308409
Black_Throated_Blue_Warbler_0022_161520.jpg,0.49373271699013244,0.12191362277700624,-0.14842869965456995
Black_Throated_Blue_Warbler_0099_161524.jpg,0.3309643943151549,-0.40562665125860375,-0.25353940129841757
Black_Throated_Blue_Warbler_0009_161534.jpg,0.3832792429222539,-0.23634320414768561,0.40049645188636473
Black_Throated_Blue_Warbler_0111_161615.jpg,0.3885020429496926,-0.21836218263023244,0.1109970181830231
Black_Throated_Blue_Warbler_0085_161621.jpg,0.49713413835205456,0.11237119257338324,0.14977223065786055
Black_Throated_Blue_Warbler_0100_161622.jpg,0.505834183624263,0.13416996830160643,0.29758033226995617
Black_Throated_Blue_Warbler_0109_161635.jpg,0.6381482764092594,0.557332127841536,0.24427749547170247
Black_Throated_Blue_Warbler_0072_161636.jpg,0.3309892410477542,-0.4099567857706321,0.09223684662180036
Black_Throated_Blue_Warbler_0096_161654.jpg,0.49744137153394774,0.11496671990516916,0.004157573365682881
Black_Throated_Blue_Warbler_0064_161656.jpg,0.520007111984224,0.1876029150899856,-0.0689782947353627
Black_Throated_Blue_Warbler_0048_161665.jpg,0.3828753060478953,-0.22159752244646125,0.5314138516513355
Black_Throated_Blue_Warbler_0102_161161.jpg,0.5794841879134084,0.3787014277749696,0.36450404152422056
Black_Throated_Blue_Warbler_0076_161162.jpg,0.5174106237289222,0.17630440954579718,-0.2668877389483994
Black_Throated_Blue_Warbler_0080_161681.jpg,0.4593226939315457,0.01949208849451267,0.3591773215702209
Black_Throated_Blue_Warbler_0104_161686.jpg,0.33635240721604365,-0.39624602043447976,0.2888847592439757
Black_Throated_Blue_Warbler_0127_161176.jpg,0.41189295587693986,-0.10126645273052404,0.11131444553451755
Black_Throated_Blue_Warbler_0027_104004.jpg,0.29395960643666796,-0.5340332078801071,0.24219611976997557
Black_Throated_Blue_Warbler_0001_161189.jpg,0.42107352194123904,-0.08827807122406428,0.27874195625911874
Black_Throated_Blue_Warbler_0079_161194.jpg,0.5113893253529901,0.1605095369769468,-0.4962240004018914
Black_Throated_Blue_Warbler_0128_161708.jpg,0.4060883984961938,-0.13941109681828823,-0.35736579832836635
Black_Throated_Blue_Warbler_0086_161716.jpg,0.3385711984384364,-0.390115123540939,0.22428774966138415
Black_Throated_Blue_Warbler_0110_161726.jpg,0.3539924273779902,-0.31833835104474195,0.5320506401577634
Black_Throated_Blue_Warbler_0107_161214.jpg,0.3394031538667567,-0.3727048712548442,0.1654239151531987
Blue_Winged_Warbler_0050_162057.jpg,0.4069437830132615,-0.15795092363379815,0.5952730341663574
Blue_Winged_Warbler_0041_161802.jpg,0.2711096056805615,-0.6250559334610799,0.6064987779422871
Blue_Winged_Warbler_0063_161810.jpg,0.32466513908905337,-0.4258087444741667,-0.14582609784133174
Blue_Winged_Warbler_0026_161813.jpg,0.404489033437741,-0.15003130958157596,0.4530704005778942
Blue_Winged_Warbler_0013_161816.jpg,0.33609259198612096,-0.38279703051387837,0.5709602244335299
Blue_Winged_Warbler_0057_162085.jpg,0.23034393683554777,-0.7820007298887315,0.19547874866047013
Blue_Winged_Warbler_0030_162088.jpg,0.27511092847182583,-0.6080531541332932,0.21690193782035916
Blue_Winged_Warbler_0049_161856.jpg,0.36762068842537443,-0.29188654756717236,0.5287745630146249
Blue_Winged_Warbler_0067_161860.jpg,0.4383982476464837,-0.011151270066184216,0.4164574348365663
Blue_Winged_Warbler_0042_161869.jpg,0.40040964077624297,-0.1764381478101127,0.6001247928894191
Blue_Winged_Warbler_0025_161873.jpg,0.42047481302828227,-0.09090107327108488,0.2713113004205893
Blue_Winged_Warbler_0066_162062.jpg,0.4046378103827042,-0.15464359585957177,0.32361302391201885
Blue_Winged_Warbler_0017_161878.jpg,0.3778948431586503,-0.27105344181266244,0.438631575011694
Blue_Winged_Warbler_0060_161888.jpg,0.678029366466764,0.6265946469134701,0.3385657792129228
Blue_Winged_Warbler_0078_161889.jpg,0.3496579514583862,-0.3185712990719691,0.5507746293985045
Blue_Winged_Warbler_0053_161896.jpg,0.3318871562446123,-0.37556371426881596,0.24588437195660198
Blue_Winged_Warbler_0061_161984.jpg,0.37012551554849116,-0.2711596995411396,0.6162790742418146
Blue_Winged_Warbler_0072_161991.jpg,0.6485507296967086,0.5487812749328873,0.6812863297596473
Blue_Winged_Warbler_0052_161739.jpg,0.45388183680941196,0.006846561591585254,0.5462200840394438
Blue_Winged_Warbler_0055_161996.jpg,0.5534765898724956,0.3043967873486868,0.3841455059800564
Blue_Winged_Warbler_0045_161997.jpg,0.3233381674908641,-0.4295882813328251,0.5323052202742704
Blue_Winged_Warbler_0004_162005.jpg,0.4408648768365012,-0.043521821663017324,0.4862415730778166
Blue_Winged_Warbler_0056_162013.jpg,0.5343702646520485,0.25719615811196606,0.5692098178878296
Blue_Winged_Warbler_0093_162014.jpg,0.4780721539630517,0.0693899551602486,0.4113861860027512
Blue_Winged_Warbler_0088_162018.jpg,0.3947777621395634,-0.21392873334677232,0.3423617753264744
Blue_Winged_Warbler_0089_162026.jpg,0.5024488276786848,0.1312871275933234,0.6851500724176068
Blue_Winged_Warbler_0086_162027.jpg,0.6253675458780404,0.4893476076923434,0.5733913143375415
Blue_Winged_Warbler_0065_162030.jpg,0.45327504428390386,0.025741984823833497,0.5726421129559046
Blue_Winged_Warbler_0007_161785.jpg,0.4238190105301347,-0.07680934017629393,0.47011194902346515
Blue_Winged_Warbler_0094_161790.jpg,0.43675252656253116,-0.05860634880335347,0.5016192545463697
Canada_Warbler_0094_26880.jpg,0.3809272257151489,-0.23090257560548433,0.3296737090659283
Canada_Warbler_0119_162307.jpg,0.38535670235608754,-0.2121241118106043,-0.03550925163651639
Canada_Warbler_0115_162309.jpg,0.47721610314452667,0.07759894709133797,-0.22208790585442617
Canada_Warbler_0067_162314.jpg,0.4469159732007595,-0.014636268680656483,0.16124698919905087
Canada_Warbler_0063_162324.jpg,0.33839002500628523,-0.373391187981164,0.5550372162314824
Canada_Warbler_0006_103959.jpg,0.4276019292404535,-0.08745175239259217,0.6095672304836866
Canada_Warbler_0103_162339.jpg,0.42787054188947937,-0.09631334975984629,0.35555579650311336
Canada_Warbler_0104_162345.jpg,0.578208814969714,0.3682962812155818,0.4320063926687021
Canada_Warbler_0022_157106.jpg,0.4528595150205882,0.014064731168546118,0.2381734727916116
Canada_Warbler_0020_162354.jpg,0.3901381626618915,-0.21193591641193477,0.701092612341294
Canada_Warbler_0093_162356.jpg,0.2628545868624961,-0.6618002110744432,0.6895561775034841
Canada_Warbler_0074_162366.jpg,0.4150618205375616,-0.11760311104477705,0.1543411116657253
Canada_Warbler_0105_162372.jpg,0.41954398891830835,-0.10010907239070677,0.6321774001956154
Canada_Warbler_0013_162375.jpg,0.33742929397088095,-0.3812769255046684,0.6171026490449298
Canada_Warbler_0035_162377.jpg,0.4471471490678188,-0.031410974481300036,0.47194549645918565
Canada_Warbler_0023_162383.jpg,0.39613428203945356,-0.17633547967229712,0.6095430729216502
Canada_Warbler_0015_162388.jpg,0.46465454069724443,0.0374645579940196,0.5632693698094456
Canada_Warbler_0117_162394.jpg,0.49958477463718043,0.13784012011411484,0.5145998891830617
Canada_Warbler_0114_162396.jpg,0.46504693071647296,0.034855165270910926,0.46456197954962286
Canada_Warbler_0095_162401.jpg,0.40150784522755134,-0.16012270759747538,0.7308602509531242
Canada_Warbler_0037_162405.jpg,0.3892645841089959,-0.20442910967583616,-0.257947715563051
Canada_Warbler_0056_162407.jpg,0.3423179901842719,-0.37257666146428314,0.6478476989961187
Canada_Warbler_0008_162416.jpg,0.5847457404089391,0.38065612239096747,0.2469354870029197
Canada_Warbler_0002_162426.jpg,0.36774290190586945,-0.26770901791295687,0.47158113501769244
Canada_Warbler_0090_162432.jpg,0.4756616670273619,0.0544991893541944,0.44769338811426246
Canada_Warbler_0107_162440.jpg,0.46283941294989117,0.020011974376442976,-0.2545628310513183
Canada_Warbler_0051_162447.jpg,0.4902862798171924,0.12561727571359527,0.4739824478220185
Canada_Warbler_0122_162219.jpg,0.28524142521506135,-0.5706334887731848,0.44821399184515437
Canada_Warbler_0027_162223.jpg,0.6505196336241572,0.5540484358834437,0.5185330962917345
Canada_Warbler_0109_93363.jpg,0.48069501456578445,0.08213988383438353,0.34226456689553625
Cape_May_Warbler_0117_163079.jpg,0.36145210929672733,-0.30459656481794517,0.6687922875985034
Cape_May_Warbler_0093_163089.jpg,0.3832238074164033,-0.22444576875423472,0.5943217843895746
Cape_May_Warbler_0096_163093.jpg,0.5051867541421841,0.17061214771514333,0.21727851445783164
Cape_May_Warbler_0115_163121.jpg,0.4076470858034408,-0.14221826719436126,0.6322574990893648
Cape_May_Warbler_0122_163131.jpg,0.45334836631698683,-0.025106994729463095,0.46720901544046345
Cape_May_Warbler_0033_162657.jpg,0.42920377483847083,-0.09053980884463009,0.45126399801362643
Cape_May_Warbler_0085_162628.jpg,0.4252797386147693,-0.12142183399408846,0.35338097619904707
Cape_May_Warbler_0048_162915.jpg,0.38054245231503125,-0.22100577042901182,0.7288486599590833
Cape_May_Warbler_0129_163157.jpg,0.507078263732506,0.16232218879688054,0.48548023478604113
Cape_May_Warbler_0015_163159.jpg,0.5063146731762469,0.20134803053062134,0.405090055029737
Cape_May_Warbler_0007_163087.jpg,0.33389755060158843,-0.3772176629299684,0.07991311800403968
Cape_May_Warbler_0046_163167.jpg,0.3326701502273708,-0.40782098922062593,0.5711971788157644
Cape_May_Warbler_0026_162913.jpg,0.3516558916537691,-0.33941463801489746,0.4930697376481646
Cape_May_Warbler_0035_162658.jpg,0.5052172699947859,0.1701288092769745,0.29262063249119885
Cape_May_Warbler_0055_163171.jpg,0.4668465927757657,0.04834090877165087,0.30948654305759077
Cape_May_Warbler_0003_162920.jpg,0.4624718171773533,0.03271137518736866,0.17602629629976077
Cape_May_Warbler_0100_162923.jpg,0.43719862069840343,-0.05959983175645944,0.6182622930540892
Cape_May_Warbler_0004_162928.jpg,0.35825727751716163,-0.3317979762744736,0.1597971051000897
Cape_May_Warbler_0107_162941.jpg,0.5114653417126281,0.1896060683464238,0.5450277927402027
Cape_May_Warbler_0060_162949.jpg,0.5442824529027546,0.266028892596589,-0.3697180933025922
Cape_May_Warbler_0053_162950.jpg,0.4642617238587359,0.03352241242396614,0.33140562458598893
Cape_May_Warbler_0062_162955.jpg,0.3730470514296488,-0.27323966213054285,0.5013225450726391
Cape_May_Warbler_0104_162958.jpg,0.5796405766496999,0.36213517519676675,0.36770131987843674
Cape_May_Warbler_0095_162965.jpg,0.4757022634516308,0.08205907250875488,-0.013854187167161462
Cape_May_Warbler_0119_162976.jpg,0.5450747357067212,0.27266513578311025,0.2876708453992322
Cape_May_Warbler_0092_163057.jpg,0.4766692297528772,0.11214210508582934,0.5766289122515422
Cape_May_Warbler_0008_163062.jpg,0.39700336258879887,-0.1745419795540264,0.13370595702694854
Cape_May_Warbler_0124_163037.jpg,0.29031952641685277,-0.5548490480899297,0.34050325857213365
Cape_May_Warbler_0067_162539.jpg,0.36380938275598884,-0.29209753058650634,0.3191581387041554
Cape_May_Warbler_0044_163055.jpg,0.3466324384545344,-0.3641573512911618,0.4370774797272652
Cerulean_Warbler_0019_797186.jpg,0.3862527865717401,-0.20025093513817138,0.6164504362963829
Cerulean_Warbler_0022_797189.jpg,0.44507476620014474,-0.042598100133410144,-0.08255915394267284
Cerulean_Warbler_0088_797194.jpg,0.44279107386821304,-0.0654651519686198,-0.10119766918784981
Cerulean_Warbler_0093_797196.jpg,0.41845281786551847,-0.11699852053741022,0.09407119908465077
Cerulean_Warbler_0053_797197.jpg,0.65036246268528,0.5595118186776917,-0.05267876801323062
Cerulean_Warbler_0017_797198.jpg,0.4434887095445543,-0.06247163560560409,0.30177142760681686
Cerulean_Warbler_0004_797199.jpg,0.4286722612835845,-0.10438241067120058,0.02122572604098486
Cerulean_Warbler_0009_797201.jpg,0.5076183844926889,0.1557408815424257,0.2683505809408017
Cerulean_Warbler_0043_797203.jpg,0.3879294506442035,-0.21580192618630134,0.5737654417312767
Cerulean_Warbler_0005_797206.jpg,0.3584261313983633,-0.3275990084712219,0.16395321971832005
Cerulean_Warbler_0037_797212.jpg,0.36628323136338403,-0.29810707934242076,0.10905447809172235
Cerulean_Warbler_0007_797215.jpg,0.37851375451694635,-0.24688889588553464,0.288822837060016
Cerulean_Warbler_0067_797220.jpg,0.5177221496428698,0.20304174115735196,0.017793786163657645
Cerulean_Warbler_0046_797222.jpg,0.36731416073687984,-0.2789281804419319,0.3070401270861927
Cerulean_Warbler_0042_797223.jpg,0.43174645192599836,-0.09491501867392382,-0.18220822036383885
Cerulean_Warbler_0075_797233.jpg,0.5723049997796693,0.3485944276537357,0.17690797529074703
Cerulean_Warbler_0054_797235.jpg,0.4701305273513924,0.08305933912227081,-0.2685216042805865
Cerulean_Warbler_0024_163406.jpg,0.43068988869320723,-0.0686393238388947,0.32935192994233037
Cerulean_Warbler_0092_163455.jpg,0.3531559330737586,-0.3369774775987944,0.32109990150233547
Cerulean_Warbler_0040_163219.jpg,0.367868724281722,-0.2919627425780891,-0.09609350367591525
Cerulean_Warbler_0057_163227.jpg,0.4088150765144759,-0.13883633148776853,-0.025942952303101875
Cerulean_Warbler_0051_163244.jpg,0.42878268616688764,-0.09325390554195434,0.10725425230157723
Cerulean_Warbler_0016_163265.jpg,0.3469396809158539,-0.35161456025480287,0.05986199958423133
Cerulean_Warbler_0055_163524.jpg,0.3611875214901118,-0.30246081706588,0.018315026598697236
Cerulean_Warbler_0041_163535.jpg,0.3196702744985638,-0.4581176386657597,0.16929549795274165
Cerulean_Warbler_0002_797219.jpg,0.44310273123475763,-0.04723183955656385,-0.04310876805382673
Cerulean_Warbler_0028_163302.jpg,0.32003979778182845,-0.45973658864919376,0.2617210737454738
Cerulean_Warbler_0025_797232.jpg,0.5091110524388267,0.18371415274877945,-0.21850176739015445
Cerulean_Warbler_0081_797179.jpg,0.36957659177534385,-0.2744300059204383,0.3644669553211243
Cerulean_Warbler_0082_797180.jpg,0.40744656134791113,-0.15490657585984335,0.1955694037554146
Chestnut_Sided_Warbler_0038_164354.jpg,0.5280782406194845,0.23271441737796794,0.38331238256498035
Chestnut_Sided_Warbler_0108_164356.jpg,0.4203775108262465,-0.10702755534390529,0.22231984625302595
Chestnut_Sided_Warbler_0030_163847.jpg,0.4026838605677022,-0.13367333876052623,0.05585937918354567
Chestnut_Sided_Warbler_0046_163856.jpg,0.4078124458368413,-0.11677864352835976,0.20562152893257968
Chestnut_Sided_Warbler_0096_163672.jpg,0.417779075636337,-0.10089393770002264,-0.08641175259699127
Chestnut_Sided_Warbler_0062_163859.jpg,0.33247646651719687,-0.3991300727131455,0.0749501638070827
Chestnut_Sided_Warbler_0127_163860.jpg,0.4569507706856799,0.0009534972327437385,0.15135208152995316
Chestnut_Sided_Warbler_0033_163607.jpg,0.5316091922573932,0.24603603854323386,0.24665074468030804
Chestnut_Sided_Warbler_0084_163872.jpg,0.30934294711132615,-0.47973026020072895,0.17134027072697747
Chestnut_Sided_Warbler_0036_163622.jpg,0.3632240237998974,-0.2811653922049615,-0.03180441982940433
Chestnut_Sided_Warbler_0090_163629.jpg,0.3614195175069288,-0.2969125876743859,0.11966389071457692
Chestnut_Sided_Warbler_0034_163911.jpg,0.39918168811650945,-0.17161503938511613,0.2156544371831287
Chestnut_Sided_Warbler_0103_163669.jpg,0.36184155876905866,-0.2855704617779873,0.1534088585117872
Chestnut_Sided_Warbler_0068_164184.jpg,0.4151017474224358,-0.10064307103982473,0.3241686729448928
Chestnut_Sided_Warbler_0057_163957.jpg,0.40080469637089144,-0.1427549869026623,-0.10562504833059873
Chestnut_Sided_Warbler_0087_164221.jpg,0.5437533909266501,0.2805815735031739,0.2865791895522513
Chestnut_Sided_Warbler_0037_164233.jpg,0.44178957311040856,-0.048035014157786105,0.14049629698701024
Chestnut_Sided_Warbler_0061_163978.jpg,0.37816249352059017,-0.23009619349680488,0.3281607324659018
Chestnut_Sided_Warbler_0052_163728.jpg,0.5560943640036953,0.29649015916460975,0.07347759196302268
Chestnut_Sided_Warbler_0058_163990.jpg,0.4971646438480912,0.15529716947865224,0.28742562128305765
Chestnut_Sided_Warbler_0049_163735.jpg,0.40242329030869317,-0.1612643244372267,-0.1467204921766653
Chestnut_Sided_Warbler_0008_164001.jpg,0.4362033481218075,-0.0382512723259969,0.3134741124389318
Chestnut_Sided_Warbler_0004_164279.jpg,0.5218027344019673,0.21081836867023052,0.10461423660705182
Chestnut_Sided_Warbler_0086_164024.jpg,0.33994518863179224,-0.3538067808970513,-0.10882396931129365
Chestnut_Sided_Warbler_0089_163776.jpg,0.3436411821974401,-0.34248896668683315,0.7323081062712704
Chestnut_Sided_Warbler_0125_164247.jpg,0.366574446982303,-0.2631083750366072,0.23557258231743178
Chestnut_Sided_Warbler_0083_164056.jpg,0.5696634309605257,0.3621290867832142,0.10253861912217051
Chestnut_Sided_Warbler_0005_164061.jpg,0.4847754862501761,0.09721281483487632,0.0007275254487187384
Chestnut_Sided_Warbler_0117_164066.jpg,0.3686437693600888,-0.2503283364896507,0.4393506275958066
Chestnut_Sided_Warbler_0001_163813.jpg,0.3981282552221689,-0.1556725035244173,-0.16771989140397062
Golden_Winged_Warbler_0035_164362.jpg,0.5956631975343958,0.4144189827458724,0.26214731557380294
Golden_Winged_Warbler_0041_164379.jpg,0.3663172631631718,-0.2884077144392245,0.041223014255854784
Golden_Winged_Warbler_0075_794848.jpg,0.49947646603610973,0.15931028482800513,0.2697934136649157
Golden_Winged_Warbler_0077_164432.jpg,0.3717079451451034,-0.2680585964654234,0.34496115341181405
Golden_Winged_Warbler_0042_164437.jpg,0.2926855256840982,-0.5270681202181722,-0.14368967277394615
Golden_Winged_Warbler_0070_164460.jpg,0.38862220723002383,-0.2044673354795199,-0.4380169501796924
Golden_Winged_Warbler_0084_164541.jpg,0.29879183139636156,-0.5205615766359719,0.09712322664061762
Golden_Winged_Warbler_0043_164476.jpg,0.4076108160945934,-0.1716966352312772,0.2758110131416201
Golden_Winged_Warbler_0081_164487.jpg,0.41368369682537165,-0.14029437885436846,0.12107095390459888
Golden_Winged_Warbler_0049_164509.jpg,0.41322349347153875,-0.13432832984055953,0.45969693574963777
Golden_Winged_Warbler_0034_794800.jpg,0.4494074250828132,0.011914582227954607,-0.06294752614513244
Golden_Winged_Warbler_0052_164529.jpg,0.3129637385261237,-0.4732790317580091,0.23448985958122698
Golden_Winged_Warbler_0091_794808.jpg,0.3663751007573769,-0.2885971705065218,0.3427524572433943
Golden_Winged_Warbler_0095_794809.jpg,0.3821537439398017,-0.22016611754743254,0.5015893291149385
Golden_Winged_Warbler_0087_794810.jpg,0.3119692004525023,-0.46388713536174286,0.39708872044264915
Golden_Winged_Warbler_0082_164544.jpg,0.30006223948980526,-0.5153774565555991,0.379493746790458
Golden_Winged_Warbler_0036_794817.jpg,0.3518041335731008,-0.3371079382117188,0.24773404129513726
Golden_Winged_Warbler_0039_794818.jpg,0.5084345112248327,0.16244149470891445,-0.01006770862797775
Golden_Winged_Warbler_0022_794833.jpg,0.4694762371873127,0.07487438449151895,0.1373481590354118
Golden_Winged_Warbler_0090_794830.jpg,0.48998104832482114,0.08846083635726898,0.5181248339070107
Golden_Winged_Warbler_0037_794839.jpg,0.3122138411052545,-0.4752690531625856,0.4980421004186651
Golden_Winged_Warbler_0031_794840.jpg,0.5359364575169853,0.24251586431838668,0.09119448645952588
Golden_Winged_Warbler_0065_794842.jpg,0.42981092194521586,-0.06554256458923358,0.372125277049536
Golden_Winged_Warbler_0086_794844.jpg,0.3141068977118645,-0.4793629080096413,0.19624314713518995
Golden_Winged_Warbler_0067_794846.jpg,0.34432740549254126,-0.3697528051928842,0.10078511130159949
Golden_Winged_Warbler_0032_794849.jpg,0.490345897870903,0.1022316890372702,-0.015374171566460964
Golden_Winged_Warbler_0050_164589.jpg,0.3326662984438785,-0.4023578407358026,-0.09044637613122465
Golden_Winged_Warbler_0076_164591.jpg,0.31415863663451893,-0.4651810645181158,-0.3732546148850237
Golden_Winged_Warbler_0040_164605.jpg,0.3319134943660921,-0.4150847547943275,-0.35667254101051316
Hooded_Warbler_0106_164869.jpg,0.3830154002681223,-0.21187735087974158,0.5190377027262888
Hooded_Warbler_0068_164872.jpg,0.427731278324861,-0.08124304576048225,0.43216531879063025
Hooded_Warbler_0028_164883.jpg,0.3643784975261718,-0.28303063081593693,0.10521748213448931
Hooded_Warbler_0051_164892.jpg,0.4062454945665419,-0.13257803767046838,0.47403221282755803
Hooded_Warbler_0042_164895.jpg,0.47619079440984136,0.049240656145733475,0.4733732391884285
Hooded_Warbler_0030_164897.jpg,0.41715033332006424,-0.12152091648400076,0.3120619354842908
Hooded_Warbler_0017_164911.jpg,0.3825107042657949,-0.2485303605607938,0.5670557826482642
Hooded_Warbler_0125_164925.jpg,0.35952406991089436,-0.31081174236833675,0.7240838211617363
Hooded_Warbler_0128_164620.jpg,0.45130966762903846,-0.016582972215589464,0.6289979951866271
Hooded_Warbler_0072_22097.jpg,0.4099717064922873,-0.1325936653333848,0.7261676031545766
Hooded_Warbler_0118_164991.jpg,0.323918530583457,-0.43477929575186725,0.4978168879874755
Hooded_Warbler_0133_165016.jpg,0.46122889903763653,0.028520857036226088,0.48205703955201207
Hooded_Warbler_0035_165040.jpg,0.431844776981386,-0.06790546395123043,0.6065374628728886
Hooded_Warbler_0105_165095.jpg,0.40973867219195437,-0.14217418744918198,0.11624051099443965
Hooded_Warbler_0117_165106.jpg,0.5037025990578079,0.15050247508080494,0.45895084950551057
Hooded_Warbler_0048_164622.jpg,0.3616481381182277,-0.30963025373702435,0.5936407439897349
Hooded_Warbler_0116_164630.jpg,0.4150528585819725,-0.10158138509968606,0.6555791451101569
Hooded_Warbler_0007_164633.jpg,0.3306068106997667,-0.39339460081776934,0.5307986809008617
Hooded_Warbler_0122_164635.jpg,0.4369121258329245,-0.09121713633562267,0.20432338324259763
Hooded_Warbler_0089_164640.jpg,0.39264876628548284,-0.18831598964268603,0.3223124675939149
Hooded_Warbler_0112_164650.jpg,0.4652621870447138,0.028499626270776957,0.504413594084125
Hooded_Warbler_0050_164662.jpg,0.6366067369401414,0.5139894708361141,0.4010255571731404
Hooded_Warbler_0033_165213.jpg,0.37584313697482163,-0.24863077476454043,0.5884129598929677
Hooded_Warbler_0095_164709.jpg,0.4940074503119406,0.12360415663011326,0.7365281158394338
Hooded_Warbler_0019_164710.jpg,0.34989171127427565,-0.3348500544407702,0.45780780286643846
Hooded_Warbler_0096_164739.jpg,0.4841349283959472,0.08016719716238918,0.6514194932540239
Hooded_Warbler_0067_164743.jpg,0.4238863383596124,-0.13051404147174095,0.3665196646402971
Hooded_Warbler_0036_164779.jpg,0.5528189094311773,0.2819511340784261,0.6518685737065045
Hooded_Warbler_0090_164794.jpg,0.3256422028660172,-0.4206054916208961,0.5796731414445758
Hooded_Warbler_0101_164806.jpg,0.5125627288453674,0.18704286794454428,0.8039163580852429
Kentucky_Warbler_0063_795904.jpg,0.5809023587422162,0.3893690888513386,0.2824886207364049
Kentucky_Warbler_0076_795907.jpg,0.33341809902949615,-0.3981465947824938,0.53777895966649
Kentucky_Warbler_0019_165389.jpg,0.5937748181789223,0.41063394731178593,0.43995756627242366
Kentucky_Warbler_0005_795919.jpg,0.4412519515346013,-0.00823679565413693,0.38714043757678124
Kentucky_Warbler_0014_165336.jpg,0.24809975424614117,-0.6957292179588586,-0.24016661763491
Kentucky_Warbler_0067_165404.jpg,0.403780193399115,-0.1584360445134294,0.5114282286832117
Kentucky_Warbler_0044_165436.jpg,0.5264761566087643,0.20967986093656543,0.3138947693102613
Kentucky_Warbler_0058_165441.jpg,0.4148333736626093,-0.1348772347516476,0.47048194677337485
Kentucky_Warbler_0002_795886.jpg,0.4465055743873675,-0.002680025595915625,0.41093779113992024
Kentucky_Warbler_0021_165230.jpg,0.3966034046713083,-0.162995912116904,0.4189615484976094
Kentucky_Warbler_0043_165240.jpg,0.4938012860847092,0.15069196631747217,0.33318102863653276
Kentucky_Warbler_0023_165247.jpg,0.367300799719244,-0.2885366340227842,0.3749635926373958
Kentucky_Warbler_0074_165269.jpg,0.5715146118991792,0.3566159337148874,0.40705854052747853
Kentucky_Warbler_0048_165360.jpg,0.43748146176800207,-0.02249788706433975,0.39171245760454104
Kentucky_Warbler_0047_165298.jpg,0.45813874355105033,-0.003709159438542109,-0.2865966536287081
Kentucky_Warbler_0049_165313.jpg,0.48516793274587655,0.08413456802139074,0.4536915881750329
Kentucky_Warbler_0053_165332.jpg,0.530028001181122,0.23533709509932765,0.3020007797565536
Kentucky_Warbler_0009_795865.jpg,0.40859469962325046,-0.18251269154539806,0.09250913423635874
Kentucky_Warbler_0015_795867.jpg,0.39763210239611646,-0.16043403998343853,0.021400732929375024
Kentucky_Warbler_0082_795869.jpg,0.5246163362243118,0.2058693754098656,0.5004081478515501
Kentucky_Warbler_0036_795872.jpg,0.5231695919310677,0.2224580423880228,0.09450686863270794
Kentucky_Warbler_0012_795875.jpg,0.4932494321377715,0.11424685088322428,0.2351700454144214
Kentucky_Warbler_0057_165349.jpg,0.5263459595928497,0.24023071361232706,0.5945111327371834
Kentucky_Warbler_0022_795882.jpg,0.45760308890729995,0.014633129966787117,0.5710627634085363
Kentucky_Warbler_0083_795883.jpg,0.4436561608721675,-0.0038897904136014905,0.3965284944291515
Kentucky_Warbler_0030_795885.jpg,0.44201989962184296,-0.036221717304049994,0.5097553679389608
Kentucky_Warbler_0003_795892.jpg,0.41333366775645164,-0.12096527981886429,0.29754800749329174
Kentucky_Warbler_0073_795895.jpg,0.5509604670169845,0.28187314735950486,0.6144013246061133
Kentucky_Warbler_0065_795899.jpg,0.5560493575297336,0.31677385318952467,0.4091708295814845
Magnolia_Warbler_0113_166401.jpg,0.49750066275187343,0.1153948040293774,0.3663769815547154
Magnolia_Warbler_0047_165900.jpg,0.3934889473262634,-0.17830426755581708,0.39153067033875916
Magnolia_Warbler_0021_165919.jpg,0.38324159090199983,-0.21924791604287264,0.33883907643823874
Magnolia_Warbler_0122_165940.jpg,0.44158717230779443,-0.046516798306767804,0.5770072933004945
Magnolia_Warbler_0045_165448.jpg,0.5217663383084044,0.21661162319053584,0.49669480095463997
Magnolia_Warbler_0120_165462.jpg,0.4209666246564997,-0.12429221317425165,0.2643240374153114
Magnolia_Warbler_0111_165478.jpg,0.4191394046572816,-0.11456915373947796,-0.06758630441019318
Magnolia_Warbler_0067_165484.jpg,0.6298525384401593,0.5042162486623671,0.47530859471970377
Magnolia_Warbler_0026_165498.jpg,0.3589128975214093,-0.30639538642772046,0.3801470585683175
Magnolia_Warbler_0039_165532.jpg,0.3413808983019707,-0.37102517036878746,0.2155593106407029
Magnolia_Warbler_0072_165534.jpg,0.4300414798093968,-0.09820069256480046,0.5541258961708305
Magnolia_Warbler_0139_166081.jpg,0.4465379770473332,-0.023347040414373632,0.7855483778686749
Magnolia_Warbler_0034_166097.jpg,0.48066416871506523,0.07384322374177077,0.533141317486791
Magnolia_Warbler_0095_166098.jpg,0.619055625067148,0.4749697121184019,0.33406891164221786
Magnolia_Warbler_0044_165599.jpg,0.3258233210142921,-0.4266018242038325,0.581266253027459
Magnolia_Warbler_0046_166150.jpg,0.35456093258072796,-0.3238794529329969,0.3508485513030926
Magnolia_Warbler_0051_165646.jpg,0.41562290997213003,-0.12313473407412756,0.665954208723788
Magnolia_Warbler_0103_165647.jpg,0.3921270775189777,-0.18662548970658932,0.5524816835949423
Magnolia_Warbler_0105_165661.jpg,0.4638158118222715,0.042579791415707446,0.6198948760457443
Magnolia_Warbler_0066_166184.jpg,0.3580772413928246,-0.2966446933983964,0.5223720158536399
Magnolia_Warbler_0057_165673.jpg,0.42866372578179146,-0.09994410994171243,0.5834713384224067
Magnolia_Warbler_0131_166197.jpg,0.5234605349379039,0.19555016356383692,0.7361903370940224
Magnolia_Warbler_0022_165693.jpg,0.43009769338096837,-0.07410380828070662,0.6023889333477636
Magnolia_Warbler_0043_165774.jpg,0.36372513517553307,-0.29736380221044545,0.5149052379951082
Magnolia_Warbler_0020_166211.jpg,0.38981694073772266,-0.1965433322086636,0.8140645986827385
Magnolia_Warbler_0079_165783.jpg,0.4469829488373249,-0.010948830810223686,0.6398782428559097
Magnolia_Warbler_0048_165862.jpg,0.4133874840603984,-0.12794862364302362,0.29326537911514583
Magnolia_Warbler_0140_165543.jpg,0.4042204138804365,-0.1546658732869477,0.5416417759353263
Magnolia_Warbler_0136_166388.jpg,0.3582961977906325,-0.3036160307161251,0.6574739759711713
Mourning_Warbler_0009_166429.jpg,0.5053592033630532,0.142215647799236,0.4191563824246155
Mourning_Warbler_0055_166436.jpg,0.33963147584051523,-0.375872089893327,0.37984680001524584
Mourning_Warbler_0056_166476.jpg,0.4338539430091397,-0.07257057166079117,0.506435181530519
Mourning_Warbler_0033_166489.jpg,0.3553052599362706,-0.33931822693792135,0.3022646344889614
Mourning_Warbler_0066_166491.jpg,0.4081439155733416,-0.1634882663291628,0.2834677518010198
Mourning_Warbler_0031_166494.jpg,0.4904556969247702,0.0915346827418041,0.4032718852068323
Mourning_Warbler_0039_166546.jpg,0.49898977184547655,0.1782519865122919,0.353529552954519
Mourning_Warbler_0038_166549.jpg,0.2868051021951261,-0.5635025617701928,-0.06525943545489403
Mourning_Warbler_0077_166567.jpg,0.41390053062906906,-0.11756524918549571,0.128605710176777
Mourning_Warbler_0045_166575.jpg,0.4041707925168049,-0.1697794251694642,0.340509298348687
Mourning_Warbler_0006_166595.jpg,0.30071684294207657,-0.518391620429264,0.4289889700654371
Mourning_Warbler_0048_166596.jpg,0.41228637998103956,-0.13380470608801365,0.32608913614058316
Mourning_Warbler_0061_166598.jpg,0.45240006449474557,-0.007892428156617282,0.024199906444320223
Mourning_Warbler_0057_795342.jpg,0.3995789336625525,-0.21336400352137308,0.43152117779535665
Mourning_Warbler_0050_795343.jpg,0.4152767531290772,-0.11420420673886889,0.0904717402909313
Mourning_Warbler_0025_166608.jpg,0.4994798283277361,0.14650974450344312,0.13620180261997436
Mourning_Warbler_0053_795345.jpg,0.4486404467773415,-0.01163703020042628,0.4361192714508744
Mourning_Warbler_0019_795347.jpg,0.5213601942808888,0.22290029534871136,0.13003538106222456
Mourning_Warbler_0067_795353.jpg,0.46301739916266205,0.030895054387451992,0.3991108081208767
Mourning_Warbler_0060_795355.jpg,0.49127005042349725,0.10775537441197602,0.2450806807483572
Mourning_Warbler_0041_795358.jpg,0.345648758878461,-0.3525603648126552,0.26495261476131415
Mourning_Warbler_0023_795362.jpg,0.4526274027037426,-0.027755539827882147,0.5494797213456716
Mourning_Warbler_0024_795363.jpg,0.6183540026530021,0.4672878779506021,0.4966714874970763
Mourning_Warbler_0040_795370.jpg,0.338457077305534,-0.37106679860376524,-0.298206667736374
Mourning_Warbler_0005_795372.jpg,0.5009035953946218,0.1489428256090255,0.25171343876318203
Mourning_Warbler_0047_795373.jpg,0.4503582055020996,-0.016502447511897333,0.18761942443541202
Mourning_Warbler_0065_795374.jpg,0.49968086142732737,0.12416741678362975,0.026158152410981312
Mourning_Warbler_0083_795376.jpg,0.4972000997329883,0.14911128483003022,0.25649300099903244
Mourning_Warbler_0018_795386.jpg,0.4972732715404905,0.15797828511266465,0.4939936260110465
Mourning_Warbler_0054_795387.jpg,0.4673492373471696,0.04314296736301393,0.23676013413736935
Myrtle_Warbler_0094_166922.jpg,0.26994510399631577,-0.6272537791449759,0.35697208618299664
Myrtle_Warbler_0086_166926.jpg,0.4675544787074206,0.05471177504730129,0.27437065514879017
Myrtle_Warbler_0071_166692.jpg,0.35883061891126333,-0.2771654853529524,0.020773587780642803
Myrtle_Warbler_0039_166709.jpg,0.29951481839728344,-0.5126427510233353,0.5001556468621625
Myrtle_Warbler_0045_166710.jpg,0.31320310767928305,-0.4588603051087059,0.5117727722715786
Myrtle_Warbler_0034_166720.jpg,0.28732455919025646,-0.5599492821873584,0.3785289757044201
Myrtle_Warbler_0054_166985.jpg,0.33847087378328966,-0.3789675848745204,0.4026743531819372
Myrtle_Warbler_0093_166986.jpg,0.32947762621803933,-0.39795900343672796,0.08730995626957917
Myrtle_Warbler_0047_166987.jpg,0.4954859886695884,0.11318099365052503,-0.08821557727182465
Myrtle_Warbler_0016_166736.jpg,0.45529515375591545,0.037540432833817805,0.14895633394248273
Myrtle_Warbler_0083_166738.jpg,0.3219721875244743,-0.42032989533812803,0.28393773491545127
Myrtle_Warbler_0020_166997.jpg,0.3595091899128273,-0.2943150470985745,0.3199940711308126
Myrtle_Warbler_0097_167001.jpg,0.2593713269341116,-0.6675446489987702,0.4431860287329302
Myrtle_Warbler_0077_166749.jpg,0.38460285455125054,-0.2110707403590486,-0.19174083136309533
Myrtle_Warbler_0091_166762.jpg,0.34655732653071725,-0.3171470135402368,0.6616976804450612
Myrtle_Warbler_0001_166770.jpg,0.289566805307921,-0.5381912229201287,0.06623088412098563
Myrtle_Warbler_0087_166783.jpg,0.33875265448897296,-0.3344723620178893,0.07476305229199301
Myrtle_Warbler_0068_166892.jpg,0.4071279556749775,-0.14208359253573866,0.12197386293179367
Myrtle_Warbler_0028_166905.jpg,0.2800276781213924,-0.5726788773376557,-0.042512612697777626
Myrtle_Warbler_0061_166816.jpg,0.3100943723868551,-0.4672717321314521,-0.40033504921820157
Myrtle_Warbler_0014_166831.jpg,0.35504773754052177,-0.2970757014117824,0.5344554755676267
Myrtle_Warbler_0113_166834.jpg,0.29026483939816683,-0.5447853811898551,0.44573176248620244
Myrtle_Warbler_0032_166847.jpg,0.2876764466612005,-0.5476035787055464,0.45116335293943277
Myrtle_Warbler_0063_93378.jpg,0.4781411210496991,0.05330389283828152,0.2929370275946482
Myrtle_Warbler_0044_166852.jpg,0.24940686873365792,-0.6950367594650104,0.21075390917079506
Myrtle_Warbler_0005_166853.jpg,0.215895832746409,-0.8207337974123508,0.42607047101697276
Myrtle_Warbler_0030_166732.jpg,0.5067133900343099,0.1790142778025352,0.016238647889480484
Myrtle_Warbler_0078_166875.jpg,0.27026560690638035,-0.6051726459494675,-0.16142538485238508
Myrtle_Warbler_0074_166637.jpg,0.40441168307137587,-0.15991781256810733,0.40734437381414695
Myrtle_Warbler_0088_166639.jpg,0.33274713183499327,-0.3849038175798831,0.3570377041161031
Nashville_Warbler_0109_167428.jpg,0.4284161890492658,-0.09123503171012515,0.028765775229860815
Nashville_Warbler_0015_167429.jpg,0.4749198153971653,0.035270474659150786,0.1890349727299055
Nashville_Warbler_0105_167452.jpg,0.4818621771773104,0.10084819244414267,0.19035332003057584
Nashville_Warbler_0127_167494.jpg,0.35090905583032117,-0.33663339114362634,0.11204826012626018
Nashville_Warbler_0057_167008.jpg,0.44906696486618625,-0.007328292101854261,0.07986415652606853
Nashville_Warbler_0115_167039.jpg,0.36258650268981585,-0.28329176549101875,-0.017872637920181914
Nashville_Warbler_0029_167044.jpg,0.3568909249735551,-0.31091191271222307,0.4625058729931369
Nashville_Warbler_0086_167045.jpg,0.5137562588464186,0.1942431811263743,0.37409011266476155
Nashville_Warbler_0041_167534.jpg,0.2831401163097862,-0.5670828395882324,0.33025975801563706
Nashville_Warbler_0130_167101.jpg,0.487550910321654,0.09640953200304525,0.19391893483094905
Nashville_Warbler_0005_167103.jpg,0.3525305515261623,-0.32790794535512635,-0.007820136673432856
Nashville_Warbler_0001_167117.jpg,0.3340037705262374,-0.39060383329598625,0.2881447540809219
Nashville_Warbler_0056_167123.jpg,0.5178208635881685,0.20301512706481628,0.632218146628046
Nashville_Warbler_0004_167146.jpg,0.38712552290264046,-0.20479460819028228,-0.04335268484948824
Nashville_Warbler_0120_167149.jpg,0.5290561238040193,0.24299345866700683,-0.03700428768233874
Nashville_Warbler_0107_167186.jpg,0.24892525600536453,-0.7117158071866581,0.3518824934164344
Nashville_Warbler_0014_167190.jpg,0.35717506629365625,-0.3244653606754839,-0.19642918607057985
Nashville_Warbler_0018_167191.jpg,0.45784769593924235,0.005794069700672089,0.7349377852470086
Nashville_Warbler_0020_167198.jpg,0.4378114921526943,-0.06265188724323312,0.18102434312662946
Nashville_Warbler_0027_167224.jpg,0.43779105839374854,-0.036361576733952905,0.5184607262132811
Nashville_Warbler_0054_167258.jpg,0.518026588233323,0.18562087130957605,-0.04096448651134138
Nashville_Warbler_0126_167274.jpg,0.5247960797708081,0.2213425288021913,0.3026898620161722
Nashville_Warbler_0037_167280.jpg,0.37688224234870626,-0.25030169629720556,0.42383046794415624
Nashville_Warbler_0124_167285.jpg,0.3961393150992226,-0.18154447596120638,0.5445780757768369
Nashville_Warbler_0123_167324.jpg,0.3446189346856233,-0.353765241654864,0.16467635468727831
Nashville_Warbler_0013_167326.jpg,0.39052592195794233,-0.2267510762920002,0.25712089636203306
Nashville_Warbler_0042_167346.jpg,0.3753991044802615,-0.2603591130874845,-0.005751016702843101
Nashville_Warbler_0061_167355.jpg,0.5622960102421521,0.32561619244147255,-0.4186805365993785
Nashville_Warbler_0044_167357.jpg,0.40917054516794427,-0.14535342903276427,0.502067852697928
Nashville_Warbler_0075_167419.jpg,0.3968922825958806,-0.1809775703065919,-0.17158591908091567
Orange_Crowned_Warbler_0065_167952.jpg,0.5070406594643786,0.16521828011394313,0.5038054185637657
Orange_Crowned_Warbler_0064_166929.jpg,0.48690794425416306,0.12367945165279826,0.43502592977439297
Orange_Crowned_Warbler_0078_167964.jpg,0.38179261120663943,-0.20653676405156807,0.1436990233908068
Orange_Crowned_Warbler_0037_167687.jpg,0.372431010264727,-0.2527508287279736,0.32983500277499905
Orange_Crowned_Warbler_0113_167984.jpg,0.3869016773943873,-0.21454908045337118,0.16494603272556102
Orange_Crowned_Warbler_0117_167987.jpg,0.5103574026429778,0.17344137161610218,0.2991067058862042
Orange_Crowned_Warbler_0033_167991.jpg,0.30419285439810384,-0.5092836740548352,0.44051282086082805
Orange_Crowned_Warbler_0006_167998.jpg,0.2941883594477619,-0.5445643627923207,0.6359389312788383
Orange_Crowned_Warbler_0097_168004.jpg,0.5391650459532547,0.25573896941527685,0.1700006001206507
Orange_Crowned_Warbler_0090_167607.jpg,0.40737681314179164,-0.13744160352142698,0.40345298517012745
Orange_Crowned_Warbler_0040_168029.jpg,0.3822467184561178,-0.2112747140132989,0.2672548061756038
Orange_Crowned_Warbler_0088_168052.jpg,0.29936955142990085,-0.5089655567640987,0.15541867335727974
Orange_Crowned_Warbler_0007_167545.jpg,0.6708018280778493,0.6047160268610823,0.18621671610881277
Orange_Crowned_Warbler_0016_168082.jpg,0.509201632464167,0.16440096065202414,0.7905979320629083
Orange_Crowned_Warbler_0094_167584.jpg,0.3897550493390646,-0.19492846159717692,0.27684097195744983
Orange_Crowned_Warbler_0048_167610.jpg,0.4239790756208618,-0.09686335325365647,0.0798302227742677
Orange_Crowned_Warbler_0011_167615.jpg,0.3802472879506871,-0.23431658337846795,0.4977512692482702
Orange_Crowned_Warbler_0019_167626.jpg,0.4753887322813525,0.07199114035824372,0.46388652542966813
Orange_Crowned_Warbler_0081_167647.jpg,0.47871654805392194,0.08382790414269192,0.49454808160576724
Orange_Crowned_Warbler_0102_168189.jpg,0.3848910373748744,-0.18887449790358324,0.11485363094235876
Orange_Crowned_Warbler_0015_168196.jpg,0.5562457598681135,0.3102227908962639,0.06483687286671638
Orange_Crowned_Warbler_0009_168228.jpg,0.41339477956843107,-0.12239038797704382,0.41452516606393414
Orange_Crowned_Warbler_0114_167732.jpg,0.37800127881022694,-0.2428768031440529,0.16733182774504396
Orange_Crowned_Warbler_0059_168259.jpg,0.5847390819147489,0.41118504255335797,0.3941812233557757
Orange_Crowned_Warbler_0021_168263.jpg,0.4658462378805155,0.05370258265075778,0.34963671619614944
Orange_Crowned_Warbler_0005_168314.jpg,0.473654817788116,0.0704425666831382,0.7166498199094835
Orange_Crowned_Warbler_0027_168381.jpg,0.41231928741213797,-0.1512208817024867,0.3518542291207067
Orange_Crowned_Warbler_0038_168384.jpg,0.37504663617404776,-0.25636699137677876,-0.35866078096229603
Orange_Crowned_Warbler_0112_168437.jpg,0.45835329025837,-0.001873736254455416,0.31620913737489675
Orange_Crowned_Warbler_0126_168445.jpg,0.44485405130090605,-0.030352083835263333,0.5314401360260171
Palm_Warbler_0007_169473.jpg,0.4423719873738159,-0.00555280889858123,-0.16018688909886938
Palm_Warbler_0051_169487.jpg,0.2813961282518206,-0.5868108669249514,0.4288891193172806
Palm_Warbler_0110_169490.jpg,0.4922550189350924,0.09676526979102895,0.1655572319528122
Palm_Warbler_0002_169527.jpg,0.41384754953433645,-0.0990625720265379,-0.1962773627872317
Palm_Warbler_0050_170042.jpg,0.4009145239318215,-0.17005472022584267,0.047806816267155675
Palm_Warbler_0077_169042.jpg,0.43229707773576076,-0.08565246387923908,0.1728186692901773
Palm_Warbler_0106_169571.jpg,0.30136319439685655,-0.5079529516840142,0.4930950837265426
Palm_Warbler_0107_170620.jpg,0.4666327056194477,0.044625165898920516,0.3317280930220737
Palm_Warbler_0046_169837.jpg,0.3526279332334583,-0.34355368419693266,-0.15135393296043234
Palm_Warbler_0111_169663.jpg,0.36983968614346663,-0.2691116216620182,0.6728579898720667
Palm_Warbler_0086_169676.jpg,0.35620456490485997,-0.3414704596180158,0.010909139911645847
Palm_Warbler_0068_170243.jpg,0.4492799380735968,-0.01918573130281076,0.2849804428065131
Palm_Warbler_0082_168709.jpg,0.37540423007919854,-0.24515960359004763,0.25222960704587166
Palm_Warbler_0100_168725.jpg,0.4269202043962175,-0.081302894609808,0.040182196593964395
Palm_Warbler_0081_169256.jpg,0.3096105362001933,-0.4826469631085317,0.6690885707925219
Palm_Warbler_0075_168751.jpg,0.5011204174325221,0.16698866186172934,0.45750541396410427
Palm_Warbler_0073_169781.jpg,0.48033682684031875,0.09146475369195817,0.5195172557825845
Palm_Warbler_0066_169284.jpg,0.3311262364750116,-0.3994455595836961,-0.096684872314948
Palm_Warbler_0116_170319.jpg,0.40459899723798787,-0.12832922597451213,0.21655527508564296
Palm_Warbler_0067_169318.jpg,0.3458137513384416,-0.3684794779220981,-0.49251880802350045
Palm_Warbler_0044_169319.jpg,0.41334554952168856,-0.13621609405900093,-0.0732136199383304
Palm_Warbler_0034_170352.jpg,0.35246066025098133,-0.3571215459142969,0.09366108019257967
Palm_Warbler_0096_170867.jpg,0.46036492549587504,0.022219127228289337,0.3202758737918967
Palm_Warbler_0102_168829.jpg,0.3613364275849067,-0.30620506116926727,-0.19876964715269838
Palm_Warbler_0047_169354.jpg,0.2512153023033492,-0.6887021897629917,-0.012109812809002555
Palm_Warbler_0039_170894.jpg,0.4413538885412406,-0.03070202710678349,-0.115640701147594
Palm_Warbler_0105_170429.jpg,0.3857563026736496,-0.23885424840140201,0.47301340687742693
Palm_Warbler_0005_169918.jpg,0.2864606091086379,-0.5736565029413718,0.02916940023218776
Palm_Warbler_0013_169411.jpg,0.43283645445804164,-0.06015389221996714,0.11778823984748783
Palm_Warbler_0108_169426.jpg,0.5213502424008987,0.1929112464945636,-0.3883679978821131
Pine_Warbler_0005_171548.jpg,0.39469795946112374,-0.19236475268104214,0.6587108894044141
Pine_Warbler_0119_171551.jpg,0.3919506142518109,-0.22860035024017145,0.6754638501472583
Pine_Warbler_0111_171040.jpg,0.3799215938576084,-0.22313936824438318,0.4942203156618007
Pine_Warbler_0095_171588.jpg,0.3289885657842785,-0.41608813113478216,0.5337601598143199
Pine_Warbler_0076_172104.jpg,0.4129158854184991,-0.12967014151312428,0.6908771722160504
Pine_Warbler_0065_172119.jpg,0.44086855621174326,-0.046951264735654474,0.5750875113528683
Pine_Warbler_0035_98396.jpg,0.3034523650550759,-0.5104820279800331,0.13472115885094926
Pine_Warbler_0044_171104.jpg,0.30035399761040094,-0.5255931249334405,0.575953833810445
Pine_Warbler_0133_171641.jpg,0.5153483389924778,0.15865181250851623,0.6658857668111023
Pine_Warbler_0045_171150.jpg,0.3815562345057829,-0.21754945716362384,0.7222076630393087
Pine_Warbler_0104_171668.jpg,0.357170870220363,-0.29888133201312583,0.45483566000617176
Pine_Warbler_0097_171671.jpg,0.381930907939122,-0.22929023502122514,0.4960770981400655
Pine_Warbler_0002_171176.jpg,0.334251666014983,-0.39524914346445095,0.6358847387460032
Pine_Warbler_0050_159442.jpg,0.5646238620942831,0.3359624631879704,0.711367649728248
Pine_Warbler_0141_171263.jpg,0.3800123248235049,-0.2275467300617955,0.6765093789416233
Pine_Warbler_0122_171274.jpg,0.5380518281820839,0.2778941808151697,0.6259481268370042
Pine_Warbler_0054_171287.jpg,0.4714879172394937,0.09405914394821302,0.6640337005906513
Pine_Warbler_0120_172340.jpg,0.5368135904281138,0.24743056936188645,0.7000917683806624
Pine_Warbler_0008_171330.jpg,0.42867852074765256,-0.06857768007805287,0.168575924787202
Pine_Warbler_0052_171380.jpg,0.32897354547351,-0.40447723321945417,0.5315698550348159
Pine_Warbler_0136_171382.jpg,0.41970333234897583,-0.0748131783995456,0.6223068339696122
Pine_Warbler_0084_172409.jpg,0.5253929718155411,0.22507012749138466,0.6964045515016418
Pine_Warbler_0038_171386.jpg,0.5293954878982035,0.24013364153303185,0.35459032663814605
Pine_Warbler_0103_171922.jpg,0.460473618026478,0.026341225279573277,0.5086207195646424
Pine_Warbler_0075_171933.jpg,0.5132992664356697,0.17012746232414744,0.5675108094033999
Pine_Warbler_0132_171936.jpg,0.32917363557013535,-0.4129154974565308,0.8081647263289409
Pine_Warbler_0113_172456.jpg,0.4021510829915512,-0.1489616929950066,0.6571550732275888
Pine_Warbler_0080_171975.jpg,0.4139165159632491,-0.10455492464076555,0.5863680859700361
Pine_Warbler_0020_171989.jpg,0.45904955887366383,0.020266840025667587,0.5688122184939367
Pine_Warbler_0101_171501.jpg,0.3884892710416763,-0.20665173818120697,0.48644982808674564
Prairie_Warbler_0113_172544.jpg,0.5848384469867929,0.3826417469669716,0.3416015663592432
Prairie_Warbler_0010_172547.jpg,0.35442989448477014,-0.3223589989456004,0.0987402802691415
Prairie_Warbler_0037_172550.jpg,0.3427605751242212,-0.3574778424983629,0.7051799337124639
Prairie_Warbler_0108_172559.jpg,0.3177197740376678,-0.4658458726829644,0.544486434614215
Prairie_Warbler_0058_172573.jpg,0.3810756854474562,-0.23530490009080562,0.3397734324546674
Prairie_Warbler_0096_172577.jpg,0.5677307775076881,0.32473286984342975,0.29018645541286897
Prairie_Warbler_0048_173095.jpg,0.2888703040487256,-0.5611921375667048,0.6014664450998597
Prairie_Warbler_0091_172597.jpg,0.3535414701919357,-0.3339708447056611,0.16671334231124266
Prairie_Warbler_0130_172609.jpg,0.5403300714555623,0.264320811026009,0.5052698583928332
Prairie_Warbler_0028_173123.jpg,0.5345065947115348,0.2540704468068573,0.4349788045828891
Prairie_Warbler_0029_172618.jpg,0.41410865791830964,-0.09770434698878505,0.490534006725919
Prairie_Warbler_0071_173140.jpg,0.45591739643468376,0.006096818237252166,0.6975184764529886
Prairie_Warbler_0138_172695.jpg,0.3609855826071695,-0.2933241652026515,0.3640603971212491
Prairie_Warbler_0132_172705.jpg,0.43588248086993964,-0.062268461794163565,0.7522633552399699
Prairie_Warbler_0078_172729.jpg,0.44451078202480376,-0.02466236654049081,0.5798547918828494
Prairie_Warbler_0079_172735.jpg,0.40423620971998764,-0.1763185167762753,-0.22512231054882645
Prairie_Warbler_0011_172744.jpg,0.41513862790753187,-0.1401346628958231,0.5337186544005864
Prairie_Warbler_0118_173261.jpg,0.37801562412163037,-0.24385938879676972,0.3818200729597754
Prairie_Warbler_0062_172755.jpg,0.3981704385767001,-0.1650909240695111,0.36996047586860614
Prairie_Warbler_0133_173279.jpg,0.37900283205841745,-0.2510739104769968,0.5407937581041612
Prairie_Warbler_0066_173350.jpg,0.3714277577639399,-0.2733631246802306,0.4878305552264932
Prairie_Warbler_0094_91950.jpg,0.47481008189426777,0.08166444519609295,0.6267950590576901
Prairie_Warbler_0052_173400.jpg,0.46622446683344765,0.05719025323412796,0.5008336589225503
Prairie_Warbler_0021_172902.jpg,0.3569992000229564,-0.32259402799581105,0.31075655665240126
Prairie_Warbler_0127_172913.jpg,0.32418166234138157,-0.4410164239720029,0.3615793909138855
Prairie_Warbler_0126_172931.jpg,0.30843846447915346,-0.4851789468399297,0.23219863943815996
Prairie_Warbler_0027_172465.jpg,0.46549980494770804,0.02004861118361556,-0.00965453502554099
Prairie_Warbler_0009_173022.jpg,0.30586794927507577,-0.4895149521603994,0.07903170763406238
Prairie_Warbler_0125_172536.jpg,0.502014871632525,0.14208086104081075,0.3643991503960057
Prairie_Warbler_0014_172542.jpg,0.3270937298478176,-0.4164692948740998,0.4385949886587314
Prothonotary_Warbler_0102_174595.jpg,0.47126430083193105,0.049235796539783494,-0.037978650812510194
Prothonotary_Warbler_0105_174097.jpg,0.40911772928207546,-0.13194653729738626,0.24842839755787588
Prothonotary_Warbler_0117_174622.jpg,0.41786369337020746,-0.113214613020864,0.7560379039265811
Prothonotary_Warbler_0094_173607.jpg,0.41439067691774856,-0.13052394752138996,-0.11190996468500532
Prothonotary_Warbler_0033_174123.jpg,0.39105008120625206,-0.18868902606698246,0.4739336485977531
Prothonotary_Warbler_0089_174636.jpg,0.3698327640055189,-0.26621811883021107,0.5291162566467396
Prothonotary_Warbler_0121_174643.jpg,0.33498339932465937,-0.3784760099543454,0.450937770844566
Prothonotary_Warbler_0022_174138.jpg,0.34719285589213944,-0.3533996201359446,-0.039961730231945165
Prothonotary_Warbler_0127_174149.jpg,0.4329249548912252,-0.0743314788759617,-0.3667486417238825
Prothonotary_Warbler_0090_174183.jpg,0.41407963468872755,-0.14085684481940608,-0.24166227713684807
Prothonotary_Warbler_0018_174196.jpg,0.3644295662700112,-0.29120052994064505,0.505221316713815
Prothonotary_Warbler_0071_173690.jpg,0.39882392921613186,-0.17857485757458735,0.249743814342794
Prothonotary_Warbler_0069_174210.jpg,0.43208254873419205,-0.06835440494647504,0.6093300998973453
Prothonotary_Warbler_0049_174213.jpg,0.5843842019688885,0.3699192293109014,0.00345940964610501
Prothonotary_Warbler_0106_174221.jpg,0.32078040938678276,-0.45264647685542125,-0.04561695955282762
Prothonotary_Warbler_0023_173788.jpg,0.41828734214743746,-0.09323721138822827,0.32579395860190413
Prothonotary_Warbler_0057_173865.jpg,0.42348713559972007,-0.11892519584849914,0.49250096311301284
Prothonotary_Warbler_0047_174340.jpg,0.44656118853431803,-0.011143119110939459,0.4535486718225657
Prothonotary_Warbler_0085_173829.jpg,0.4393323627570145,-0.0396876913010058,-0.054256843888770785
Prothonotary_Warbler_0019_173838.jpg,0.48317628677069857,0.07575779853979003,0.3703186549829536
Prothonotary_Warbler_0107_173921.jpg,0.5016123268196446,0.12469131221363228,0.6799575852356483
Prothonotary_Warbler_0065_173422.jpg,0.5155110661158122,0.21885661841838644,0.35086397420051124
Prothonotary_Warbler_0059_173434.jpg,0.4477607904769433,-0.0009120807500029304,-0.40603569239471893
Prothonotary_Warbler_0074_173443.jpg,0.48247515306803934,0.11432596504848624,0.4752319740832525
Prothonotary_Warbler_0040_173447.jpg,0.40877678800287054,-0.12982623376778868,0.3038406098306923
Prothonotary_Warbler_0004_173475.jpg,0.5657966023933992,0.31991839460771976,0.18234056221038591
Prothonotary_Warbler_0081_173510.jpg,0.5461191791308062,0.26589731509952386,-0.0712207170115222
Prothonotary_Warbler_0100_174539.jpg,0.3835007687173524,-0.192378931545659,0.18798408571647363
Prothonotary_Warbler_0054_174556.jpg,0.5717732555506694,0.3346795439856647,-0.4722271663389281
Prothonotary_Warbler_0031_174578.jpg,0.326182081201722,-0.4232011131697624,0.5712579419913122
Swainson_Warbler_0029_794883.jpg,0.5610321956482056,0.33029913495170693,0.16462746445875384
Swainson_Warbler_0010_174724.jpg,0.2719429931443855,-0.6188056713689012,-0.13781998869873027
Swainson_Warbler_0008_794886.jpg,0.437102509130031,-0.05833361868507936,0.25124597890297623
Swainson_Warbler_0015_794891.jpg,0.5740033688478314,0.361882221804703,0.39697086434760703
Swainson_Warbler_0013_794892.jpg,0.5571419292687425,0.3320965179413501,0.2465696926276526
Swainson_Warbler_0042_794895.jpg,0.48010380182627777,0.07231490810894936,0.22238070300286014
Swainson_Warbler_0028_794896.jpg,0.3938136814850508,-0.18448691263160266,0.12469495432329926
Swainson_Warbler_0012_174739.jpg,0.5346466283797794,0.23624909666773686,0.297186976140006
Swainson_Warbler_0035_174741.jpg,0.5807734678036727,0.3817721035139373,0.13925548184238065
Swainson_Warbler_0026_794884.jpg,0.4351180838106815,-0.0752541159236122,0.17598903462090987
Swainson_Warbler_0009_174746.jpg,0.3786956355405904,-0.23956498251264535,-0.2801576120659652
Swainson_Warbler_0005_794888.jpg,0.47805209095845036,0.08385886684162858,0.2498532537993677
Swainson_Warbler_0033_794856.jpg,0.5085046659425317,0.15988824700247084,0.5218199250561569
Swainson_Warbler_0053_174678.jpg,0.39050080719719715,-0.2057737770806607,0.04792486593666724
Swainson_Warbler_0031_174696.jpg,0.3098235829603405,-0.47013510969558814,0.09193534236935005
Swainson_Warbler_0006_794857.jpg,0.4601886397902628,0.016844623956119187,0.07031357552718161
Swainson_Warbler_0014_794858.jpg,0.6023852787204905,0.4328854979343588,-0.06545077758547152
Swainson_Warbler_0050_794861.jpg,0.5014911427606966,0.16367931770798572,0.14692234918724928
Swainson_Warbler_0016_174705.jpg,0.3540462631182144,-0.33231105339107914,-0.2283232929397562
Swainson_Warbler_0003_794866.jpg,0.37402582471728274,-0.25587354181102673,0.0034945465742250055
Swainson_Warbler_0055_794899.jpg,0.5333531798757196,0.22735139929086823,0.3506774595132883
Swainson_Warbler_0001_794869.jpg,0.4597130453112006,-0.0028808860484095256,0.4855539996331336
Swainson_Warbler_0056_794871.jpg,0.38045994609807565,-0.23021603431170923,-0.3453160879537366
Swainson_Warbler_0046_794872.jpg,0.5869120149241785,0.38443778361961034,0.2213971433998459
Swainson_Warbler_0052_794875.jpg,0.3778464745189133,-0.23848824519804857,0.11318208941113857
Swainson_Warbler_0027_794877.jpg,0.5532262958738281,0.28845204307913197,0.19217017422101626
Tennessee_Warbler_0050_174851.jpg,0.28515394173980246,-0.5637398237575144,-0.2681508658739908
Tennessee_Warbler_0014_175126.jpg,0.535247639762521,0.23259978949291626,0.29498965427028623
Tennessee_Warbler_0039_174883.jpg,0.2664237377878672,-0.6502248524430163,-0.1489025902308628
Tennessee_Warbler_0002_174884.jpg,0.5123249581794389,0.17271922343072688,0.2939466724594397
Tennessee_Warbler_0003_175154.jpg,0.4035485757334184,-0.13660960671963363,0.27150629906288704
Tennessee_Warbler_0041_174900.jpg,0.30796916150847964,-0.4773711551564308,0.5699342719349998
Tennessee_Warbler_0088_175163.jpg,0.4142652909493606,-0.06591627900400554,0.3066819960789771
Tennessee_Warbler_0054_174914.jpg,0.3328894805577608,-0.3955184752525416,0.7017260078702462
Tennessee_Warbler_0040_174933.jpg,0.2671756208530477,-0.6514843748842982,0.4597809339749061
Tennessee_Warbler_0009_174937.jpg,0.5692976085848227,0.3469967072330282,-0.15785933614328415
Tennessee_Warbler_0085_156530.jpg,0.5715677270394446,0.3551611522439436,0.32524250694544027
Tennessee_Warbler_0087_174968.jpg,0.2643511274093383,-0.6567087278188455,0.5913741525765932
Tennessee_Warbler_0025_174973.jpg,0.361442242501285,-0.28415792940564555,0.5429312911379202
Tennessee_Warbler_0049_175006.jpg,0.44330552020355696,-0.024389374893869054,0.3620490894545121
Tennessee_Warbler_0065_174757.jpg,0.408406602249782,-0.17177442347644112,0.039802673195758816
Tennessee_Warbler_0038_174760.jpg,0.3391406558197968,-0.3764316618815724,0.3231697978119986
Tennessee_Warbler_0075_174763.jpg,0.42226410302858863,-0.11293096638789679,0.24751891122072583
Tennessee_Warbler_0089_174764.jpg,0.38649743684610727,-0.22308951693883894,0.21704308178428258
Tennessee_Warbler_0070_174962.jpg,0.6303458677126121,0.509096246958382,0.1094054656303988
Tennessee_Warbler_0081_174771.jpg,0.5263684952210279,0.23217071866225103,-0.17641468431095209
Tennessee_Warbler_0042_175092.jpg,0.26671573808681215,-0.6535004048099269,0.005152550422495731
Tennessee_Warbler_0007_174796.jpg,0.4537955018181281,0.03010480804250626,0.4856752308976271
Tennessee_Warbler_0080_167714.jpg,0.2829577856273371,-0.5771897717427832,0.07755574401823905
Tennessee_Warbler_0098_174800.jpg,0.47562991829839807,0.09448997376542112,0.25883440917734135
Tennessee_Warbler_0027_174805.jpg,0.345179995337351,-0.3557112878937405,0.36660389047281416
Tennessee_Warbler_0076_174807.jpg,0.3702346440725234,-0.24491434606075813,0.5276220960501219
Tennessee_Warbler_0092_174810.jpg,0.37557248293002155,-0.27132699125348725,0.2023350969877088
Tennessee_Warbler_0013_163552.jpg,0.2892965008797568,-0.5607926068738336,0.4590115766014703
Tennessee_Warbler_0048_175079.jpg,0.41229792478596317,-0.11892894160951784,0.36044329207840337
Wilson_Warbler_0007_175618.jpg,0.5784274857578394,0.38452611490268995,0.3408449863452912
Wilson_Warbler_0133_175626.jpg,0.5157826730299666,0.17788492504051612,0.5615707575666089
Wilson_Warbler_0127_175637.jpg,0.5077734867691917,0.15121220446805772,0.2314074642776153
Wilson_Warbler_0074_175645.jpg,0.3876973715264469,-0.18921410322395116,0.4319173709531122
Wilson_Warbler_0066_117820.jpg,0.5017529825862108,0.14979463707040386,0.22151931049845847
Wilson_Warbler_0019_175175.jpg,0.4677948244124942,0.027427183961243884,0.1137422757308967
Wilson_Warbler_0055_175183.jpg,0.5732659017948898,0.3600744416034546,0.19089438467022843
Wilson_Warbler_0075_175234.jpg,0.4554688212121927,-0.0002693686876358292,0.04003588158368026
Wilson_Warbler_0080_175770.jpg,0.43573858818087363,-0.08807536960527207,0.20823527743901463
Wilson_Warbler_0067_175261.jpg,0.41827778702061746,-0.10495540955539018,0.17793399082337474
Wilson_Warbler_0118_175779.jpg,0.37516502074978597,-0.2363404122223025,0.3890427736521124
Wilson_Warbler_0131_175268.jpg,0.33920024724079334,-0.3782235224040704,0.6216829964631373
Wilson_Warbler_0056_175269.jpg,0.39482163119234126,-0.18038284943292782,0.16927446042484462
Wilson_Warbler_0024_175278.jpg,0.6068611625644544,0.4368974662621483,-0.2340582456376688
Wilson_Warbler_0027_175290.jpg,0.5454153529174207,0.27516869491293894,0.6555462410602464
Wilson_Warbler_0012_175328.jpg,0.36592421488766047,-0.3062456485406273,-0.00933226471240552
Wilson_Warbler_0040_175347.jpg,0.3165220396293783,-0.43957246218330304,0.00310500085260415
Wilson_Warbler_0064_175361.jpg,0.49558152616961604,0.13202397607156513,-0.08177847829767391
Wilson_Warbler_0134_175374.jpg,0.3620133075572326,-0.28384979615705297,-0.11199127766179465
Wilson_Warbler_0029_175417.jpg,0.455497165962773,0.009460360601536433,-0.20548241188792685
Wilson_Warbler_0060_175420.jpg,0.388632266326154,-0.19847896026026568,-0.04137492970758622
Wilson_Warbler_0034_175443.jpg,0.3352964773871919,-0.3933829720908397,0.2111741900074965
Wilson_Warbler_0072_175958.jpg,0.29724717641463094,-0.5356042067383997,0.030484743013379462
Wilson_Warbler_0092_175676.jpg,0.302027611012993,-0.5073291866915348,0.3598701466941505
Wilson_Warbler_0043_175491.jpg,0.4697122104901077,0.06321194423578458,0.3988913620915006
Wilson_Warbler_0016_175532.jpg,0.43041887730437467,-0.05434114300410342,-0.12626672403848535
Wilson_Warbler_0099_175559.jpg,0.5643829664491367,0.3383694098667698,0.4952774893772524
Wilson_Warbler_0002_175571.jpg,0.42869553869794197,-0.07674697187096036,-0.24131136489519914
Wilson_Warbler_0109_175578.jpg,0.4643517398696081,0.0579440244929752,0.1403335727352584
Wilson_Warbler_0095_175595.jpg,0.39486712040215,-0.19026329153300092,-0.1923914672095037
Worm_Eating_Warbler_0075_176045.jpg,0.3955127125071707,-0.18609593433004856,-0.13693246305202453
Worm_Eating_Warbler_0066_92460.jpg,0.4386299993446877,-0.03613800356194363,-0.026760471179199122
Worm_Eating_Warbler_0046_176053.jpg,0.3741669924278279,-0.26118660375501435,0.6084057541389626
Worm_Eating_Warbler_0069_176055.jpg,0.4264167177571623,-0.08740532886376418,0.32655459935435044
Worm_Eating_Warbler_0005_175977.jpg,0.3988348552136959,-0.17546656079914458,0.28835449097210014
Worm_Eating_Warbler_0087_175978.jpg,0.4035467950277355,-0.16311266878852249,0.1840520749125566
Worm_Eating_Warbler_0045_795518.jpg,0.44958589483096256,-0.032258409717834224,0.35107095057079235
Worm_Eating_Warbler_0067_795520.jpg,0.41263646882049865,-0.13191194954845598,0.3502570683171614
Worm_Eating_Warbler_0090_795523.jpg,0.44148316582074665,-0.018001352991918962,0.2571171899412034
Worm_Eating_Warbler_0016_795528.jpg,0.43355553494720733,-0.05944801467583294,0.12219074020477975
Worm_Eating_Warbler_0002_795533.jpg,0.3665407457001657,-0.2744959978069714,0.1090359541351246
Worm_Eating_Warbler_0061_795537.jpg,0.3971219136608498,-0.20378821784501566,0.17331094283737908
Worm_Eating_Warbler_0021_795545.jpg,0.4911115313834743,0.13349716478858897,0.5695179815710955
Worm_Eating_Warbler_0056_795547.jpg,0.43457924600508036,-0.06178957654337869,0.01553120729596574
Worm_Eating_Warbler_0019_795554.jpg,0.6033196296188936,0.4275493957319868,0.24475861801996227
Worm_Eating_Warbler_0079_176036.jpg,0.5297092366804643,0.225750799749316,0.2701372786881921
Worm_Eating_Warbler_0072_795559.jpg,0.5479727367577532,0.28003352112335067,-0.42674301948554855
Worm_Eating_Warbler_0014_176042.jpg,0.5236993090300479,0.20295898566087545,0.2729969289321907
Worm_Eating_Warbler_0098_795565.jpg,0.42122994420433724,-0.07271554204016062,0.6853675194553193
Worm_Eating_Warbler_0062_795568.jpg,0.47662079147261804,0.04364956129472353,0.11096436219251861
Worm_Eating_Warbler_0042_795571.jpg,0.3949890080469858,-0.1967614407916185,0.1954601507279298
Worm_Eating_Warbler_0036_795573.jpg,0.5541575155933038,0.28554044690226954,-0.0034206002842973823
Worm_Eating_Warbler_0027_176062.jpg,0.44037893717855603,-0.03762354247169464,0.14079447893424524
Worm_Eating_Warbler_0051_176068.jpg,0.4306919059711396,-0.06106963756719175,-0.19306376937776784
Worm_Eating_Warbler_0086_176073.jpg,0.3595484315545454,-0.30388492993759697,0.5367561088343281
Worm_Eating_Warbler_0031_176075.jpg,0.44757555974532615,-0.026808794307437545,0.1093352608566628
Worm_Eating_Warbler_0053_176079.jpg,0.4149069891211299,-0.10445858822587839,0.26688162567764284
Worm_Eating_Warbler_0076_176086.jpg,0.32867354629119416,-0.42242964385521087,-0.02622507006071348
Worm_Eating_Warbler_0039_176120.jpg,0.5574718499397933,0.2907814961844015,0.47557680618297793
Yellow_Warbler_0038_176388.jpg,0.44157659380477066,-0.030325401667156138,0.13429202051536793
Yellow_Warbler_0071_176655.jpg,0.36713616060045273,-0.27362030257739334,0.389944567137439
Yellow_Warbler_0061_176559.jpg,0.28042496852490306,-0.5933502596053195,0.026764311376256542
Yellow_Warbler_0080_176542.jpg,0.48738652867193755,0.08703561237801472,0.34321405239434494
Yellow_Warbler_0118_176409.jpg,0.3718547728768915,-0.2614314706215082,0.5041400276317306
Yellow_Warbler_0014_176414.jpg,0.3987702882527404,-0.2089876613772177,-0.11715741864445854
Yellow_Warbler_0057_176675.jpg,0.4157539738979853,-0.09864264265022382,0.22679493044884827
Yellow_Warbler_0011_176676.jpg,0.43599339932736314,-0.03281198321186962,0.7777415312979739
Yellow_Warbler_0003_176429.jpg,0.314805933845814,-0.4701954801385255,-0.14030043793162097
Yellow_Warbler_0122_176182.jpg,0.5853355002355378,0.38032696587991355,0.14024710316618622
Yellow_Warbler_0016_176452.jpg,0.2957100052161641,-0.5394098225212665,0.4956953498861929
Yellow_Warbler_0047_176456.jpg,0.35226031423764903,-0.3318562827574614,0.4038197722638871
Yellow_Warbler_0114_176201.jpg,0.37938876625886764,-0.22683237295149472,0.3428312168225639
Yellow_Warbler_0123_176471.jpg,0.46062209245356356,0.02367786517270254,0.22377084514008966
Yellow_Warbler_0073_176218.jpg,0.3610769684538988,-0.30545261905598453,-0.018283018935222186
Yellow_Warbler_0093_176490.jpg,0.3172320756588105,-0.4535566443765311,0.22194390455094082
Yellow_Warbler_0040_176954.jpg,0.430643257830412,-0.10415665355442516,-0.09600885457387791
Yellow_Warbler_0031_176282.jpg,0.27676735465495683,-0.6082887702670028,0.6093853683431968
Yellow_Warbler_0063_176800.jpg,0.4170333378448745,-0.11468342002359755,-0.2571096915962888
Yellow_Warbler_0112_176301.jpg,0.4615642616437027,0.01023436522094967,0.342196352157268
Yellow_Warbler_0042_176460.jpg,0.4399081192502121,-0.06575454331017139,0.6098338523545106
Yellow_Warbler_0088_176336.jpg,0.506768727173641,0.19621891979934092,0.5728377160931076
Yellow_Warbler_0026_176337.jpg,0.4521984910347433,-0.032331396426684256,0.16874607820457216
Yellow_Warbler_0029_176855.jpg,0.28343303416595955,-0.5714882261776442,0.29862388011634283
Yellow_Warbler_0101_176864.jpg,0.4628252264086452,0.0018805976679246994,-0.08627503919665092
Yellow_Warbler_0105_176849.jpg,0.5148534874609658,0.18577257609021658,0.6995103225472253
Yellow_Warbler_0035_176360.jpg,0.3610754288609668,-0.3099809764000714,-0.13258221068127932
Yellow_Warbler_0017_176888.jpg,0.46146607778728954,0.015369236591426527,0.5896018054564578
Yellow_Warbler_0058_176891.jpg,0.5480285665742128,0.2723413356638055,0.4459884378456329
Yellow_Warbler_0106_176383.jpg,0.44270835385435203,-0.0505176695078553,0.44758200835016654
Northern_Waterthrush_0077_177152.jpg,0.44700609425335425,-0.02005276326743921,-0.17901321451181818
Northern_Waterthrush_0046_176984.jpg,0.4339862001613696,-0.07351614007183294,0.3394860971007807
Northern_Waterthrush_0038_177027.jpg,0.401152021745659,-0.1642518536416231,0.3441042030820594
Northern_Waterthrush_0021_177187.jpg,0.4643037652357934,0.03368043066767323,0.3375749029129216
Northern_Waterthrush_0041_177199.jpg,0.48187425716423604,0.07275769536149379,-0.07735601362344471
Northern_Waterthrush_0060_177213.jpg,0.3942380353508341,-0.18887164866704143,0.09140852825477674
Northern_Waterthrush_0033_177214.jpg,0.27877146387758267,-0.6007377809102779,0.02522759324986026
Northern_Waterthrush_0081_176972.jpg,0.4488774098561974,-0.009932095596083768,0.5766677509219327
Northern_Waterthrush_0075_176978.jpg,0.333108161118739,-0.39886719039849816,0.22002795136914263
Northern_Waterthrush_0082_177243.jpg,0.4187520976510378,-0.11252421820276104,0.153841038302342
Northern_Waterthrush_0023_177002.jpg,0.456925225523908,0.019290325441907785,0.2962322541792183
Northern_Waterthrush_0096_177007.jpg,0.46569522828852816,0.020954636341447008,0.1699857739187487
Northern_Waterthrush_0079_177008.jpg,0.3593746076890263,-0.3068283930448221,0.3173745276447398
Northern_Waterthrush_0042_177272.jpg,0.3156261600390686,-0.479245294425954,0.07922064649995965
Northern_Waterthrush_0036_177274.jpg,0.5373649333119599,0.2398889663480176,-0.004649920463530594
Northern_Waterthrush_0005_177023.jpg,0.3566573123265625,-0.32995325701578015,0.371486525821989
Northern_Waterthrush_0027_177286.jpg,0.3744349490786426,-0.24000000848491054,-0.1880126766838088
Northern_Waterthrush_0057_177291.jpg,0.335112285752851,-0.3847802618752534,0.18497664333522423
Northern_Waterthrush_0097_177045.jpg,0.38167721403913124,-0.2311977223941395,0.13393027613746258
Northern_Waterthrush_0047_177304.jpg,0.3544835173930124,-0.33420268646259,0.23698235399419718
Northern_Waterthrush_0073_177063.jpg,0.5634101628872136,0.33228306462862633,-0.34527116490550475
Northern_Waterthrush_0110_177074.jpg,0.4534605973015611,-0.012730500270954792,-0.18087636263319745
Northern_Waterthrush_0063_177346.jpg,0.38080723960280827,-0.24858730718821231,0.15939348051607963
Northern_Waterthrush_0086_177358.jpg,0.32418055505442867,-0.4444160367893344,0.5218918348736341
Northern_Waterthrush_0062_177364.jpg,0.45565315264472805,-0.0068527528164066265,-0.3126342135126197
Northern_Waterthrush_0098_177116.jpg,0.5149514563130444,0.17974217051366614,0.05614499465522819
Northern_Waterthrush_0072_177121.jpg,0.3548698320043898,-0.3287027577243642,-0.08782603990067367
Northern_Waterthrush_0093_177141.jpg,0.39380133567453923,-0.1733421029251878,0.2510042180841781
Northern_Waterthrush_0058_177143.jpg,0.3436254857756339,-0.3584211107460782,-0.24678666971713328
Northern_Waterthrush_0087_177148.jpg,0.5090084966032328,0.16703229516213225,0.24711491395259017
Louisiana_Waterthrush_0027_177539.jpg,0.42270728470801444,-0.0831069375345157,0.5315240441757627
Louisiana_Waterthrush_0078_177444.jpg,0.38427361934911264,-0.21509300223742533,0.3996588523879387
Louisiana_Waterthrush_0059_177449.jpg,0.4160691027728053,-0.14021109137599086,-0.10301229518161231
Louisiana_Waterthrush_0047_177523.jpg,0.4848547408744298,0.10708071456505963,0.04697798933615209
Louisiana_Waterthrush_0054_176977.jpg,0.44740513833661655,-0.029271306227658167,-0.024581269579938482
Louisiana_Waterthrush_0016_795240.jpg,0.5487505268436055,0.281596410247683,0.3901725620271275
Louisiana_Waterthrush_0053_795241.jpg,0.42886219917565926,-0.087763210349592,-0.33063730367544536
Louisiana_Waterthrush_0030_795248.jpg,0.4381099743867183,-0.046480185670887186,0.43442353442390913
Louisiana_Waterthrush_0040_795251.jpg,0.4848479983437418,0.09269908873122146,-0.20152752890974915
Louisiana_Waterthrush_0079_795252.jpg,0.4488039329372029,-0.024888146843974557,-0.3053222812568264
Louisiana_Waterthrush_0010_795255.jpg,0.4777193915128978,0.05492964706581771,0.1901940398099418
Louisiana_Waterthrush_0076_795257.jpg,0.44351202348484264,-0.03830982828829388,-0.1321050148617505
Louisiana_Waterthrush_0007_795258.jpg,0.42456467222478855,-0.10524996692483501,0.163728967203054
Louisiana_Waterthrush_0066_795259.jpg,0.5807317271781596,0.36563446531730837,0.33932613461978456
Louisiana_Waterthrush_0086_795263.jpg,0.4324527520429189,-0.0876824522989228,0.6073581054787529
Louisiana_Waterthrush_0094_795264.jpg,0.37624343099850754,-0.23817663495707864,0.2816596508182005
Louisiana_Waterthrush_0057_795270.jpg,0.3397491030969,-0.3734583355960255,-0.13907947246161267
Louisiana_Waterthrush_0055_795280.jpg,0.4665803701406017,0.02573198398569676,0.1597894329525254
Louisiana_Waterthrush_0033_795281.jpg,0.4108451121936726,-0.13307253124328455,0.27509545436084903
Louisiana_Waterthrush_0081_795283.jpg,0.4391311048493335,-0.03232329099661313,0.47488988320190784
Louisiana_Waterthrush_0088_795284.jpg,0.45342675393097287,-0.004377566326493998,0.2249610377887769
Louisiana_Waterthrush_0002_795285.jpg,0.4567271213264342,0.0014145819280264593,0.36301946034758525
Louisiana_Waterthrush_0073_177558.jpg,0.5575714103243111,0.3040906911080371,0.3857959290120125
Louisiana_Waterthrush_0019_177062.jpg,0.3770010209339181,-0.2577809933048594,0.4044928860987241
Louisiana_Waterthrush_0052_177519.jpg,0.47808918886610474,0.0690244643655551,0.24652677545813162
Louisiana_Waterthrush_0046_177604.jpg,0.4680248303018699,0.031824738092812166,0.17432322230125066
Louisiana_Waterthrush_0064_177380.jpg,0.41967465774380985,-0.11795380674588629,-0.09914507683301775
Louisiana_Waterthrush_0032_177385.jpg,0.48672584928565377,0.10288220606926879,0.11239611322891449
Louisiana_Waterthrush_0058_177388.jpg,0.42692297045262007,-0.10458004581291935,0.3105579852419931
Louisiana_Waterthrush_0022_177397.jpg,0.37360268039991495,-0.23960096064938208,0.31702470751336526
Bohemian_Waxwing_0001_796680.jpg,0.4726132016800433,0.06364740346777631,-0.09501487067257312
Bohemian_Waxwing_0068_796682.jpg,0.49670749978942386,0.14415624695262708,-0.08481989138045976
Bohemian_Waxwing_0062_796683.jpg,0.4891671771060532,0.11496626657088849,-0.3809056780637897
Bohemian_Waxwing_0104_177676.jpg,0.5295143016884543,0.24896396004590426,-0.20472925493624633
Bohemian_Waxwing_0079_796687.jpg,0.5543982751478161,0.31656728039448123,-0.22391436044914245
Bohemian_Waxwing_0037_796638.jpg,0.5431500490136014,0.2933606562331552,0.2688327940630162
Bohemian_Waxwing_0084_796639.jpg,0.5171873627065269,0.1816265588301843,-0.014209656039271575
Bohemian_Waxwing_0115_177724.jpg,0.47065101503302564,0.04646706524315525,-0.366172863561634
Bohemian_Waxwing_0099_177747.jpg,0.45033275048758536,0.0020974429546581908,-0.212179489998572
Bohemian_Waxwing_0098_178009.jpg,0.5693233268141158,0.33992856155691364,0.08300551968903838
Bohemian_Waxwing_0101_796653.jpg,0.5351135795018893,0.26339093615879206,0.22300024766312387
Bohemian_Waxwing_0078_796649.jpg,0.5198109816203049,0.21270086547395872,-0.03328961876789027
Bohemian_Waxwing_0057_177784.jpg,0.5216789334813887,0.2268136685760923,-0.10102738505276536
Bohemian_Waxwing_0102_796692.jpg,0.5264269440711583,0.19432411304662656,-0.17540604904450494
Bohemian_Waxwing_0119_177942.jpg,0.5808349764401829,0.4025203399615701,0.03828924407597772
Bohemian_Waxwing_0004_796652.jpg,0.47227125290946326,0.08184190859948748,-0.18168692209324996
Bohemian_Waxwing_0082_796655.jpg,0.5901912369110258,0.39468318473694586,-0.19300810470257643
Bohemian_Waxwing_0121_796658.jpg,0.5294480438214286,0.2470444915829385,-0.43172958278135926
Bohemian_Waxwing_0026_177845.jpg,0.3853141572677047,-0.23583082257098442,0.09814421245642557
Bohemian_Waxwing_0054_796623.jpg,0.534713931217593,0.23941238159336264,-0.20333703236803014
Bohemian_Waxwing_0100_796627.jpg,0.584260388347907,0.3805602822216374,-0.05351751045546106
Bohemian_Waxwing_0050_796630.jpg,0.5266089906364937,0.20444218109872503,0.2831574213736002
Bohemian_Waxwing_0038_796632.jpg,0.4772258038622753,0.0928773534152374,0.25617160733085154
Bohemian_Waxwing_0081_796636.jpg,0.4643693971452252,0.06680835072673708,0.06161768889506099
Bohemian_Waxwing_0041_177630.jpg,0.4708362107098235,0.05114869556846746,-0.19062541674578787
Bohemian_Waxwing_0060_796642.jpg,0.6443700540521857,0.5440836336035608,-0.06240224408076225
Bohemian_Waxwing_0056_796645.jpg,0.5372242047623388,0.2619788900614536,-0.14380369004439214
Bohemian_Waxwing_0034_796646.jpg,0.4612285071023543,0.0448393518800958,-0.2650419094487118
Bohemian_Waxwing_0036_796661.jpg,0.5011047443914622,0.13107572119308009,-0.1735563212778699
Bohemian_Waxwing_0029_177915.jpg,0.4480658230179686,-0.017616613322546604,-0.310224876821217
Cedar_Waxwing_0034_179715.jpg,0.31259366162356084,-0.46814932154648936,-0.2549710958790543
Cedar_Waxwing_0028_179724.jpg,0.5004183782189576,0.1359693609159779,-0.2083747771153825
Cedar_Waxwing_0030_178202.jpg,0.49561553135879355,0.13782735994451123,0.2956812163233872
Cedar_Waxwing_0049_178723.jpg,0.46218822299789153,0.040071988094017685,0.24474734715591248
Cedar_Waxwing_0033_178737.jpg,0.4382312928839446,-0.03328019033680252,0.4041240965087459
Cedar_Waxwing_0024_178230.jpg,0.5286676841536353,0.2239161785794368,0.4062933898515153
Cedar_Waxwing_0083_178743.jpg,0.5672450570806316,0.3265738666358994,0.1681113700795258
Cedar_Waxwing_0061_179305.jpg,0.478591820298495,0.09274490156055792,0.3437340504087679
Cedar_Waxwing_0058_178795.jpg,0.5596749819428801,0.3121614525469478,0.2093405050008038
Cedar_Waxwing_0015_178818.jpg,0.5821165368836378,0.3717637465147485,0.0805531966216634
Cedar_Waxwing_0057_178370.jpg,0.42704860857937466,-0.10335460404733676,-0.2971747054677504
Cedar_Waxwing_0043_178321.jpg,0.467699178944773,0.06365361884381293,0.16384481251369062
Cedar_Waxwing_0069_179310.jpg,0.5022022631121228,0.16647546356255927,0.09708754880025344
Cedar_Waxwing_0124_178857.jpg,0.5235832996967891,0.22840706471677807,0.1625790842405142
Cedar_Waxwing_0042_179391.jpg,0.557902428231899,0.30830482301392337,0.23897874674740444
Cedar_Waxwing_0074_178888.jpg,0.4494687917657558,-0.03095373547975422,0.49683115999945143
Cedar_Waxwing_0010_178891.jpg,0.40425466810351285,-0.13385865670195463,-0.06770932621001167
Cedar_Waxwing_0053_178892.jpg,0.5394431605325942,0.3002687155658287,0.4294712005876341
Cedar_Waxwing_0051_178385.jpg,0.5225086439297899,0.2336126951226294,0.23790271735299454
Cedar_Waxwing_0019_178654.jpg,0.49001140215016403,0.09085992968109835,0.20936131136890612
Cedar_Waxwing_0072_178058.jpg,0.5749480287965605,0.35957471192744306,-0.04543312305575479
Cedar_Waxwing_0070_179007.jpg,0.5324944250542156,0.24799517567119844,0.08218492000341529
Cedar_Waxwing_0059_178500.jpg,0.5322467194171483,0.22824852889327285,0.4605827141634527
Cedar_Waxwing_0002_179071.jpg,0.38791040938425647,-0.19084957484786313,0.005001744183442389
Cedar_Waxwing_0107_179098.jpg,0.5148487898170468,0.1955319661120678,0.2742345464561093
Cedar_Waxwing_0075_179114.jpg,0.37546985345229567,-0.25284036388233244,0.46354287729503707
Cedar_Waxwing_0113_178627.jpg,0.4528483974234486,0.015117341540540563,0.1886635684349184
Cedar_Waxwing_0011_179149.jpg,0.5352598735065147,0.25736200163122847,0.06474013723974895
Cedar_Waxwing_0100_178643.jpg,0.6465637897776866,0.5403576984111496,0.45290166385463587
Cedar_Waxwing_0001_179170.jpg,0.5844423834664392,0.3859140091643496,0.2288963658680237
American_Three_Toed_Woodpecker_0048_796163.jpg,0.5762019932409219,0.37851520832034546,0.1827479563635015
American_Three_Toed_Woodpecker_0034_796165.jpg,0.5566874949871223,0.29488977603421795,0.34724632857729837
American_Three_Toed_Woodpecker_0028_796175.jpg,0.5443160582635691,0.2738837089226235,0.2062897200673967
American_Three_Toed_Woodpecker_0040_796180.jpg,0.43647570359044807,-0.061144972662990016,-0.02277200099028255
American_Three_Toed_Woodpecker_0047_796185.jpg,0.5875471161807373,0.3855261619088276,0.4458434557730717
American_Three_Toed_Woodpecker_0050_796186.jpg,0.43764140887584013,-0.06669577803276416,0.2987641412044636
American_Three_Toed_Woodpecker_0019_179870.jpg,0.48693474085385724,0.0952679501317596,0.4914394759075147
American_Three_Toed_Woodpecker_0014_179882.jpg,0.4774145258243411,0.05585765298952006,0.3792102741896345
American_Three_Toed_Woodpecker_0003_179891.jpg,0.5045973494034012,0.1586908189560624,0.27043676642688386
American_Three_Toed_Woodpecker_0020_179828.jpg,0.7217472841165342,0.7120597879076225,0.09125429745043662
American_Three_Toed_Woodpecker_0032_796170.jpg,0.43604720165077826,-0.04705223655867963,0.26191107370693617
American_Three_Toed_Woodpecker_0005_179902.jpg,0.39131977666805384,-0.1955195332629791,0.4266028184181398
American_Three_Toed_Woodpecker_0023_179909.jpg,0.5775556214596538,0.3528587182527225,0.3300771157309439
American_Three_Toed_Woodpecker_0017_179830.jpg,0.5391788203717873,0.25358950273601055,0.40364123258358736
American_Three_Toed_Woodpecker_0022_179933.jpg,0.4902955374572937,0.09399772154489772,0.13477790466896758
American_Three_Toed_Woodpecker_0036_796146.jpg,0.6247458234069077,0.4873080411201759,0.21032606149642918
American_Three_Toed_Woodpecker_0045_796148.jpg,0.5519931984364992,0.298134057550544,0.16541260885724823
American_Three_Toed_Woodpecker_0042_796149.jpg,0.572551567584662,0.3346501315094196,0.3692240075489754
American_Three_Toed_Woodpecker_0026_796157.jpg,0.5393897439623588,0.25661658666723497,0.18483611767438907
American_Three_Toed_Woodpecker_0035_796158.jpg,0.48606139941268267,0.10838342815657809,-0.19607095016855583
Pileated_Woodpecker_0075_180480.jpg,0.3486243184106368,-0.3413040366978095,0.15443619642333725
Pileated_Woodpecker_0012_179976.jpg,0.5839828627596746,0.3797467261653473,0.12860185678547856
Pileated_Woodpecker_0013_180746.jpg,0.42775359210625175,-0.08687542081977773,0.05958344422662829
Pileated_Woodpecker_0082_180523.jpg,0.38001120124185683,-0.2333030859938141,-0.017658091539058146
Pileated_Woodpecker_0039_180012.jpg,0.4457737089228049,-0.029487968357494232,0.445167816521236
Pileated_Woodpecker_0002_180024.jpg,0.4863547081910744,0.10707931378038382,-0.01831753765483467
Pileated_Woodpecker_0121_180026.jpg,0.5081903930233607,0.19525403408180175,-0.5128304590373328
Pileated_Woodpecker_0070_180034.jpg,0.4567241452983525,0.005705818189288836,0.05140164498983694
Pileated_Woodpecker_0067_179979.jpg,0.5249505867795623,0.2257337408194674,0.542813642292144
Pileated_Woodpecker_0083_180038.jpg,0.41449798504122126,-0.13587402829165351,-0.33533079606521277
Pileated_Woodpecker_0074_180306.jpg,0.3939729127773236,-0.1807120093093626,-0.3200535542337628
Pileated_Woodpecker_0015_180072.jpg,0.4314881208057628,-0.06520687421305471,-0.23800599961006924
Pileated_Woodpecker_0123_180076.jpg,0.395381402499431,-0.17417690577807088,0.08413301943178134
Pileated_Woodpecker_0080_180589.jpg,0.453919558285545,-0.008578364801357097,0.1409743655675121
Pileated_Woodpecker_0091_180343.jpg,0.3554291488424227,-0.3197293414145874,0.1572475824326705
Pileated_Woodpecker_0073_180345.jpg,0.46105983772439063,0.018961544894381066,0.35873686437119534
Pileated_Woodpecker_0009_180460.jpg,0.40700101943258493,-0.14940880153651048,0.09356508407507572
Pileated_Woodpecker_0093_180205.jpg,0.4284007733731209,-0.06522528224444346,0.09278255536098207
Pileated_Woodpecker_0026_180078.jpg,0.44034361478951645,-0.057763191206894327,0.1630384426668329
Pileated_Woodpecker_0097_180392.jpg,0.4377077964620072,-0.035143718894433906,0.25531629112851817
Pileated_Woodpecker_0118_180138.jpg,0.49483422328409077,0.14275630882244572,0.15519414374497484
Pileated_Woodpecker_0050_180398.jpg,0.46391858090971694,0.014654509889925338,0.1048966386310135
Pileated_Woodpecker_0086_180096.jpg,0.559351906288023,0.3183231519499168,0.46223954398173667
Pileated_Woodpecker_0098_180170.jpg,0.5276901960766545,0.2256859045348275,0.3016582247660748
Pileated_Woodpecker_0060_180443.jpg,0.41753505258210377,-0.11795538517464887,-0.08630334975384303
Pileated_Woodpecker_0106_180446.jpg,0.35862069244880446,-0.317067175029929,-0.1550786234895958
Pileated_Woodpecker_0114_180455.jpg,0.4035274241542216,-0.1544624493665201,-0.024905533539435323
Pileated_Woodpecker_0041_180461.jpg,0.4421730863439618,-0.04931032346628861,-0.24444093071193018
Pileated_Woodpecker_0027_179956.jpg,0.46449319862412053,0.06759769095610801,-0.0342381019562782
Pileated_Woodpecker_0053_179960.jpg,0.4830961529269646,0.09376331776206615,0.26582517500962194
Red_Bellied_Woodpecker_0079_181010.jpg,0.5468427555123361,0.2954789070579522,0.13809212381050895
Red_Bellied_Woodpecker_0049_180755.jpg,0.6111988491455098,0.4549068612008865,0.26787651623496167
Red_Bellied_Woodpecker_0025_180756.jpg,0.34362139575862793,-0.3706910582065044,-0.1498968644549526
Red_Bellied_Woodpecker_0106_180757.jpg,0.6057127602671373,0.4374487056965958,-0.3184991636306624
Red_Bellied_Woodpecker_0016_180760.jpg,0.38962565797417215,-0.21475486186176296,0.05579263537560723
Red_Bellied_Woodpecker_0015_182320.jpg,0.4003723452522959,-0.1687862526176349,0.04092583541412136
Red_Bellied_Woodpecker_0075_180788.jpg,0.45800514711936613,-0.005591882912811874,0.4894188111102163
Red_Bellied_Woodpecker_0081_182336.jpg,0.41753067517063347,-0.11843008454902204,0.09094016178317692
Red_Bellied_Woodpecker_0039_180814.jpg,0.4706967115837001,0.05431060906259488,-0.050749265460802225
Red_Bellied_Woodpecker_0032_181587.jpg,0.34586081190583895,-0.35154484647630646,-0.3895938403352574
Red_Bellied_Woodpecker_0044_181122.jpg,0.6188807397102188,0.48338247817760727,-0.07168326055932822
Red_Bellied_Woodpecker_0097_181363.jpg,0.5029805330924515,0.1329136195468229,0.3742103848627899
Red_Bellied_Woodpecker_0008_180858.jpg,0.3932614607985897,-0.18723684932702667,-0.0811634521380897
Red_Bellied_Woodpecker_0078_181887.jpg,0.4519218596579877,0.0038188366194192858,-0.24831734693356503
Red_Bellied_Woodpecker_0071_180866.jpg,0.35820304943371506,-0.29634892775344546,-0.4871541964960249
Red_Bellied_Woodpecker_0089_181907.jpg,0.40622575884708323,-0.18124012108662702,-0.6065380568410701
Red_Bellied_Woodpecker_0035_181913.jpg,0.43303330834203035,-0.05739430628816766,0.21281704124680617
Red_Bellied_Woodpecker_0054_182031.jpg,0.5053589597698656,0.16218356485532526,0.43781875163738165
Red_Bellied_Woodpecker_0070_181182.jpg,0.458051612383946,0.002839052169534062,-0.1246687641005846
Red_Bellied_Woodpecker_0023_181958.jpg,0.4852807065784145,0.10408743688214184,-0.05156345499012539
Red_Bellied_Woodpecker_0074_180936.jpg,0.6450764640341686,0.5394226040008279,0.16425420160561374
Red_Bellied_Woodpecker_0091_180938.jpg,0.5258747236640048,0.2071780694313945,-0.012864101373861916
Red_Bellied_Woodpecker_0056_180946.jpg,0.5493153494424146,0.2766830235956699,0.23717602408735472
Red_Bellied_Woodpecker_0095_180948.jpg,0.5710145453257084,0.33748070930162355,0.014849469559176692
Red_Bellied_Woodpecker_0068_180949.jpg,0.5239724622746291,0.2038021452263996,0.5061506622903063
Red_Bellied_Woodpecker_0092_182235.jpg,0.6129627661291034,0.4681935484621892,0.3576662952217103
Red_Bellied_Woodpecker_0108_180956.jpg,0.4731784655292123,0.058442577682372376,-0.41544561047416834
Red_Bellied_Woodpecker_0007_182242.jpg,0.48299577676576555,0.07892881101182947,0.20624181822397222
Red_Bellied_Woodpecker_0031_180975.jpg,0.42607576614806897,-0.06859486876588772,0.09122648402674377
Red_Bellied_Woodpecker_0123_182116.jpg,0.42523394573893547,-0.11041599721581452,0.22886858193564716
Red_Cockaded_Woodpecker_0008_794753.jpg,0.5097564332529754,0.16186938899260483,0.4808262613924146
Red_Cockaded_Woodpecker_0041_182408.jpg,0.4460808642431404,-0.024923852189479456,0.15444857857641725
Red_Cockaded_Woodpecker_0009_182540.jpg,0.4090765013986577,-0.1467256173560958,-0.048780954363386135
Red_Cockaded_Woodpecker_0001_182541.jpg,0.3909524412239942,-0.17824835900498304,-0.6731434074684698
Red_Cockaded_Woodpecker_0042_182373.jpg,0.528481024413832,0.23520839510534475,-0.18443221340231047
Red_Cockaded_Woodpecker_0035_182435.jpg,0.5963631930549367,0.42033814136327297,-0.29736013365299063
Red_Cockaded_Woodpecker_0048_182599.jpg,0.3558448398916315,-0.337552598389776,-0.16732847456341737
Red_Cockaded_Woodpecker_0049_182452.jpg,0.5233371919164191,0.21839621270556786,-0.20863828218929764
Red_Cockaded_Woodpecker_0061_794728.jpg,0.49942740263244345,0.14567069658738918,-0.3527158446463402
Red_Cockaded_Woodpecker_0051_182347.jpg,0.47241104130248046,0.05593707442414986,0.29463510627423034
Red_Cockaded_Woodpecker_0003_794695.jpg,0.5005467156682948,0.1311271213657773,0.07363040477826695
Red_Cockaded_Woodpecker_0053_794707.jpg,0.5521175631277797,0.3112475807056374,0.3732133187999814
Red_Cockaded_Woodpecker_0024_794708.jpg,0.459610524398944,0.016636354998453506,0.1546300704302096
Red_Cockaded_Woodpecker_0025_794710.jpg,0.48704665522231316,0.0901478793321272,0.5445710504033288
Red_Cockaded_Woodpecker_0030_794711.jpg,0.483792310740907,0.08998632869386047,-0.08787947979394538
Red_Cockaded_Woodpecker_0017_794712.jpg,0.49476685420472355,0.12146447665152404,0.3105904751534317
Red_Cockaded_Woodpecker_0016_182493.jpg,0.4533671231930767,-0.027767210896476824,0.2577585542209605
Red_Cockaded_Woodpecker_0014_794718.jpg,0.5973810310791758,0.4184134208018867,-0.09947007453929373
Red_Cockaded_Woodpecker_0038_794719.jpg,0.46310835456260835,0.032954636359172285,0.37846601709777516
Red_Cockaded_Woodpecker_0034_794720.jpg,0.45213859171973025,-0.005604013278722952,0.13517637015811523
Red_Cockaded_Woodpecker_0047_794704.jpg,0.4532615372922447,0.015061645475812457,0.045172103785371794
Red_Cockaded_Woodpecker_0046_794722.jpg,0.5087513507993688,0.19449834527529875,0.5643112646475296
Red_Cockaded_Woodpecker_0057_794725.jpg,0.5504261284236944,0.3098634684062592,0.11434034722260189
Red_Cockaded_Woodpecker_0044_182374.jpg,0.5977134299458077,0.43032545389646915,0.25652345529844944
Red_Cockaded_Woodpecker_0045_794727.jpg,0.46720745288573806,0.03403134978735667,-0.22846530611907004
Red_Cockaded_Woodpecker_0056_794734.jpg,0.6265888019332533,0.4854496800702911,0.1563013847788405
Red_Cockaded_Woodpecker_0031_794737.jpg,0.555928517011627,0.330291648234756,0.41295324437816067
Red_Cockaded_Woodpecker_0013_794740.jpg,0.5427652858680905,0.2642113080912669,-0.15481007947454029
Red_Cockaded_Woodpecker_0050_794743.jpg,0.4657019342145625,0.07521409139160307,0.14596682347876858
Red_Headed_Woodpecker_0073_182784.jpg,0.5088195584713185,0.18211447189066676,0.21988720630010425
Red_Headed_Woodpecker_0024_183297.jpg,0.40038607986536556,-0.17117647609988262,-0.0027597313675909547
Red_Headed_Woodpecker_0092_182787.jpg,0.5181851617506973,0.1839931650826323,-0.5590415982058874
Red_Headed_Woodpecker_0087_183271.jpg,0.49362042060697087,0.10684486776007163,0.08920511655469762
Red_Headed_Woodpecker_0034_182806.jpg,0.4692068410979564,0.05830129431632902,0.5082635148290493
Red_Headed_Woodpecker_0029_183337.jpg,0.5046279443851935,0.14036286875513238,-0.3902507137549672
Red_Headed_Woodpecker_0058_183086.jpg,0.3260469231834494,-0.3939514602899288,-0.049391382956693604
Red_Headed_Woodpecker_0045_182832.jpg,0.49133464619291367,0.10526428514067432,-0.42270642858304025
Red_Headed_Woodpecker_0042_182834.jpg,0.31746082586138735,-0.46034233702181804,0.4858147549586184
Red_Headed_Woodpecker_0031_183096.jpg,0.3815421463364117,-0.2261140595960296,0.46386717523344084
Red_Headed_Woodpecker_0086_182715.jpg,0.35046189300944797,-0.3235102399679006,0.3727188958718885
Red_Headed_Woodpecker_0065_182863.jpg,0.4181179413698325,-0.10564419699804728,0.23351600184232915
Red_Headed_Woodpecker_0006_183383.jpg,0.6221288459288764,0.4739463137127613,0.4802914595464998
Red_Headed_Woodpecker_0109_183385.jpg,0.5553284791709331,0.3052768528631554,0.4929459263454714
Red_Headed_Woodpecker_0044_183141.jpg,0.3974917967569037,-0.1687394651512386,0.6585446933208026
Red_Headed_Woodpecker_0091_183144.jpg,0.44685735794585013,-0.020645126492418342,0.40555165391005316
Red_Headed_Woodpecker_0049_183229.jpg,0.46546708541986714,0.03166801961615184,0.12731140808082222
Red_Headed_Woodpecker_0089_183435.jpg,0.5777263255535707,0.3739479810048286,-0.3147012348906832
Red_Headed_Woodpecker_0093_182925.jpg,0.5895419216319806,0.3893703325833342,0.30740770951682717
Red_Headed_Woodpecker_0039_183446.jpg,0.37915788677832607,-0.22390225649560702,0.14734381878097866
Red_Headed_Woodpecker_0018_183455.jpg,0.5039233104715509,0.1418729146149914,0.38248892942388074
Red_Headed_Woodpecker_0067_183710.jpg,0.48602657669261584,0.09126999433385252,0.08936642532690481
Red_Headed_Woodpecker_0032_182815.jpg,0.4279071036599108,-0.03888167535576148,0.4771294155781819
Red_Headed_Woodpecker_0051_182724.jpg,0.578985009302166,0.36873081314866385,0.340832885419578
Red_Headed_Woodpecker_0085_182703.jpg,0.3858757884591042,-0.2104320897060059,-0.4675699723329504
Red_Headed_Woodpecker_0084_183004.jpg,0.4575536278864468,0.04587006245892278,0.27563872871896644
Red_Headed_Woodpecker_0099_183524.jpg,0.44296719092738335,-0.023355441284302225,0.0345945556498006
Red_Headed_Woodpecker_0038_183280.jpg,0.595891368502643,0.42207772583495584,0.41423662964543323
Red_Headed_Woodpecker_0027_183029.jpg,0.5539725547326997,0.3050171286350807,0.3467353144468729
Red_Headed_Woodpecker_0107_183290.jpg,0.3380462412604843,-0.3849719946484116,-0.16389920724475363
Downy_Woodpecker_0116_184326.jpg,0.4423342657540602,-0.017957934361138905,0.14516085624636477
Downy_Woodpecker_0124_184364.jpg,0.39755981688820197,-0.18834075270291328,0.20904710331390552
Downy_Woodpecker_0078_184375.jpg,0.32815337404678036,-0.422701397378475,0.49692205815955137
Downy_Woodpecker_0059_184396.jpg,0.7117429680841649,0.6918555023597234,0.11392300561558696
Downy_Woodpecker_0072_184401.jpg,0.48844860436563353,0.11363492843623424,0.5826574897065561
Downy_Woodpecker_0132_184408.jpg,0.43529800244314953,-0.061776550391885454,0.34811163295329883
Downy_Woodpecker_0113_184413.jpg,0.44355851684040515,-0.03716400180836099,0.5021692066165442
Downy_Woodpecker_0074_183907.jpg,0.3345714186498068,-0.40282279831038936,0.214767645778742
Downy_Woodpecker_0056_183913.jpg,0.48990440420259407,0.08991914712346916,-0.11256581598337956
Downy_Woodpecker_0082_183922.jpg,0.4384946582660286,-0.057925518587252256,0.28098889502235946
Downy_Woodpecker_0120_183926.jpg,0.4066284763488718,-0.1500401823896329,0.4085271342573418
Downy_Woodpecker_0027_183940.jpg,0.48986079625821977,0.1413140102020506,0.577478816885875
Downy_Woodpecker_0094_184478.jpg,0.4830521712530298,0.0847577998384812,0.0009058023604508796
Downy_Woodpecker_0037_183968.jpg,0.6099659953765267,0.44469936677845046,0.12916048460434731
Downy_Woodpecker_0001_184484.jpg,0.5875584044166259,0.38386631978902264,0.28734988108261533
Downy_Woodpecker_0058_184520.jpg,0.5430684037888908,0.25398829345517526,-0.04570140829867564
Downy_Woodpecker_0091_184537.jpg,0.3936494560184578,-0.18425640288948264,0.48315238942842814
Downy_Woodpecker_0006_184538.jpg,0.4150233605910395,-0.14769250824843105,0.13225713292463143
Downy_Woodpecker_0029_184046.jpg,0.46100660507258295,0.009424767939043566,0.5034536080404914
Downy_Woodpecker_0036_184048.jpg,0.38092669733768025,-0.2293592190381819,0.2783561996892677
Downy_Woodpecker_0131_184446.jpg,0.46188091736685744,0.018286787132440918,0.3777633478793351
Downy_Woodpecker_0098_184567.jpg,0.49619746777983853,0.16210935976366836,0.35408540721965664
Downy_Woodpecker_0100_184584.jpg,0.5443938149581489,0.28037868745891625,-0.38587476358857725
Downy_Woodpecker_0028_184131.jpg,0.4169220229053807,-0.10686160487973084,0.13889167881235379
Downy_Woodpecker_0025_184545.jpg,0.6003681737121294,0.42949474787052344,0.20598559610491976
Downy_Woodpecker_0004_184648.jpg,0.3571671523783042,-0.30682445701085825,0.37660031084663753
Downy_Woodpecker_0048_184164.jpg,0.48656503134390594,0.08882570504700293,-0.03856436529470214
Downy_Woodpecker_0039_184243.jpg,0.453492615075725,0.005023663145081736,-0.18457758887654488
Downy_Woodpecker_0061_184285.jpg,0.4384001708843078,-0.05999626074702791,-0.5053228916692224
Downy_Woodpecker_0125_184656.jpg,0.5091701408649396,0.16681410028258548,-0.11742927680915037
Bewick_Wren_0056_184834.jpg,0.48932421321371233,0.11459611421459892,-0.0028728059465040383
Bewick_Wren_0087_184918.jpg,0.4878268356875963,0.10799634239941991,0.19689980653615938
Bewick_Wren_0139_184839.jpg,0.43400054962702994,-0.07625674250993764,-0.18493513470121264
Bewick_Wren_0060_185366.jpg,0.47965773443675075,0.07079006834357915,0.09881433773552732
Bewick_Wren_0032_184870.jpg,0.41975152170771046,-0.10966100532717693,-0.32158549970305883
Bewick_Wren_0070_184892.jpg,0.45553964421799875,-0.0010786558075261965,0.40344442774663747
Bewick_Wren_0061_184898.jpg,0.5135319591318286,0.1982094507354557,-0.05444230930624488
Bewick_Wren_0092_184901.jpg,0.53152404571298,0.22837750274632085,0.4887404890826288
Bewick_Wren_0051_185425.jpg,0.4903131613836732,0.10959357930871494,0.5055661718884771
Bewick_Wren_0066_184928.jpg,0.37955538147581314,-0.23145266771452477,0.26499142653914565
Bewick_Wren_0121_184765.jpg,0.3758261213330478,-0.23448615746533563,0.32539761183820565
Bewick_Wren_0085_185474.jpg,0.4492074547906384,-0.009685511381483325,-0.06208222504872611
Bewick_Wren_0016_184999.jpg,0.3673789962315607,-0.25710110751594595,0.369393186378391
Bewick_Wren_0106_185013.jpg,0.5028145437802267,0.146559094837575,0.33272813890170794
Bewick_Wren_0082_185021.jpg,0.4519558174386725,-0.0050708696771395445,0.447483600205607
Bewick_Wren_0075_185046.jpg,0.434705858319146,-0.06726039183939259,-0.055988642041380585
Bewick_Wren_0073_185049.jpg,0.2583442270872368,-0.6625661583547784,0.46042328526740955
Bewick_Wren_0123_185069.jpg,0.5230800865595627,0.19834240386619661,0.2614269006275001
Bewick_Wren_0113_185113.jpg,0.4540491159081175,0.007467915652895063,-0.10478720634569863
Bewick_Wren_0017_185127.jpg,0.4346901896814671,-0.08445256931408807,-0.09825155135864604
Bewick_Wren_0096_185139.jpg,0.5331957312599938,0.22861682981918574,0.39114676994421244
Bewick_Wren_0118_185169.jpg,0.42550800113778287,-0.07663973295948856,0.20995013507785795
Bewick_Wren_0109_185170.jpg,0.4277996830663664,-0.04355438199319139,-0.3290621412022807
Bewick_Wren_0005_184699.jpg,0.57752593810608,0.3581057788305141,-0.06138193029504739
Bewick_Wren_0027_185212.jpg,0.40248822073762613,-0.14769501860925294,-0.038797815950640996
Bewick_Wren_0055_185230.jpg,0.5393623994042376,0.2538252900642455,0.19893425765036898
Bewick_Wren_0127_184756.jpg,0.4680717268893849,0.044714251942203465,-0.16937442738717026
Bewick_Wren_0052_184760.jpg,0.4479155561973849,-0.0245852517892875,0.11507443701100036
Bewick_Wren_0014_184810.jpg,0.3937520104293111,-0.1776212406017046,0.1299065160585787
Bewick_Wren_0037_185332.jpg,0.44549961410477845,-0.028466494816226984,-0.3038288027777369
Cactus_Wren_0040_185859.jpg,0.6056377980495242,0.43925751177024097,0.3825901975662853
Cactus_Wren_0009_185871.jpg,0.3741237654945009,-0.2656791201434989,0.4524242193852067
Cactus_Wren_0088_185873.jpg,0.39835093704104196,-0.1737788801433522,0.2996854064020123
Cactus_Wren_0056_185626.jpg,0.38812287676352764,-0.20828949300987554,0.2330358740914582
Cactus_Wren_0101_185627.jpg,0.46081405640900797,0.030361902929101015,0.48155391880483933
Cactus_Wren_0095_185633.jpg,0.4881851329558914,0.11577166223109603,0.6041682756106849
Cactus_Wren_0007_185634.jpg,0.4214096839486864,-0.1127704925076809,0.5695991669346612
Cactus_Wren_0027_185893.jpg,0.37300185619966286,-0.27396239005555967,0.2981197942513749
Cactus_Wren_0115_185895.jpg,0.48220771282871155,0.09454409339268421,0.5087860623463671
Cactus_Wren_0096_185898.jpg,0.4417822486746593,-0.06490834576578264,0.34984378120235526
Cactus_Wren_0102_185902.jpg,0.44904757721185373,-0.0017414477943646922,0.3383835670554102
Cactus_Wren_0116_185927.jpg,0.472681591763765,0.05962785343404098,0.17361638478227925
Cactus_Wren_0002_185680.jpg,0.4816586817265146,0.11200677825272343,0.6456612909942167
Cactus_Wren_0092_185951.jpg,0.4884637291327939,0.12921786958602255,0.346358486406922
Cactus_Wren_0120_185956.jpg,0.47868391740793803,0.04971930793156354,0.6136388565656041
Cactus_Wren_0014_185993.jpg,0.5605904599188136,0.31594450775654703,0.1762519918646323
Cactus_Wren_0017_185745.jpg,0.41783294286057715,-0.07648612606640115,0.3404083291711073
Cactus_Wren_0077_186003.jpg,0.46388764702535945,0.04944307978535212,0.47015129279789974
Cactus_Wren_0124_185501.jpg,0.5110039906358603,0.18343623730899528,0.6784179119075389
Cactus_Wren_0046_186017.jpg,0.39521790055046957,-0.18057980827952824,0.38023655465762585
Cactus_Wren_0042_185514.jpg,0.5110708101931137,0.19361383049733072,0.562920954612315
Cactus_Wren_0085_185515.jpg,0.5750693709357841,0.3617487865106346,0.04361764819784269
Cactus_Wren_0067_186034.jpg,0.6246689599072275,0.4976473440805861,0.44036906723407737
Cactus_Wren_0114_185532.jpg,0.512267734781954,0.18778641953872144,0.4001577494765423
Cactus_Wren_0004_185797.jpg,0.5529364228990338,0.2915069107224624,0.5782625506353444
Cactus_Wren_0076_186067.jpg,0.47935463722351124,0.06974914577438285,0.4807500719717344
Cactus_Wren_0045_185556.jpg,0.2760245903251788,-0.6014128927129343,-0.22782287124516878
Cactus_Wren_0079_185560.jpg,0.4797077671555151,0.058150765926315184,0.17763411035322513
Cactus_Wren_0036_185563.jpg,0.4305404890136071,-0.08605674597519686,0.2437620535137147
Cactus_Wren_0063_185589.jpg,0.368588499947333,-0.2592684658709832,0.4392471497494866
Carolina_Wren_0130_186369.jpg,0.36522366761690617,-0.2933338809569177,-0.010379328643013549
Carolina_Wren_0062_186390.jpg,0.5097779580390314,0.1923502031056853,0.4349101887488196
Carolina_Wren_0080_186919.jpg,0.570170037066992,0.3367468046557116,0.19622912224224687
Carolina_Wren_0082_186421.jpg,0.501636678128653,0.17129386477423691,0.5055906228181332
Carolina_Wren_0090_186942.jpg,0.6039013027368677,0.4385719259353361,0.06080023169510408
Carolina_Wren_0001_186455.jpg,0.43113447137994965,-0.039875212014361505,0.33337454039019737
Carolina_Wren_0125_187009.jpg,0.5348587296830936,0.23417588000125755,0.5550949153280047
Carolina_Wren_0002_186506.jpg,0.5114860173923959,0.18435651938648412,0.4792797716193379
Carolina_Wren_0028_186526.jpg,0.436631488858893,-0.04203711336462357,0.1567326352098738
Carolina_Wren_0019_186527.jpg,0.5460392761852962,0.2950563854216628,-0.09741998369559111
Carolina_Wren_0032_186566.jpg,0.46207074745954113,0.025287855242286716,0.520836724054728
Carolina_Wren_0078_186570.jpg,0.4030030415741911,-0.16397059110674683,0.04511224645387143
Carolina_Wren_0073_186587.jpg,0.5498764829366551,0.2853432788535296,0.6633303549833193
Carolina_Wren_0108_186089.jpg,0.4707468491868769,0.05588201549717986,0.1451248316486176
Carolina_Wren_0005_186109.jpg,0.5305288718451575,0.23972012945892218,0.5581917562162169
Carolina_Wren_0044_186645.jpg,0.4576028371507487,0.041591479501150275,0.6321642896831877
Carolina_Wren_0126_186654.jpg,0.4528214254867199,0.0006774469433310504,0.4033884111028195
Carolina_Wren_0119_186153.jpg,0.5049470518604549,0.1395271016223415,0.2683381578644019
Carolina_Wren_0021_186683.jpg,0.4695938172959562,0.06178347918589977,0.3309365349036233
Carolina_Wren_0031_186713.jpg,0.5828130968129625,0.37925487661447765,0.19813419590383483
Carolina_Wren_0036_186722.jpg,0.4937775401404594,0.13202392327137902,0.3962639227919008
Carolina_Wren_0069_186230.jpg,0.48844606612611674,0.11795567132545604,0.4159665395630816
Carolina_Wren_0077_186294.jpg,0.4512459214668382,0.015016476859005978,0.2779941554580634
Carolina_Wren_0060_186296.jpg,0.47291849804610475,0.08707747670122723,0.3190855642445077
Carolina_Wren_0066_186818.jpg,0.3820335351638129,-0.23850752000176323,0.39048603486636685
Carolina_Wren_0068_186830.jpg,0.41589234562637756,-0.12986689743151048,0.5281058969828883
Carolina_Wren_0083_186324.jpg,0.4804071849391848,0.0873621922992105,0.14907958820706937
Carolina_Wren_0102_186332.jpg,0.5171509653227215,0.19424568304456413,0.32931487411668864
Carolina_Wren_0006_186742.jpg,0.4193590505661251,-0.09475555766012689,0.6427207460359848
Carolina_Wren_0011_186871.jpg,0.5115974708615785,0.1892729577079838,0.6205043506330188
House_Wren_0061_187911.jpg,0.5300383430934502,0.23282119952434355,0.15857564358360904
House_Wren_0004_187448.jpg,0.3407286262476079,-0.36564462188753555,0.12656485512241936
House_Wren_0012_187973.jpg,0.4990537118632875,0.15324977351026736,0.3988590305535634
House_Wren_0103_187466.jpg,0.4210968458723334,-0.08944308781464905,-0.26503923755740383
House_Wren_0064_187489.jpg,0.4058159759822908,-0.1305987043838699,0.5240207295756963
House_Wren_0005_187493.jpg,0.424724785760483,-0.07248533728691386,0.014816270430557115
House_Wren_0016_188006.jpg,0.4528253573477997,0.02021565030364758,-0.09060537347800417
House_Wren_0114_188016.jpg,0.46497414062596476,0.031181678388782053,0.0710303441509378
House_Wren_0057_187157.jpg,0.4974982176846926,0.14079960732639596,0.0006936736093447682
House_Wren_0047_188036.jpg,0.4439229001734949,-0.005080945830398864,-0.20721290123086022
House_Wren_0123_187095.jpg,0.4283981034602743,-0.09381677911184738,0.14566649778284488
House_Wren_0042_187098.jpg,0.43711236241545925,-0.025746799984260438,-0.2153875467720047
House_Wren_0092_187100.jpg,0.4736029758176057,0.07561297832146874,0.020716240565054236
House_Wren_0110_187111.jpg,0.42011650677212753,-0.10098220149971948,0.15460217064648493
House_Wren_0034_187120.jpg,0.4922609111200391,0.13238055216007905,0.08273634840322745
House_Wren_0101_187133.jpg,0.4882149438729122,0.08248751577238322,-0.16333035372903162
House_Wren_0025_187160.jpg,0.4974380437916336,0.11854476772673994,-0.26265418401697566
House_Wren_0139_187177.jpg,0.5900502023245626,0.3987153052407283,0.33661013447622035
House_Wren_0137_187273.jpg,0.3653407162891751,-0.2922056407394089,-0.19794888989588594
House_Wren_0023_187192.jpg,0.5286820532217172,0.22458220257889117,-0.10674204079590874
House_Wren_0062_187194.jpg,0.509763401977759,0.17402916015778558,-0.27825926922881367
House_Wren_0043_187224.jpg,0.46140293703355195,0.030619080644011976,0.0047199875329749005
House_Wren_0099_187240.jpg,0.4387629723814246,-0.02846475520917635,0.021225207424529248
House_Wren_0090_187762.jpg,0.3682619145968904,-0.2715473305041869,0.23856808474617558
House_Wren_0125_187251.jpg,0.44140649408438526,-0.03150515994828296,-0.037994467929762535
House_Wren_0086_187815.jpg,0.4662059848563228,0.03493225753993856,-0.13066347334504966
House_Wren_0017_187330.jpg,0.48879895907674875,0.0976687602748193,-0.05133266348894581
House_Wren_0022_187848.jpg,0.4102721120314752,-0.13155170632940405,-0.40534841521060727
House_Wren_0098_187368.jpg,0.5301891276933262,0.22776118726918582,-0.01759267471591651
House_Wren_0118_187383.jpg,0.3944392476527536,-0.19917621287098997,-0.1923800777536719
Marsh_Wren_0043_188426.jpg,0.5161123418053812,0.23205764225120273,0.6382113719797734
Marsh_Wren_0110_188434.jpg,0.4855706809883955,0.11907121383979968,0.7945665314616743
Marsh_Wren_0115_188443.jpg,0.5809726526684659,0.3793601369008336,0.5108494631256463
Marsh_Wren_0049_188540.jpg,0.47925844043817445,0.09806406669719281,0.10357285940484565
Marsh_Wren_0106_188100.jpg,0.6326029737055682,0.5100335515523609,0.22437749527428485
Marsh_Wren_0099_188579.jpg,0.3902185122858829,-0.18556997004668352,0.3461039087721756
Marsh_Wren_0053_188276.jpg,0.4440682654758492,-0.02125245577160717,0.20052380862256491
Marsh_Wren_0076_188108.jpg,0.4673477267216376,0.05614918520514223,0.5884436240221875
Marsh_Wren_0071_188111.jpg,0.5179077530686689,0.1902584894070498,0.23132012473985974
Marsh_Wren_0055_188123.jpg,0.5616929851143704,0.32344824223866364,0.23784521055362953
Marsh_Wren_0102_188654.jpg,0.5848958337099781,0.39826652669343743,0.28764362546818956
Marsh_Wren_0050_188657.jpg,0.5199388561725407,0.18353265920575612,0.4074141442255697
Marsh_Wren_0117_188676.jpg,0.4208422789890023,-0.11814846411980784,0.3831836629478261
Marsh_Wren_0082_188699.jpg,0.38312979327354646,-0.2312459431282876,0.28942068595280673
Marsh_Wren_0004_188188.jpg,0.5343312321792204,0.23419138266764905,0.3144004476537688
Marsh_Wren_0145_188193.jpg,0.4997698272461726,0.15431792956300605,0.547860772138502
Marsh_Wren_0042_188195.jpg,0.5046316509491805,0.15118157006773203,0.19606094249387945
Marsh_Wren_0070_188205.jpg,0.4390961105087249,-0.04316141924518724,0.32141386161428087
Marsh_Wren_0134_188213.jpg,0.50766403644666,0.15789453482029658,0.33079597703869384
Marsh_Wren_0072_188764.jpg,0.5685492410861517,0.35248488076785267,0.07596455567954066
Marsh_Wren_0051_188260.jpg,0.5421622626830572,0.27795120015544894,0.30953057286320973
Marsh_Wren_0069_188776.jpg,0.5805424498434147,0.3737760120927158,0.09695364156938599
Marsh_Wren_0108_188788.jpg,0.5395851416545623,0.2660383251236368,0.3390775367333895
Marsh_Wren_0022_188280.jpg,0.4403478063375922,-0.042995304748885355,0.12797524260757479
Marsh_Wren_0028_188797.jpg,0.5236790654193217,0.22812282973921016,0.41209020886715225
Marsh_Wren_0080_188812.jpg,0.4625792994600535,0.04776681525815174,0.20356923723159762
Marsh_Wren_0015_188852.jpg,0.4561811741237969,0.018809895528738352,0.45839864450349843
Marsh_Wren_0147_188367.jpg,0.42803477102417353,-0.06100818203954561,0.6203042625860533
Marsh_Wren_0048_188370.jpg,0.5344491198140333,0.25338462058878464,0.04734125375454515
Marsh_Wren_0119_188404.jpg,0.5398054993988608,0.26042758016468315,0.37298157724430353
Rock_Wren_0127_188931.jpg,0.3986650394491571,-0.17098915963448658,0.4189841264104228
Rock_Wren_0034_187656.jpg,0.4196927142868254,-0.07239213326705163,0.27590378126275156
Rock_Wren_0098_188947.jpg,0.5661277083275247,0.33223853724117836,0.5275328391977491
Rock_Wren_0073_188952.jpg,0.38448388736103534,-0.2372668751620126,-0.11922865977602565
Rock_Wren_0078_188960.jpg,0.5040888421622338,0.15275152012913606,0.5057189293257605
Rock_Wren_0041_189227.jpg,0.3798683766942905,-0.23946363905209278,0.15840342039579236
Rock_Wren_0065_188995.jpg,0.49456720398781495,0.13511620792698575,0.5842799421013073
Rock_Wren_0035_188998.jpg,0.525168470782956,0.20494459872594872,0.5962111806774447
Rock_Wren_0025_188897.jpg,0.3253255489884803,-0.4267955832671064,0.5997154411123399
Rock_Wren_0037_189256.jpg,0.4896170083200232,0.1216410791179251,0.294590127379923
Rock_Wren_0042_189006.jpg,0.5971469989648766,0.441419798751281,0.26716539559958247
Rock_Wren_0066_189034.jpg,0.436648309211639,-0.03915837576282799,0.4320894142119276
Rock_Wren_0094_189037.jpg,0.38673417359324047,-0.2141244057319771,0.36539176823271047
Rock_Wren_0036_189245.jpg,0.6016067490331599,0.4197765338162621,0.5776423781007977
Rock_Wren_0062_189045.jpg,0.5263805232472081,0.20903623960379814,0.34244273141839066
Rock_Wren_0050_189207.jpg,0.5853435495672747,0.3722062883106245,0.3658381886841112
Rock_Wren_0038_189328.jpg,0.3521765646352,-0.32108481696970204,0.4592260230599792
Rock_Wren_0023_189075.jpg,0.5621107758297688,0.3305670199597648,0.3547872771281476
Rock_Wren_0109_189094.jpg,0.43811136699310094,-0.05592777037751073,0.13677055051757425
Rock_Wren_0116_189101.jpg,0.5267882790957115,0.21968896054867526,0.4315747918238026
Rock_Wren_0071_189213.jpg,0.5536723165475741,0.28930946996337215,0.11078232649979995
Rock_Wren_0053_189112.jpg,0.46585060426255054,0.0606618870342982,0.32114174944332063
Rock_Wren_0044_189127.jpg,0.4796409929726142,0.07671622626327246,-0.022068067787116546
Rock_Wren_0058_189346.jpg,0.495934246202238,0.10720505502474431,0.4180016641746156
Rock_Wren_0029_189145.jpg,0.4676013114119444,0.05945937808884216,0.0915836061941246
Rock_Wren_0020_188895.jpg,0.35861190104538854,-0.3008957541216264,0.2677268470906696
Rock_Wren_0067_189152.jpg,0.3473377643326966,-0.33838036801901805,0.4770501973369904
Rock_Wren_0040_189159.jpg,0.49834393021128787,0.1425002079167258,-0.31663944917436376
Rock_Wren_0104_189161.jpg,0.4140488415549598,-0.11164444349393299,0.5523803661039154
Rock_Wren_0100_189426.jpg,0.47309456627764446,0.06468959264811114,0.21813831265164332
Winter_Wren_0122_189475.jpg,0.5444438368149076,0.2607939937885153,0.5090506483611419
Winter_Wren_0013_189500.jpg,0.4332437426051712,-0.05333353903018767,0.4950613213088571
Winter_Wren_0062_189501.jpg,0.5436102852285782,0.2704389328894914,0.19406826259545598
Winter_Wren_0049_189504.jpg,0.5060839905497553,0.1464904505587229,0.4618683976720017
Winter_Wren_0112_189507.jpg,0.5211333499019866,0.19339568056304157,0.32613199433578055
Winter_Wren_0056_189508.jpg,0.4862144583053192,0.10079732597019009,0.5858075308285962
Winter_Wren_0038_189510.jpg,0.5870300586195389,0.40320584328195874,0.4733942454670846
Winter_Wren_0083_190025.jpg,0.4666465233321988,0.06068625784727333,0.4855818086321201
Winter_Wren_0050_189514.jpg,0.44828886287116465,-0.009325867521421394,0.24046119050169146
Winter_Wren_0073_190044.jpg,0.6152952585987509,0.4616097046524432,0.49279552483241285
Winter_Wren_0019_189533.jpg,0.4261423840882844,-0.0701153038971325,0.2206603409699235
Winter_Wren_0063_189543.jpg,0.42825575113655945,-0.050330409140029175,0.583705503936568
Winter_Wren_0082_189549.jpg,0.41040531276502235,-0.12865471815911245,0.0294965125084702
Winter_Wren_0102_189563.jpg,0.49411201203893196,0.13997768180525383,0.5592802367452816
Winter_Wren_0110_189569.jpg,0.48296914528405255,0.08063726494480616,0.33423447575195386
Winter_Wren_0127_190091.jpg,0.5146381267771024,0.19462394494363333,0.493096174584368
Winter_Wren_0090_190104.jpg,0.40123613927931345,-0.1840220476278065,0.5713420955630049
Winter_Wren_0111_189596.jpg,0.51167674734794,0.1666734562177069,0.5849058662139174
Winter_Wren_0021_189597.jpg,0.4634204652030217,0.009738513540075822,0.23587781845380346
Winter_Wren_0097_190139.jpg,0.3902945953206757,-0.2051134488135924,0.6482340032352548
Winter_Wren_0141_190152.jpg,0.4459238015746597,-0.021491471653085403,0.45377304187422396
Winter_Wren_0004_189670.jpg,0.41688269804246114,-0.11446686561973363,0.0054091906160708995
Winter_Wren_0048_189683.jpg,0.45613461794215426,0.007082565715450517,0.5960135171262334
Winter_Wren_0093_189686.jpg,0.48046879708127044,0.10541176231167071,0.3670522414872064
Winter_Wren_0071_189689.jpg,0.5644337115958233,0.3263702428563219,0.4757159437808288
Winter_Wren_0086_189692.jpg,0.4404923337236012,-0.025628264067306672,0.37125967414066774
Winter_Wren_0003_189838.jpg,0.42577500223759834,-0.0749752959396719,-0.3639223540416719
Winter_Wren_0132_189861.jpg,0.5359938274725351,0.23560292490298496,0.555111833168502
Winter_Wren_0142_190379.jpg,0.40206777536653604,-0.15519605201480258,0.5879284028692211
Winter_Wren_0047_190390.jpg,0.5225242787759115,0.18888885955344092,0.30295206850134854
Common_Yellowthroat_0020_190720.jpg,0.5297463429049277,0.22954397225046974,0.41868664071263495
Common_Yellowthroat_0016_190986.jpg,0.45618251950425115,0.0036402714848630113,0.7142989272416688
Common_Yellowthroat_0114_190501.jpg,0.4802206821747006,0.1119547123173611,0.46548298553025536
Common_Yellowthroat_0039_190513.jpg,0.5295088335721719,0.22026167409376018,0.18871399499693317
Common_Yellowthroat_0019_190524.jpg,0.5019374134721802,0.17978772374402907,0.6894387238119144
Common_Yellowthroat_0099_190531.jpg,0.4941209052340544,0.13020731708607325,0.4464682439507071
Common_Yellowthroat_0125_190902.jpg,0.4692877650843401,0.04209707607147406,0.4569469514647075
Common_Yellowthroat_0050_190535.jpg,0.5164472475568377,0.18856794813497268,0.4273909175698887
Common_Yellowthroat_0025_190547.jpg,0.4796385631876934,0.057659228336939816,0.6365077055986764
Common_Yellowthroat_0118_190805.jpg,0.3523932965545532,-0.3295251969730737,-0.0982660892367046
Common_Yellowthroat_0045_190563.jpg,0.568124257422055,0.34105268249163634,0.5008767725976816
Common_Yellowthroat_0111_190569.jpg,0.6101605714004598,0.4506780417728641,0.5589751756163303
Common_Yellowthroat_0112_190571.jpg,0.45444356786365414,0.002283912254366194,0.5437488644948423
Common_Yellowthroat_0031_190582.jpg,0.40791207331970003,-0.12343798257604455,-0.5766116811761578
Common_Yellowthroat_0059_190584.jpg,0.38869204966720117,-0.18687353533853113,0.14688389864975626
Common_Yellowthroat_0046_190446.jpg,0.4645002169860116,0.02924956895726083,0.5076759603310114
Common_Yellowthroat_0027_190869.jpg,0.3392026796674392,-0.3663677138999435,0.064210009941323
Common_Yellowthroat_0086_190639.jpg,0.5710550781378134,0.36384586519398565,0.4513818688079331
Common_Yellowthroat_0066_190646.jpg,0.43785819190176356,-0.047039322330360234,0.4859203334120011
Common_Yellowthroat_0018_190904.jpg,0.3084882974837897,-0.46785968873241,0.4304936492949665
Common_Yellowthroat_0021_190655.jpg,0.43386027994447696,-0.053252528714128555,0.6892586855119657
Common_Yellowthroat_0011_190401.jpg,0.5197036842132726,0.21171885916086586,0.4790539638356295
Common_Yellowthroat_0029_190403.jpg,0.5196341776950442,0.2080984293775987,0.7293450712732951
Common_Yellowthroat_0071_190665.jpg,0.4223316770302352,-0.07984189818950038,0.5407699587816751
Common_Yellowthroat_0070_190678.jpg,0.4862870351472768,0.09957184455615808,0.4891392821049521
Common_Yellowthroat_0040_190427.jpg,0.49030686794298073,0.10164605635058932,0.5299409949652948
Common_Yellowthroat_0063_190440.jpg,0.418721282735356,-0.10967426418745307,0.4566777299703805
Common_Yellowthroat_0058_190958.jpg,0.4529170009899155,-0.019703728715701807,0.5915693536772163
Common_Yellowthroat_0008_190703.jpg,0.4235844573100429,-0.07072953401726778,0.4498859087963523
Common_Yellowthroat_0055_190967.jpg,0.6036555940096817,0.4374714800639431,0.5429483021618295
